Date,DAILY_CLOSEPRICE_CHANGE,RF_1_Predicted_Close_Price_Change,RF_2_Predicted_Close_Price_Change,RF_3_Predicted_Close_Price_Change,RF_4_Predicted_Close_Price_Change,RF_5_Predicted_Close_Price_Change,GBT_1_Predicted_Close_Price_Change,GBT_2_Predicted_Close_Price_Change,GBT_3_Predicted_Close_Price_Change,GBT_4_Predicted_Close_Price_Change,GBT_5_Predicted_Close_Price_Change,GRNN_1_Predicted_Close_Price_Change,GRNN_2_Predicted_Close_Price_Change,GRNN_3_Predicted_Close_Price_Change,GRNN_4_Predicted_Close_Price_Change,GRNN_5_Predicted_Close_Price_Change,CNN_1_Predicted_Close_Price_Change,CNN_2_Predicted_Close_Price_Change,CNN_3_Predicted_Close_Price_Change,CNN_4_Predicted_Close_Price_Change,CNN_5_Predicted_Close_Price_Change,LSTM_1_Predicted_Close_Price_Change,LSTM_2_Predicted_Close_Price_Change,LSTM_3_Predicted_Close_Price_Change,LSTM_4_Predicted_Close_Price_Change,LSTM_5_Predicted_Close_Price_Change,CNN_LSTM_1_Predicted_Close_Price_Change,CNN_LSTM_2_Predicted_Close_Price_Change,CNN_LSTM_3_Predicted_Close_Price_Change,CNN_LSTM_4_Predicted_Close_Price_Change,CNN_LSTM_5_Predicted_Close_Price_Change
12/6/2014,0.4000000000000021,-0.0050999476,-0.005270235,-0.0031189027,-0.004249202,-0.0031507409,-0.035173144,-0.027744455,-0.077890456,-0.04239093,-0.029001791,-0.066682264,0.16144896,-0.5037727,0.028099459,-0.36320066,0.029942974,-0.10821849,-0.0020000103,-0.00041510546,0.06415002,-0.11307022,-0.010473437,-0.0065051657,0.0029029935,-0.016947651,0.008856391,-0.002932881,0.025380759,0.003744086,-0.0013341015
16/6/2014,-0.04,-0.004365888,-0.0028931831,-0.001926569,-0.0034933365,-0.0019190734,-0.019814823,0.02357307,0.01635332,0.100591935,0.031045739,-0.14775454,0.08028421,-0.39786562,-0.056545913,-0.40520036,0.029590117,-0.12652749,-0.0033628708,-0.0016329386,0.060631584,-0.10941847,-0.009350489,-0.0065036425,0.0028565028,-0.016949201,0.008856391,-0.0029339117,0.025152132,0.0037440867,-0.004815178
17/6/2014,0.4700000000000024,-0.0021009587,0.005028163,0.00169363,-0.0034933365,-0.0014336657,0.106563665,0.1996607,0.17957667,0.23243038,0.103509866,0.008170225,0.15585633,-0.2732847,0.022443546,-0.2890788,0.030541964,-0.12493187,-0.0030776646,-0.0014975496,0.0653229,-0.10507427,-0.006637376,-0.0065036276,0.0028068724,-0.016951678,0.0088564,-0.0029304496,0.025183199,0.0037440867,-0.011236246
18/6/2014,0.4100000000000001,0.011977219,0.01963977,0.008975234,0.0010621083,0.0018042957,0.10903388,0.13231069,0.23286699,0.18660861,0.1606204,0.23791167,0.050750334,-0.17637654,0.07974747,-0.33234134,0.023839204,-0.16603667,-0.005294684,-0.0029561154,0.0696445,-0.09690076,-0.0019755731,-0.0065018344,0.0027715056,-0.016956309,0.008856382,-0.002970351,0.025067002,0.0037440876,-0.014569455
19/6/2014,-0.02,-0.0032730554,0.0003693554,-0.0015088095,-0.0031568,-0.0021906677,-0.03708392,0.004711333,-0.029031768,-0.1429006,-0.005373948,0.07154812,0.04752268,-0.6386186,0.09843909,-0.3185246,0.026519146,-0.18575974,-0.0050011487,-0.0036339287,0.06408291,-0.087001055,0.0016630364,-0.0064956094,0.0027574077,-0.019227698,0.008856391,-0.0029411756,0.024985315,0.003744088,-0.013134127
20/6/2014,-0.07,-0.004821356,-0.005721777,-0.0035753793,-0.0034786516,-0.0020065564,-0.05517147,-0.02348194,-0.08693078,-0.14125808,-0.13319352,-0.0625324,0.119040884,-0.7973098,0.121733695,-0.48049566,0.02757399,-0.17766848,-0.0042039226,-0.0032057331,0.054989766,-0.08158093,-0.00022067975,-0.006495379,0.00276381,-0.02150476,0.008856391,-0.0029344142,0.02504292,0.0037440879,-0.0061881635
23/6/2014,-0.04,-0.0047566798,-0.0045823716,-0.0032814832,-0.0037318452,-0.0026657435,-0.043675255,-0.008095412,-0.05128454,-0.14813584,-0.045796182,0.06265191,0.12823932,-0.5944402,0.11495884,-0.41090232,0.028866654,-0.1807764,-0.004524148,-0.0035171306,0.053571653,-0.0775891,-0.0018652063,-0.0064991056,0.0027663105,-0.023788514,0.008856391,-0.0029330717,0.024983237,0.003744088,-0.007651923
24/6/2014,-0.09,0.010864593,0.01289574,0.0048086913,0.0010621083,0.0062047853,0.06954763,0.0035956749,0.2325408,-0.1612183,-0.05989122,0.5508183,0.090753466,-0.3938762,0.09535236,-0.34218818,0.023284568,-0.1900169,-0.0057358714,-0.0035082754,0.07332466,-0.080154896,0.00064595527,-0.0065012737,0.0027460698,-0.023824403,0.008856374,-0.0029692538,0.025003642,0.0037440879,-0.01826591
25/6/2014,-0.15,-0.005054837,-3.85058e-06,-0.0009236756,-0.00077831384,-0.0040883,-0.00012321788,-0.1470895,-0.08916206,-0.1787252,-0.02611007,0.06781507,0.12523301,-0.45071393,0.08486426,-0.5269302,0.028736496,-0.1736554,-0.00438753,-0.0032463437,0.055262793,-0.08603464,0.00040474258,-0.006503889,0.002753878,-0.026115628,0.008856391,-0.0029346629,0.024949547,0.0037440879,-0.010994137
26/6/2014,-0.72,-0.003482063,-0.009559622,-0.011224785,0.0035266087,-0.0058490476,-0.03333147,-0.07051487,-0.066828,-0.03683471,-0.0048353486,-0.070233725,0.1542991,-0.50198317,0.10640551,-0.5322797,0.029697439,-0.1660216,-0.004179165,-0.003070554,0.05386546,-0.09066561,-0.0034133985,-0.00650428,0.0027694108,-0.026129218,0.008856391,-0.002932942,0.024951944,0.0037440879,-0.0028444326
27/6/2014,1.16,0.1003013,0.09459292,0.037830107,0.109921545,0.057809874,0.5943649,0.7559064,0.7289763,0.8206313,0.76758605,-0.58061916,0.17113487,-0.017628912,0.06361104,-0.10933564,0.027363792,-0.1516905,-0.0037595113,-0.0023766442,0.10755347,-0.101658225,-0.006606559,-0.006493675,0.0027460484,-0.026127758,0.008856394,-0.0029434203,0.02503672,0.0037440874,0.003982095
30/6/2014,-0.21,-0.0169219,-0.017751828,-0.0052048084,-0.010498441,-0.0026063821,-0.014782975,-0.055166706,0.026514377,-0.11243963,-0.058587864,-0.64792013,-0.07796408,0.089480445,-0.18839453,-0.5125838,0.016990673,-0.20905496,-0.0066965353,-0.004271273,0.023595182,-0.104331404,-0.00924599,-0.0064868173,0.0027502778,-0.028388305,0.008856371,-0.0029800965,0.024943197,0.0037440883,-0.016419964
1/7/2014,0.07,-0.0037584787,-0.0054356335,-0.0025268858,-0.0036482213,-0.0019477534,-0.025074728,-0.021581586,0.04106925,-0.03514398,-0.043860417,-0.12287512,-0.0031822503,-0.10788888,-0.06618791,-0.48096582,0.028008232,-0.1839935,-0.0048723365,-0.0037907353,0.027515076,-0.10908671,-0.012281525,-0.0064952075,0.0027734896,-0.030649442,0.008856391,-0.0029356251,0.024924632,0.003744088,-0.007432327
2/7/2014,-0.06,-0.0038919386,-0.006128555,-0.0023893446,-0.0031568,-0.0017229264,-0.031656217,-0.054517023,0.0198272,-0.05322208,-0.027838988,-0.06849832,0.035444126,0.3065305,-0.019817753,-0.22275044,0.027644638,-0.19483143,-0.005439216,-0.0041874587,0.051842045,-0.112219185,-0.01595108,-0.0064989515,0.0027625435,-0.030652333,0.008856391,-0.002938128,0.024911838,0.0037440883,-0.009286502
3/7/2014,-0.3,-0.00466616,-0.005991521,-0.004112577,-0.0036482213,-0.0018391991,-0.03618798,-0.04965138,-0.03529881,-0.12058767,-0.04259319,-0.02063098,0.040731266,-0.14626643,-0.04038359,-0.07572827,0.02725078,-0.17155413,-0.004388249,-0.0032423728,0.026917111,-0.10744472,-0.016497511,-0.006498231,0.0027752952,-0.032913934,0.008856391,-0.0029354482,0.024986705,0.0037440879,-0.008755172
7/7/2014,0.1699999999999981,-0.004550646,-0.00397812,-0.003617247,-0.0036482213,-0.0016097738,-0.029636519,0.061540786,0.079190485,0.027568132,0.04976536,0.0061625848,0.023057757,0.009112619,-0.053568896,-0.19872499,0.028386176,-0.15728039,-0.004114837,-0.0029839536,0.026888141,-0.11345859,-0.017329823,-0.0065018395,0.0027761096,-0.03517609,0.008856391,-0.0029329355,0.024964344,0.0037440876,0.0002639166
8/7/2014,-0.26,-0.005812604,-0.0081544705,-0.0043550124,-0.0031568,-0.0038999356,-0.036198694,-0.040158194,-0.084523685,-0.19722614,-0.047779586,0.19799903,0.0166155,0.29583973,-0.08313657,0.04811657,0.02508615,-0.16486433,-0.004850798,-0.0032558846,0.048293598,-0.11317538,-0.019069616,-0.006504949,0.0027874869,-0.03736107,0.008856391,-0.0029347904,0.02491741,0.0037440879,-0.0038626497
9/7/2014,-0.13,-0.005895071,-0.00679792,-0.0035713923,-0.0036482213,-0.0038058828,-0.05035674,-0.039148647,-0.0746343,-0.13204433,-0.03644785,-0.06773569,-0.012066694,0.13297938,-0.09146869,-0.12176524,0.026102995,-0.14737873,-0.003964313,-0.002686773,0.03321449,-0.11755938,-0.018827645,-0.0065041934,0.0027852405,-0.039624732,0.008856391,-0.0029345097,0.024960665,0.0037440876,-0.00584779
10/7/2014,-0.22,-0.005836646,-0.006253252,-0.0035823763,-0.003912666,-0.003597453,-0.060105953,-0.041824102,-0.107779056,-0.048316002,-0.04635594,-0.01428043,0.02278408,0.030390358,-0.059052598,-0.23820703,0.02736018,-0.1344687,-0.0034791816,-0.0022579536,0.029258093,-0.11764953,-0.018404564,-0.006503126,0.0027950595,-0.039621685,0.008856391,-0.0029298272,0.024997748,0.0037440872,-0.0037627567
11/7/2014,0.12,-0.0069284146,-0.009271506,-0.0037178504,-0.004249202,-0.0044401684,-0.050309867,-0.09185709,-0.059917517,-0.034509275,-0.055405915,-0.07076465,0.020057885,-0.1434657,-0.11695592,-0.28177673,0.027406253,-0.122263536,-0.0030691107,-0.0016937583,0.03770324,-0.112248674,-0.017666316,-0.006502077,0.0028013857,-0.039619267,0.008856391,-0.0029298326,0.02505415,0.0037440867,-0.0038692222
14/7/2014,0.02,-0.0044535836,-0.0072623794,-0.0007599541,-0.0034933365,-0.0029185538,-0.03470812,0.0112374015,0.028668573,0.066242315,-0.0018082833,0.010152354,0.055476476,-0.30715853,-0.059922874,-0.49261194,0.028225686,-0.13225718,-0.003363969,-0.0022142828,0.040502895,-0.10591174,-0.015381969,-0.0065023084,0.0028183751,-0.03961762,0.008856391,-0.0029296395,0.02502626,0.0037440872,-0.008962107
15/7/2014,-0.14,-0.004769562,-0.005593631,-0.0023883241,-0.0034933365,-0.0028904972,-0.052483387,0.013709287,-0.0220072,0.07023661,-0.01936808,0.07038851,0.077516586,-0.41058525,-0.07350789,-0.18820086,0.0277044,-0.123636745,-0.0028717231,-0.0014636144,0.052364364,-0.09905819,-0.014690365,-0.0065039373,0.0028290472,-0.03962319,0.008856391,-0.0029315234,0.025205765,0.0037440867,-0.007976754
16/7/2014,-0.15,-0.0048811836,-0.006401688,-0.0023861178,-0.0039847577,-0.0030279753,-0.06641005,0.013709287,-0.119117364,-0.03101414,-0.047637098,-0.012159089,0.07519239,-0.60304236,-0.09777791,-0.3796367,0.027080301,-0.11359342,-0.002404223,-0.0011097483,0.03396163,-0.097118855,-0.014778868,-0.006504535,0.0028318712,-0.03961881,0.008856391,-0.0029293299,0.02521562,0.0037440865,-0.0037343807
17/7/2014,0.05,-0.0049820323,-0.005624996,-0.0021696219,-0.0039847577,-0.002823572,-0.06641005,-0.008188227,-0.12597552,-0.010693851,-0.05287897,-0.007004497,0.07724365,-0.60736233,-0.08925175,-0.33122498,0.027675746,-0.10997959,-0.0019494473,-0.0007400984,0.039603382,-0.09804192,-0.014079597,-0.0065047326,0.002831527,-0.03736577,0.008856391,-0.0029289078,0.025290716,0.0037440863,-0.00010664183
18/7/2014,0.3100000000000023,-0.0038537008,-0.0040779035,-0.0020690383,-0.0039847577,-0.0027169143,-0.042373713,-0.008188227,-0.0009274128,0.05295145,-0.0040582065,-0.020674938,0.08045602,-0.46403104,-0.07816953,-0.13498747,0.028032687,-0.11427721,-0.002346526,-0.00086592307,0.06287971,-0.101107664,-0.014888995,-0.0065041836,0.002835503,-0.03737103,0.008856391,-0.002930755,0.025308657,0.0037440863,-0.0014574724
21/7/2014,-0.12,-0.005027593,-0.0050039627,-0.0028913803,-0.0034933365,-0.0028005363,-0.04299543,0.006939842,-0.04128306,-0.0588323,-0.018623251,0.021397756,-0.0007128097,-0.3443948,-0.09703908,-0.29926932,0.02855061,-0.1289986,-0.0033854607,-0.0018311148,0.052002054,-0.09846663,-0.0147277955,-0.00650371,0.0028404288,-0.037347935,0.008856391,-0.0029311986,0.025137963,0.0037440867,-0.0060680415
22/7/2014,-0.2,-0.006029734,-0.0062669367,-0.0034187634,-0.0039847577,-0.002922117,-0.058743995,-0.04035129,-0.08966426,-0.054088753,-0.0653088,-0.06797583,0.053710587,-0.5356541,-0.11329447,-0.40443474,0.02118407,-0.12310593,-0.0034817145,-0.0012956018,0.027056206,-0.09782061,-0.012699924,-0.0065045264,0.0028609575,-0.037356883,0.008856381,-0.002945812,0.025212118,0.0037440865,-0.0067510237
23/7/2014,0.09,-0.0050658993,-0.0052941833,-0.003147396,-0.0039847577,-0.002970215,-0.053560525,0.013709287,-0.038200896,-0.04084177,-0.037745167,-0.23217787,0.060494512,-0.65623385,-0.07208065,-0.37600595,0.02795493,-0.1130733,-0.0024779695,-0.0010555506,0.020632314,-0.09536975,-0.012119528,-0.0065047373,0.0028688344,-0.039622113,0.008856391,-0.0029288102,0.025253821,0.0037440865,-0.0062264106
24/7/2014,0.09,-0.0043359175,-0.0046840087,-0.0027165667,-0.0034933365,-0.0027397315,-0.04555693,0.013709287,-0.038200896,-0.022318697,-0.04037604,-0.19692028,0.028401801,-0.55276084,-0.08512615,-0.3273086,0.028825004,-0.11985433,-0.0029914402,-0.0015995307,0.031996068,-0.09323005,-0.01269299,-0.006504183,0.0028584797,-0.03963759,0.008856391,-0.0029290782,0.025175579,0.0037440867,-0.009164562
25/7/2014,-0.2,-0.0059966915,-0.00609431,-0.0036338025,-0.0034933365,-0.0028215249,-0.058003582,-0.09637688,-0.04779156,-0.07727094,-0.058807146,-0.19378634,-0.0073068775,-0.53426844,-0.11970874,-0.3425807,0.028398639,-0.12697317,-0.0031440132,-0.001842445,0.030991346,-0.093951106,-0.013353583,-0.0065039177,0.0028292218,-0.039652325,0.008856391,-0.0029293557,0.025144564,0.0037440867,-0.0104248505
28/7/2014,-0.32,-0.0052589243,-0.00637691,-0.003558327,-0.0039847577,-0.002970215,-0.056617193,-0.027121797,-0.07916554,-0.07929744,-0.055099644,-0.21179208,0.049815662,-0.63732344,-0.094772026,-0.46646047,0.02791369,-0.113420315,-0.0025358617,-0.0011321174,0.02070478,-0.09303065,-0.012777871,-0.0065046106,0.0028038218,-0.03967561,0.008856391,-0.002928869,0.025232939,0.0037440865,-0.006209157
29/7/2014,0.01,-0.0060338615,-0.0069966516,-0.0041383407,-0.004249202,-0.0032625366,-0.062185835,-0.041071087,-0.09469698,-0.0247349,-0.045844324,-0.23577082,0.061576024,-0.27154353,-0.08050887,-0.54302603,0.029158777,-0.11361472,-0.0022182355,-0.0008801572,0.043017976,-0.09632015,-0.011461591,-0.0065049995,0.0027809415,-0.039676614,0.008856391,-0.0029282563,0.025281372,0.0037440863,-0.0011975896
30/7/2014,-0.17,-0.005795432,-0.0067638424,-0.003252235,-0.0037577809,-0.0033717868,-0.032959167,-0.07530429,-0.027853474,-0.08456152,-0.055429697,-0.074960254,0.057562184,-0.18624105,-0.06802068,-0.27567774,0.030608065,-0.114118904,-0.0026029937,-0.0009933787,0.04493017,-0.098079674,-0.011735893,-0.006504509,0.002745938,-0.037418146,0.008856391,-0.0029302365,0.025270421,0.0037440863,-0.008818709
31/7/2014,-0.11,-0.0070326882,-0.0075143795,-0.0042070327,-0.004249202,-0.0034186046,-0.06251357,-0.074611545,-0.09469698,-0.1256386,-0.0821232,-0.1201428,0.044913605,-0.3812333,-0.1005171,-0.45433554,0.030572072,-0.105706364,-0.0020889048,-0.00071709923,0.03076107,-0.1018783,-0.010855315,-0.0065043927,0.0027005328,-0.037418928,0.008856391,-0.0029280076,0.025269428,0.0037440863,-0.004913108
1/8/2014,-0.03,-0.006631777,-0.0072221146,-0.003859924,-0.004249202,-0.0034186046,-0.051028084,-0.074611545,-0.078503296,-0.09640226,-0.07569847,-0.09711404,0.056136876,-0.20840168,-0.083460726,-0.3050335,0.03147804,-0.10559182,-0.0021449777,-0.0006470624,0.054503392,-0.103421435,-0.011392727,-0.0065044807,0.0026894356,-0.035160605,0.008856391,-0.002929452,0.02529306,0.0037440863,-0.005992589
4/8/2014,-0.19,-0.0054748044,-0.0072900103,-0.002472099,-0.0039847577,-0.002595154,-0.0337343,-0.04838844,0.031287733,-0.08579681,0.0025137337,-0.33190072,0.037683096,-0.43440098,-0.06739897,-0.46478456,0.02962975,-0.10507756,-0.0021841344,-0.0006647811,0.060442038,-0.09857165,-0.010572818,-0.006503329,0.0026454395,-0.03742761,0.008856391,-0.0029322498,0.025282444,0.0037440863,0.0010092487
5/8/2014,0.1900000000000012,0.011858718,0.006329582,0.002882535,0.024932776,-0.00059229473,-0.016243832,-0.020707415,0.109826624,0.043350108,-0.07773872,-0.35006532,0.08772819,-0.51788425,-0.05623218,-0.32235542,0.020700654,-0.09440163,-0.0014585933,0.0005616157,0.04117516,-0.09632217,-0.0062346375,-0.006503145,0.002623201,-0.037430402,0.008856376,-0.0029511687,0.025474949,0.0037440856,0.0053867227
6/8/2014,-0.27,-0.0043966114,-0.0056290147,-0.0031220904,-0.0034933365,-0.002608147,-0.051850267,-0.07680219,-0.10352253,-0.13174847,-0.05024255,-0.120165326,0.03469509,-0.38897532,-0.045028217,-0.33722046,0.032288007,-0.097559914,-0.0016360675,-0.00032708628,0.043638807,-0.091412455,-0.006279526,-0.006504014,0.0026016163,-0.039696764,0.008856391,-0.002926981,0.025318636,0.003744086,0.0007471178
7/8/2014,0.09,-0.004625276,-0.0057138484,-0.0030555848,-0.0039847577,-0.002480314,-0.030771103,0.030570665,-0.017184874,0.047404714,-0.013719176,-0.21013816,0.05987091,-0.586843,-0.038558546,-0.34746766,0.031517316,-0.087733224,-0.00091713975,0.00038941338,0.057411566,-0.086553246,-0.006447558,-0.006504124,0.002573562,-0.04196611,0.008856391,-0.0029263585,0.025403144,0.0037440858,0.009736837
8/8/2014,0.1,-0.0027979976,-0.0026471,-0.0016493578,-0.0035769606,-0.0024870553,-0.018975226,-0.022741608,-0.0030804784,-0.06522015,0.0077618207,-0.09261055,0.07134844,-0.36578,-0.006245651,-0.10950849,0.032285336,-0.092996046,-0.0011543054,0.00027423108,0.070982546,-0.10118686,-0.0058318563,-0.0065041846,0.0025630542,-0.041973148,0.008856391,-0.002928312,0.025433863,0.0037440858,0.004777939
11/8/2014,-0.19,-0.0036068223,-0.004401677,-0.002525439,-0.0034933365,-0.0025483363,-0.033991575,-0.022741608,-0.0106004,-0.08724658,-0.023024915,-0.06733516,0.04956441,-0.38033703,-0.030828469,-0.19014831,0.032764733,-0.09728812,-0.0018798711,-0.00032499252,0.05752615,-0.088437065,-0.006508459,-0.0065043126,0.0025448946,-0.04197343,0.008856391,-0.0029285906,0.025306422,0.003744086,-0.00073815254
12/8/2014,-0.03,-0.0041214405,-0.0062188804,-0.0030347318,-0.0039847577,-0.0024305887,-0.050660532,-0.031745046,-0.07007783,-0.11859235,-0.039712455,-0.18664691,0.0645573,-0.5021638,-0.021673588,-0.36891073,0.03202233,-0.08949098,-0.0014869682,-7.446185e-05,0.044556648,-0.1015049,-0.005070569,-0.006504471,0.0025412482,-0.041972887,0.008856391,-0.0029264626,0.025328416,0.0037440858,0.00090940855
13/8/2014,-0.11,-0.004016126,-0.0049757594,-0.0021921187,-0.0034933365,-0.0025428075,-0.03403642,-0.022741608,-0.038638808,-0.21155012,-0.044072997,-0.147988,0.08489401,-0.41061378,0.0059177075,-0.077412315,0.03550396,-0.08830273,-0.0011582893,-9.157622e-05,0.05326782,-0.10196711,-0.005994591,-0.006504665,0.0025251273,-0.04197249,0.0088564,-0.0029125477,0.025333574,0.0037440858,2.5571258e-05
14/8/2014,0.01,-0.00201848,-0.003875501,-0.002587348,-0.004249202,-0.0026424094,-0.006047635,-0.0036083395,-0.044113845,0.021329751,0.071761794,-0.15559605,0.077760585,-0.44745183,-0.03104955,-0.42784938,0.03199053,-0.083836436,-0.001111856,0.00019897155,0.037255503,-0.10263989,-0.004939046,-0.006504421,0.0025252434,-0.041971628,0.008856391,-0.0029257704,0.025352882,0.0037440858,-0.0013838696
15/8/2014,-0.24,-0.0036418512,-0.0042463862,-0.0016386923,-0.003841405,-0.0026483722,-0.031151088,-0.022741608,-0.045333296,-0.0646244,-0.023609675,-0.097668454,0.05600856,-0.39455855,-0.027558047,-0.28500876,0.032552898,-0.087765336,-0.0015209238,-0.00013948187,0.043223288,-0.10394463,-0.0026112348,-0.0065041725,0.0025158874,-0.041971166,0.008856391,-0.0029260402,0.025297243,0.0037440858,-0.004664791
18/8/2014,-0.21,-0.0047473037,-0.0070026666,-0.003769306,-0.0038384215,-0.0028870055,-0.055097707,-0.031745046,-0.10916995,-0.072148,-0.03801303,-0.18975537,0.08627433,-0.44758758,-0.032002974,-0.28055146,0.03433983,-0.075941846,-0.00056293706,0.0003169034,0.047511496,-0.1062464,-0.0029129072,-0.006504155,0.0025082058,-0.04197065,0.0088564,-0.0029101819,0.02534101,0.0037440856,0.0019954594
19/8/2014,0.2299999999999986,-0.0025978796,-0.0039534452,-0.0021101027,0.0022227152,0.004808573,-0.039702494,-0.057937622,-0.10432881,-0.08240826,0.07884378,-0.14207536,0.08750099,-0.37360087,-0.028875064,-0.38539717,0.030763024,-0.077310085,-0.00060602947,0.000562938,0.046448402,-0.108847715,-0.0018936231,-0.006503993,0.0025032682,-0.04423006,0.008856391,-0.0029251091,0.02537714,0.0037440856,0.0018508616
20/8/2014,0.2900000000000009,-0.0042846687,-0.0038539295,-0.002882392,-0.0037577809,-0.0029520602,-0.059488524,-0.022741608,-0.10805514,-0.039976127,-0.03667278,-0.123886995,0.023061981,-0.33011517,-0.056919232,-0.30013534,0.032163184,-0.08251218,-0.0011381072,9.2442875e-05,0.033728458,-0.10972283,-0.0009526072,-0.006503977,0.0025094915,-0.044229206,0.008856391,-0.0029254542,0.025264386,0.0037440858,-0.0027702833
21/8/2014,-0.35,-0.0036238462,-0.0046333284,-0.0026351323,-0.0033114855,-0.0018117499,-0.043589283,0.006511046,-0.052675005,-0.028192377,-0.021744458,-0.23429047,0.011065993,-0.20059785,0.005706133,-0.17459634,0.031488642,-0.107029244,-0.0028939252,-0.0011669247,0.057309557,-0.11281494,-0.004953336,-0.006504201,0.0025185433,-0.04649195,0.008856391,-0.0029326002,0.025101285,0.0037440863,-0.0026707686
22/8/2014,-0.28,-0.0037518814,-0.0041161254,-0.0031042795,-0.003802906,-0.0022332727,-0.057572946,-0.050640635,-0.07953703,-0.14098315,-0.036781643,-0.16247962,0.086892374,-0.46689558,0.021325532,-0.2760907,0.031566393,-0.08700317,-0.0015796947,-0.00020230313,0.0310446,-0.1135522,-0.0044112867,-0.0065043382,0.0025244951,-0.046492033,0.008856391,-0.002925553,0.025209336,0.003744086,-0.00037371466
25/8/2014,0.3500000000000014,-0.005411057,-0.006494766,-0.0040408033,-0.004249202,-0.0031342083,-0.065085866,-0.053406768,-0.097550474,-0.038351223,-0.044636466,-0.09849344,0.10226235,-0.1972502,0.0071073594,-0.049138263,0.034359228,-0.07739112,-0.00068899215,9.8100514e-05,0.05701818,-0.1147265,0.00040337103,-0.006503165,0.002502637,-0.046492558,0.0088564,-0.0029100094,0.025255859,0.0037440858,0.0019279361
26/8/2014,-0.13,-0.0057279635,-0.007817331,-0.004426128,-0.0034933365,-0.0040594954,-0.054326322,-0.07784153,-0.12141379,-0.17845449,-0.10120174,-0.12072317,-0.0047436613,0.040838584,-0.06376191,-0.08044566,0.027152907,-0.09935147,-0.0029191049,-0.0007251057,0.053895887,-0.10349641,0.0003661506,-0.006502464,0.0025064715,-0.046493575,0.008856381,-0.002944476,0.02512672,0.0037440863,-0.0026508404
27/8/2014,-0.02,-0.0060779545,-0.0071444185,-0.004224246,-0.0039847577,-0.0029528353,-0.059153333,-0.015118287,-0.07741956,-0.06168702,-0.054436855,0.026487304,0.016686805,-0.15111797,-0.05556661,-0.18935119,0.03220056,-0.08865714,-0.002038539,-0.00069605024,0.056953587,-0.1290704,0.0011035985,-0.006502674,0.0024948332,-0.046493866,0.008856391,-0.0029252206,0.025103513,0.003744086,0.00038294352
28/8/2014,-0.07,-0.0052796137,-0.005812127,-0.003730273,-0.0034933365,-0.0031087631,-0.07093396,0.006080789,-0.099529766,0.014924354,-0.04618753,-0.025704376,0.042326663,-0.17575355,-0.014782524,-0.17578615,0.032208774,-0.08712528,-0.0019540044,-0.00060394,0.05189051,-0.12551406,0.0016966307,-0.0065026265,0.002491229,-0.04649449,0.008856391,-0.002924971,0.02512508,0.003744086,-0.00086131983
29/8/2014,0.33,-0.004709362,-0.0056050303,-0.00167828,-0.004068382,-0.0028030346,-0.055532437,0.006080789,-0.099529766,0.024287969,-0.03798106,-0.14898765,0.07406403,-0.3400805,-0.0008844626,-0.27710477,0.03122433,-0.07865983,-0.0015389383,-0.00017360132,0.04234005,-0.12536782,0.0020781145,-0.0065023187,0.0024906602,-0.046494495,0.008856391,-0.0029246323,0.025161153,0.0037440858,0.000105273284
2/9/2014,-0.2,-0.0061850483,-0.00789581,-0.004031179,-0.0034933365,-0.0028772946,-0.050931033,-0.09695097,-0.11211904,-0.17012064,-0.12677398,-0.1898659,0.00066905975,-0.15415394,-0.05578467,-0.28568482,0.027136644,-0.09874738,-0.0033697532,-0.001125146,0.05283832,-0.12451844,0.0025806718,-0.006502302,0.0025165766,-0.046495292,0.008856381,-0.0029439637,0.02501122,0.0037440863,-0.0014295786
3/9/2014,-0.49,-0.007840066,-0.011607697,-0.0064406474,-0.0038300722,-0.0042514377,-0.10564227,-0.19880466,-0.21526724,-0.10611383,-0.13663602,0.12440449,0.024072245,-0.1603313,-0.05923732,-0.52804875,0.02969075,-0.09651616,-0.0026428245,-0.0011109569,0.043131523,-0.12378788,0.004756515,-0.006501932,0.002520024,-0.04649511,0.008856391,-0.0029331113,0.02501172,0.0037440863,0.0022325811
4/9/2014,-0.13,-0.0091877105,-0.011977233,-0.005139579,-0.004249202,-0.0035715816,-0.08964718,-0.10100012,-0.15339117,-0.15209402,-0.08120967,-0.028531294,0.031675,0.00939257,-0.017790029,-0.2886782,0.029935407,-0.09521244,-0.0020373645,-0.0007840823,0.07029246,-0.13154106,0.004940564,-0.0065028258,0.0025137991,-0.046494815,0.008856391,-0.00292653,0.025078066,0.0037440863,0.0073034675
5/9/2014,-0.06,-0.007093998,-0.008459929,-0.003992446,-0.00404085,-0.0031234403,-0.07226008,-0.094369516,-0.10385365,-0.12917162,-0.08269152,0.0016029368,0.111040704,0.082209155,0.019707734,-0.031938232,0.028659439,-0.07777804,-0.0011745336,7.95653e-05,0.06839392,-0.13296576,0.005327007,-0.00650353,0.0025252702,-0.046495188,0.00885639,-0.0029254467,0.025201963,0.0037440858,0.0073319636
8/9/2014,-0.06,0.011333929,0.007868784,0.0020551826,0.022285197,-0.002246606,0.08911,-0.05313744,-0.017253492,0.005205143,0.15657558,0.05293637,0.093550235,0.006723366,0.014683658,-0.22796102,0.029956676,-0.07426435,-0.0010634199,7.4595584e-05,0.06535298,-0.13520664,0.006928522,-0.0065031024,0.002543226,-0.046495687,0.008856391,-0.0029232383,0.025217287,0.0037440858,0.0039173644
9/9/2014,-0.36,-0.0073784543,-0.00976495,-0.005147001,-0.0038841744,-0.0030522565,-0.07226008,-0.10318138,-0.21318153,-0.22031051,-0.08042907,0.10867199,0.06660971,-0.025073932,0.006580382,-0.37636632,0.029021287,-0.074181505,-0.001033234,9.7881915e-05,0.06466094,-0.12973148,0.006823423,-0.006503815,0.0025439009,-0.046494894,0.008856391,-0.0029232544,0.025209932,0.0037440858,0.0023251842
10/9/2014,-0.16,-0.0061447094,-0.0074021607,-0.0041791806,-0.00331699,-0.0019232171,-0.029565614,-0.060643595,-0.14935838,-0.20334421,-0.055184066,0.089083694,0.10869101,-0.29520252,0.02308845,-0.37683895,0.027332032,-0.062390782,0.0004850736,0.0015629969,0.091374695,-0.10972883,0.009758042,-0.006503617,0.002544847,-0.044271443,0.008856391,-0.0029248616,0.025463993,0.0037440849,0.024910903
11/9/2014,-0.58,0.012943347,0.020869507,0.005059078,0.03169319,-0.0021225696,-0.05433448,-0.15085287,-0.14608559,-0.24129461,-0.15192194,0.034815818,0.19884057,0.03514612,0.09745731,-0.32897732,0.028086076,-0.0633801,0.0007049748,0.0018779903,0.10938047,-0.10754959,0.011253408,-0.006502847,0.0025535119,-0.042011615,0.008856391,-0.002924792,0.025572553,0.0037440849,0.020137653
12/9/2014,2.49,0.21218717,0.21350026,0.090983376,0.303662,0.18372111,1.8455565,2.0471492,2.025659,2.06051,2.0371997,-0.092160724,0.135437,0.033510864,0.027950533,-0.24559602,0.027022684,-0.061327994,0.0022976054,0.0028628039,0.16759984,-0.105490796,0.0113040535,-0.006502011,0.0025284125,-0.03976815,0.008856391,-0.0029282004,0.025710702,0.0037440844,0.05396876
15/9/2014,-2.72,-0.21658747,-0.22072814,-0.10545052,-0.36784777,-0.19978921,-2.1949294,-2.3434863,-2.3850527,-2.3639092,-2.3742332,-0.62254107,-0.26597327,-0.022998752,-0.32703432,-0.16717735,-0.004385896,-0.15711646,-0.007170035,-0.0013745109,-0.034765717,-0.07536997,0.014541939,-0.0064559467,0.0025340572,-0.039767697,0.008856302,-0.0030940208,0.025140313,0.0037440865,-0.0041407743
16/9/2014,0.33,-0.075094454,-0.07923921,-0.02642242,-0.00018295486,0.011398441,-0.009732531,0.08755954,0.0128397355,-0.0391795,0.048689697,-0.24984407,0.072864726,1.2360426,0.0021708612,0.7850677,-0.028407315,-0.14886205,-0.0058643105,0.0014995777,0.07724096,-0.048391216,0.033214293,-0.0062444303,0.0024673636,-0.039767325,0.008856269,-0.0032011936,0.025802566,0.0037440849,0.014654511
17/9/2014,-0.09,-0.0046809125,0.00020684948,-0.00643241,-0.001360423,-0.00012564933,0.009778828,0.016917018,-0.01672454,0.107313745,-0.004607301,0.26993886,0.005740408,1.1212432,0.08920466,0.5974273,-0.0052601,-0.13974041,-0.0044096154,0.0009321505,0.07303135,-0.03302247,0.041869577,-0.006192865,0.002407922,-0.03976733,0.008856311,-0.003118161,0.02565333,0.003744085,0.017496172
18/9/2014,-0.29,0.0011252539,0.006218696,-0.0021056556,-0.001742085,0.0003526799,0.04085153,-0.06720316,0.08281887,-0.105347924,-0.013635886,0.28726438,0.012977047,0.90961754,0.04898262,0.44908455,-0.0062848623,-0.124347255,-0.0039965753,0.001292868,0.0744716,-0.011347598,0.037352525,-0.006327538,0.002344465,-0.03976731,0.00885631,-0.003109785,0.02566875,0.0037440849,0.019454414
19/9/2014,0.5800000000000001,0.0113103,0.02163237,0.0066115875,0.00015169922,0.011851225,0.28673655,0.26187003,0.24267259,0.49985328,0.30994615,0.5184919,-0.028120527,0.6051378,0.014295772,0.6868319,-0.008740647,-0.111224204,-0.0027364895,0.0024382642,0.09876134,-0.014084873,0.04322044,-0.006342353,0.0022762455,-0.03976723,0.008856305,-0.003109141,0.025827656,0.0037440844,0.039733592
22/9/2014,0.07,0.0065034763,0.0036215354,0.0018289458,0.00602774,0.0061633373,0.06570735,0.10640462,0.12934902,0.016730301,0.049709875,0.17313345,0.029219229,0.91776437,0.18730837,0.37557173,0.01856243,-0.10463704,-0.0017802195,0.00091965875,0.17728691,-0.027771186,0.042394288,-0.006417611,0.0022472888,-0.039767265,0.008856388,-0.0029887974,0.025513818,0.003744085,0.021077909
23/9/2014,0.4699999999999988,0.018931672,0.03474941,0.008280849,0.0075088795,0.012574265,0.16576593,0.33706263,0.37873146,0.48061147,0.23836239,-0.12620951,0.11833655,0.32324287,0.2444505,0.15809505,0.018263955,-0.09174639,-0.0016872081,0.0013144378,0.17972192,-0.027131958,0.040579893,-0.006488309,0.0022420073,-0.039768253,0.008856383,-0.0029907292,0.025538638,0.003744085,0.025156323
24/9/2014,0.08,0.024547221,0.020497143,0.0094488105,0.0152226845,0.012025029,0.19374448,0.21292524,0.354791,0.34631717,0.25861523,0.32827926,0.052648384,0.38383287,0.18878408,0.24946782,0.02001842,-0.103255056,-0.0024697725,0.0005091068,0.17413783,-0.027441217,0.042560287,-0.006486114,0.0022403866,-0.03977013,0.00885639,-0.0029816064,0.025387356,0.0037440858,0.027576735
25/9/2014,1.75,0.11326599,0.12826018,0.059961922,0.028304989,0.08608651,1.0463367,1.1714921,1.061175,1.4168662,1.1456705,-0.026055802,0.03749083,0.1457149,0.18057841,-0.024868138,0.020953264,-0.10401455,-0.00271013,-1.4199394e-05,0.13189685,-0.020779809,0.04308968,-0.0064822347,0.0022515953,-0.039773304,0.008856391,-0.0029800965,0.025242792,0.003744086,0.024452569
30/9/2014,-0.41,-0.07605696,-0.0937257,-0.03107199,-0.013042516,-0.006879569,-0.15362552,-0.3017019,-0.23381594,-0.5052117,-0.20024084,-0.37583235,-0.28341213,0.2815375,-0.17227921,-0.5075594,-0.016168695,-0.2190013,-0.0118539315,-0.0027838529,0.060648397,0.002402006,0.039145578,-0.0064137825,0.0023214505,-0.039783888,0.008856301,-0.0032432775,0.025322575,0.0037440872,-0.01101857
1/10/2014,0.01,0.009689532,0.018190071,0.005844975,0.003383689,-0.00044441226,-0.054056358,-0.08621054,0.042347055,0.34985915,0.04445642,0.17018817,-0.08147529,0.44262317,0.040026683,0.18365401,0.0030278098,-0.17327924,-0.008013587,-0.002187143,0.07728302,0.018783623,0.033414017,-0.0063791033,0.0023563672,-0.0398442,0.008856338,-0.0031097636,0.025154548,0.0037440867,0.0030578123
2/10/2014,0.3900000000000005,0.020090694,0.024928294,0.0051183784,4.3447202e-05,0.0055448376,0.1523192,0.25603995,0.22067393,0.38177493,0.18168244,0.1488068,-0.027389329,0.6862004,0.14367178,-0.3673743,0.00010901505,-0.21298584,-0.010225623,-0.0034883001,0.06482134,0.04592445,0.03051137,-0.0064327084,0.0024969198,-0.041985363,0.008856368,-0.0031378986,0.025124786,0.0037440876,-0.029592514
3/10/2014,0.5399999999999991,0.00449388,0.016168425,0.0014280975,-0.00421404,-0.0011797135,0.027434217,0.17626025,-0.015527966,0.2724248,0.23576099,0.03995961,-0.0169499,0.7572513,0.17895976,-0.30486265,0.0030103954,-0.22310625,-0.010165745,-0.0039333254,0.0805317,-0.012369664,0.028009577,-0.006459463,0.0026783273,-0.044249974,0.008856386,-0.0031112027,0.025095437,0.0037440879,-0.031194871
6/10/2014,0.05,-0.008161809,-0.0020492151,-0.0037658736,-0.009501861,-0.0010766635,-0.07094073,-0.045441512,-0.02451703,-0.029124022,4.390232e-05,0.014432849,-0.049786337,0.8200909,0.15854916,-0.66289,0.0017349184,-0.24892443,-0.011786897,-0.0047324803,0.053730205,-0.023607787,0.022780707,-0.006479688,0.0028827304,-0.04649481,0.008856377,-0.003137171,0.025099708,0.003744088,-0.04064143
7/10/2014,-0.11,-0.0054226127,-0.0023034327,-0.0033740683,-0.009568184,-0.0012288281,-0.020037172,-0.05437223,-0.029693568,-0.08611987,-0.009875074,0.0738636,-0.0014956902,0.7743669,0.1707944,-0.9101741,-0.003256969,-0.2649399,-0.013220538,-0.0049887756,0.05154238,-0.024428852,0.0189705,-0.0064937277,0.0031231877,-0.046495147,0.00885636,-0.0031864396,0.025150985,0.0037440883,-0.047346305
8/10/2014,-0.22,-0.0020282858,-0.00439289,-0.0069149383,-0.005672675,-0.0022706904,-0.06353334,-0.11777718,-0.14748867,-0.18632117,-0.07562058,-0.07046265,0.05542849,0.6657002,0.1813577,-0.8509252,0.0026385982,-0.25019386,-0.011783918,-0.0048978976,0.046522025,-0.035852104,0.017233124,-0.0064940746,0.0033302328,-0.04649553,0.008856385,-0.0031301246,0.025087722,0.003744088,-0.04386765
9/10/2014,-0.15,-0.0056129554,-0.005634137,-0.0035841626,-0.0042325705,-0.0016394622,-0.014098259,-0.07123989,-0.09594239,-0.14548627,-0.0659604,-0.09115558,0.033156253,0.54560554,0.14769602,-0.9924504,0.0056535425,-0.23876509,-0.010684609,-0.0047270027,0.037324194,-0.049229976,0.015506978,-0.006496955,0.003544372,-0.046495847,0.008856389,-0.0030924962,0.025078101,0.0037440883,-0.03963988
10/10/2014,0.12,-0.0021415711,-0.004475427,-0.002617936,-0.005672675,-0.0014957123,0.0262825,-0.16207476,-0.0752148,-0.07530011,0.03931824,0.060504753,0.044780035,0.4621325,0.12459772,-0.8083708,0.011357342,-0.21397361,-0.008776363,-0.004106222,0.026992086,-0.056625824,0.0140981395,-0.0065005454,0.0037674701,-0.04649623,0.008856391,-0.0030329332,0.025007898,0.003744088,-0.03267285
13/10/2014,0.14,0.0035699003,0.0013901308,-0.00046087362,0.0020572615,-0.00017059837,0.0154413935,-0.0284897,0.051231217,0.1864163,0.04408788,0.16651918,0.03710762,0.6395158,0.111042015,-0.63378066,0.014857223,-0.21644989,-0.008839578,-0.00431638,0.049247175,-0.05980091,0.011367024,-0.006500535,0.0039874376,-0.046497233,0.008856391,-0.0030177734,0.02499882,0.003744088,-0.029380834
14/10/2014,-0.31,-0.0019829546,-0.0014821776,-0.0026730872,-0.0046396917,-0.0010756741,-0.0035256324,-0.10786481,-0.039081912,-0.24368383,-0.06337488,0.13980271,0.044944663,0.46623358,0.09034164,-0.41594523,0.022475258,-0.18905221,-0.0065942467,-0.0039640847,0.03764409,-0.06370621,0.008064419,-0.0065003694,0.004157119,-0.0464986,0.008856391,-0.0029730694,0.024901887,0.0037440879,-0.020387007
15/10/2014,0.1700000000000017,-0.0013881846,-3.864581e-06,-0.0018592564,-0.0041399407,-0.0011978655,0.0007752105,0.014139118,0.017201995,0.012759695,0.0006074134,0.023707764,0.05737339,0.2771395,0.06419194,-0.49655047,0.027185073,-0.17354658,-0.0054040444,-0.0035341484,0.04527788,-0.06788031,0.0062582847,-0.006500287,0.004318119,-0.04649934,0.0088564,-0.0029477398,0.024908131,0.0037440879,-0.01216044
16/10/2014,-0.05,-0.0037366154,-0.003107359,-0.0018440629,-0.00364852,-0.0011486693,0.013571355,0.05745085,-0.023134694,0.024033464,-0.039008826,0.15659732,0.019222552,0.527655,0.05012405,-0.38100946,0.02868844,-0.18265551,-0.0060416036,-0.003916052,0.04832035,-0.070285864,0.0032328179,-0.006499365,0.0044768653,-0.04423875,0.008856391,-0.002951161,0.024866635,0.003744088,-0.012935014
17/10/2014,0.06,-0.0014104254,0.0002775222,-0.0014448051,-0.0031568,-0.0007256103,0.022668047,0.06131437,-0.037910804,0.009380893,0.02908036,0.24122116,0.05741802,0.3368741,0.05503294,-0.16235474,0.02975717,-0.16007516,-0.005107736,-0.003135709,0.04812758,-0.076785155,0.00014083071,-0.006499809,0.0046189604,-0.041977562,0.008856391,-0.0029446548,0.024895838,0.0037440876,-0.012490479
18/10/2014,0.0,-0.0025783852,-0.00090005883,-0.0012805086,-0.0031568,0.00072131236,0.008175182,0.02452752,-0.03159757,0.022099936,0.04561898,0.2922951,0.04675841,0.30228382,0.01659472,-0.03645183,0.03031925,-0.15532555,-0.004973504,-0.0031300343,0.04447149,-0.08138267,-0.0016316357,-0.006501144,0.0047690095,-0.039716676,0.008856391,-0.0029433744,0.02486579,0.0037440876,-0.011500344
20/10/2014,-0.24,-0.0028326283,-0.00081418804,-0.0010503356,-0.0031568,-0.0017426631,0.0068872753,-0.03328059,-0.000115422765,0.010243247,0.03829705,0.28014106,0.04819273,0.2754975,0.0026885613,-0.0131752305,0.030886794,-0.14866674,-0.0046766,-0.0029286179,0.049488347,-0.08366728,-0.003817427,-0.0065020677,0.0048799557,-0.0374559,0.008856391,-0.0029394997,0.02484594,0.0037440876,-0.009308236
21/10/2014,0.06,-0.0017360316,-0.0016992966,-0.0025544523,-0.0036482213,-0.0017527462,-0.0068679117,-0.05517811,-0.04974881,0.05240099,0.011689389,0.11541727,0.060874406,0.06393173,-0.01780932,-0.06836961,0.030988505,-0.12929164,-0.003550185,-0.0021538124,0.041129198,-0.091363885,-0.004838717,-0.0065023564,0.005038858,-0.03519513,0.008856391,-0.0029316905,0.024885796,0.0037440872,-0.005855297
22/10/2014,-0.34,-0.0033804527,-0.0038910098,-0.0024728237,-0.0036482213,-0.0017527462,-0.0068679117,-0.09254596,-0.051448997,-0.042834915,-0.017182384,0.23989359,0.0717703,0.096195415,-0.046449017,-0.11697973,0.0232823,-0.13130367,-0.0040919427,-0.0020661748,0.041513067,-0.096541196,-0.005211273,-0.006503458,0.0051969313,-0.03293431,0.008856382,-0.0029465107,0.024877863,0.0037440872,-0.0042764894
23/10/2014,0.2199999999999988,-0.0034330017,-0.0011146968,-0.0009523502,-0.0040673506,-0.0009449521,0.0033221014,0.13917658,0.009960004,0.12430804,0.044601437,0.10923049,0.05588614,0.20330738,-0.016396428,-0.1533954,0.03175131,-0.11773876,-0.002982703,-0.0018182136,0.061588395,-0.10375892,-0.0060866172,-0.0065033017,0.0053085377,-0.030673767,0.008856391,-0.0029259985,0.024916545,0.0037440872,0.0010662987
24/10/2014,-0.35,-0.002637181,0.0028780361,-0.0006485516,-0.00357593,-0.0014249489,0.0019051254,-0.05663382,0.009430723,0.18011326,0.000921322,0.17805882,0.024985813,0.52719295,-0.028351303,0.08310151,0.033071768,-0.122080006,-0.0034933297,-0.002181192,0.08308787,-0.10742756,-0.008470966,-0.0065024146,0.005425232,-0.028412946,0.008856391,-0.002927371,0.024879273,0.0037440872,-0.0013823973
27/10/2014,0.1,-0.0034913411,-0.0016646152,-0.001984331,-0.0046795933,-0.0018987086,-0.030123083,0.024520349,0.033202544,0.09111226,-0.027691612,1.8147233,0.010180337,0.48902896,-0.04789266,2.1861215,-0.08897055,-0.16358514,-0.009396127,-0.0015483119,0.12985794,-0.12951706,-0.016554555,-0.0065043806,0.005442197,-0.026153747,0.00885623,-0.00318306,0.025234612,0.0037440865,-0.0005663852
28/10/2014,0.1700000000000017,-0.005075127,-0.0037972245,-0.001744297,-0.0037577809,-0.001907727,-0.019286525,0.013709287,0.01519244,-0.024927374,-0.016524442,0.008622253,-0.030941129,0.3458879,-0.122990996,0.08038276,0.03509988,-0.10139803,-0.002722534,-0.0013044033,0.0836857,-0.12854622,-0.017849823,-0.0065034125,0.005484528,-0.023892555,0.008856391,-0.0029254092,0.024974553,0.0037440865,0.0071626757
29/10/2014,0.0,-0.005540797,-0.0068895714,-0.0034046331,-0.0034933365,-0.0026813576,-0.05315244,-0.11643144,-0.07254389,-0.09553625,-0.072089955,-0.036054704,-0.06779609,0.16860244,-0.16718552,0.0403104,0.035857327,-0.102233365,-0.0026782372,-0.001496088,0.060857754,-0.123600595,-0.012344715,-0.0065020346,0.0055173747,-0.021630872,0.008856391,-0.0029239445,0.024928262,0.0037440865,0.005505186
30/10/2014,-0.26,-0.005636036,-0.008173162,-0.0040149656,-0.0036700007,-0.0027430654,-0.041192755,-0.11643144,-0.08626893,-0.09914538,-0.10987381,-0.27053568,-0.114522666,0.026130024,-0.20687656,0.08313319,0.03018183,-0.10824249,-0.003351952,-0.0014002381,0.07153023,-0.12683517,-0.016152428,-0.0065004067,0.0055221426,-0.01936889,0.008856379,-0.0029513496,0.02499813,0.0037440865,0.009664284
31/10/2014,-0.11,-0.0066523855,-0.008776195,-0.004101049,-0.0039847577,-0.0027551383,-0.058737405,-0.13832895,-0.08626893,-0.041578334,-0.09371227,-0.070256576,-0.0324978,-0.14398125,-0.15712519,-0.04423061,0.03457964,-0.09327712,-0.0021534406,-0.0008075508,0.046275336,-0.10403712,-0.015665468,-0.00650124,0.0054615964,-0.0171068,0.008856391,-0.002923203,0.025034608,0.0037440863,0.0109421825
3/11/2014,-0.25,-0.006378055,-0.0077550407,-0.0041415705,-0.004249202,-0.0027842985,-0.05278926,-0.06907387,-0.048163854,-0.11543906,-0.105720125,0.049919166,-0.009753353,-0.11710187,-0.13954073,-0.046348076,0.033855047,-0.084415846,-0.001806863,-0.00035295927,0.050809044,-0.105104156,-0.009828217,-0.006504228,0.0054569594,-0.014843456,0.008856391,-0.002923488,0.025097635,0.003744086,0.012869487
4/11/2014,-0.17,-0.0060925665,-0.006843129,-0.0038379822,-0.004249202,-0.002221566,-0.058195446,-0.044836693,-0.019796122,-0.103414275,-0.075493366,0.103069074,-0.047597412,-0.019184096,-0.18494196,-0.120230645,0.033316635,-0.08509089,-0.0017799742,-0.00043089758,0.061643705,-0.10932254,-0.0077925078,-0.0065041827,0.0053085266,-0.014844174,0.008856391,-0.002923068,0.025084589,0.003744086,0.01590148
5/11/2014,-0.03,0.027503809,0.022012638,0.009256334,0.03585305,0.017653752,0.091821626,0.12523642,0.009652488,0.19501057,0.22541474,0.026763858,0.050166212,-0.28648984,-0.08706559,-0.2641418,0.03321555,-0.07560616,-0.0010188445,0.00031249944,0.0892724,-0.10371042,-0.005099569,-0.00650389,0.0051377034,-0.017104277,0.008856391,-0.0029213298,0.02523902,0.0037440858,0.023987275
6/11/2014,0.21,0.024006648,0.021719519,0.011077809,0.035464782,0.020275258,0.1430971,0.12057902,0.15426177,0.28563714,0.30974334,0.08672756,0.078318186,-0.24678935,-0.08463154,-0.37563846,0.025789745,-0.08057237,-0.001671626,0.00046135328,0.083960116,-0.09266206,-0.0017766386,-0.006504,0.004951192,-0.0171207,0.008856382,-0.0029379085,0.025284486,0.0037440858,0.022067955
7/11/2014,-0.03,-0.003260205,-0.0016202474,-0.0011423473,-0.0030825562,-0.0017428478,0.015680037,-0.036065318,0.08123795,-0.02093607,0.0037820437,-0.0025535612,0.028488433,-0.2077614,-0.070292845,-0.22520654,0.03367287,-0.08355794,-0.0017820647,-0.00026603302,0.06268234,-0.09484733,-0.0017613071,-0.006503954,0.004704992,-0.017120965,0.008856391,-0.0029230004,0.025183307,0.003744086,0.003959428
10/11/2014,0.5700000000000003,-0.0030570538,-0.0001600225,0.00091193785,-0.0036700007,-0.0007703471,0.0068789795,0.085924424,0.018294454,0.041603174,-0.0042315954,-0.015872456,0.027104745,-0.463974,-0.098334715,-0.36070493,0.03251635,-0.07431091,-0.0012854094,8.7788176e-05,0.036046978,-0.10972477,-0.0014590133,-0.006503221,0.0044866507,-0.017179878,0.008856391,-0.0029212614,0.025214156,0.0037440858,0.0006534924
11/11/2014,0.13,-0.002625034,-0.0026951574,-0.0021730203,-0.0034933365,-0.0014293678,-0.048735145,0.11509527,0.013614989,-0.0012638419,0.0532428,-0.11805133,-0.10506051,-0.27250633,-0.1262571,-0.53791344,0.03284106,-0.105177246,-0.0028637885,-0.0015788674,0.017199699,-0.103209615,-0.0008474736,-0.0065034335,0.0042820442,-0.019440185,0.008856391,-0.002924731,0.024938494,0.0037440867,-0.011643411
12/11/2014,-0.35,-0.0076617785,-0.008956474,-0.0043724487,-0.003338652,-0.002638512,-0.050579246,-0.18771857,-0.034215037,-0.16094336,-0.09337899,0.09492032,-0.056225166,0.019755041,-0.12003902,-0.3188937,0.035982307,-0.108627856,-0.0032621894,-0.001993671,0.057597324,-0.08512738,-0.0009956524,-0.006503925,0.004085591,-0.02170102,0.008856391,-0.0029234965,0.024862343,0.0037440867,-0.0056641866
13/11/2014,-0.11,-0.006626149,-0.0079997685,-0.004092445,-0.0038300722,-0.0027122928,-0.050628617,-0.08138556,-0.050408747,-0.107560635,-0.07475945,0.0784298,0.000674247,-0.1801837,-0.09246495,-0.27800614,0.02876083,-0.09271154,-0.002716752,-0.0011408739,0.04401828,-0.07585073,-8.276187e-05,-0.006504131,0.0038802375,-0.02396102,0.008856391,-0.0029243238,0.024938896,0.0037440865,0.0013836239
14/11/2014,-0.13,-0.005405478,-0.008852129,-0.0038254643,-0.0038300722,-0.002648595,-0.037401497,-0.060288183,-0.0120111145,-0.10057977,-0.08037811,0.12490497,0.011055455,0.06224356,-0.06691897,-0.17142668,0.03264029,-0.10214254,-0.0033892721,-0.0017078617,0.04478938,-0.08284543,-0.0004948825,-0.006504267,0.0037251862,-0.026220636,0.008856391,-0.0029300426,0.024889652,0.0037440867,-0.005110416
17/11/2014,-0.06,-0.005655626,-0.008188325,-0.0038556317,-0.0038300722,-0.0027595488,-0.040666007,-0.031465784,-0.016438939,-0.012770914,-0.06299152,0.11275153,0.012164549,-0.013146893,-0.07161282,-0.11529422,0.035004966,-0.09410938,-0.0027266014,-0.0016394964,0.03975871,-0.08711518,-9.189125e-05,-0.0065039266,0.003581531,-0.028481683,0.0088564,-0.0029130192,0.024867626,0.0037440865,-0.004291453
18/11/2014,0.1599999999999983,-0.0045979074,-0.0074894438,-0.0035480892,-0.0039847577,-0.0028481607,-0.04454997,0.01892325,-0.05493758,0.00064721325,-0.057110563,-0.08035123,-0.009404993,0.01208091,-0.06997495,-0.2862302,0.029466147,-0.10284195,-0.003138077,-0.0015749672,0.023187319,-0.10067676,-0.00045696343,-0.00650326,0.003451149,-0.030743537,0.008856391,-0.0029320922,0.024910053,0.0037440867,-0.0033418015
19/11/2014,0.2300000000000022,-0.0035005198,-0.006371439,-0.002607867,-0.0034933365,-0.0023889865,-0.016314175,0.049588393,-0.022851389,0.095497996,-0.08022547,-0.17105575,0.029072674,-0.13686751,-0.039584354,-0.4877048,0.032470364,-0.10216555,-0.0032498175,-0.0019298963,0.058158014,-0.095173225,-0.00023880992,-0.006502854,0.0033624459,-0.033007257,0.008856391,-0.0029269275,0.024824718,0.0037440867,-0.0055904174
20/11/2014,-0.01,-0.002373075,-0.0059157517,-0.0019162712,-0.0031568,-0.0016910131,0.0074146995,-0.01967529,0.0063829273,-0.0074650785,0.02056693,-0.13598579,0.08818114,-0.2778123,0.048414886,-0.49821234,0.03549238,-0.116763934,-0.0036393206,-0.0022602961,0.06382712,-0.09371311,0.0016033011,-0.006502547,0.0033030477,-0.033013407,0.008856391,-0.0029292055,0.02479531,0.0037440872,-0.0047505954
21/11/2014,-0.09,-0.00276609,-0.0050809486,-0.0028235137,-0.0031568,-0.0018642745,0.0012380772,0.021545416,0.025070162,0.066159375,-0.021274388,-0.27370304,0.06915442,-0.20284393,-0.0047533684,-0.40814936,0.024584187,-0.116352685,-0.004187225,-0.0020243316,0.046259563,-0.09479541,0.002693396,-0.006502078,0.0032524813,-0.033027846,0.008856376,-0.002952675,0.02481634,0.0037440872,-0.0024443495
24/11/2014,0.0,-0.002839833,-0.0054990835,-0.0030096103,-0.0036482213,-0.0018634407,-0.0092565175,-0.03986569,0.0038345365,0.0047732126,-0.029168375,0.07194239,0.08856151,-0.48604167,0.008119122,-0.50113994,0.03424186,-0.10246688,-0.002970028,-0.0018195037,0.032519948,-0.08335791,0.0035065277,-0.0065019364,0.0032211307,-0.035331234,0.008856391,-0.002923639,0.02483048,0.0037440867,-0.0019905402
25/11/2014,0.12,-0.0029351457,-0.0065371245,-0.003016791,-0.0036482213,-0.0021036835,-0.03492903,-0.019164903,-0.036433358,0.04804492,-0.03757984,0.099298105,0.039896972,-0.22456963,-0.04379122,-0.30396345,0.033296775,-0.10058979,-0.0030427459,-0.0019448269,0.032532,-0.089476496,0.0023324855,-0.006501896,0.0031786656,-0.035637256,0.008856391,-0.0029226276,0.024844669,0.0037440867,-0.005141114
26/11/2014,-0.53,-0.005614284,-0.011682982,-0.0043530855,-0.0032404242,-0.0021466915,-0.018708576,-0.14090969,-0.05338032,-0.17583144,-0.07851277,-0.10339735,-0.06811845,-0.053589795,-0.103321224,-0.05549288,0.026969776,-0.12717327,-0.004347304,-0.0022892593,0.058132958,-0.09792529,-0.005295062,-0.006503295,0.003169169,-0.039164886,0.008856374,-0.0029587925,0.024912087,0.0037440872,6.199447e-05
28/11/2014,0.0,-0.0045518037,-0.0060488153,-0.003755007,-0.0036482213,-0.0035700614,-0.054321893,0.034885596,-0.02502031,-0.06969168,-0.044817775,-0.072698556,0.085745595,0.17680098,0.034508105,-0.33751813,0.031408757,-0.10194916,-0.002942448,-0.00187449,0.015904343,-0.10617371,-0.0062150243,-0.006504426,0.0031546964,-0.041945368,0.008856391,-0.002921468,0.024860416,0.0037440867,-0.0071189506
1/12/2014,-0.35,-0.007837811,-0.010019578,-0.0052803787,-0.0037577809,-0.0044826115,-0.0545996,-0.07415034,-0.0916732,-0.22079977,-0.15286294,-0.020621259,0.047798265,0.15726696,-0.025829539,-0.28062242,0.032874156,-0.095094845,-0.0030504146,-0.0016138142,0.032771453,-0.10898655,0.00018099997,-0.006503579,0.0032075834,-0.041944068,0.008856391,-0.0029231333,0.024892293,0.0037440867,-0.009997608
2/12/2014,-0.15,-0.007052533,-0.008006366,-0.004550419,-0.004249202,-0.0033772315,-0.06604024,-0.0812876,0.18017267,-0.02548758,-0.086544044,-0.1492296,0.06377198,-0.09543424,-0.051423363,-0.32906067,0.035007205,-0.077380784,-0.001733319,-0.0008076837,0.04519265,-0.113609135,0.0012633711,-0.0065039317,0.003192616,-0.041944265,0.0088564,-0.002906334,0.024992233,0.0037440863,-0.002265868
3/12/2014,0.12,-0.0062226644,-0.004722814,-0.003397282,-0.004249202,-0.0030578484,-0.04292018,-0.042845305,0.060419973,-0.024961313,-0.0711221,-0.056375653,0.07205975,-0.061615195,-0.051818952,-0.36689645,0.031967703,-0.07238703,-0.0014950486,-0.00015648695,0.045194488,-0.111056626,0.0023599465,-0.0065039773,0.003189477,-0.041942857,0.008856391,-0.0029214928,0.025149582,0.003744086,-0.0023549695
4/12/2014,-0.07,-0.004894533,-0.005071641,-0.0026321134,-0.0037577809,-0.0028958595,-0.031753454,-0.053406768,-0.047028422,-0.16123249,-0.063204564,0.031046918,0.015251204,0.23973408,-0.11197085,0.0645743,0.029441632,-0.07496841,-0.0016705084,5.6872588e-05,0.038581192,-0.109435625,0.0011550187,-0.006503529,0.0031853653,-0.039682496,0.00885639,-0.0029248714,0.025210228,0.0037440858,-0.0061448463
5/12/2014,0.1600000000000001,-0.004839688,-0.0059752963,-0.0027290378,-0.004249202,-0.0029730147,-0.056047693,-0.022741608,-0.07961753,-0.15035406,-0.06691095,0.025498828,0.026621616,-0.021547202,-0.124886714,-0.10787529,0.030076895,-0.06650303,-0.00078960817,0.00053723,0.02227351,-0.12552896,-0.0019351768,-0.0065029967,0.0031852282,-0.03742201,0.008856391,-0.0029218013,0.025306782,0.0037440856,-0.004006971
8/12/2014,0.1199999999999992,-0.004285414,-0.004551679,-0.003001491,-0.0034933365,-0.0026355758,-0.039615285,0.013709287,-0.046326295,-0.01447149,-0.034527875,0.049070623,-0.023854228,0.037127197,-0.14817281,-0.057221867,0.030753162,-0.07322649,-0.0014777628,8.5015075e-05,0.024272334,-0.12056311,-0.004459518,-0.006502882,0.0031831313,-0.03516119,0.008856391,-0.0029236905,0.02523594,0.0037440858,-0.0056646946
9/12/2014,0.05,-0.0054923175,-0.0071201315,-0.0036142245,-0.0034933365,-0.0036380852,-0.033928853,-0.06063114,-0.052502066,-0.11841679,-0.105996735,0.079950646,-0.03794299,0.04176615,-0.15440165,-0.056071367,0.030981066,-0.07663693,-0.0018735074,-0.00021866744,0.024531912,-0.12198601,-0.0051106955,-0.0065025124,0.003199309,-0.032899857,0.008856391,-0.0029241587,0.025168173,0.0037440858,-0.006302841
10/12/2014,-0.32,-0.00576598,-0.008297822,-0.004882942,-0.0039847577,-0.003837871,-0.061446644,-0.06063114,-0.13282718,-0.12930468,-0.10417781,0.06843762,0.04447746,-0.36748293,-0.06786995,-0.12828565,0.033884376,-0.068696715,-0.0009764764,-1.73261e-05,0.033758126,-0.1312175,-0.0037115992,-0.0064993296,0.0031992132,-0.030639576,0.0088564,-0.0029059912,0.025178824,0.0037440858,0.0028289245
11/12/2014,-0.17,-0.005825095,-0.0072820177,-0.0044335714,-0.0039847577,-0.0031098432,-0.055207238,-0.06618013,-0.0825981,-0.06941237,-0.047128763,-0.12678955,0.05702433,-0.38352162,-0.058228392,-0.24020894,0.029834814,-0.06806809,-0.0008648773,0.00043456093,0.026954634,-0.1396122,-0.0021114722,-0.0064980127,0.0031797728,-0.032898944,0.008856391,-0.0029218711,0.02527418,0.0037440856,0.002087799
12/12/2014,-0.02,-0.004579527,-0.005969911,-0.003383025,-0.0037764052,-0.0026327947,-0.041946672,-0.022741608,-0.061740622,-0.027019484,-0.05691555,-0.0500526,0.07407468,-0.3402883,-0.032043386,-0.32287356,0.029493501,-0.06449462,-0.00093005056,0.00043272862,0.010331948,-0.1411584,0.00047037553,-0.0065009873,0.003191668,-0.03516426,0.008856391,-0.0029211543,0.025263717,0.0037440856,-0.0047702556
15/12/2014,-0.25,-0.005543904,-0.006465604,-0.0032761176,-0.0037764052,-0.0028506122,-0.053637158,-0.07530429,-0.06614879,-0.028282866,-0.08894945,-0.028525516,0.06495501,-0.2907678,-0.035689976,-0.33583242,0.029758058,-0.06655283,-0.00090816896,0.0003422492,0.0138236005,-0.14125158,0.0031148174,-0.0065016397,0.0031910622,-0.0351654,0.008856391,-0.0029211456,0.025236769,0.0037440856,-0.006150525
16/12/2014,0.01,0.024263283,0.020230532,0.008963635,0.032004863,-0.005354968,0.05641778,0.007107266,0.112736754,0.28571364,0.02981619,-0.08517422,0.08910024,-0.26130423,-0.030442188,-0.4489525,0.028887372,-0.06292095,-0.00049354526,0.0007571794,0.03093737,-0.1345044,0.0050704195,-0.0065019336,0.0031883058,-0.035161946,0.008856391,-0.0029211692,0.0253169,0.0037440856,-0.0003817104
17/12/2014,0.2699999999999996,0.0004175019,0.004970542,0.00072914525,-0.0028255691,-0.0018826049,0.013607027,0.11657997,0.018317847,0.15226552,0.053483862,0.08479549,0.090693,-0.21151763,-0.00023837703,-0.19132878,0.032132246,-0.061707634,-0.00035366218,0.0006495149,0.043220356,-0.119919464,0.0068336152,-0.0065017412,0.0031865216,-0.032908924,0.0088564,-0.002907714,0.025329657,0.0037440856,-0.0044459654
18/12/2014,-0.01,-0.003988515,-0.0050314143,-0.0020721992,-0.002971905,-0.0022986182,-0.019159658,-0.022741608,-0.036033258,-0.08908702,-0.033142257,-0.07892054,0.019878304,-0.22357231,-0.056665957,-0.2836299,0.02940495,-0.07283549,-0.0014301562,5.7841244e-05,0.04312923,-0.11178057,0.0054846704,-0.0065014516,0.0031940597,-0.030651646,0.008856391,-0.0029229147,0.02522543,0.0037440858,-0.0062826825
19/12/2014,-0.12,-0.0036176888,-0.0048506428,-0.0023098325,-0.002813552,-0.002151123,-0.026689852,-0.022741608,-0.047449127,-0.015828354,-0.067420974,-0.09921978,0.038587186,-0.36211884,-0.055071462,-0.35273376,0.029142298,-0.06758422,-0.0011299432,0.0002198234,0.017421499,-0.11005127,0.0043659317,-0.0065006902,0.003207039,-0.028398767,0.008856391,-0.0029212967,0.02523792,0.0037440856,-0.0077025513
22/12/2014,-0.03,-0.0033642028,-0.0036353546,-0.002777088,-0.0034381498,-0.0019016116,-0.036359675,-0.02993985,-0.047449127,-0.060945157,-0.061843913,0.040285077,0.06807902,-0.46512347,0.012064976,-0.33916187,0.029153386,-0.067830645,-0.0011510726,0.00018129357,-0.0033675523,-0.10970351,0.00789577,-0.006499753,0.003215698,-0.026211707,0.008856391,-0.0029211873,0.025205823,0.0037440858,-0.0065330034
23/12/2014,-0.07,-0.0041065486,-0.0034793958,-0.001940246,0.00093934074,-0.001509611,-0.005078681,-0.04432058,-0.029589625,0.052412674,-0.017622055,0.09185561,0.10914519,-0.30794203,0.02845111,-0.18504605,0.0287639,-0.07009215,-0.0010748594,0.00041879667,0.020110419,-0.119839005,0.009269925,-0.006499286,0.0032302043,-0.023947513,0.008856391,-0.0029229287,0.025308063,0.0037440856,-0.007500254
24/12/2014,-0.06,-0.012370195,-0.005802288,-0.0035863384,0.00044791948,-0.0013250671,-0.012893464,-0.04432058,-0.05297703,-0.11615484,0.00052737823,0.071057245,0.112228565,-0.38907063,0.019557359,-0.19483908,0.02797684,-0.06435923,-0.00038219255,0.00091049937,0.02051765,-0.11767224,0.008086741,-0.006498411,0.003220664,-0.023948506,0.008856391,-0.002921333,0.025390457,0.003744085,-0.0019673095
26/12/2014,-0.1,-0.012675752,-0.013354281,-0.0047495184,0.00044791948,-0.0014368625,-0.02034664,-0.04432058,-0.05297703,0.057514474,-0.017080257,-0.13432671,0.11627324,-0.48307514,-0.005690441,-0.324175,0.020620156,-0.06419674,-0.0007270987,0.0011923999,0.0117261885,-0.10963416,0.009013274,-0.006498469,0.0032143288,-0.026208295,0.008856381,-0.0029383628,0.025413617,0.003744085,0.0026432509
29/12/2014,0.01,-0.0027535858,-0.005545601,-0.002667078,0.00026606783,-0.001750701,-0.025029832,-0.054180376,0.0075572995,-0.087523125,-0.017661916,-0.12679078,0.0808239,-0.39399567,-0.031124517,-0.42753658,0.026438477,-0.05752044,-0.00039311138,0.0010626513,0.026678644,-0.10411405,0.008634524,-0.006499842,0.003194436,-0.028469248,0.008856391,-0.0029213277,0.025412159,0.003744085,-0.0026625716
30/12/2014,-0.09,-0.0023131291,-0.0040964526,-0.0021370621,0.0007574888,-0.0016529079,0.01991228,-0.025987105,0.005668119,-0.088985935,0.025968455,-0.019300062,0.09793007,-0.34168723,-0.0038629754,-0.38411063,0.026489554,-0.058178976,-0.0003988719,0.0012445702,0.04816943,-0.09908446,0.007900355,-0.006500045,0.0031819243,-0.02847269,0.008856391,-0.0029229468,0.025463857,0.003744085,-0.002092022
31/12/2014,-0.35,-0.0026037383,-0.005230319,-0.0025630319,-0.0036561072,-0.0021347604,0.014495539,0.041392464,0.018886609,-0.16233766,-0.017369846,-0.114690915,0.07951167,-0.50032884,-0.03092619,-0.637641,0.025833502,-0.05137032,1.885388e-05,0.0015139168,0.026416704,-0.09230866,0.009438548,-0.0064997845,0.0031866266,-0.030737082,0.008856391,-0.0029224528,0.025463859,0.0037440849,0.0036854334
2/1/2015,0.09,0.10068351,0.109184444,0.04311222,0.082401395,0.012537122,0.7884002,0.42647305,0.9863234,0.48253843,0.44055548,-0.08316406,0.060549755,-0.2521871,-0.048076347,-0.4345626,0.025727717,-0.050475664,9.216642e-05,0.0015119237,0.022645231,-0.09389542,0.009560162,-0.0065011117,0.0031751564,-0.03073303,0.008856391,-0.0029212087,0.025459476,0.0037440849,0.001650731
5/1/2015,0.6099999999999994,-0.0008714185,0.002048118,0.0021613445,-0.0009301387,-0.00032697074,0.06081028,0.067819126,0.05899561,0.16574733,0.115326084,0.027911931,0.058386732,-0.035860173,-0.034171283,-0.28356647,0.026619114,-0.05654919,-0.00014405191,0.0014008797,0.029057177,-0.09663962,0.008069545,-0.006500344,0.0031693901,-0.028477523,0.008856391,-0.002922949,0.02549989,0.0037440849,-0.0058604134
6/1/2015,-0.09,-0.00075960916,-0.0009495574,-0.002326546,-0.0018124644,-0.0014130155,-0.029091123,0.03266842,-0.049008794,0.035299998,-0.021951117,-0.09253379,-0.03372509,-0.012927617,-0.013813409,-0.41640633,0.02776597,-0.08075094,-0.002459144,-0.000718923,0.043468546,-0.09715227,0.008237041,-0.006499931,0.0031819327,-0.028486388,0.008856391,-0.0029277236,0.025059974,0.003744086,-0.0056278203
7/1/2015,0.1000000000000014,-0.0021754324,-0.004580013,-0.003008028,-0.0022155247,-0.0015629882,-0.03748429,-0.034497947,-0.06917247,-0.034794834,-0.03715372,0.044597864,0.03508694,-0.31395662,0.02233103,-0.4038196,0.028736511,-0.070281275,-0.001946012,-0.00049663126,0.021549037,-0.10502176,0.011469796,-0.0065006237,0.0032093392,-0.028507074,0.008856391,-0.0029212828,0.025064835,0.003744086,-0.009156864
8/1/2015,0.03,-0.0022557345,-0.0031018618,-0.0026741829,-0.0018130665,-0.0015706801,-0.029782396,-0.02381083,-0.018480523,-0.04232035,-0.030191017,-0.08980221,0.016608862,-0.3661286,0.05984616,-0.4499907,0.030275775,-0.07786713,-0.0022582172,-0.00089073955,0.016334144,-0.1042474,0.013295458,-0.0065013715,0.0032363213,-0.030846966,0.008856391,-0.0029211317,0.024961496,0.0037440863,-0.007964358
9/1/2015,-0.15,-0.0022358596,-0.0043325624,-0.00249535,-0.0020651903,-0.0014707258,-0.02081534,-0.04683494,-0.021264931,-0.087336704,-0.03741055,0.0740405,0.07074489,-0.27623683,0.08969013,-0.29896447,0.030261546,-0.08018576,-0.002349541,-0.00081058964,0.032595705,-0.106328316,0.012696828,-0.0065012514,0.003289833,-0.03379517,0.008856391,-0.0029228707,0.0250551,0.0037440863,-0.009328844
12/1/2015,0.1099999999999994,-0.0013974368,-0.0024134025,-0.0017010546,-0.0017529052,-0.0013509151,-0.019744894,-0.05752205,-0.042895544,-0.065923795,-0.004902772,-0.0945823,0.05208714,-0.4726126,0.037366077,-0.73726517,0.029602334,-0.0704259,-0.001487115,-4.6786554e-05,0.051266912,-0.10431651,0.015441393,-0.006499347,0.0033482192,-0.03737446,0.008856391,-0.0029232758,0.025144884,0.0037440858,0.003637277
13/1/2015,0.06,-0.001995589,-0.0032016311,-0.0020031668,-0.0012614847,-0.0011215886,-0.019673077,-0.01967529,-0.047033075,-0.13109264,-0.03527779,-0.16678004,0.024027294,-0.17864579,0.041814644,-0.55226386,0.03254928,-0.07553054,-0.0013998974,-0.00048846623,0.06943103,-0.070669904,0.017158203,-0.006498911,0.0034233914,-0.03743816,0.0088564,-0.0029081062,0.02507002,0.003744086,0.0067562363
14/1/2015,0.4199999999999999,-0.0016596635,-0.002971454,-0.0018758369,-0.0014178884,-0.0011860589,0.009475281,-0.057918627,0.011650724,-0.027487516,-0.012555951,-0.19378333,0.053891633,-0.100442156,0.018118342,-0.6327317,0.026917666,-0.0868179,-0.0025326365,-0.0007304419,0.07328365,-0.02763823,0.014613456,-0.0064989696,0.0035024919,-0.039702248,0.008856391,-0.002926741,0.025010599,0.0037440863,0.00077177567
15/1/2015,-0.02,-0.0024109327,-0.0014484497,-0.0020173513,-0.0014178884,-0.0013326098,0.0049077477,0.022478305,0.031179057,-0.002003451,0.010787254,-0.30211812,-0.002701968,-0.1299185,0.058055352,-0.7842994,0.033079654,-0.11119077,-0.0032365692,-0.0019347353,0.0753636,-0.04925009,0.0130711915,-0.0065005003,0.0036079255,-0.041967172,0.008856391,-0.0029263317,0.024873933,0.0037440867,-0.0043696924
16/1/2015,0.5,-0.00037177693,-0.0042184154,-0.000897556,-0.0026164975,-0.00094213214,-0.02621681,0.1320208,-0.006127168,0.22169073,0.09743466,-0.08711839,0.036655612,-0.18736814,0.073153496,-0.61109704,0.031382438,-0.11878787,-0.003490516,-0.0024219654,0.04451238,-0.051354274,0.010830594,-0.006502336,0.0037082855,-0.041967604,0.008856391,-0.00292355,0.024808412,0.0037440872,-0.008346715
20/1/2015,0.09,-0.002181774,-0.0043060966,-0.0017821866,-0.002620149,-0.001004689,-0.027035542,0.080395386,0.01770733,-0.008632636,0.029631626,-0.028965732,-0.027861562,-0.15167408,0.05909185,-0.599462,0.031546112,-0.13855782,-0.003953293,-0.0030457568,0.057333488,-0.06591609,0.009481868,-0.0065032444,0.003816031,-0.041967217,0.0088564,-0.002914544,0.024787545,0.0037440876,-0.008844164
21/1/2015,-0.01,-0.00049570255,-0.003183894,-0.0025028824,-0.0028189428,-0.0012469852,-0.025065964,-0.17388947,-0.088011526,-0.051308937,-0.052710157,0.084231935,-0.002107234,-0.12719935,0.063294895,-0.72879624,0.030416008,-0.14283167,-0.003998127,-0.0029947374,0.04773806,-0.06908563,0.00909032,-0.0065045077,0.0039228783,-0.044233065,0.008856391,-0.002926155,0.024822187,0.0037440876,-0.0039600017
22/1/2015,-0.74,-0.0024905046,-0.010765473,-0.0072834697,-0.003027295,-0.003233497,-0.11036565,-0.35871243,-0.25789773,-0.31100583,-0.23355965,0.06746975,-0.02112478,-0.05436674,0.033711188,-0.6466448,0.030468723,-0.1422482,-0.003961348,-0.0031661873,0.026339272,-0.08090781,0.007186712,-0.0065042647,0.0040369662,-0.04423466,0.008856391,-0.0029235706,0.024757804,0.0037440876,-0.0120801
23/1/2015,0.1799999999999997,-0.0034385126,-0.0059800297,-0.0015321962,-0.0034523923,-0.0019831695,-0.0053378013,-0.014990038,0.052278496,0.24568076,0.0070952717,-0.20379807,0.020739092,-0.013388477,0.02973239,-0.6697051,0.03265464,-0.12232608,-0.0034266682,-0.0025624142,0.0584268,-0.09216314,0.006797552,-0.0065042772,0.0041045253,-0.0442354,0.008856391,-0.0029256868,0.024693813,0.0037440874,-0.0028748317
26/1/2015,-0.19,-0.0033062233,-0.005326258,-0.0027234019,-0.003027295,-0.0019093889,-0.017774792,-0.04154645,0.0021294886,-0.04581408,-0.019156268,0.043185104,0.059275076,0.21296535,0.06347857,-0.52398044,0.029508771,-0.122910194,-0.004466781,-0.0027589959,0.008684597,-0.096791945,0.006417984,-0.006504864,0.004192402,-0.046500735,0.008856382,-0.0029377348,0.024642874,0.0037440874,-0.01193912
27/1/2015,0.0,-0.0053034113,-0.0073023755,-0.0041509024,-0.0037005674,-0.0024829665,-0.025724957,0.026443116,-0.026370151,0.018201813,-0.022442902,-0.054899376,0.024254639,0.27711093,0.0058850967,-0.5119039,0.033914346,-0.10828308,-0.0037031104,-0.002528284,0.037030492,-0.10607684,0.005414164,-0.006504469,0.004245066,-0.044240274,0.008856391,-0.002922829,0.024651907,0.0037440872,-0.011373623
28/1/2015,-0.31,-0.005214916,-0.0073979874,-0.0045886664,-0.0032091471,-0.0019326065,-0.057063952,-0.08378548,-0.007865297,0.015283557,-0.011697417,-0.12604961,0.066220306,0.33466652,0.011735869,-0.34995714,0.034525108,-0.090645075,-0.0027444917,-0.002001084,0.052574605,-0.10278682,0.00559202,-0.0065040593,0.004325338,-0.041978974,0.0088564,-0.002907591,0.024704456,0.0037440867,-0.007865935
29/1/2015,-0.06,-0.005042675,-0.008174966,-0.0051763635,-0.0037764052,-0.0025182215,-0.057477448,-0.098634385,-0.09411421,-0.08710415,-0.0847869,-0.20319813,0.060610503,0.0046548294,-0.029339127,-0.6503327,0.028507138,-0.07299846,-0.00209412,-0.00080838875,0.046008468,-0.093099035,0.0062524728,-0.006503943,0.0043763747,-0.039718743,0.008856391,-0.0029210707,0.02487956,0.0037440863,-0.0016730394
30/1/2015,-0.57,-0.0060251895,-0.009103256,-0.00636133,-0.00361973,-0.0039643813,-0.06887633,-0.19354717,-0.11410693,-0.23898304,-0.13638192,-0.050667837,0.050606403,0.10638168,-0.022693712,-0.46235007,0.028109077,-0.06538062,-0.0017487424,-0.00034339057,0.018430999,-0.09779796,0.0062633636,-0.0065038595,0.0044008875,-0.037458323,0.008856391,-0.0029211906,0.025001451,0.003744086,-0.0032863051
2/2/2015,0.25,-0.008595307,-0.009792582,-0.004986364,-0.004218858,-0.0032475172,-0.060031477,0.009322156,-0.079480834,-0.07026227,-0.05806499,-0.09954379,0.011460679,0.27659965,-0.09931599,-0.25114962,0.02949644,-0.06935485,-0.0009888086,0.0002679305,0.060769342,-0.108472906,0.0047273138,-0.006503009,0.004363735,-0.035198163,0.008856391,-0.002921179,0.025160694,0.0037440858,0.0131635275
3/2/2015,-0.02,-0.0060240114,-0.0054314923,-0.0029615078,-0.0030793143,-0.002592049,0.01670303,-0.05893642,-0.062189788,-0.10811566,-0.04026015,0.08555093,-0.0015351651,0.61640424,-0.070493564,0.1730315,0.030336525,-0.07683484,-0.001564644,8.309062e-05,0.06599617,-0.12717824,0.0014456973,-0.0065027936,0.0043277,-0.03293721,0.008856391,-0.0029262525,0.025169164,0.0037440858,0.010875493
4/2/2015,-0.04,-0.0016710612,-0.0023736774,-0.002078135,-0.0029343702,0.00065086683,0.0030570838,-0.04765094,-0.075313985,-0.08344593,0.065484814,-0.06724637,0.013113375,0.5500928,-0.06600139,0.37317836,0.023958474,-0.0732946,-0.0017377315,0.00069548754,0.08992306,-0.1463444,-0.0020109848,-0.006502216,0.0042719995,-0.030676255,0.008856377,-0.002952885,0.025323505,0.0037440856,0.013423476
5/2/2015,0.1,-0.0025959152,-0.0034006904,-0.002125188,-0.0029755468,0.0006635903,-0.03953703,-0.08967337,-0.05334924,-0.092152104,-0.055383235,-0.26803282,-0.026308574,0.45817873,-0.081976,0.39773256,0.016281066,-0.081037074,-0.002226241,0.00096962595,0.09674596,-0.1989497,-0.005595783,-0.006501661,0.004201891,-0.028415432,0.008856362,-0.0029782825,0.025398541,0.003744085,0.015803885
6/2/2015,0.3100000000000005,-0.003762843,-0.0033137356,-0.0012452696,-0.0024858743,-0.0018947008,-0.023678977,0.016032605,-0.02296705,0.089313366,-0.029956149,-0.040112503,0.008882392,0.1470089,-0.043096848,-0.07762776,0.02659905,-0.06480456,-0.0011288256,0.0005949808,0.064716086,-0.18957095,-0.003128549,-0.0065022293,0.0041829245,-0.026155332,0.008856391,-0.002924657,0.025305644,0.0037440856,0.005518126
9/2/2015,-0.11,-0.0039164675,-0.0044069807,-0.002094566,-0.0024858743,-0.0018323928,-0.019408673,0.004747123,-0.017384753,0.008992655,-0.011113906,0.1784792,-0.017109163,0.078896426,-0.059035823,0.025947208,0.027170409,-0.06700759,-0.0014371522,0.0003376888,0.058390833,-0.1692211,0.003510368,-0.0065028756,0.0041712215,-0.023894671,0.008856391,-0.0029237815,0.02527097,0.0037440856,0.00085681176
10/2/2015,0.0,-0.002797556,-0.0044882335,-0.0029385258,0.0017193817,-0.0014776469,-0.041404545,0.095315576,-0.021418938,0.0844138,0.0051287063,0.07945374,0.052941505,-0.43541193,0.009275265,-0.44170573,0.025032604,-0.056947313,-0.0010634542,0.000714252,0.058250234,-0.15337981,0.008251609,-0.006502094,0.0041436586,-0.02388378,0.008856391,-0.0029256279,0.02529582,0.0037440856,0.0047362545
11/2/2015,0.3299999999999983,-0.0020374313,-0.002590945,-0.0015389503,-0.0019958192,-0.0017082393,-0.039910536,0.05199775,-0.0052252444,0.08447064,-0.00018336422,0.1691024,0.09078306,-0.2088242,0.04524718,-0.17356299,0.027077902,-0.06248473,-0.0016143735,0.00020291048,0.051829245,-0.13442948,0.011796851,-0.006501192,0.0041232053,-0.02162249,0.008856391,-0.0029228698,0.02523426,0.0037440858,-0.0049165026
12/2/2015,-0.16,-0.0021284567,-0.003639282,-0.0025967,-0.002042373,-0.001518613,-0.034852825,0.010875599,0.004156323,-0.026391698,-0.06647006,0.04566145,0.011987079,-0.029114407,0.011268461,-0.30302447,0.027759565,-0.07723658,-0.0024422,-0.00088057294,0.03554568,-0.12199974,0.013859421,-0.00650167,0.0041169124,-0.019360578,0.008856391,-0.0029228525,0.025019836,0.0037440863,-0.010485104
13/2/2015,0.2599999999999998,-0.001988252,-0.0043984894,-0.0034646336,-0.0028457562,-0.0016118069,-0.049184285,0.002562786,-0.031443745,0.016192164,-0.038111098,-0.028934598,0.075623505,-0.27853504,0.009389927,-0.41666007,0.027535288,-0.06561088,-0.0017899318,-0.000346678,0.016761944,-0.11548875,0.017369885,-0.0065017063,0.0041050217,-0.019355485,0.008856391,-0.002921109,0.025070377,0.003744086,-0.0077510914
17/2/2015,-0.05,-0.0029827028,-0.004032206,-0.0022393428,-0.0025959436,-0.0015928163,-0.01245403,-0.0428788,0.012661893,-0.1259663,-0.03898,-0.0022910638,0.06992204,-0.034562185,0.079649255,-0.5583576,0.029386457,-0.098506436,-0.002967134,-0.0017758391,0.029618861,-0.09515924,0.022758866,-0.006502255,0.0041175187,-0.021614138,0.008856391,-0.0029235512,0.024873614,0.0037440867,-0.010700733
18/2/2015,-0.41,-0.002653805,-0.006728038,-0.003010609,-0.0033939881,-0.0017340922,0.0011443162,-0.08284577,-0.04610669,-0.16628663,-0.071077615,-0.054633457,0.13495736,-0.23901054,0.10142522,-0.5315978,0.0305774,-0.08676236,-0.002433721,-0.0011647859,0.032927696,-0.07131918,0.025083007,-0.00650279,0.0041252226,-0.023874039,0.008856391,-0.0029221443,0.024936981,0.0037440865,-0.006630592
19/2/2015,-0.29,-0.0029383958,-0.003817657,-0.0030560652,-0.00324404,-0.0026419172,-0.0301776,-0.07128574,-0.015341674,-0.030493025,-0.001337801,-0.075237885,0.13999839,-0.20059209,0.08398364,-0.430095,0.029122895,-0.07932165,-0.002234122,-0.00092275237,0.02663911,-0.053685755,0.025769297,-0.006503023,0.00411009,-0.026134048,0.008856391,-0.0029212988,0.024941627,0.0037440863,-0.0017740668
20/2/2015,-0.08,-0.0004812891,-0.00401577,-0.0026188898,-0.0020859356,-0.0014906026,-0.023464615,0.005890813,-0.032476895,0.076409906,-0.054161344,-0.011190174,0.16581923,0.08721233,0.09307291,-0.4154335,0.028220603,-0.076100044,-0.0020491204,-0.00067529915,0.025685055,-0.06488371,0.027544733,-0.0065036183,0.0040680096,-0.026133602,0.008856391,-0.002922799,0.02498033,0.0037440863,-0.007134082
23/2/2015,-0.14,0.0021576805,0.004215216,0.0005508163,0.00036254447,-0.0013213697,-0.011528708,0.1455841,0.021210164,0.049893375,-0.032738887,0.28442228,0.19753121,0.49361616,0.095905386,-0.6238947,0.019395942,-0.08722532,-0.0034536181,-0.00038079743,0.027527258,-0.072246075,0.031636212,-0.0065031657,0.0040042945,-0.026133433,0.008856368,-0.0029841084,0.025109982,0.003744086,-0.012454921
24/2/2015,-0.38,-0.004652786,-0.009645186,-0.004367594,-0.0025808248,-0.0024906637,-0.07358307,-0.116100416,-0.17978692,-0.19227493,-0.1311852,0.02561822,0.107966095,0.14733128,0.0109989345,-0.010661635,0.024987243,-0.06365859,-0.0016476732,0.0003187293,0.036475245,-0.09294902,0.030970745,-0.0065027787,0.003916521,-0.026133707,0.00885639,-0.0029287685,0.025207652,0.0037440856,-0.009132153
25/2/2015,0.2900000000000009,-0.002620018,-0.0034347207,-0.0019371714,-0.00071873947,-0.0010288291,-0.015505081,0.026584955,0.044668086,-0.07854808,0.021000948,-0.08529915,0.12753348,0.123209044,-0.013591655,-0.23059042,0.027420115,-0.051267084,0.00010719882,0.0016560329,0.053167958,-0.09571996,0.02574592,-0.006502246,0.0038348446,-0.02613469,0.008856391,-0.0029212816,0.02548504,0.0037440849,0.005215341
26/2/2015,-0.15,-0.0016617323,-0.0011325323,-0.0040446073,0.003067311,-0.0014950262,0.0050315284,-0.060379606,-0.028784199,-0.07923453,-0.032325726,0.12647721,0.07453755,0.28807762,-0.0067842775,0.016770083,0.028231796,-0.058250144,-0.00043747565,0.0013384185,0.07183061,-0.08060211,0.022331705,-0.0065022977,0.0037478283,-0.026136063,0.008856391,-0.0029234784,0.025486015,0.0037440849,0.003268176
27/2/2015,-0.29,0.023667708,0.031601775,0.0060915668,0.023586858,-0.0050154296,0.057939082,-0.06672926,0.123915,0.034371436,0.056322463,-0.036223147,0.102227114,-0.07183646,-0.030720295,-0.026437037,0.025855657,-0.04650464,0.0011211843,0.0024620562,0.05870921,-0.08104184,0.019925972,-0.0065030036,0.0037043646,-0.026139075,0.008856391,-0.0029225997,0.025689768,0.0037440844,0.011329273
2/3/2015,-0.19,-0.004859034,-0.005339152,-0.0033740387,-0.0011279464,-0.0026196756,-0.05602585,-0.06789639,-0.0913042,-0.061678264,-0.094814,-0.04573061,-0.020846197,0.15529153,-0.12578644,-0.067216925,0.025812076,-0.046064686,0.0006296885,0.0020550617,0.026960464,-0.082892284,0.014016618,-0.006502424,0.0036110466,-0.026145363,0.008856391,-0.002922139,0.025588434,0.0037440846,0.009013533
3/3/2015,-0.11,-0.0059671286,-0.0066904286,-0.003510825,-0.0011279464,-0.0026196756,-0.059840266,-0.043675557,-0.0817852,-0.16253775,-0.0750721,-0.058516417,-0.02937204,0.15774432,-0.11678975,0.013117224,0.025922237,-0.044139016,0.001421768,0.0026737507,0.066660486,-0.0947978,0.007309749,-0.0065009613,0.0035344774,-0.023888385,0.008856391,-0.0029226907,0.025697624,0.0037440844,0.02553617
4/3/2015,0.1,-0.0051041073,-0.0076803127,-0.0033794034,-0.0011279464,-0.0010455783,-0.026590789,-0.10114285,-0.1174346,-0.01248789,0.044191662,-0.17636515,-0.014627712,-0.07916933,-0.06881601,-0.025172101,0.025639124,-0.04994867,0.0015298739,0.002924292,0.102276385,-0.109563865,0.006151587,-0.0065015643,0.0034274766,-0.02389429,0.008856391,-0.0029301893,0.025773926,0.0037440844,0.027780904
5/3/2015,0.0,-0.0031299635,-0.004992381,-0.0021115488,-0.0008635024,-0.0010872147,-0.027450796,-0.020208634,-0.03744535,0.00423244,-0.003014178,-0.0140940705,0.037838023,0.07480268,-0.008817488,0.13858393,0.030603554,-0.044527806,0.0013348063,0.0023545697,0.055498477,-0.11978987,0.008789677,-0.006498299,0.0033441877,-0.023898551,0.0088564,-0.0029077323,0.02567862,0.0037440846,0.009883492
6/3/2015,-0.17,-0.0025179773,-0.0030069489,-0.0023643172,-0.00073399773,-0.0011014368,-0.042444482,-0.017030183,-0.047384072,-0.085928924,-0.057322823,-0.09348701,0.04603825,-0.1411158,-0.020315044,-0.15225069,0.026826937,-0.043631267,0.0012214156,0.0025189756,0.019940097,-0.11887192,0.01285681,-0.006492966,0.0032991832,-0.021639656,0.008856391,-0.0029213245,0.025732426,0.0037440844,0.0031688607
9/3/2015,-0.25,-0.0016648666,-0.0014713008,-0.0019088596,-0.00073399773,-0.0009948539,-0.0061407806,-0.041251026,-0.01585026,-0.091545954,-0.042587314,-0.12154813,0.06742735,-0.1882601,-0.00873318,-0.12655397,0.026521841,-0.040980987,0.0018014236,0.0030361977,0.026778957,-0.11401914,0.01610247,-0.006492399,0.003307038,-0.019379312,0.008856391,-0.002921347,0.025863819,0.0037440842,0.007066541
10/3/2015,0.12,-0.0022317825,-0.0021540886,-0.0016038554,-0.00073399773,-0.0006173492,0.0030701354,0.026700916,0.0036164955,0.015025289,0.008655882,-0.11137747,0.077850565,-0.21821496,0.008361771,-0.072133094,0.02924097,-0.034068443,0.0027453841,0.0034520535,0.037354924,-0.10890386,0.01973844,-0.006490829,0.0033128741,-0.017122084,0.0088564,-0.0029059427,0.025906589,0.003744084,0.015081238
11/3/2015,0.07,-0.0023688718,-0.001418103,-0.0019229818,-0.00073399773,-0.0008385255,-0.012508003,0.006811452,-0.01742682,0.014346697,-0.03494908,-0.025756126,0.03867341,0.042799298,-0.0063399384,-0.089108594,0.027836166,-0.046916842,0.0013052195,0.0027763555,0.03328674,-0.10569603,0.020145027,-0.006490309,0.0033516698,-0.014858546,0.008856391,-0.0029229661,0.025824798,0.0037440842,0.0008056165
12/3/2015,-0.51,-0.0028969736,-0.0036798187,-0.002853248,-0.00073399773,-0.0009738675,-0.033423085,-0.017030183,-0.12183733,-0.13607875,-0.09356087,-0.2095147,0.028438766,0.029873112,-0.070418164,0.041257948,0.0153342355,-0.05676923,0.00018680334,0.0028897782,0.006834522,-0.10362634,0.01772527,-0.0064928783,0.0034053358,-0.0148592945,0.008856377,-0.0029489389,0.025824219,0.0037440844,0.000137584
13/3/2015,0.2,-0.003043761,-0.0031100574,-0.00023687081,-0.0014478513,-0.001385028,-0.05197045,0.0018980629,-0.04391051,-0.052849397,-0.029608378,-0.22074375,0.020386998,-0.06605618,-0.03046355,-0.23970231,0.027655879,-0.04232484,0.0024799893,0.0034693715,0.06565493,-0.10415669,0.019547073,-0.0064942483,0.0034046886,-0.017109176,0.008856391,-0.0029212742,0.025892496,0.003744084,0.02464561
16/3/2015,-0.08,-0.0022494462,-0.001224605,-0.0020928273,-0.0009726137,-0.0010115929,0.01929439,0.004488134,-0.032185566,-0.0013261032,-0.019726675,0.009039479,0.03354855,0.1334413,-0.0028800243,-0.034086537,0.028188895,-0.04913755,0.001428749,0.0028451385,0.043653175,-0.102087446,0.024252757,-0.0064923195,0.003413929,-0.01710988,0.008856391,-0.0029229736,0.025845354,0.0037440842,0.005048164
17/3/2015,-0.09,-0.0023517,-0.0017182927,-0.0016031434,-0.0006258737,-0.0006006117,-0.010508258,0.004488134,-0.01181587,0.087501064,-0.008369389,-0.03155815,0.043901704,0.063939914,-0.022362046,-0.17550232,0.027095383,-0.044016346,0.001900368,0.0031366616,0.03584557,-0.100818865,0.026528819,-0.0064889262,0.0034275488,-0.017123545,0.008856391,-0.0029213643,0.025894996,0.0037440842,0.006614294
18/3/2015,-0.11,-0.0021269673,-0.0020439147,-0.0024191292,-0.0006258737,-0.0008385255,-0.010563555,-0.06655844,-0.0122430865,0.056631092,-0.02580718,-0.021556588,0.047680356,0.103203356,-0.017748188,-0.24372709,0.027352044,-0.044624254,0.0017174119,0.002997025,0.03567849,-0.09432276,0.02864523,-0.0064869584,0.0034319633,-0.01933608,0.008856391,-0.002921361,0.025850711,0.0037440842,0.007579029
19/3/2015,0.06,-0.002563531,-0.0020421576,-0.0020230538,-0.0006258737,-0.0008385255,-0.006167044,-0.034258094,-0.02009059,-0.020382807,-0.02183335,-0.04977674,0.064090386,0.020957315,-0.0125714615,-0.2187171,0.026720334,-0.04198399,0.0024999196,0.0036283405,0.032082204,-0.089320995,0.030080557,-0.0064854077,0.0034230698,-0.021587802,0.008856391,-0.0029213706,0.026007075,0.003744084,0.0128341
20/3/2015,0.06,-0.001947544,-0.0012978825,-0.0020674125,-0.0006258737,-0.0008385255,-0.0062205237,-0.017030183,-0.03168298,0.006398213,-0.032700624,0.05192182,0.047225893,0.14767385,-0.03293587,-0.1946914,0.027903257,-0.047714207,0.0021644589,0.0035072134,0.052463975,-0.08592759,0.031140173,-0.006484392,0.0034110348,-0.022196857,0.008856391,-0.002922994,0.025982331,0.003744084,0.014686519
23/3/2015,-0.29,-0.001986369,-0.0027491627,-0.0025277382,-0.0006258737,-0.0008385255,-0.017930938,-0.06066446,-0.023315217,-0.093446374,-0.055400852,0.049741063,0.0020817355,0.23806761,-0.061221268,-0.16140172,0.028637512,-0.04840691,0.0015094228,0.0028920434,0.043930106,-0.0875327,0.030560445,-0.006479192,0.0033656908,-0.024433864,0.008856391,-0.0029213824,0.025828704,0.0037440842,0.014264691
24/3/2015,0.07,-0.0020847414,-0.0014934079,-0.0015406056,-0.0005595495,-0.0008385255,-0.010821713,-0.017030183,-0.023416752,-0.016933855,-0.019131567,-0.040383272,0.064364046,0.08899409,0.03770764,-0.13952175,0.030676164,-0.040918708,0.0022144916,0.0031176978,0.047922585,-0.0890681,0.031236423,-0.006474506,0.0033038894,-0.026689993,0.0088564,-0.0029065772,0.025821798,0.0037440842,0.016169477
25/3/2015,-0.18,-0.0022885404,-0.0027429573,-0.0020676802,-0.0006258737,-0.0008385255,-0.03630744,-0.017030183,-0.06947496,-0.035170764,-0.057831552,0.1037616,0.034517217,0.2583184,-0.012234618,-0.18629767,0.027692318,-0.047117073,0.0019245009,0.00324951,0.04592283,-0.089640245,0.03349451,-0.0064761117,0.0032721201,-0.028948247,0.008856391,-0.0029234418,0.02591814,0.0037440842,0.014310041
26/3/2015,-0.21,-0.0025421993,-0.0026589008,-0.0016666125,-0.0006258737,-0.0008385255,-0.027162978,-0.05013295,-0.05297241,0.018256709,-0.029856466,0.036607925,0.05695816,0.17859603,-0.016130617,-0.21697517,0.025975162,-0.040486433,0.0026322806,0.0038459327,0.042110104,-0.09305679,0.033349946,-0.0064788694,0.0032490846,-0.031206992,0.008856391,-0.0029243247,0.026023261,0.0037440837,0.022699587
27/3/2015,-0.14,-0.003461058,-0.0036525375,-0.001641192,-0.0006258737,-0.00060593674,-0.021314885,-0.06224146,-0.02546783,0.08198829,-0.0337153,0.06589855,0.055270452,0.22808228,-0.01133369,-0.26953018,0.026249811,-0.04050868,0.0026346422,0.0038604175,0.058398575,-0.08861415,0.03455338,-0.006480384,0.0032586276,-0.03346901,0.008856391,-0.002924701,0.026026055,0.0037440837,0.020887615
30/3/2015,-0.06,0.009470321,0.0091262115,0.0035687387,0.018702071,-0.002902214,0.116590545,0.02443749,0.07999,0.1818824,0.056335762,0.10628455,0.0696455,0.2911455,0.0010272975,-0.17993891,0.026325118,-0.043495763,0.0031935251,0.004162497,0.08123982,-0.085117675,0.03635233,-0.006480712,0.003267994,-0.03572306,0.008856391,-0.002925767,0.026121033,0.0037440837,0.023920352
31/3/2015,0.3900000000000005,0.016387124,0.020627566,0.0107069835,0.025641825,0.021419277,0.17573178,0.2368613,0.33246619,0.29506725,0.20095149,0.10090165,0.099485904,0.3436994,0.033887945,-0.07913964,0.026033567,-0.044510055,0.0031571598,0.0043461258,0.09794445,-0.083462305,0.03737459,-0.006480432,0.0032772587,-0.035742838,0.008856391,-0.002928731,0.02617771,0.0037440832,0.026399821
1/4/2015,0.4199999999999999,0.0025287145,0.00711476,0.00092677644,-0.00046248955,1.530398e-05,0.025869874,0.14488173,0.13933745,0.16436419,0.112635516,0.09525939,-0.0066033243,0.4251181,-0.019239748,-0.15288498,0.027133968,-0.055685565,0.0014956602,0.0031532058,0.07032016,-0.08150954,0.036827795,-0.0064775585,0.0032921867,-0.035802715,0.008856391,-0.0029311643,0.025926167,0.0037440842,0.013679116
2/4/2015,-0.2,-0.0028122717,-0.0007097184,-0.0013940828,-0.0006258737,-0.0007043829,-0.037824135,-0.07403488,-0.05950057,-0.07592705,-0.023768056,0.1825514,-0.034515016,0.38533574,0.030236648,-0.19200762,0.0290532,-0.06778949,-0.00019282337,0.0017739133,0.09228061,-0.08085298,0.036512442,-0.006476943,0.0033200162,-0.033657122,0.008856391,-0.002931547,0.02560214,0.0037440849,0.017138623
6/4/2015,0.2300000000000004,-0.002223333,-0.0016567678,-0.00019849197,-0.00030780447,-0.0005703592,-0.027105166,0.014975234,0.020527033,0.060224883,-0.0038485227,0.037069324,0.055622425,0.022937229,0.078319035,-0.20027266,0.02838779,-0.051969703,0.0005815364,0.0024407029,0.0734062,-0.08210922,0.03825706,-0.0064794384,0.0033805857,-0.03607139,0.008856391,-0.0029282155,0.02569028,0.0037440844,0.018183718
7/4/2015,0.2,-0.0032867242,-0.0029092021,-0.0008947997,-0.00040486438,-0.0008029478,-0.037554324,0.036474697,-0.019114938,0.08200675,0.017519213,0.22094873,-0.05501459,0.45575905,0.02340262,-0.22450508,0.024394203,-0.07950489,-0.0011667769,0.0011478588,0.07374559,-0.0860081,0.03897498,-0.0064814067,0.0034437028,-0.038646955,0.008856381,-0.0029460746,0.025491877,0.003744085,0.015880354
8/4/2015,-0.17,-0.0015662869,-0.003604312,-0.0012500017,-0.00047118863,-0.0007503068,-0.034430154,-0.014918424,-0.059252743,-0.08441025,-0.060659185,0.2022458,-0.07391426,0.45354363,0.027277179,-0.40357965,0.029810356,-0.08457572,-0.0014356241,0.00038198344,0.08437468,-0.09191168,0.035233993,-0.0064762877,0.0035427012,-0.039240368,0.008856391,-0.002933691,0.025344977,0.0037440856,0.016689949
9/4/2015,0.03,-0.003207136,-0.0049403915,-0.0028739534,-0.0046104724,-0.0006967583,-0.1233986,-0.06105801,-0.03950048,-0.047819465,-0.06930897,0.25944903,-0.028605228,0.50347596,0.03381715,-0.25824323,0.027868157,-0.08203009,-0.0015452345,0.000544107,0.066535205,-0.09667733,0.033955574,-0.006471538,0.003642213,-0.039639805,0.008856386,-0.0029442392,0.025399063,0.0037440856,0.011283236
10/4/2015,0.1799999999999997,-0.0013760241,-0.003235633,-0.0016522378,-0.00047118863,-0.0007503068,-0.0242871,-0.010056631,-0.0073032076,0.061396796,-0.0033769307,0.25402877,0.02261262,0.5507289,0.1107962,-0.29663968,0.029757287,-0.08841324,-0.0017452161,0.0002697778,0.074271396,-0.100300305,0.03606259,-0.0064721913,0.003748665,-0.039751668,0.008856391,-0.002936688,0.025366556,0.0037440858,0.01240469
13/4/2015,0.1799999999999997,-0.0007819632,-0.0008523124,-0.0013449001,-0.00047118863,-0.0007503068,0.017479254,-0.021342117,-0.029440392,-0.05620354,0.016418116,0.028203582,0.0015454552,0.24536781,0.10847394,-0.6860691,0.028935073,-0.091994226,-0.0014020887,2.8145056e-05,0.060154237,-0.102631144,0.03597217,-0.0064702183,0.0038873137,-0.03975985,0.008856391,-0.0029276432,0.025305586,0.0037440858,0.005382415
14/4/2015,-0.19,-0.0024045974,-0.0030367207,-0.0017400603,-0.00047118863,-0.0009516873,-0.030393628,-0.14183076,-0.02269004,-0.1731915,-0.016080106,0.22180717,0.02405608,0.5031741,0.13163595,-0.70733136,0.02651968,-0.11264737,-0.0023789897,-0.0006932536,0.08308639,-0.09265774,0.03771019,-0.006470495,0.0040416466,-0.039736252,0.008856391,-0.0029323334,0.025277678,0.0037440863,-0.000690249
15/4/2015,0.4299999999999997,8.325593e-05,0.0046767597,0.00053460384,-0.00047118863,-0.0007503068,0.058019646,0.10398863,0.016061416,0.109198876,0.10949636,0.10961636,0.14555313,0.48057058,0.15029167,-1.0419172,0.024206536,-0.10014098,-0.001969744,-9.670024e-05,0.08643398,-0.08329578,0.042414963,-0.0064718504,0.004178896,-0.039601557,0.008856383,-0.0029495368,0.025332175,0.0037440858,0.00105631
16/4/2015,-0.19,-0.0023402057,-0.0013521024,-0.0021125001,-0.00040486438,-0.00072764436,-0.058946762,-0.13773243,-0.074606284,-0.18052927,-0.099374,0.15424909,0.084264226,0.38780728,0.15703297,-0.6094608,0.027287032,-0.11508112,-0.0022331984,-0.00078988995,0.07447362,-0.05544884,0.045344476,-0.0064799394,0.004348291,-0.037348162,0.008856391,-0.0029288735,0.025271894,0.0037440863,-0.0051588393
17/4/2015,-0.55,-0.0021145395,-0.0029045658,-0.0028402407,-0.00047118863,-0.00080860767,-0.034948725,-0.2122998,-0.15038706,-0.057481885,-0.07882711,0.09751271,0.123502895,0.056052256,0.11231891,-0.59813243,0.030095518,-0.08810792,-0.0012374985,9.374156e-05,0.043665294,0.0062331124,0.0445083,-0.006488393,0.0045364625,-0.03735681,0.008856391,-0.0029245466,0.025303189,0.0037440858,0.0032922938
20/4/2015,-0.28,-0.0015507424,-0.0033933956,-0.002216152,-0.00040486438,-0.0008051771,-0.020040529,-0.13893,-0.026144322,-0.054391924,-0.03972728,0.1266638,0.09149792,0.31170708,0.099630706,-0.3374579,0.030342825,-0.08227254,-0.00094368675,0.0002997226,0.06518377,0.011413747,0.045636065,-0.0064922734,0.004669973,-0.03513,0.008856391,-0.0029237152,0.025286818,0.0037440858,0.0069313706
21/4/2015,0.25,0.0014706617,-0.00176942,0.00022954475,0.0049274126,0.0006795304,0.018155944,0.11210723,0.07624254,0.10728577,0.008421924,0.016478412,0.095337845,0.4467881,0.07376658,-0.17215076,0.0304217,-0.068598256,-0.00018113841,0.0011065023,0.035848994,-0.0628045,0.04670584,-0.0064981556,0.004783653,-0.03521578,0.008856391,-0.0029217843,0.025449686,0.003744085,-0.0023670283
22/4/2015,0.4299999999999997,0.0054996847,-0.0013663468,0.0019512329,0.0047727274,0.0008306151,0.02088852,0.32226598,0.047442045,0.011830445,-0.0024370358,0.010122814,0.07084022,0.6817479,0.07934486,0.18671119,0.034119792,-0.06580786,-0.00030479216,0.00076284347,0.08366744,-0.05948722,0.04446586,-0.006500322,0.0049126917,-0.03603153,0.0088564,-0.0029077772,0.025377179,0.003744085,1.205078e-05
23/4/2015,0.1400000000000005,-0.00045742627,0.0018971723,-0.0004999174,-9.01077e-05,-0.00027520128,0.04217326,0.039133918,0.044044748,0.11102666,0.01639659,-0.15019797,-0.007024836,0.5232346,0.008276178,-0.28501788,0.03076261,-0.07446024,-0.00097033015,0.0002657296,0.033811606,-0.07236079,0.04202438,-0.0065005706,0.005067622,-0.03504448,0.008856391,-0.002921676,0.025248986,0.0037440856,-0.0009781459
24/4/2015,0.08,-0.00019259406,-0.002282681,-0.0011866306,-0.0001564319,-0.00068499194,0.0020890469,0.039133918,-0.0035859938,0.009067917,-0.031000381,0.08354204,0.037806597,0.21391438,0.0457315,-0.29307467,0.032772526,-0.07833465,-0.0011089093,0.00029928543,0.05007765,-0.060880013,0.04196141,-0.0065002795,0.005199757,-0.032790456,0.008856391,-0.00292211,0.025257379,0.0037440858,-0.004204171
27/4/2015,-0.14,-0.0007770108,-0.0023520284,-0.0011834389,-0.00047118863,-0.0006826252,-0.018870687,0.032160368,-0.05480118,-0.059536867,-0.061904594,0.1815826,0.047501214,0.22146116,0.054879017,-0.18289672,0.032417253,-0.08320278,-0.001245327,0.0001673209,0.056887377,-0.05697846,0.042040464,-0.006500201,0.0053250394,-0.030540876,0.008856391,-0.0029230583,0.025294779,0.0037440858,-0.0034036434
28/4/2015,-0.08,-0.0019640063,-0.0016143203,-0.0003465042,0.003258207,-0.00046302628,0.03015951,0.008845425,0.03492358,0.07463615,0.00873287,0.2801191,0.12091164,0.22195092,0.10870133,-0.061982267,0.031719632,-0.07203286,-0.00091432163,0.00069430884,0.04111778,-0.057043616,0.040849462,-0.006499341,0.0054617105,-0.028298624,0.008856391,-0.0029212763,0.025364706,0.0037440856,-0.0023271183
29/4/2015,0.09,0.00018566872,-0.00012556766,-0.000109967026,0.0036565876,-0.0005698823,0.0030085926,0.07066379,0.054204673,-0.08667594,-0.016312102,0.33692124,0.1385478,0.49412745,0.067477055,0.10919949,0.027577214,-0.07396632,-0.0011501135,0.00090848916,0.061168995,-0.06321593,0.0373798,-0.0064961044,0.0055939867,-0.026065905,0.008856391,-0.002924312,0.025403593,0.0037440856,0.002820738
30/4/2015,-0.27,-0.0020357966,-0.0017584566,-0.002075601,-0.00040486438,-0.0008457894,-0.032232888,-0.026658341,0.00047387613,-0.021135485,-0.022138445,0.12850554,-0.03936042,0.6688666,-0.023919467,-0.040151175,0.03389159,-0.082758576,-0.0015805658,-0.00016750435,0.024623837,-0.076173015,0.028064808,-0.006486493,0.0057137283,-0.023843572,0.0088564,-0.0029126494,0.02523964,0.0037440858,-0.0095856795
1/5/2015,-0.4,-0.0007751767,-3.2730706e-05,-0.0016337694,-0.00047118863,-0.0008038771,-0.0036247473,-0.023225829,0.045052547,0.05974372,0.03165801,0.08234976,0.059101902,0.5016684,0.00952073,-0.06355216,0.026822176,-0.071969815,-0.0013265002,0.00057376677,0.006402072,-0.08706238,0.023082748,-0.0064842673,0.005838969,-0.021617904,0.008856391,-0.0029224905,0.025354272,0.0037440856,-0.009592128
4/5/2015,0.2400000000000002,-0.0007867463,0.0004325309,-0.0008954915,-0.00047118863,-0.0008564964,-0.016201334,0.11111954,0.0073510143,0.09469174,0.05866358,-0.29837003,0.014829813,0.53279006,-0.010865528,-0.2580313,0.019661644,-0.061228357,-0.00052590633,0.0014449664,0.011638482,-0.096127,0.025519898,-0.0064934427,0.0059514046,-0.019383118,0.008856381,-0.0029382976,0.025510006,0.0037440849,-0.0059649115
5/5/2015,0.1199999999999992,-0.00078853173,-0.00033847342,-0.00038696386,-0.0006258737,-0.00058541907,0.012446847,0.041633893,0.03176151,0.088661835,-0.008068698,-0.09294547,-0.03491622,0.6820347,-0.026794534,-0.20216967,0.028504552,-0.06657518,-0.00085736375,0.00069368305,0.030224757,-0.041256677,0.024866475,-0.0064958427,0.006095317,-0.017133154,0.008856391,-0.0029228718,0.025380522,0.003744085,-0.0104505755
6/5/2015,0.09,-0.000648393,-0.00016421493,-0.00044856552,-0.0006258737,-0.0013200779,-0.014696447,0.041448597,-0.0008996218,-0.15511343,-0.028424487,-0.074549906,-0.059272293,0.47869343,-0.08232717,-0.20396017,0.027134238,-0.05809466,-0.00053030706,0.0008726017,0.017933384,-0.08926109,0.022525154,-0.006494254,0.0062216297,-0.017137168,0.008856391,-0.0029212646,0.02538968,0.003744085,-0.008367853
7/5/2015,0.4599999999999991,-0.002237828,-0.00056686765,-0.0008154739,-0.00047118863,-0.0011028907,-0.013645688,0.10768702,0.024776604,0.009155271,0.013573829,-0.102698766,-0.07801529,0.48398972,-0.11750322,-0.1717704,0.027588034,-0.058728803,-0.00066176365,0.00079689216,0.007976166,-0.09411516,0.02003184,-0.006492397,0.0063063307,-0.014921339,0.008856391,-0.002921287,0.025383156,0.003744085,-0.009709321
8/5/2015,0.06,-0.00065719173,-0.0012046818,-0.001366846,-0.00040486438,-0.0010819022,0.008587413,0.014939572,0.06972623,-0.095582485,0.0023545793,-0.13888486,-0.10254079,0.6027492,-0.07187502,-0.32963857,0.029244753,-0.082224555,-0.0014205456,6.3824635e-05,0.057458986,-0.02384443,0.020695584,-0.006492157,0.00642914,-0.014850732,0.008856391,-0.0029262106,0.025268245,0.0037440858,-0.0062375115
11/5/2015,0.1,-0.0026564277,-0.0034140132,-0.0019640638,-0.00047118863,-0.000908274,-0.031296797,-0.021261042,-0.01248717,-0.12617078,-0.076744065,0.00046359922,0.0018910835,0.10401107,0.013412725,-0.30115116,0.034008656,-0.079628006,-0.001059737,-3.3167496e-05,0.04613837,-0.06839191,0.026760584,-0.0064863455,0.006558055,-0.014850157,0.0088564,-0.0029042594,0.025265109,0.0037440858,-0.0028155851
12/5/2015,-0.62,-0.00095288095,-0.002607622,-0.0017574218,0.00017548238,-0.0007207091,-0.04408438,0.0646285,-0.078700416,-0.18821685,-0.06148763,-0.07041782,-0.047664396,0.12792236,-0.023356142,-0.43691537,0.03326104,-0.08690849,-0.0013460813,-0.00036739054,0.03225975,-0.0700383,0.03154485,-0.006482515,0.006682787,-0.017111046,0.008856401,-0.0029096385,0.025177741,0.003744086,-0.0006972311
13/5/2015,-0.12,-0.0026408955,-0.003012039,-0.0017807594,-0.00040486438,-0.0008457894,-0.047390968,-0.008659218,0.013887243,-0.10079643,-0.0273598,-0.14864579,0.0024409615,0.22650653,0.014465466,-0.42982116,0.028595813,-0.07678088,-0.0014597441,-5.497085e-05,0.02351641,-0.09046276,0.029786145,-0.006488821,0.006728041,-0.019366894,0.008856391,-0.0029231762,0.02519775,0.0037440858,-0.0011153137
14/5/2015,0.05,-0.0019669016,-0.0020512594,-0.0016085465,-0.00047118863,-0.0008564964,-0.015732743,0.020783424,0.005644928,-0.02236536,-0.02757353,-0.13093734,0.020992164,0.57610923,0.014302311,0.068944745,0.026913187,-0.06524551,-0.0014655615,0.0002711515,0.0060003838,-0.03847684,0.028239826,-0.006493176,0.0067691575,-0.01936746,0.00885639,-0.0029230122,0.025279062,0.0037440856,-0.00962986
15/5/2015,-0.11,-0.0018273629,-0.0019568277,-0.001924433,-0.00047118863,-0.0008564964,-0.024105141,0.020783424,0.010144102,-0.026221434,-0.019785583,-0.059370413,-0.001681098,0.57362676,0.0024959699,-0.15780513,0.028763633,-0.062039003,-0.0013095412,0.00025256915,0.00868995,-0.06543412,0.027964864,-0.006495425,0.0067997826,-0.01936773,0.008856391,-0.0029211703,0.025247693,0.0037440856,-0.010380815
18/5/2015,0.08,-0.0010618784,-0.0020041934,-0.00145468,-0.0010887237,-0.0009770405,-0.03157028,0.028822605,-0.025423007,-0.054614674,-0.04068021,-0.2571732,-0.0016559858,0.53865784,-0.044176284,-0.2939402,0.021386124,-0.0662549,-0.0016674781,0.0006112851,0.014519233,-0.11230736,0.026569141,-0.0064972444,0.0068104183,-0.019367643,0.008856381,-0.0029399036,0.02536131,0.0037440856,-0.010443158
19/5/2015,-0.27,-0.002283104,-0.004187918,-0.003246681,-0.0010887237,-0.001565904,-0.0683697,-0.06694793,-0.13890155,-0.12768857,-0.08773039,-0.14206229,-0.00826202,0.34801766,-0.048411973,-0.22742565,0.02979473,-0.049491305,-0.00021200899,0.0009566863,0.016485842,-0.09524389,0.02746011,-0.006491764,0.0068307277,-0.01936767,0.0088564,-0.0029058615,0.025408639,0.003744085,-0.00737088
20/5/2015,-0.1,-0.0026478518,-0.0026014335,-0.0027896098,-0.0010887237,-0.0012212368,-0.058697462,-0.059478175,-0.08429089,-0.07851975,-0.04940379,-0.13245392,0.0255904,0.15400203,-0.09737539,-0.42308778,0.01806063,-0.049865793,-0.00023719514,0.0020739506,-0.0011050443,-0.09703166,0.024064315,-0.0064902483,0.0067609237,-0.019365631,0.008856382,-0.0029375742,0.025636809,0.0037440846,-0.002946656
21/5/2015,-0.18,-0.0031411573,-0.0042581237,-0.0023595581,-0.0006258737,-0.0015949446,-0.039726477,-0.045286465,-0.035493586,-0.10293475,-0.048489407,-0.010988779,-0.007426665,0.31820416,-0.08026956,-0.17457135,0.026125051,-0.045239713,0.00048972294,0.0020423536,0.027415836,-0.10272498,0.020984877,-0.006492988,0.006682363,-0.019364478,0.008856391,-0.0029213459,0.02568143,0.0037440844,-0.0020507318
22/5/2015,-0.23,-0.0028247966,-0.003297743,-0.0021690282,-0.0006258737,-0.0015949446,-0.039484706,-0.023392687,-0.050877117,-0.06900086,-0.034850534,-0.0033984273,-0.025733825,0.3248502,-0.10551366,-0.105016,0.025889706,-0.04087849,0.0014350152,0.0028695308,0.041831575,-0.10749048,0.022878302,-0.0064920764,0.0066101663,-0.019363591,0.008856391,-0.002921872,0.025827764,0.0037440842,0.011640263
26/5/2015,-0.21,-0.0029502646,-0.0016994358,-0.0015443327,-0.0006258737,-0.000892074,-0.026790207,-0.044349346,-0.041062936,-0.0010268304,-0.0156186065,0.04291372,0.042800598,0.17813385,-0.023989733,-0.1694018,0.026267236,-0.039507266,0.0023277965,0.0036726373,0.066751264,-0.11107934,0.026351957,-0.006491668,0.0065387804,-0.019364636,0.008856391,-0.0029211412,0.025964202,0.003744084,0.02236691
27/5/2015,0.07,-0.0014655674,-0.0007707269,-0.0017469102,-0.0006258737,-0.00062226277,-0.014745716,0.0861521,-0.019803172,-0.031729702,0.021740025,-0.11819587,0.041844703,0.09220108,-0.03422367,-0.079673596,0.020019539,-0.04357642,0.0029488814,0.0044319998,0.08770301,-0.10578255,0.029312223,-0.006491715,0.006442674,-0.019365935,0.008856381,-0.002938335,0.026105957,0.0037440837,0.032843534
28/5/2015,0.04,-0.001977274,-0.001274723,-0.0012085214,-0.00038028733,-0.00040155934,-0.006657478,-0.012065931,0.0068815467,0.004898456,-0.0149117485,-0.02124449,0.06120658,0.19765411,0.021833979,-0.009404841,0.026913863,-0.044326585,0.0024579812,0.0038302906,0.08002389,-0.09786158,0.031013304,-0.0064916536,0.0063270708,-0.01936736,0.008856391,-0.0029229308,0.02606695,0.0037440837,0.0137856295
29/5/2015,0.2699999999999996,-0.0016610889,-0.0016977041,-0.0007056973,-0.00038028733,-0.0002168617,-0.0027044187,-0.010606496,0.05018801,0.0065842895,-0.0029231696,-0.0335342,0.044950362,-0.10494573,0.00011761724,-0.0018808896,0.029069854,-0.034460835,0.0035759367,0.0041623274,0.040071964,-0.09339448,0.03434157,-0.0064841006,0.0062307776,-0.019370865,0.0088564,-0.0029059052,0.026101194,0.0037440837,0.011258288
1/6/2015,0.07,-0.0017337401,-0.0011344998,-0.0015734116,-0.0006258737,-0.000892074,-0.009471506,-0.02831567,0.0024704598,-0.007809008,0.00023600926,-0.11896398,-0.013113761,-0.017773876,-0.020234378,-0.24154487,0.027247773,-0.046303436,0.0021692046,0.0032512974,0.014531941,-0.08949102,0.034814067,-0.006481121,0.006164885,-0.019375883,0.008856391,-0.0029213268,0.025971351,0.003744084,-0.003537123
2/6/2015,-0.27,-0.0019927032,-0.0023994753,-0.0022952908,-0.0006258737,-0.000892074,-0.022249097,-0.010606496,-0.011931145,0.00068653334,-0.029037252,-0.054563325,-0.01623341,-0.11909063,-0.0145868,-0.38560808,0.026720874,-0.0447788,0.0016874961,0.0029047325,-0.007977172,-0.08857487,0.033452917,-0.006483097,0.006089947,-0.017115362,0.008856391,-0.0029212004,0.025864424,0.0037440842,-0.0073452843
3/6/2015,0.07,-0.0019927032,-0.0021869375,-0.0018341936,-0.0006258737,-0.000892074,-0.022249097,-0.010606496,-0.026409717,0.06369695,-0.058176357,0.0942885,0.023999685,-0.17914745,-0.013500841,-0.22817376,0.026438355,-0.043058775,0.0025000481,0.00348319,-0.0024473455,-0.088582866,0.03728705,-0.0064830766,0.0059844516,-0.01485397,0.008856391,-0.0029219824,0.02599504,0.003744084,0.0014897519
4/6/2015,-0.07,-0.0017502647,-0.0016434055,-0.002019845,-0.0006258737,-0.000892074,-0.022889113,-0.019353507,-0.026310567,0.024342358,-0.021762788,-0.027252479,0.024196409,-0.036428932,0.009286701,-0.14015274,0.02694601,-0.047282662,0.0018908122,0.0030330387,-0.010737205,-0.088515624,0.039136782,-0.006484023,0.0059265834,-0.014854263,0.008856391,-0.0029213277,0.025944315,0.003744084,-0.0075914785
5/6/2015,0.1099999999999994,-0.0017539856,-0.0019262945,-0.0018911861,-0.0006258737,-0.000892074,-0.022889113,-0.017030183,-0.025982989,0.049528994,-0.033416685,-0.111039996,0.026056316,-0.010279497,0.0037378224,-0.2846642,0.026733646,-0.04646067,0.0018708133,0.0030411459,-0.012907314,-0.08999347,0.036510255,-0.006482121,0.005853851,-0.014855123,0.008856391,-0.002921347,0.025933139,0.003744084,-0.00846888
8/6/2015,-0.09,-0.0021319985,-0.00279486,-0.0021536625,-0.0006258737,-0.000892074,-0.031164754,-0.017030183,-0.033502914,-0.013953369,-0.041719757,-0.12960929,0.0052941954,0.0654948,0.007598374,-0.3292299,0.027387267,-0.051653765,0.0012597698,0.0024483171,-0.003550427,-0.09163689,0.034475602,-0.006477535,0.005804751,-0.014855661,0.008856391,-0.0029217992,0.025801232,0.0037440844,-0.006828461
9/6/2015,-0.06,-0.002224228,-0.0028475595,-0.0019632943,-0.0006258737,-0.000921891,-0.045182277,-0.017030183,-0.043672025,-0.0064926026,-0.047107708,-0.62042576,-0.11089724,-0.086857565,-0.06307342,-0.3277988,0.008623368,-0.073028065,-0.00097006874,0.0022861315,0.008293229,-0.10485489,0.022293268,-0.006488465,0.005686024,-0.014856552,0.00885634,-0.0030015397,0.025840873,0.0037440844,-0.0076230853
10/6/2015,-0.37,-0.0018499896,-0.0025256646,-0.0016624703,-0.0006258737,-0.00080384064,-0.023935715,-0.017030183,-0.01797532,-0.009530806,-0.04451374,-0.0799427,0.053314734,-0.05885583,0.061881308,-0.5743622,0.025799546,-0.049421474,0.0014388063,0.0026180423,0.022300722,-0.11023049,0.023282403,-0.00648735,0.0056079556,-0.014856577,0.008856391,-0.002924251,0.025805917,0.0037440844,0.0029319706
11/6/2015,0.08,-0.0023030723,-0.0019230639,-0.0014129799,-0.0006258737,-0.00094046775,-0.028991666,-0.010606496,-0.03514022,-0.022382142,-0.023468778,-0.32685313,0.0026498784,0.04393257,0.053468943,-0.50579506,0.022205133,-0.050003648,0.0016950642,0.0035197611,0.08034883,-0.11887494,0.033073228,-0.0064828102,0.005513289,-0.014857357,0.008856387,-0.002948675,0.025953934,0.003744084,0.01860143
12/6/2015,-0.26,-0.0029693514,-0.0050383797,-0.0017701762,-0.0006258737,-0.00094046775,-0.038495474,-0.06710283,-0.03167666,-0.017585577,-0.026859839,-0.16069359,0.06778777,0.27011573,0.07474903,-0.2332407,0.026772883,-0.052515093,0.001965101,0.003373123,0.046908136,-0.11892884,0.031455856,-0.0064937924,0.005401336,-0.014857003,0.008856391,-0.0029304272,0.025978526,0.003744084,0.0021784692
15/6/2015,-0.15,-0.0013392088,-0.0021690433,-0.0009847984,-0.0006258737,-0.0008586743,-0.018376667,-0.023414867,0.052463014,-0.087391205,-0.058098353,0.33590993,0.10558919,0.20243178,0.044344556,-0.3040059,0.0230835,-0.048918553,0.0032817458,0.004343912,0.06515929,-0.097909346,0.044075295,-0.0064920494,0.005266264,-0.014856631,0.008856386,-0.0029425074,0.026183343,0.0037440832,0.011519508
16/6/2015,0.04,-0.0010369885,-0.0025892556,-0.0014886798,-0.0026635795,-0.0011864501,-0.02597776,-0.2784782,-0.035902515,-0.079862215,-0.045330245,0.12451623,0.12585732,0.036603484,0.07870144,-0.17274249,0.026548725,-0.040528815,0.0045366017,0.0049297246,0.054066543,-0.09031933,0.052510966,-0.006490771,0.0051184953,-0.01485638,0.008856391,-0.0029232844,0.026265185,0.003744083,0.013647534
17/6/2015,-0.1,0.011771958,0.003664343,0.003215697,0.030999912,-0.0009605375,0.16075175,-0.023734752,0.04820549,0.27381864,0.059106912,-0.019788694,0.17028041,0.17305702,0.099282674,-0.07023519,0.024701066,-0.043149743,0.0045158057,0.005044193,0.05420214,-0.07341431,0.051055416,-0.0064885607,0.0050667585,-0.0148561895,0.00885639,-0.0029238318,0.02633274,0.003744083,0.0073317983
18/6/2015,-0.13,0.061571248,0.07751594,0.025538092,0.060452662,-0.0053841434,0.4766249,0.019779466,0.1293587,0.07577241,0.11473699,0.21196638,0.17205241,-0.08983498,0.09571431,-0.2596196,0.025120819,-0.038336333,0.005868291,0.0059265774,0.06649095,-0.062328763,0.052952856,-0.0064863516,0.0049882443,-0.014855941,0.008856391,-0.0029234204,0.02650901,0.0037440825,0.013776338
19/6/2015,0.3600000000000012,0.039771542,0.06344549,0.0144624645,0.045373477,0.018744575,0.33541003,0.35985926,0.39162403,0.36898398,0.32311338,0.003941343,0.1669901,-0.08670749,0.08036492,0.01293834,0.022825219,-0.03555795,0.0061316607,0.0063025234,0.0534761,-0.06190821,0.053195465,-0.0064846603,0.0048793587,-0.014855567,0.00885639,-0.0029230872,0.026558924,0.0037440825,0.019759769
22/6/2015,-0.23,0.0009429561,0.00028129463,-0.00087514,-0.00038028733,-0.00019929936,0.052945033,-0.044013944,0.092040375,0.07690436,0.059085414,0.21305463,0.07092402,0.14631999,0.06757193,-0.045477025,0.026561808,-0.049777888,0.004306923,0.0048223045,0.059435904,-0.059795648,0.051208347,-0.0064818575,0.0047948263,-0.014854662,0.008856391,-0.0029235415,0.02633638,0.003744083,0.007054441
23/6/2015,0.2599999999999998,-0.00051570305,0.0011736939,-0.0013210078,-0.0006258737,-0.000655464,0.025659159,0.04478057,0.08532532,0.08524629,0.04442098,-0.00089132035,0.054596968,-0.07441663,0.07418834,-9.696652e-05,0.018769752,-0.057747275,0.003354078,0.00495492,0.06365647,-0.06549117,0.046837013,-0.006490611,0.004669837,-0.014854381,0.008856371,-0.0029763377,0.02637241,0.003744083,0.0076808045
24/6/2015,0.01,6.233316e-05,3.0884687e-05,-0.0013463714,-0.0006258737,-0.0005113626,0.0570355,0.04217417,0.09280588,0.0038197045,0.028706327,0.26536885,0.10002255,0.17141284,0.13893169,0.0027124728,0.02805495,-0.05505958,0.0032394484,0.00412317,0.058348916,-0.06740851,0.048287578,-0.0064907013,0.004641111,-0.014853859,0.008856391,-0.002924941,0.026174279,0.0037440837,0.0054604434
25/6/2015,0.1500000000000003,0.0001709912,0.00015023083,-0.0005812545,-0.0006258737,-0.0005736706,0.01920377,0.04217417,-0.0037116427,-0.0017647996,0.0048790234,0.1988443,0.112176225,0.019931195,0.14646016,-0.10479024,0.027942747,-0.05180955,0.0028409234,0.0037868125,0.040656406,-0.06826898,0.05327076,-0.0064828084,0.0046459986,-0.0148531,0.008856391,-0.0029235682,0.026078712,0.0037440837,0.0045607327
26/6/2015,0.1500000000000003,0.012650432,0.024099652,0.004796322,0.0041479208,0.00030548667,0.10805394,0.15134925,0.17586093,0.2773732,0.104430236,0.33076724,0.08055012,-0.08671178,0.15020345,-0.14086434,0.026975023,-0.05695301,0.0022695411,0.003436898,0.062824264,-0.06580194,0.055391137,-0.006484561,0.0046888785,-0.014852655,0.008856389,-0.002935699,0.02600093,0.003744084,0.0040343897
29/6/2015,0.6500000000000004,0.059658732,0.069220476,0.026926892,0.091253854,0.03034413,0.50686496,0.5598607,0.583526,0.546156,0.535531,0.062024523,0.10878544,-0.11288296,0.17598106,-0.21937414,0.031072026,-0.05852687,0.002169345,0.0029652584,0.06648311,-0.05498393,0.057313874,-0.006487734,0.00480709,-0.014851937,0.008856391,-0.0029223328,0.025874358,0.0037440842,0.013442189
30/6/2015,-0.03,-0.00035741102,-0.0025327345,-0.00025812502,-0.00040486438,-0.0011261867,-0.055037785,0.041767593,-0.029562972,-0.18278456,-0.03960814,-0.14729922,-0.08680248,0.19265983,0.038053807,-0.53641766,0.03001354,-0.09661595,-0.0005157697,0.00051473227,0.09392501,-0.05174894,0.049321007,-0.0064862785,0.005016901,-0.017110787,0.008856391,-0.0029286249,0.025489602,0.0037440856,0.015090913
1/7/2015,-0.14,-0.0013904632,-0.0020914963,-0.0013806403,-0.00047118863,-0.0008446701,-0.035319917,-0.0025479633,-0.038303,-0.057033926,0.0037885697,-0.015356247,-0.029143369,0.17465355,0.076506935,-0.5794633,0.030493507,-0.09630427,-0.0004320623,0.00046067178,0.08298064,-0.049879372,0.04159189,-0.0064823427,0.0052038347,-0.019368961,0.008856391,-0.0029252602,0.025492836,0.0037440856,0.012243288
2/7/2015,0.1799999999999997,-0.00044283055,-0.0004668116,-0.0011012687,-0.00047118863,-0.00043641153,-0.0069201873,-0.0036329436,-0.046817526,-0.17530972,0.008827248,-0.17660433,-0.018557716,0.11570145,0.10163484,-0.7266649,0.03059143,-0.09257121,-0.0002914624,0.00035188434,0.076125875,-0.056772437,0.039896492,-0.006482243,0.0053852596,-0.02162747,0.008856391,-0.0029236262,0.025421912,0.0037440856,0.010426456
6/7/2015,-0.15,-0.0019276228,-0.0026143799,-0.0017762035,-0.00047118863,-0.00059166976,-0.011631158,-0.010953253,-0.07101798,-0.18813634,-0.05882386,-0.12959929,-0.02127863,0.25805664,0.09159358,-0.58521867,0.031029545,-0.09659884,-0.00042764764,0.00022587964,0.06658909,-0.053600453,0.040692486,-0.0064788023,0.0056216284,-0.02388661,0.0088564,-0.002917963,0.025425186,0.0037440858,0.0038291076
7/7/2015,-0.02,-0.0005861734,-0.0008760062,-0.0013013136,-0.00040486438,-0.00048903085,-0.011343007,-0.015525403,-0.0008124218,-0.16284423,-0.018835867,-0.13981377,-0.023061361,0.19743402,0.05124247,-0.7344641,0.032158222,-0.08790647,-0.00019437278,0.0005499468,0.046858303,-0.038218226,0.041835114,-0.0064745094,0.005807185,-0.026144868,0.008856391,-0.0029218132,0.025427226,0.0037440856,0.004018572
8/7/2015,-0.41,1.4844813e-05,-0.0025766192,-0.0016163475,-0.00047118863,-0.000925598,-0.015156041,-0.10878166,-0.029544037,-0.1494279,-0.034263074,-0.014456948,0.016274247,0.38028535,0.09908041,-0.6736645,0.030520394,-0.09623775,-0.00046738292,0.0004277482,0.052654997,-0.00059928314,0.039906796,-0.006475293,0.0060457424,-0.026147984,0.008856391,-0.00292331,0.025485776,0.0037440856,0.00017315427
9/7/2015,0.5099999999999998,-0.00012318487,0.0026874384,-0.00012530758,-0.00040486438,-0.00048428224,0.058393054,0.14022762,0.18217325,0.27519712,0.11980968,-0.48178878,0.030434458,0.4099873,0.040521875,-0.55588746,0.023595927,-0.08576203,-0.00085595256,0.0010467091,0.06183999,-0.07398906,0.038150884,-0.006485228,0.0061645135,-0.026148003,0.008856376,-0.0029483773,0.025493182,0.003744085,0.0014347377
10/7/2015,0.1500000000000003,-0.002282004,0.00032773643,-0.00011432824,-0.00040486438,-0.0005370265,0.06809191,0.04102921,0.07794819,-0.1231524,0.07738208,-0.2300584,-0.057473224,0.5782576,0.02721106,-0.49432135,0.03277455,-0.09716181,-0.0008438808,0.0001930889,0.059873864,0.0006090906,0.035610054,-0.0064935135,0.0063625406,-0.026147475,0.008856391,-0.0029249142,0.025401494,0.0037440858,-0.005912746
13/7/2015,0.08,-0.00056625006,-0.00065515545,-0.0006995193,-0.00047118863,-0.00048903085,0.022233697,0.043538548,0.015075307,-0.06176714,0.010824584,-0.41016847,-0.087598614,0.519252,-0.04084791,-0.39240897,0.025907518,-0.10415425,-0.0018325581,0.00015157809,0.054925237,-0.06458276,0.03081467,-0.0064949407,0.0065145055,-0.026147302,0.008856381,-0.0029516486,0.02541191,0.0037440858,-0.004154509
14/7/2015,-0.18,-0.0008566552,-0.0030805194,-0.001561111,-0.00047118863,-0.0006983304,0.0027980777,0.008901401,-0.031154389,-0.15062802,-0.033781808,0.025642755,-0.016088104,0.41142416,0.050067566,-0.46439916,0.033071376,-0.09521162,-0.00090158125,1.3638776e-05,0.040552616,-0.02353501,0.030943837,-0.0064902226,0.0067613586,-0.026147041,0.008856391,-0.0029214027,0.025374573,0.0037440858,-0.003797245
15/7/2015,-0.19,-0.0017714248,-0.002834525,-0.0016211045,-0.00047118863,-0.0008045199,-0.02791603,-0.046271566,-0.013174732,-0.16263694,-0.05056726,0.051889993,0.039086703,0.33122072,0.026606277,-0.19514485,0.028596595,-0.07669998,-0.00048187957,0.00095362816,0.027278522,-0.083633594,0.033648398,-0.006484577,0.0069091963,-0.026147703,0.008856391,-0.0029233969,0.025432194,0.003744085,-0.0012641097
16/7/2015,-0.31,-0.00079087925,-0.0019956364,-0.0018051435,-0.00047118863,-0.0008045199,-0.028925596,-0.07543299,-0.0014088607,-0.14449242,-0.019412834,0.024785716,0.024879336,0.4587212,0.033605132,-0.19157462,0.032393966,-0.070428096,1.0783812e-06,0.0010785098,0.022206575,-0.095164105,0.031246075,-0.0064838245,0.007107354,-0.026149021,0.008856391,-0.002921644,0.02550093,0.003744085,-0.0053818272
17/7/2015,-0.52,-0.0017690106,-0.0018570471,-0.0019572137,-0.00047118863,-0.00083276484,-0.028640518,0.047760177,0.031361315,0.0134242745,0.036651127,-0.031413723,0.003941372,0.52360696,0.010968649,-0.16960901,0.032304037,-0.06019543,0.00052193616,0.001586819,0.032472737,-0.100964986,0.029577566,-0.0064868485,0.007246123,-0.026151994,0.008856391,-0.00292142,0.025525605,0.0037440849,-0.0003017019
20/7/2015,-0.02,-0.0026376902,-0.0018598887,-0.0007416909,-0.0005595495,-0.00094687886,-0.016788641,-0.081039645,-0.011124316,0.051672447,0.0060117184,-0.06340383,-0.015085244,1.0557113,-0.017627629,0.03519171,0.03373091,-0.05647745,0.002530398,0.0027720865,0.12963389,-0.096178964,0.03079852,-0.006492584,0.0073340186,-0.026156953,0.0088564,-0.00290698,0.025768725,0.0037440844,0.030899383
21/7/2015,-0.04,-0.0011669539,-0.0028427173,-0.00091480446,-0.00046248955,-0.00094687886,-0.004837962,-0.06226883,0.011663297,-0.042087648,-0.019906178,-0.15554805,-0.009766563,0.86590344,-0.020134976,0.07626522,0.02031887,-0.060420055,0.0012201437,0.0029667136,0.0909177,-0.10853318,0.03263202,-0.0064949775,0.0074058385,-0.023897449,0.008856376,-0.00294903,0.025831552,0.0037440842,0.021883888
22/7/2015,0.13,0.00081957,-0.0033462506,-0.0012645727,-0.00046248955,-0.0014660099,0.030372152,0.016075298,0.03001909,0.05817915,0.0009594664,-0.061399903,0.03995843,0.6232377,0.011254103,0.11746882,0.028623344,-0.0461979,0.0029345208,0.0037559825,0.09567375,-0.107499376,0.032234088,-0.006493372,0.00747725,-0.021637775,0.008856391,-0.0029249366,0.026009982,0.0037440837,0.025525896
23/7/2015,-0.27,-0.0015846192,-0.0034240428,-0.001840677,-0.00046248955,-0.001712276,0.0076020597,-0.043391448,0.0109390505,-0.10232645,-0.015266687,0.017114604,-0.006297897,0.616734,-0.012594676,-0.016993128,0.028557785,-0.04859044,0.002379682,0.0034616073,0.07758465,-0.09930562,0.032551173,-0.006486657,0.007574171,-0.019377522,0.008856391,-0.0029234034,0.025978232,0.003744084,0.008766537
24/7/2015,0.0,-0.0006386365,-0.0005374858,-0.00086782704,-0.00021690324,-0.0011136676,0.0039064893,-0.0063510556,-0.0018139735,-0.034382693,0.007926536,0.030177252,0.0006885711,0.27111033,-0.07640496,-0.027620187,0.026751231,-0.04073378,0.0044470956,0.0049068495,0.056571748,-0.093882464,0.034941837,-0.0064822575,0.007620055,-0.017116262,0.008856391,-0.0029214157,0.026249047,0.003744083,0.022504818
27/7/2015,-0.07,-0.00012625274,-0.00091004913,-0.00077564083,-0.00046248955,-0.0014894195,-0.03194979,0.01353842,0.015588072,-0.025758674,-0.0025358694,0.14091912,0.051217522,0.41885224,-0.03940091,0.26456678,0.029657412,-0.03918991,0.005416717,0.0053260317,0.07856485,-0.086017296,0.038887683,-0.0064775404,0.0076717404,-0.014853755,0.0088564,-0.0029079788,0.026374282,0.0037440828,0.025847768
28/7/2015,0.2900000000000009,0.008372711,0.014337262,0.0073381313,0.028226797,0.016079625,0.21325307,0.2148578,0.12494438,0.25352088,0.14536488,0.10897674,0.013632605,0.33766067,-0.07935676,0.20430078,0.025919441,-0.040181447,0.005740593,0.005696007,0.08508293,-0.082283765,0.037864532,-0.0064781494,0.007735476,-0.014849515,0.008856391,-0.0029215796,0.02644738,0.0037440828,0.034221023
29/7/2015,-0.19,-0.0014611814,0.0012740948,-0.0007818303,-0.00046248955,-0.0014271116,0.014461835,-0.017636543,0.0556833,0.15243751,0.02603603,0.086853355,-0.0595887,0.5427083,-0.08573341,0.22978649,0.02683079,-0.050906956,0.003959092,0.0044631,0.058228202,-0.076341316,0.03589875,-0.006482723,0.0077644326,-0.014849834,0.008856391,-0.0029235093,0.026237698,0.0037440832,0.005413682
30/7/2015,-0.13,-0.0009952995,3.245088e-05,-0.000624506,-0.00046248955,-0.001479654,-0.0044053635,-0.0063510556,0.04160883,0.046519477,0.003030218,-0.049727302,-0.020436704,0.19962606,-0.07058309,0.053490102,0.024925426,-0.042108197,0.0049301744,0.005060146,0.026454031,-0.07310925,0.0371525,-0.006481646,0.007772229,-0.014851915,0.008856391,-0.0029221163,0.026342722,0.003744083,0.005964038
31/7/2015,-0.25,7.1546e-05,-9.728809e-06,-0.00046269395,-0.00046248955,-0.0013659421,0.057168297,0.02235028,0.022740118,0.1547699,0.06792877,-0.055935908,-0.003600976,0.19574259,-0.03170288,0.00037749537,0.024900347,-0.03983993,0.005041639,0.005218264,0.024201458,-0.07364135,0.039261103,-0.00647868,0.007775526,-0.014853363,0.008856391,-0.002922634,0.026366299,0.0037440828,0.007821866
3/8/2015,0.1199999999999992,0.0028237754,0.0038511558,0.00045114302,-0.00046248955,-0.00052354945,0.0333335,0.027726624,0.061946396,0.059987947,0.062116917,-0.14760137,0.046317063,0.01845024,0.016726773,-0.21742645,0.018460687,-0.040223002,0.0047153533,0.0055701095,0.045237433,-0.07283067,0.04214652,-0.0064780894,0.0077079237,-0.014855437,0.008856381,-0.0029383874,0.026394907,0.0037440828,0.013079455
4/8/2015,-0.25,0.00029272813,-0.0012729423,-0.0007078124,-0.00046248955,-0.0006099995,0.03709443,-0.026911126,0.0034306648,0.0062055746,0.050952204,-0.019544842,0.015621738,0.18918614,0.027434101,-0.10727648,0.026374131,-0.0414908,0.0046517863,0.004997481,0.042412814,-0.071926475,0.045134388,-0.0064772363,0.007586218,-0.01485652,0.008856391,-0.0029213438,0.026307138,0.003744083,0.002998208
5/8/2015,-0.06,0.0004934279,-5.8366204e-05,-0.00010817706,-0.00021690324,-0.00040388296,0.041994493,-0.009069173,0.057057,0.124103494,0.03351001,-0.05763698,0.041910686,0.045506284,0.019161103,-0.1961106,0.024973279,-0.036294457,0.0055433195,0.005597213,0.024578087,-0.07071466,0.047394563,-0.006474219,0.0074554416,-0.014858469,0.008856391,-0.0029212409,0.026416633,0.0037440828,0.005044868
6/8/2015,-0.04,0.00017264829,0.0006474887,-0.00064461306,-0.00046248955,-0.00053119235,0.023701381,0.010932017,-0.02918776,0.020321315,0.032678783,-0.14779842,0.08342367,0.29513764,0.018189823,0.052240904,0.013753392,-0.047393613,0.004759367,0.005922649,0.03486516,-0.06966825,0.04712009,-0.0064742058,0.0073270216,-0.01485854,0.008856377,-0.0029433283,0.026509797,0.0037440828,0.0061237076
7/8/2015,-0.09,0.000961209,0.0028471404,-0.00068601116,-0.00021690324,-0.0005069219,0.036357656,0.008849247,-0.0044235075,0.0029486183,0.035857785,-0.13054,0.028885616,0.028621994,0.028959846,-0.35908097,0.025059998,-0.03576846,0.0057527483,0.0057804645,0.031099994,-0.06891884,0.046804782,-0.0064702523,0.0071324855,-0.014859691,0.008856391,-0.0029212474,0.026452594,0.0037440828,0.006626518
10/8/2015,0.05,-0.0008940605,-0.00049430877,-0.00074675033,-0.00046248955,-0.00077976956,0.00298698,0.0010847162,0.026608394,0.04012794,0.010482543,-0.1433577,0.009262187,0.155084,-0.0012474004,-0.19521406,0.02614731,-0.039927486,0.005880545,0.0057761185,0.035571385,-0.07075689,0.048205055,-0.0064684344,0.0069797165,-0.014860599,0.008856391,-0.0029213824,0.026476143,0.0037440825,0.007433619
11/8/2015,-0.08,-0.0011274627,-0.0021017576,-0.0010665976,-0.00046248955,-0.0007049545,0.0007865676,-0.0063510556,-0.026224475,-0.059940618,-0.008523938,-0.09525813,-0.008588667,0.29359218,-0.014236523,0.04204108,0.029989345,-0.04040633,0.005803228,0.005271939,0.038221143,-0.07296957,0.048315868,-0.0064624385,0.006795049,-0.014861228,0.0088564,-0.002902379,0.026379555,0.0037440828,0.0048957723
12/8/2015,-0.05,-0.0014193044,-0.0020466114,-0.00095223624,-0.00046248955,-0.00062316103,0.004919965,-0.0063510556,-0.029688032,-0.08979829,-0.016789611,-0.07087291,0.0046389163,0.08700942,-0.020145794,-0.18117198,0.025576137,-0.03791952,0.0062650135,0.0060082683,0.025786126,-0.073959745,0.049967203,-0.0064575896,0.006691406,-0.014862313,0.008856391,-0.002921257,0.026498644,0.0037440825,0.011541781
13/8/2015,0.1899999999999995,-0.0011078337,-0.000535547,-0.00073778274,-0.00046248955,-0.00050591823,-0.0036683085,-0.018157179,-0.040746115,-0.006303114,-0.03257757,-0.10283168,0.01838546,0.077428676,-0.011925925,-0.18313818,0.025157204,-0.036576044,0.0065101977,0.0062218164,0.023849845,-0.07519647,0.04988773,-0.006460198,0.006529777,-0.014863402,0.008856391,-0.0029212614,0.026550148,0.0037440825,0.013419366
14/8/2015,-0.05,-0.0011122173,-0.0012336663,-0.0010348591,-0.00046248955,-0.0006976165,0.0018833692,-0.008674371,-0.018908545,0.0044838544,-0.02019957,-0.07020679,-0.042041972,0.30154523,-0.035481364,-0.06647658,0.027366951,-0.050636515,0.0049536154,0.005113776,0.051440865,-0.07523604,0.048198223,-0.0064618327,0.006414103,-0.01486351,0.008856391,-0.0029233508,0.02636564,0.003744083,0.009649036
17/8/2015,0.1,-0.0004967911,0.0003073767,-0.0007815012,-0.00015576945,-0.00042904716,-0.000525843,-0.008674371,-0.0107879555,-0.0053229122,-0.008389012,-0.0070130606,0.0215741,0.061747383,-0.024363497,-0.2776806,0.025480941,-0.041798607,0.0057385056,0.0055953288,0.036843963,-0.07216149,0.04930182,-0.006460865,0.0062760473,-0.014864305,0.008856391,-0.0029213782,0.026453812,0.0037440828,0.011756577
18/8/2015,-0.14,-0.00072964764,-0.0016424933,-0.0010144127,0.00029835632,-0.0003339518,-0.002480331,-0.0063510556,-0.03127616,-0.00030568795,0.0010759665,0.1342664,-0.034053102,0.17270039,0.019848712,-0.04663902,0.02868603,-0.054441262,0.004380387,0.0045014066,0.09013606,-0.06961231,0.053271517,-0.006460016,0.0061831092,-0.014864279,0.0088564,-0.0029155437,0.026221082,0.0037440832,0.020996543
19/8/2015,0.03,-0.0004125308,4.704013e-05,-0.0008552317,0.00044225118,-0.0003339518,-0.01211424,-0.008674371,-0.012997734,-0.08931591,-0.018098492,0.038906466,0.020091677,-0.063712835,0.0386728,-0.37108272,0.026920209,-0.043125384,0.0049113585,0.0051030926,0.054352496,-0.06668648,0.054148436,-0.0064644613,0.0061213835,-0.014864776,0.008856391,-0.002921258,0.02628651,0.003744083,0.022629054
20/8/2015,-0.18,-0.00039046083,0.00075544044,-0.00047536145,0.00044225118,-0.0003339518,0.00087042013,-0.025267351,-0.03907435,-0.104709774,-0.0046569775,0.031554066,0.031237626,0.21607952,0.052350067,-0.2759692,0.027532237,-0.0488644,0.0043342384,0.004815344,0.0696619,-0.06402111,0.052194163,-0.0064621805,0.00609807,-0.014864155,0.008856391,-0.0029229908,0.026248481,0.0037440832,0.021335281
21/8/2015,-0.05,4.2283355e-05,0.0008507738,-0.00025023756,0.00044225118,-0.00031308754,0.018393524,0.06457087,-0.031247575,0.06061848,-0.02127282,-0.17263111,0.052921697,0.086262144,0.034752056,-0.39395958,0.015712213,-0.046521515,0.0044769333,0.005450937,0.041278884,-0.064738065,0.050566863,-0.006463795,0.0061427574,-0.014864606,0.008856376,-0.0029459675,0.026353033,0.0037440828,0.024207482
24/8/2015,0.21,0.00040145832,0.0013522962,0.0001823438,0.00044225118,-0.00031308754,0.058272947,0.05748016,-0.0050254078,0.058353167,0.007177126,0.017627899,-0.0025921112,0.45030364,0.02293216,-0.46827474,0.026751691,-0.04562336,0.0050335936,0.0050953776,0.07084964,-0.06568483,0.05133031,-0.006460371,0.006195049,-0.014864718,0.008856391,-0.0029213696,0.026301162,0.003744083,0.023086227
25/8/2015,-0.07,-7.9193436e-05,0.00044209204,-4.8312518e-06,0.00044225118,-0.0006872222,0.026550904,0.008067432,-0.026218502,-0.019346565,0.02859063,-0.4445478,-0.06753767,0.4030932,-0.033727217,-0.16307929,0.02220628,-0.06110589,0.0027654688,0.0041846624,0.08343447,-0.071775004,0.04751483,-0.0064611565,0.0062160436,-0.014863612,0.008856386,-0.0029441018,0.026097972,0.0037440837,0.024735425
26/8/2015,0.5300000000000011,0.0014213821,0.004753818,0.0018011988,0.0010356809,-0.00027750988,0.05044859,0.111739,0.013982866,0.088710144,0.054117784,-0.011438039,0.024588455,0.23794438,0.041615993,-0.42893907,0.027919365,-0.0474851,0.004318995,0.004578666,0.077238165,-0.07338738,0.04734684,-0.006458008,0.0062445095,-0.014863534,0.008856391,-0.0029213706,0.026186107,0.0037440832,0.025841078
27/8/2015,-0.09,0.0022651984,0.003023306,0.0003400226,0.0011020051,-0.001233965,0.0025805433,0.0051114284,0.0074260626,0.01206822,0.010165273,-0.058514506,-0.041376222,0.2957263,0.092800505,-0.53319806,0.03174335,-0.07907467,0.0017033257,0.0026927209,0.13323328,-0.071614504,0.052289043,-0.0064520664,0.006410024,-0.014863329,0.008856391,-0.0029314707,0.02581417,0.0037440844,0.043114036
28/8/2015,-0.28,0.0020258855,0.002080016,0.00049065956,0.0005969363,-0.00054078933,0.027796024,0.039807033,-0.066047035,0.07209827,-0.00901101,-0.14624016,0.044507343,0.15862335,0.09056752,-0.37948906,0.029499006,-0.06506487,0.002283997,0.0030097333,0.11990764,-0.072446756,0.05349695,-0.006458312,0.006533396,-0.014863547,0.00885639,-0.002924909,0.025817314,0.0037440842,0.03962676
31/8/2015,0.02,0.0016450386,0.0032482168,0.0014590505,0.0010356809,-0.00020558329,0.048976,0.07819006,0.03958644,0.065198965,0.08078948,-0.029365547,0.05885968,0.13657296,0.117329486,-0.46964085,0.029955864,-0.05548882,0.0032556348,0.0036730724,0.08926098,-0.06827345,0.055282585,-0.0064601535,0.006682192,-0.014888918,0.008856391,-0.0029212194,0.025936836,0.003744084,0.030618511
1/9/2015,0.02,0.0026951425,0.0060405196,0.0018594107,0.0010356809,-0.00027954383,0.061154835,0.07819006,0.045408957,0.07890709,0.09296985,0.109452106,0.060227755,0.39509544,0.121488504,-0.24609394,0.029742442,-0.06160368,0.0028463644,0.0034704388,0.09620713,-0.06845373,0.05481938,-0.0064616497,0.0068277717,-0.0148880575,0.008856391,-0.002922964,0.02596446,0.003744084,0.02199927
2/9/2015,0.6099999999999994,0.0035599142,0.0074458155,0.0021497535,0.0010356809,0.0008240758,0.08538369,0.19547962,0.05477846,0.26047397,0.112698264,-0.15992813,0.017280921,0.24544173,0.083144985,-0.32082808,0.025577174,-0.06174628,0.0025480203,0.003252459,0.07761949,-0.06852736,0.055007778,-0.006462313,0.0069774706,-0.014897569,0.008856386,-0.002924927,0.025830973,0.0037440842,0.025546683
3/9/2015,-0.07,0.0015926296,0.0030783957,0.00020423901,0.0006632605,-0.0006747228,0.03533288,-0.02620849,0.07251069,-0.0038424807,-0.03854379,0.0644891,-0.054879997,0.6049453,0.0975041,-0.5802685,0.03038601,-0.10200158,0.00078906683,0.0015530746,0.11441438,-0.061256684,0.05551197,-0.006465532,0.0071874536,-0.014900455,0.008856391,-0.0029341176,0.025682697,0.0037440849,0.02955995
4/9/2015,-0.2,0.0019239791,0.004534407,0.0015553765,0.0005969363,0.00015493018,0.09910242,0.067695335,0.09823501,0.1354794,0.045736562,-0.0023489003,0.03500302,0.25537667,0.15628505,-0.7138643,0.030932652,-0.09210626,0.0014297937,0.001588992,0.12335428,-0.056466162,0.05602456,-0.006470656,0.007417417,-0.014900958,0.008856391,-0.0029234763,0.025646118,0.0037440849,0.032966223
8/9/2015,0.3599999999999994,0.0031204238,0.0068359687,0.0014103521,0.0005969363,0.0005631397,0.0534182,0.114710465,0.040464338,0.14247298,0.055157255,0.032140695,0.10104843,0.30377167,0.22316681,-0.5795568,0.032107063,-0.083732344,0.0014942319,0.0020040101,0.1293641,-0.05373095,0.056702465,-0.006472964,0.007612131,-0.014900184,0.008856391,-0.002924522,0.025695993,0.0037440846,0.028679634
9/9/2015,-0.1,0.0019177032,0.0023210018,-0.00020079,0.0005969363,-0.00015689648,0.038972747,0.041380137,0.041758996,-0.014280867,0.024841461,0.10133937,0.010712241,0.46795577,0.1480548,-0.5380396,0.031163171,-0.099649176,0.00076257985,0.0012915222,0.11364297,-0.05200966,0.05470352,-0.006474375,0.00783632,-0.014898356,0.008856391,-0.0029264754,0.025617952,0.003744085,0.02456095
10/9/2015,0.33,0.0022491452,0.0034638487,0.00037369897,0.0005969363,0.00015493018,0.03787952,0.08436916,0.038686406,0.1280278,0.029600058,0.17613526,0.0020625896,0.32509488,0.09048224,-0.7253413,0.030982105,-0.08882098,0.0015061322,0.0018179722,0.09472147,-0.055236865,0.05364439,-0.0064697377,0.008067069,-0.01490995,0.008856391,-0.0029240302,0.025671415,0.0037440849,0.02552731
11/9/2015,-0.16,0.0007582351,-0.0010673335,-0.00083386217,0.0005969363,-0.0006747228,-0.0039857603,-0.047804642,0.033919778,-0.067519195,-0.04139843,0.24993995,-0.07977577,0.74995357,0.09683982,-0.4983357,0.028980596,-0.121737435,-0.00028265448,0.0006234683,0.10084828,-0.059196617,0.05209219,-0.0064692516,0.008264855,-0.014908516,0.008856391,-0.0029389737,0.025586277,0.0037440856,0.020599024
14/9/2015,-0.1,0.0019214948,0.0018632666,-0.00024239147,0.0005969363,-0.0001306303,0.015597056,0.04273583,-0.011382642,-0.0455973,-0.007712903,0.31726336,0.03392638,0.40548834,0.1359086,-0.684335,0.029608518,-0.10331539,0.00053023617,0.0012417628,0.104312316,-0.056900717,0.05402448,-0.0064744786,0.008469731,-0.014907789,0.008856391,-0.002937272,0.025617855,0.003744085,0.025380632
15/9/2015,0.07,0.0011814057,0.0016453761,0.00014555639,0.0005969363,-0.00036335393,0.020557018,-0.022799188,0.05866829,0.014680462,0.017674249,0.042102773,0.09378704,0.45357674,0.1796211,-0.68290526,0.035343092,-0.091944344,0.0014707601,0.0013398072,0.08846552,-0.06006947,0.058904126,-0.006469004,0.008722692,-0.014907845,0.0088564,-0.0029080056,0.0255825,0.003744085,0.021535454
16/9/2015,-0.03,0.0012748964,0.002452773,0.0004685633,0.0005969363,-0.00013084458,0.09800354,0.021766,0.083670154,-0.047376722,0.03475167,0.21524446,0.11578054,0.92301416,0.16755457,-0.631526,0.03135697,-0.107425414,0.00016130108,0.0011574597,0.094485864,-0.0432298,0.05929752,-0.0064687086,0.008955948,-0.014908012,0.008856389,-0.0029444147,0.025636336,0.003744085,0.011454954
17/9/2015,-0.48,0.0012385512,0.0007295181,-0.0010461168,0.0015698808,-0.0007900954,0.017522324,-0.15544829,-0.14909454,-0.08509254,-0.04515314,0.11749361,0.13059227,0.5337786,0.16337232,-0.39769125,0.034561682,-0.09032039,0.0011422923,0.0017058523,0.08656511,-0.044809498,0.05780236,-0.006475696,0.009216752,-0.014909125,0.008856391,-0.0029229575,0.025692936,0.0037440849,0.014744874
18/9/2015,-0.03,0.0024363978,0.003046278,-0.0004191005,0.0009209316,9.5711715e-05,0.027965177,0.027584283,0.06942309,0.024187172,0.03305051,0.11917254,0.08087635,0.43058276,0.117592774,-0.23260167,0.029036418,-0.07043742,0.0021999574,0.0027813038,0.06627734,-0.038586315,0.05812262,-0.0064837374,0.0093506,-0.014915389,0.008856391,-0.0029326056,0.025821412,0.0037440844,0.020618761
21/9/2015,-0.05,0.0045588273,0.0059051546,0.004854264,0.020471253,0.010957469,0.1822141,0.27185142,0.22544819,0.17291917,0.11142442,0.19325088,0.15162349,0.41544956,0.15201978,0.017449277,0.032457322,-0.051314883,0.0037290424,0.0033922798,0.08159558,-0.042397887,0.06320937,-0.006487723,0.009534346,-0.014877955,0.0088564,-0.0029040591,0.02590766,0.003744084,0.014015853
22/9/2015,0.07,0.003816114,0.0040725586,-0.00029770832,0.001672867,6.826613e-06,0.036502797,0.013323368,0.03643948,0.081266366,0.03208698,0.38810405,0.06722726,0.54867774,0.06574815,-0.19064161,0.024631122,-0.05365326,0.0032235598,0.003832243,0.091718845,-0.0426619,0.065103985,-0.0064887526,0.009672672,-0.014877996,0.008856385,-0.0029404706,0.026010899,0.0037440837,0.013865844
23/9/2015,0.2400000000000002,0.0014229765,0.0049076136,0.00149297,0.0021324975,0.0013525061,0.036502797,0.0033783573,0.06587925,0.35466418,0.079868756,0.21621026,0.057554908,0.5789379,0.05961321,-0.012180584,0.026677974,-0.050948694,0.0037070825,0.0039032826,0.063918516,-0.046616208,0.061624426,-0.006491994,0.009769443,-0.014866436,0.008856391,-0.0029254488,0.026070442,0.0037440837,0.0078350715
24/9/2015,0.5500000000000007,0.0025407204,0.0035545994,0.0016963242,0.0021324975,0.0024325617,0.040783674,0.11720846,0.08379608,0.1795865,0.12313061,0.26337817,0.03349503,0.6281046,0.034770675,-0.04935146,0.027196474,-0.056548238,0.0033919648,0.0036621664,0.06949761,-0.03832081,0.05861588,-0.0064896443,0.009873665,-0.014862987,0.008856391,-0.0029261496,0.02603151,0.003744084,0.0074040922
25/9/2015,0.01,0.0007800985,0.0027914105,0.00051076623,0.0011228909,0.0010635502,0.05149304,0.066842236,0.080631316,0.15541437,0.12435875,0.32639048,-0.00048803628,0.54769117,0.06985928,0.06310881,0.030462965,-0.08201715,0.0015746154,0.0022007974,0.08709947,-0.0342973,0.057976395,-0.00649129,0.010043617,-0.014861507,0.008856391,-0.0029294263,0.025766708,0.0037440844,0.01471368
28/9/2015,0.01,0.0010230097,0.0004597067,0.002039662,0.0020295114,0.0012851561,0.041819725,0.03783627,0.040127143,-0.022954548,0.045046285,0.1893002,0.020244751,0.27931494,0.07364117,-0.08785248,0.026452938,-0.079416566,0.0016325783,0.0023986222,0.06583005,-0.03533202,0.055754732,-0.0064953244,0.010177721,-0.01486197,0.008856381,-0.0029388429,0.025751578,0.0037440844,0.018824428
29/9/2015,1.120000000000001,0.046259712,0.060522534,0.025118196,0.03374086,0.025821326,0.453124,0.7066044,0.6180838,0.79164237,0.5807016,0.29444325,0.0384429,0.47283545,0.12384382,0.08107881,0.033424057,-0.088724926,0.0012679155,0.0017689822,0.093885735,-0.03343757,0.05477681,-0.0064971945,0.010362652,-0.014863401,0.008856391,-0.00292635,0.025679717,0.0037440849,0.017104873
30/9/2015,0.38,0.007918012,0.013938045,0.004484866,0.0026896137,0.0033419367,0.12042436,0.1572331,0.11186371,0.2541875,0.07804804,-0.1493138,-0.17899694,0.5967481,-0.02316328,-0.5078781,0.020235837,-0.14586835,-0.0020378274,-0.00023927496,0.074224055,-0.02665315,0.04949108,-0.0065001375,0.010642105,-0.017107468,0.008856389,-0.0029660617,0.025558619,0.003744086,0.0063666026
1/10/2015,0.2699999999999996,0.0008850254,0.005564873,0.000121032164,0.00054788735,0.0010969817,0.10113402,0.11350968,0.058606505,0.021115249,-0.03591258,-0.055965148,-0.117047004,0.7479177,0.041887853,-0.58968836,0.011955445,-0.1745485,-0.004744916,-0.0012656869,0.06637877,-0.004987389,0.041778684,-0.0065015904,0.0108061135,-0.019367166,0.008856379,-0.0030123515,0.025465583,0.0037440865,-0.006074268
2/10/2015,0.1100000000000012,0.002788553,0.002804382,-0.0012014934,0.00014632124,0.0009909627,0.07083017,0.10290617,0.22035742,0.06077956,0.018510783,0.069650255,-0.12061987,0.64031786,0.06543567,-0.67825156,0.009558426,-0.19716212,-0.0066295024,-0.0019477265,0.059404865,0.012460348,0.043089002,-0.006502871,0.01104868,-0.021627087,0.008856381,-0.003072104,0.025533708,0.0037440867,-0.022079758
5/10/2015,-0.01,0.0036576593,0.007646552,-0.00011095731,-0.00030780447,0.0009958575,0.089427695,0.16098532,0.30410236,0.010854988,0.057881467,-0.034335595,-0.11157681,0.40077654,0.0525119,-1.0447818,0.0044411914,-0.19924968,-0.0071840626,-0.0017810339,0.033917874,-0.031561367,0.04329603,-0.006503637,0.011275027,-0.023886958,0.008856377,-0.0030966117,0.025579067,0.0037440865,-0.028627237
6/10/2015,0.3499999999999996,0.0016172703,0.0050143073,0.0019203039,-0.00030780447,9.934264e-05,0.033984322,0.12794876,0.07242805,0.15103182,0.082766086,0.03142785,-0.051181313,0.5106376,0.073415115,-1.1516247,0.008582573,-0.1919137,-0.007253012,-0.0019440297,0.05368323,-0.038232677,0.039266348,-0.006496909,0.011466496,-0.026147537,0.008856378,-0.0030742341,0.02555104,0.0037440867,-0.025781633
7/10/2015,0.03,0.00085949304,0.003718939,0.00092518935,-0.00030780447,-9.740191e-05,0.018280966,0.059478104,0.098213926,0.17762484,0.068556875,-0.11936484,-0.110629916,0.6727999,0.05203975,-1.3961395,-0.00281494,-0.2207132,-0.01003501,-0.002493963,0.047683917,-0.042953696,0.033802506,-0.006491805,0.01163978,-0.028407877,0.008856357,-0.003139804,0.025568707,0.0037440872,-0.029929722
8/10/2015,0.33,-0.000988906,0.0021677397,-0.0018702375,-0.00030780447,-0.00013143284,-0.06300162,0.11403867,-0.015529343,0.0747462,-0.030521492,-0.03800959,-0.0743378,0.56831306,0.045315623,-1.4557055,0.0021762317,-0.20583428,-0.009261155,-0.002387233,0.051950485,-0.048672706,0.03168283,-0.0064924443,0.011757033,-0.03066812,0.0088563785,-0.0031178172,0.025547856,0.0037440867,-0.029356135
9/10/2015,-0.1,-0.008985108,-0.0028131872,-0.0035421266,-0.0007062124,-0.0015087161,-0.078524716,-0.040008403,-0.19804001,-0.1108955,-0.06570153,-0.03932537,-0.09464092,0.6382175,0.05492458,-1.3717506,0.0019024061,-0.21711439,-0.009893232,-0.0027396956,0.048700046,-0.05330592,0.03028178,-0.0064937863,0.011855716,-0.032685116,0.0088563915,-0.0031187602,0.025522916,0.0037440872,-0.028657261
12/10/2015,-0.41,-0.0052999514,-0.0029424971,-0.00386552,-0.0007725366,-0.0013936638,-0.08260903,-0.14728409,-0.1794384,-0.19821273,-0.12709959,-0.014848457,-0.06857249,0.5502029,0.031973355,-1.3608477,0.002264161,-0.20660362,-0.009559379,-0.0024336255,0.050349362,-0.05456533,0.027479079,-0.0064961324,0.011956556,-0.03268428,0.0088563915,-0.003114129,0.025544818,0.0037440867,-0.027746497
13/10/2015,0.2599999999999998,-0.00035809726,0.002549319,0.00048223662,-0.0006091524,-6.693201e-05,0.046166923,0.07208602,0.09560651,0.093874894,0.047929753,-0.21440043,-0.06443745,0.3806288,-0.02196128,-1.4016871,0.00110413,-0.18602069,-0.008002119,-0.001880587,0.038570564,-0.05985286,0.026547197,-0.0064971964,0.0120126195,-0.032684255,0.008856381,-0.00307504,0.025489328,0.0037440867,-0.019492585
14/10/2015,0.04,-0.0015028007,0.0010519405,-0.0005792304,-0.00072425674,-0.0004288254,0.008959261,-0.018463898,-0.025248893,0.05286037,0.011561129,-0.18079478,-0.09097504,0.61413753,-0.024269097,-0.87105316,0.010818361,-0.17647077,-0.006886653,-0.0022864905,0.031281553,-0.06505106,0.022510624,-0.006499065,0.01205367,-0.032684714,0.008856381,-0.0030172986,0.025309594,0.0037440872,-0.019271174
15/10/2015,0.1399999999999988,0.00019323171,0.0020606588,-0.000114595314,-0.00065793254,-0.00033162112,0.010836551,0.041801624,0.03540454,0.028271312,0.040245183,0.008209126,-0.07519924,0.46410048,-0.034702767,-0.9045951,0.017771792,-0.15953958,-0.00568377,-0.0020038784,0.032340977,-0.07213233,0.019653155,-0.0064990427,0.012128858,-0.032686267,0.008856391,-0.0029991076,0.025269734,0.0037440867,-0.018089779
16/10/2015,-0.01,0.0009798736,0.0021535635,-0.0004825338,-0.00072425674,-0.0005898752,0.006454117,-0.003224433,0.019367736,-0.07627917,0.009644859,0.019469306,-0.06494459,0.5168145,-0.03483843,-0.6538324,0.019448254,-0.15644348,-0.005501208,-0.0021932744,0.033500515,-0.07725803,0.019064639,-0.006498576,0.012206082,-0.032689426,0.008856391,-0.0029912854,0.025235478,0.0037440867,-0.019585285
19/10/2015,-0.2,-0.0003210904,0.00013486351,-0.0009822522,-0.0005793127,-0.0004897859,0.016940704,0.012920667,0.034745008,0.010686284,0.062485483,0.016763788,-0.015061044,0.45509115,0.019715877,-0.35654575,0.023763629,-0.14622675,-0.005018041,-0.00206314,0.028003955,-0.08119057,0.015791977,-0.006498306,0.012232681,-0.0326957,0.008856401,-0.002972735,0.02519836,0.0037440867,-0.020627607
20/10/2015,0.1199999999999992,0.0005689397,0.0020177679,-0.00021637465,-0.0005793127,-0.0004897859,0.023806848,-0.014462009,0.06864091,0.04656095,0.01885968,-0.18762124,-0.013482471,0.2038027,-0.042926915,-0.5724504,0.0142085105,-0.13341978,-0.004734173,-0.0012617095,0.011394651,-0.08721574,0.014342816,-0.0064983605,0.012231981,-0.030439595,0.008856381,-0.0029935795,0.025231687,0.0037440865,-0.018353526
21/10/2015,0.4199999999999999,0.0005005616,0.0014569552,0.0005113522,-0.0005793127,-0.0005173077,0.03343399,0.024047105,0.07484484,0.05872888,0.114511184,-0.05050223,-0.01781703,0.44835508,-0.051700972,-0.3215345,0.012431398,-0.1331952,-0.0053580515,-0.00134912,0.03066334,-0.090445444,0.0136829205,-0.006498288,0.012164222,-0.028186606,0.008856376,-0.0029968198,0.025178254,0.0037440865,-0.020553298
22/10/2015,-0.32,-0.0012476218,-0.00011123389,6.560028e-05,-0.0005793127,-0.000642076,0.023475807,-0.019526828,-0.057064854,0.083623305,-0.01681742,0.11563158,-0.07043215,0.4259262,-0.057416108,-0.464739,0.020400573,-0.15198901,-0.005429867,-0.0023557902,0.027593605,-0.09183364,0.010816381,-0.006498333,0.012255353,-0.025939906,0.008856391,-0.0029760269,0.025086196,0.0037440872,-0.023442416
23/10/2015,0.3600000000000012,-0.0001391008,0.00024216784,0.00039409814,-0.00051298836,-0.00062415184,0.026592156,0.04788874,0.06381247,0.046612352,0.041548137,-0.058004238,0.004738478,0.06381676,-0.046259545,-0.49142224,0.021033678,-0.1204983,-0.0040042014,-0.0012849851,0.01977513,-0.09662835,0.010494753,-0.006500112,0.012225,-0.023703838,0.008856391,-0.0029640987,0.025085537,0.0037440865,-0.01803777
26/10/2015,-0.22,0.00042884547,-0.00090406847,0.00068600994,-0.0005793127,-0.00042747785,0.02863084,0.036603265,-0.06988626,0.11180378,0.016862791,0.048540134,-0.019793756,0.35981563,-0.02338767,-0.2868604,0.02287099,-0.13969259,-0.00489353,-0.0021261477,0.023474572,-0.09162268,0.011292515,-0.00650105,0.012293294,-0.021481482,0.008856391,-0.0029611734,0.025015758,0.0037440872,-0.02229554
27/10/2015,0.2300000000000004,-0.00074820797,0.0009710723,0.000366385,-0.0006282243,-0.00054683164,0.0055106715,0.04788874,-0.0018791624,0.13000484,0.09194848,0.031818245,0.06471287,-0.03732009,-0.046503708,-0.42001793,0.020172972,-0.11613043,-0.0037398401,-0.0011181812,0.016842265,-0.08886979,0.011283231,-0.0065003023,0.012349764,-0.019269802,0.008856391,-0.002945258,0.025076794,0.0037440865,-0.017619792
28/10/2015,-0.09,-0.0015337616,-0.00027294047,-0.0005433669,-0.00077316846,-0.00068099133,0.00092022575,-0.07705779,0.03678181,0.061503522,0.016472219,0.08008094,-0.016873466,0.28211406,-0.040846042,-0.33580074,0.02577208,-0.13083689,-0.0043237605,-0.0019922932,0.023872258,-0.088184595,0.010625625,-0.0064999177,0.012367123,-0.017053008,0.008856391,-0.0029451295,0.024970714,0.0037440872,-0.020516979
29/10/2015,-0.04,0.00064622134,0.000473733,-0.00075447065,-0.00077316846,-0.0006897508,0.0055106715,-0.007246013,0.0060774097,0.058227334,0.06990554,0.04750356,0.016094236,-0.023371017,-0.05669338,-0.465013,0.026306923,-0.11001666,-0.003221703,-0.0012333012,0.013930148,-0.08068553,0.01031568,-0.0065003624,0.012330146,-0.014843281,0.008856391,-0.0029380221,0.025028557,0.0037440865,-0.018512754
30/10/2015,0.5899999999999999,-0.0020936646,-0.0018066643,-0.0006894118,-0.00077316846,-0.0006897508,-0.011839619,-0.02206867,-0.0011149328,0.06838231,0.040777802,-0.034182016,0.038634457,-0.059758827,-0.04016498,-0.35452035,0.030116089,-0.099141285,-0.0024995308,-0.001086524,0.023888351,-0.08173199,0.011152171,-0.006498322,0.012319246,-0.014843805,0.008856401,-0.0029184239,0.025004392,0.0037440865,-0.016541068
2/11/2015,0.3800000000000008,0.00066297664,-0.001633704,0.0014560957,-0.0010479314,0.0005348059,0.0071366206,0.12955773,-0.082328096,0.085822865,0.015553539,-0.08206018,-0.038135514,0.21410638,-0.0539886,-0.40737695,0.026845673,-0.14475958,-0.0045318,-0.002525035,0.022697564,-0.076446705,0.008752268,-0.0064995866,0.012266591,-0.014843723,0.008856391,-0.002940313,0.024947846,0.0037440874,-0.020607606
3/11/2015,-0.85,-0.07069536,-0.082271025,-0.03107075,-0.06007955,-0.04645234,-0.48162863,-0.5966233,-0.6266013,-0.7006962,-0.5834045,-0.05285076,-0.048393056,0.23267372,-0.042500306,-0.64593226,0.023383645,-0.17207141,-0.0056206635,-0.0032255198,0.014291796,-0.074699916,0.0070167384,-0.006502984,0.012091061,-0.014843584,0.008856391,-0.0029490995,0.024953099,0.0037440879,-0.023184048
4/11/2015,0.1199999999999992,-0.0005668539,-0.005107931,-0.0045012236,-0.001677486,-0.0026894754,-0.027512997,-0.1463304,-0.11139867,-0.13465504,-0.08790492,-0.330353,0.02397354,0.036448237,-0.002240233,-0.47475478,0.029902667,-0.13299601,-0.0033735035,-0.0022008051,0.06278574,-0.084039,0.007875985,-0.006503593,0.011863646,-0.014843919,0.008856401,-0.002927502,0.024916878,0.0037440872,-0.009637931
5/11/2015,-0.3,-0.004934148,-0.0074182185,-0.0063589658,-0.0017026626,-0.0035534238,-0.093823306,-0.1483914,-0.14039825,-0.15861045,-0.19606479,-0.3778855,-0.06893421,0.3200899,-0.07822676,-0.24089146,0.02880127,-0.1345206,-0.0046619354,-0.0025263273,0.044876337,-0.087122194,0.0042648786,-0.0065017426,0.011556392,-0.014843999,0.008856387,-0.0029481759,0.024839986,0.0037440872,-0.015087177
6/11/2015,-0.47,-0.0036605285,-0.0065657245,-0.005207135,-0.0015473755,-0.0030156064,-0.09169816,-0.1955651,-0.14386186,-0.16103189,-0.13217382,-0.3346163,-0.052650638,0.1575022,-0.13094194,-0.4381618,0.02919249,-0.11015983,-0.0032404375,-0.0018006342,0.03008292,-0.096180834,0.0033967353,-0.0065005063,0.011259632,-0.014844201,0.008856391,-0.0029295143,0.024859725,0.0037440867,-0.011260696
9/11/2015,0.7200000000000006,0.009406449,0.013586149,0.009634623,-0.0011802687,0.0028801109,0.12802564,0.4315812,0.20494196,0.22635607,0.2467692,-0.2078551,-0.007553242,0.44903526,-0.09233606,-0.290747,0.026571386,-0.09175932,-0.002199755,-0.00063573424,0.0737042,-0.10962284,0.009691771,-0.0065011545,0.010928394,-0.014844293,0.008856391,-0.0029289785,0.025072096,0.0037440863,0.0063732117
10/11/2015,-0.02,0.0017456987,0.0045064446,0.0033181875,-0.0011802687,5.9070517e-05,0.12075848,0.08138459,0.09294299,0.016079772,0.08154328,-0.34615934,-0.10281221,0.5942125,-0.09787094,-0.50846577,0.024009828,-0.11335686,-0.0032999874,-0.0017374165,0.018085292,-0.09503535,0.012279577,-0.0065014786,0.010689414,-0.014843951,0.008856391,-0.0029380308,0.024923801,0.0037440867,-0.012944375
11/11/2015,0.2800000000000011,0.0026567944,0.0007618616,0.0028104987,-0.0014036287,0.00023201144,0.097014494,0.077485345,0.1299311,0.031203547,0.14176106,-0.2968191,0.029855734,0.10499142,-0.045309175,-0.4176704,0.027935104,-0.09669549,-0.002487746,-0.0012321762,0.040929295,-0.09052444,0.012964383,-0.006502572,0.010401009,-0.014843901,0.008856391,-0.0029288114,0.024936765,0.0037440865,-0.009721592
12/11/2015,0.07,0.002712441,0.0005284592,0.0029690182,-0.0012489436,-0.00013684046,0.08938108,0.10029049,0.14862648,0.03678536,0.14205313,-0.07543916,-0.016551152,0.336883,-0.06245591,-0.25112972,0.030414954,-0.1129489,-0.0033321641,-0.0019092287,0.049219366,-0.08142483,0.0128298765,-0.0065028686,0.010127291,-0.014843527,0.008856391,-0.0029270668,0.02488361,0.0037440867,-0.012207893
13/11/2015,0.1400000000000005,0.0026410122,0.0027144938,0.000850997,-0.0013790543,-0.000120767254,0.122004926,0.09840849,0.1341925,0.0044737128,0.07650193,-0.0465156,0.029932173,0.2420835,-0.04996568,-0.32167625,0.024815178,-0.12543696,-0.0041889595,-0.0020661233,0.037857536,-0.0676458,0.010909381,-0.006503241,0.0098585505,-0.014843334,0.008856381,-0.0029433914,0.024865048,0.0037440872,-0.011829273
16/11/2015,-0.4,-0.0012467909,-0.0026314426,-0.002427409,-0.0015871349,-0.0011998373,0.08428622,-0.05145183,0.095469356,-0.12272195,-0.0010808943,0.035569947,-0.03412553,0.24925248,-0.09138866,-0.1918407,0.030427646,-0.11075937,-0.0033067316,-0.0020122856,0.024044242,-0.07502449,0.008855511,-0.006503682,0.009613835,-0.014843024,0.008856391,-0.0029259236,0.024835553,0.0037440867,-0.010120067
17/11/2015,-0.31,-0.0022310698,-0.005015591,0.0005558536,-0.0056084176,0.0013283914,0.0057241605,-0.036163107,0.060517207,0.04271894,0.082064085,-0.010532328,-0.02878134,0.5020567,-0.103430025,0.103444636,0.028839635,-0.1041592,-0.003007377,-0.0014767256,0.043632634,-0.09701873,0.0075165913,-0.0065022917,0.009316323,-0.017085185,0.008856398,-0.0029293834,0.024948282,0.0037440865,-0.008278362
18/11/2015,0.4799999999999986,0.005040625,0.0061979047,0.0047616092,-0.00084373227,0.0016845269,0.13840435,0.16666415,0.24527264,0.26839083,0.15365875,0.014265048,0.023766933,0.7305505,-0.033893194,-0.10843841,0.026713617,-0.10497582,-0.0035897798,-0.0016531283,0.05647821,-0.10820573,0.008592328,-0.0065020514,0.009044487,-0.017085582,0.008856391,-0.0029379406,0.02493086,0.0037440867,-0.012196893
19/11/2015,0.3500000000000014,0.0023854037,0.007093193,0.0050055105,-0.001000768,0.00038636973,0.09675793,0.1671309,0.25695756,0.18871057,0.16913313,-0.05678218,-0.028969757,0.6967321,-0.034810808,-0.11062425,0.028532783,-0.12057115,-0.003961786,-0.0024815528,0.03435019,-0.108212225,0.0095078545,-0.006503197,0.008800277,-0.017084856,0.008856391,-0.0029309222,0.024809135,0.0037440872,-0.013948383
20/11/2015,0.1099999999999994,0.0011526912,0.0026679079,0.0012151294,-0.0011571714,0.00025435002,0.07100917,0.056791615,0.10338561,0.039599456,0.050550427,-0.46495274,-0.04381827,0.41986242,-0.045557782,-0.3876497,0.020622728,-0.14288583,-0.0049205795,-0.0029679942,0.00025828896,-0.10645587,0.0093157,-0.006503181,0.008582848,-0.017111264,0.008856376,-0.0029519347,0.024787586,0.0037440874,-0.01416496
23/11/2015,-0.41,-0.0017562419,-0.0043568765,-0.004162258,-0.0017438104,-0.0021792003,-0.06572525,-0.140749,-0.16737825,-0.28353006,-0.18529186,-0.22039919,0.025275338,0.17919184,0.014318354,-0.5526026,0.027411286,-0.14305784,-0.004339814,-0.0029372352,0.018028727,-0.07892861,0.01061851,-0.0065035108,0.008469985,-0.017110432,0.008856391,-0.0029301452,0.024855169,0.0037440874,-0.015794862
24/11/2015,-0.09,0.0002919322,-0.0022602447,-0.0014270521,-0.001677486,-0.0005021113,-0.010631871,0.054408908,-0.04603331,-0.017473651,-0.060719687,-0.29009843,0.044385225,-0.029334642,0.022689221,-0.6471446,0.030760786,-0.12671566,-0.0033767407,-0.0023211457,0.034237158,-0.07549975,0.013062448,-0.0065037627,0.008277012,-0.017110229,0.008856391,-0.002927637,0.024827331,0.0037440872,-0.009179469
25/11/2015,0.06,0.00051194266,0.0018962929,-0.00096485415,-0.0017438104,-0.00063952606,-0.01999819,0.054408908,-0.046550486,0.03136739,0.006904608,-0.21974531,0.023561466,0.1397858,-0.032023247,-0.40982747,0.025213944,-0.113190845,-0.003760064,-0.0020010131,0.0018916973,-0.07820733,0.014565564,-0.0065032807,0.008061375,-0.017109884,0.008856381,-0.0029411488,0.024823738,0.0037440872,-0.011692077
27/11/2015,-0.04,0.0012365667,0.00085696275,-0.0009277402,-0.001404848,-0.0005002453,0.009672165,-0.04676122,-0.026793433,0.06212251,0.0071962504,0.12584536,0.017640546,0.35208666,-0.050361115,-0.08036022,0.032517757,-0.10739019,-0.0036536532,-0.002205854,0.049885597,-0.07998835,0.013096737,-0.006503285,0.007873405,-0.017109502,0.008856391,-0.0029256148,0.024759393,0.0037440872,-0.008484595
30/11/2015,0.5099999999999998,0.0011733365,0.003091855,0.0009590635,-0.0015112524,0.0014800568,0.0015243024,0.108428545,-0.020105248,0.14232293,0.03708867,0.0110493135,0.023973094,0.36991888,-0.031931765,-0.21446632,0.032134358,-0.10383609,-0.0036769386,-0.0022105002,0.035597105,-0.08858192,0.010588147,-0.006503669,0.007640606,-0.017109646,0.008856391,-0.002925448,0.024741946,0.0037440872,-0.011813587
1/12/2015,-0.1,-0.0020537223,1.6205282e-05,-0.0014609708,-0.0013915593,-0.0013585242,-0.00049448427,0.064632155,-0.013469648,-0.12885115,0.029439382,-0.30925465,-0.026939139,0.32536817,-0.018238878,-0.35625967,0.032212574,-0.13321678,-0.0044109183,-0.0031150072,0.023369215,-0.082892165,0.008285212,-0.00650342,0.007453971,-0.017110057,0.008856391,-0.0029274279,0.024697255,0.0037440876,-0.013034832
2/12/2015,0.2400000000000002,0.00021130756,-0.0006850042,-0.0010320887,-0.0016928504,-0.00095249375,0.007837945,0.11220236,0.024388455,-0.07376551,-0.0027278692,-0.4307731,0.033496063,0.026912091,-0.008637811,-0.53094923,0.026390592,-0.12596488,-0.004339559,-0.0026659276,0.015073867,-0.081838936,0.010010407,-0.006503336,0.0072812494,-0.017111167,0.008856381,-0.002940735,0.024750026,0.0037440874,-0.010073722
3/12/2015,-0.1,-0.0015970018,-0.0015039425,-0.002414146,-0.003027295,-0.001477533,-0.025355194,-0.03770754,0.0061501293,-0.21444564,-0.13631748,-0.09815873,0.028964112,0.1101688,0.0220716,-0.31508744,0.034428902,-0.13371065,-0.0039507933,-0.0031713585,0.034227498,-0.076903105,0.012577383,-0.006503703,0.0071500447,-0.017113853,0.0088564,-0.0029102224,0.024739489,0.0037440876,-0.011499355
4/12/2015,-0.18,-0.002422488,-0.0035751488,-0.003286972,-0.0035187164,-0.0016136215,-0.03666995,-0.044126093,-0.037227288,-0.20200986,-0.02583532,-0.21349894,-0.008504171,-0.12631087,-0.036629926,-0.48831198,0.03404086,-0.12556015,-0.0039441725,-0.0028986945,-0.00041171303,-0.073549904,0.01047604,-0.0065041874,0.0069816923,-0.019379565,0.008856391,-0.0029232383,0.024681188,0.0037440874,-0.011322899
7/12/2015,-0.3,-0.002162998,-0.0035896169,-0.0029682065,-0.0035187164,-0.0016472212,-0.030836325,-0.03770754,-0.03870867,-0.12112699,-0.016557945,-0.04176277,0.05235652,0.02797223,-0.012716786,-0.33582824,0.034218725,-0.110970244,-0.0036027816,-0.0023961395,0.0301734,-0.07795918,0.009822402,-0.0065041855,0.0068009873,-0.019387858,0.008856391,-0.0029232276,0.024733616,0.0037440872,-0.010301789
8/12/2015,0.09,-0.0014343434,-0.0014916349,-0.0014176681,-0.0032890078,-0.001713366,-0.0046081604,0.0051490637,0.03399551,0.0226843,0.006992684,-0.21492535,0.048317045,0.22278252,0.010177591,-0.23268108,0.034051564,-0.1072955,-0.0034980928,-0.0022830209,0.035856597,-0.088909514,0.008890413,-0.006503795,0.00658442,-0.017135505,0.008856391,-0.0029231044,0.024724292,0.0037440872,-0.009011055
9/12/2015,-0.54,-0.0022103896,-0.0035190708,-0.0022822418,-0.0031568,-0.0019694925,-0.015284611,-0.0340648,0.0060047433,0.08935806,-0.04227361,-0.10618715,0.054602124,0.38677892,0.021101631,-0.17431746,0.032630775,-0.10025454,-0.003502349,-0.0021157518,0.03919612,-0.09532447,0.00696453,-0.0065037324,0.0064818333,-0.017155314,0.008856391,-0.0029245466,0.02471915,0.0037440867,-0.011040469
10/12/2015,0.03,-0.0045627407,-0.003449145,-0.0027728148,-0.004085818,-0.0018122104,-0.012098493,0.036612555,0.008100017,0.064795695,-0.012786072,-0.3034979,0.021114878,0.23297718,-0.06966352,-0.46416184,0.029769756,-0.07985219,-0.0021515666,-0.00074148923,0.061130058,-0.102102384,0.008668921,-0.006501957,0.0063569895,-0.017306473,0.008856391,-0.0029226372,0.02494575,0.0037440863,0.0060122176
11/12/2015,-0.07,-0.005145588,-0.0036057923,-0.002360093,-0.0037207901,-0.0017772903,0.0039847116,0.012964806,0.004427421,0.014716541,-0.028795669,-0.0018153419,0.09350897,0.25346932,-0.0005025418,-0.2790664,0.0297825,-0.07521549,-0.0019318358,-0.0002637871,0.09982227,-0.09023133,0.010907675,-0.0065002954,0.0062454925,-0.017098324,0.008856391,-0.0029272083,0.025036126,0.003744086,0.008880951
14/12/2015,0.08,-0.0036301839,-0.003584025,-0.002725546,-0.0034073503,-0.0019010423,-0.035748035,-0.063661896,-0.049253818,-0.032124724,-0.050572142,-0.11850591,0.051071357,0.16597393,-0.0618487,-0.44656566,0.028173137,-0.0679469,-0.0013774254,0.00015441548,0.089069374,-0.0684262,0.011413074,-0.006501058,0.0061910804,-0.017098945,0.008856391,-0.0029249098,0.02513033,0.0037440858,0.012009271
15/12/2015,0.0,-0.0035081285,-0.004867065,-0.0022770339,-0.0028085213,-0.001949432,-0.011202245,-0.015816627,0.018647354,-0.08428686,0.0047928574,-0.08321163,0.045720275,0.34182298,-0.062432054,-0.21860634,0.028904416,-0.07156987,-0.0018459404,-0.00023682333,0.071076706,-0.06850761,0.0097326515,-0.006502356,0.006019888,-0.017099338,0.008856391,-0.0029237173,0.025085326,0.003744086,0.002883945
16/12/2015,0.1099999999999994,-0.0029895992,-0.0034423936,-0.0012249447,-0.0026514854,-0.0017933641,0.01418921,0.01484853,0.0045462246,0.07678398,-0.040785197,0.032125436,0.022995925,0.25505343,-0.097533524,-0.14846033,0.027874004,-0.06641212,-0.0015473743,8.386211e-05,0.066327795,-0.061489563,0.008188226,-0.0065025147,0.005888847,-0.017100018,0.008856391,-0.0029236712,0.025163747,0.0037440858,0.0026860947
17/12/2015,0.4000000000000003,-0.0026620459,-0.0007845722,-0.0009754877,-0.0027861057,-0.0017296665,0.010453331,-0.007307289,0.021350507,0.11982842,0.01775671,-0.01823363,0.020408832,0.16125475,-0.09702359,0.0010892267,0.027789362,-0.06498454,-0.0014447353,0.00019224668,0.06494464,-0.07367983,0.0072613717,-0.006502393,0.0057575647,-0.017100837,0.008856391,-0.0029239638,0.02519607,0.0037440858,0.0017283972
18/12/2015,-0.13,-0.00321622,-0.0024720652,-0.003241765,-0.002971905,-0.0023719484,-0.031804148,-0.08044396,-0.05347278,-0.12224031,-0.047249608,-0.1597754,-0.10860653,0.26547486,-0.147793,-0.116661586,0.027600402,-0.07900559,-0.0022231312,-0.0009864138,0.031597756,-0.088348135,0.0061525637,-0.006502783,0.0056343246,-0.01710185,0.008856391,-0.0029228611,0.02495038,0.0037440863,-0.0072729522
21/12/2015,0.07,-0.003943032,-0.0053162747,-0.0027687706,-0.010273946,-0.00178887,-0.02325954,-0.0138738025,0.0017138978,0.110243365,-0.0053080716,-0.18293504,0.010723932,-0.20831384,-0.05167645,-0.3412436,0.02725041,-0.06558436,-0.0018306497,-0.000412956,0.022406427,-0.0756927,0.009291145,-0.0065031727,0.005527463,-0.019362973,0.008856391,-0.0029213685,0.025019314,0.003744086,-0.0039843214
22/12/2015,0.1100000000000012,-0.0026551038,-0.0057544783,-0.0026670105,-0.00032042403,-0.0017354485,-0.04751445,-0.13626361,-0.0068832734,-0.03223059,-0.06697118,0.0132644,0.029205108,-0.033440333,-0.008173434,-0.21369362,0.028050913,-0.07611749,-0.0025008325,-0.0009978083,0.04077977,-0.06759691,0.01358842,-0.0065030996,0.005500534,-0.019364519,0.008856391,-0.0029229242,0.024950014,0.0037440863,-0.008211838
23/12/2015,-0.09,-0.003328673,-0.005628568,-0.002691375,-0.00058930006,-0.0014944996,-0.0018414896,-0.065696165,0.06411594,-0.0095947925,-0.083901495,0.061789826,0.038556065,-0.068548195,-0.0367415,-0.36682716,0.022310285,-0.0856333,-0.0033020673,-0.001051661,0.025875598,-0.06473546,0.014224511,-0.0065030656,0.005458473,-0.01936596,0.008856382,-0.0029393432,0.024938196,0.0037440863,-0.0080557475
24/12/2015,-0.3,-0.0034527322,-0.0046337196,-0.0036315662,-0.0018566494,-0.0022656277,-0.046260912,-0.12265648,-0.103800625,-0.28978437,-0.11961324,-0.32904115,0.03920478,-0.39234912,-0.062206265,-0.41474104,0.025739968,-0.07948781,-0.0021959823,-0.0007802484,0.014210309,-0.053014398,0.015102937,-0.006502578,0.0054151104,-0.019362073,0.00885639,-0.0029228323,0.024993328,0.0037440863,-0.0028976637
28/12/2015,0.02,-0.0027805972,-0.0070254435,-0.0029724522,-0.0036403087,-0.002135732,-0.06349691,-0.059983477,-0.08920138,-0.023648543,-0.096632734,-0.2715944,0.06086865,-0.21324505,-0.0056459857,-0.48142982,0.026240293,-0.07427497,-0.002260369,-0.0010112989,8.540725e-05,-0.066410415,0.0154682575,-0.0065019825,0.0053196647,-0.021621063,0.008856391,-0.0029210094,0.02492947,0.0037440863,-0.0074862754
29/12/2015,0.37,-0.0029305313,-0.0062383306,-0.0031160996,-0.002992213,-0.0022637073,-0.031660642,-0.059983477,-0.058742072,0.07717327,-0.09308365,-0.18583663,0.048507717,-0.017697198,-0.0045247013,-0.38431934,0.027279565,-0.07890017,-0.002659043,-0.0012136559,0.022944126,-0.07101144,0.014128399,-0.006502384,0.005173048,-0.021620799,0.008856391,-0.0029232544,0.024925249,0.0037440863,-0.011513086
30/12/2015,0.09,-0.0020061152,-0.002895673,-0.001995215,-0.00330697,-0.0018186463,-0.016383959,-0.02577947,0.04786426,0.065029524,-0.0008798341,-0.23440295,-0.031083388,0.031514723,-0.07778095,-0.46203443,0.030089818,-0.09683689,-0.003253703,-0.00200597,0.035870735,-0.073834606,0.012955339,-0.006502865,0.0051458757,-0.02161994,0.008856391,-0.002923158,0.024790477,0.0037440867,-0.010361229
31/12/2015,-0.27,-0.001113627,-0.0031252538,-0.002637432,-0.0032817936,-0.001282159,-0.004181649,-0.067181714,-0.05576287,-0.050045535,-0.08662064,-0.23664315,0.018957593,-0.12631366,-0.009431786,-0.4847022,0.03189451,-0.103064895,-0.0032276746,-0.0021796362,0.020678196,-0.08450504,0.012211933,-0.006503376,0.005120787,-0.021621525,0.008856391,-0.0029211296,0.024770286,0.0037440872,-0.009863999
4/1/2016,-0.4,-0.0017801152,-0.003756789,-0.0028854578,-0.0037732143,-0.0017208487,-0.029661102,-0.032977704,-0.07784129,-0.06191721,-0.08809499,-0.23852408,0.051010337,0.026071733,0.020545641,-0.4356073,0.029463233,-0.08881358,-0.0029415553,-0.0017858471,0.017678559,-0.083702184,0.010541454,-0.006503253,0.0050747925,-0.021621041,0.008856391,-0.0029210877,0.024786301,0.0037440865,-0.010053942
5/1/2016,-0.15,-0.004330483,-0.00639323,-0.004105293,-0.0030873646,-0.0019754723,-0.043989692,-0.03745678,-0.08669684,0.0050055957,-0.06623292,-0.3202346,0.052132696,0.009217615,0.009314801,-0.37582073,0.028534833,-0.07087871,-0.002019242,-0.00062627054,0.027800016,-0.09449916,0.008086033,-0.0065034204,0.0050060158,-0.02162171,0.008856391,-0.0029209657,0.024955027,0.0037440863,-0.0032942772
6/1/2016,0.33,-0.0034213332,-0.005486094,-0.0031032562,-0.0031619307,-0.0018196604,-0.052508544,-0.14264499,-0.0049752328,0.025511432,-0.051779564,-0.23596303,0.004195469,0.17512082,-0.038035568,-0.28952953,0.02689227,-0.06992319,-0.001945098,-0.00026426502,0.03647594,-0.11155481,0.0037713395,-0.0065033026,0.004892471,-0.021622827,0.008856391,-0.002929873,0.025051642,0.003744086,-0.00014928202
7/1/2016,-0.29,-0.0049475157,-0.003791768,-0.004035937,-0.0023493804,-0.0019758001,-0.065065324,-0.123996936,-0.08990165,-0.15371941,-0.07617775,-0.3222216,-0.054661483,0.46776018,-0.07132909,-0.18297681,0.01973053,-0.084638156,-0.003293347,-0.00095799693,0.02441228,-0.11296275,0.0032956263,-0.0065028616,0.004801656,-0.021623572,0.008856376,-0.0029474632,0.024934128,0.0037440863,-0.0046602036
8/1/2016,-0.31,-0.0039263284,-0.004607725,-0.0029099311,-0.0025221303,-0.0022313918,-0.043775983,-0.11601071,-0.060057405,-0.12363208,-0.07018531,-0.24206007,0.016326936,-0.05671926,-0.020633774,-0.32052767,0.027658666,-0.063061126,-0.0015417038,-0.00011704418,0.026804913,-0.11508017,0.0065329587,-0.0065030893,0.004647043,-0.021626716,0.008856391,-0.0029217307,0.025078136,0.0037440858,-0.002831508
11/1/2016,-0.1,-0.005165633,-0.0038932934,-0.0038147927,-0.0028113897,-0.0025678435,-0.03984687,-0.025198199,-0.03163093,-0.08855236,-0.050528336,-0.25737464,0.0075191706,0.13641866,-0.038510952,-0.33450824,0.026726376,-0.060157064,-0.0011448674,0.00036271103,0.06891443,-0.10746118,0.0067665763,-0.0065033026,0.0045174807,-0.021630099,0.008856391,-0.0029226083,0.025216375,0.0037440856,0.0029364324
12/1/2016,0.4199999999999999,-0.0034393792,-0.004025501,-0.0024145793,-0.0007211046,-0.0011351601,0.003983425,-0.083327755,0.0007758967,-0.064126335,0.009880146,-0.11959706,0.09668416,-0.15372334,0.042418607,-0.45942298,0.026125384,-0.051577162,-0.0006295633,0.00096233963,0.046317015,-0.096494645,0.009727079,-0.00650301,0.0044072503,-0.019368222,0.008856391,-0.002921196,0.025347793,0.003744085,-0.0012795096
13/1/2016,0.4100000000000001,-0.0012773465,0.0012100827,-0.0013921706,-0.0004566604,-0.0011020262,0.0009213498,0.07281943,0.04099775,0.0907291,0.047076974,-0.18808533,-0.00975067,0.010803791,0.0007057034,-0.35943943,0.027557198,-0.07086508,-0.0019910578,-0.00013891183,0.037913006,-0.11580937,0.01045875,-0.0065031494,0.0043454533,-0.019371638,0.008856391,-0.0029248476,0.02514631,0.0037440858,-0.010144102
14/1/2016,0.04,-0.001637905,-0.002166735,-0.003103869,-0.0013470054,-0.0010891375,-0.04518799,-0.09716567,-0.06586032,-0.009608808,-0.088289894,-0.2609461,-0.04238393,-0.065200165,-0.03200994,-0.44904873,0.02323428,-0.08102392,-0.002957506,-0.0008091902,0.0036021825,-0.12467104,0.010635543,-0.006503147,0.004264917,-0.021633295,0.008856381,-0.0029396315,0.0249931,0.0037440863,-0.012779505
15/1/2016,-0.17,-0.0012990395,-0.0055870935,-0.0034179671,-0.0012077596,-0.0012988537,-0.051769637,-0.09577347,-0.031233123,-0.078505725,-0.08371147,-0.15031163,0.023476094,-0.05081882,0.0348349,-0.13269478,0.03296353,-0.07340035,-0.0022769487,-0.0011363563,0.02392355,-0.11200828,0.013413805,-0.006503139,0.004238786,-0.019370725,0.0088564,-0.0029075716,0.024901418,0.0037440863,-0.011726243
19/1/2016,-0.57,-0.004823798,-0.007237314,-0.004138132,-0.0013630468,-0.0013182745,-0.051819008,-0.16963904,-0.07375104,-0.06693102,-0.12897,-0.14080384,0.04176152,-0.14352347,0.049612213,-0.37621412,0.028644124,-0.071449734,-0.0024232254,-0.0009917413,-0.00025185678,-0.120273255,0.015156564,-0.00650344,0.004209987,-0.019367589,0.008856391,-0.0029211638,0.024918837,0.0037440863,-0.011263139
20/1/2016,0.2699999999999996,-0.0041005583,-0.0059606615,-0.0034392849,-0.00049422024,-0.0009833358,-0.028679341,-0.09616125,-0.007666428,-0.12524815,-0.070825584,-0.044033058,0.030023905,-0.23146456,0.0390172,-0.4788121,0.027680174,-0.06983904,-0.002015645,-0.00026798106,0.026441967,-0.115910575,0.018311359,-0.0065035583,0.0041426015,-0.021597171,0.008856391,-0.002926066,0.025047995,0.003744086,-0.0012412863
21/1/2016,-0.03,-0.0024350951,-0.0017466816,-0.0027062648,-0.00064890523,-0.0011343507,-0.057237744,0.12707898,-0.10014032,-0.043171216,-0.05622266,-0.21036476,0.0045173154,0.16609128,0.02883802,-0.33241522,0.028889235,-0.07413578,-0.0023653954,-0.0009336262,-0.0028498608,-0.11830839,0.018114164,-0.006503582,0.0041585593,-0.023861814,0.008856391,-0.002921152,0.024940463,0.0037440863,-0.010876828
22/1/2016,-0.32,-0.0039692265,-0.003500816,-0.0033928214,-0.0013230237,-0.0012723489,-0.052103687,-0.15027864,-0.1246031,-0.10209004,-0.07057101,-0.3329182,0.049035113,-0.02822457,0.02574874,-0.23073506,0.028192041,-0.07112087,-0.002272504,-0.0007117202,-0.0010116289,-0.13015905,0.016111411,-0.0065034637,0.0041695028,-0.026111292,0.008856391,-0.0029220628,0.025001856,0.0037440863,-0.011007176
25/1/2016,-0.08,-0.003745603,-0.0019548158,-0.0026140185,-0.00057061366,-0.0007604041,-0.02921867,-0.044323176,0.014698526,0.023200467,-0.0587425,-0.2209853,0.12719502,-0.1588208,0.08343298,-0.26117328,0.030389868,-0.051370785,-0.0009962567,0.00014036566,0.014069725,-0.13119294,0.019239075,-0.006503311,0.0041699493,-0.026148817,0.0088564,-0.0029010985,0.025113773,0.0037440858,-0.002769113
26/1/2016,-0.44,-0.0028606956,0.0014490534,-0.0028199528,-0.00057061366,-0.00081302325,-0.033078402,-0.05442918,-0.0052942005,0.0464058,-0.056224585,-0.22654317,0.10183427,-0.08894943,0.07311369,-0.460419,0.027114583,-0.059139658,-0.0016169944,4.4168613e-05,0.02559946,-0.1276372,0.021893872,-0.006502804,0.004171973,-0.02614839,0.008856391,-0.0029216802,0.025137994,0.0037440858,-0.0038154405
27/1/2016,-0.33,-0.0042249863,-0.0068161683,-0.0031348323,-0.0012844679,-0.0019233879,-0.05564562,-0.062484723,-0.06641354,-0.104551435,-0.07649833,-0.20217706,0.10564756,-0.1488562,0.076432005,-0.50207067,0.029022085,-0.04785827,-0.00020997095,0.0012645455,0.07107999,-0.12742934,0.020920124,-0.006502782,0.004122235,-0.028367339,0.0088564,-0.0029151011,0.025381641,0.003744085,0.0068183932
28/1/2016,-0.11,-0.011487283,-0.005248323,-0.0060677417,-0.0033884977,-0.0039874394,-0.0747736,-0.036821846,-0.062265377,-0.062361073,-0.098986804,0.027679145,0.015839959,0.26514122,-0.01994842,-0.16079405,0.025356522,-0.05161033,0.0007679289,0.0021345196,0.12100347,-0.117813736,0.019858595,-0.006502019,0.0040363837,-0.028369447,0.008856391,-0.0029302686,0.025593812,0.0037440846,0.02812434
29/1/2016,-0.31,-0.012597554,-0.009046044,-0.0057350923,-0.0033884977,-0.003935108,-0.06543013,-0.07910373,-0.06669757,-0.20120321,-0.11967929,0.0269508,0.038798988,0.21455589,-0.0055952296,0.070553064,0.02606806,-0.047775872,0.0019178768,0.002847706,0.124034666,-0.109700374,0.01975951,-0.0065010423,0.003931566,-0.028370244,0.008856391,-0.002926832,0.02571421,0.0037440844,0.038544923
1/2/2016,0.1600000000000001,0.01609548,0.024451345,0.010366545,0.015237829,-0.00040449825,-0.010517167,0.027943445,0.051332995,0.07862793,0.0028237044,-0.10996608,0.13532,0.08563213,0.08691935,-0.10884994,0.023838285,-0.048992917,0.0035929182,0.0038805555,0.16363235,-0.09939647,0.023613246,-0.006500764,0.003793303,-0.028373228,0.008856391,-0.0029346254,0.025972998,0.003744084,0.051120285
2/2/2016,-0.1,-0.0012030605,-0.0014023279,-0.0017094462,-0.0035368602,-0.0014700019,-0.030272448,0.024991909,-0.046471022,-0.015451185,-0.043834098,-0.15489234,0.11846494,0.16135441,0.075363174,-0.028103739,0.020813502,-0.05300237,0.0025755027,0.0038411,0.13461885,-0.087652884,0.027866224,-0.0065010004,0.0037063712,-0.02837724,0.008856381,-0.0029433176,0.025957605,0.003744084,0.042934857
3/2/2016,0.0,-0.0020523437,-0.0011583901,-0.0014893773,-0.0035180026,-0.001519413,-0.019589987,0.024991909,-0.04004532,-0.054322377,-0.028670765,-0.05528358,0.1260296,-0.09488984,0.057058357,-0.16819169,0.019075556,-0.047124494,0.0022794022,0.004039994,0.1207245,-0.082295544,0.028402612,-0.006501069,0.0036249936,-0.02838498,0.008856382,-0.0029409463,0.026008992,0.003744084,0.035983693
4/2/2016,0.38,0.00068173633,0.0024571447,-0.00025574537,-0.0033884977,-0.0008532379,0.045200173,0.04746641,0.1538467,0.117867306,0.027834488,0.044233803,0.13852438,-0.13259393,0.10437508,0.2603601,0.029346112,-0.04042819,0.0038416616,0.0043243053,0.13907889,-0.07866325,0.031432066,-0.006499671,0.0035080193,-0.02612952,0.0088564,-0.0029095355,0.026089499,0.0037440837,0.041972853
5/2/2016,0.1799999999999997,0.00065261644,0.0012109064,-0.00041109652,-0.00080922974,-0.0008115399,0.052252784,0.086824924,0.093502715,0.07297748,0.06324918,-0.050211642,0.03697909,-0.014508971,0.064319044,0.03676358,0.027364885,-0.05482021,0.0017718914,0.003058348,0.09064678,-0.07787396,0.03225484,-0.006499188,0.0033888815,-0.026143545,0.008856391,-0.0029230304,0.025864223,0.0037440842,0.022021236
8/2/2016,-0.06,-0.0005205358,0.0005284106,0.00014516484,-0.00057061366,-0.0003529198,0.026263265,0.02922332,0.0047900104,0.029651193,0.037947617,-0.038005073,0.05862957,0.013951326,0.061611764,-0.1574804,0.027995689,-0.053124208,0.0006732695,0.002341347,0.04895291,-0.0806245,0.029391713,-0.0064992514,0.0033120317,-0.02390191,0.008856391,-0.002922964,0.02571203,0.0037440844,0.003967919
9/2/2016,-0.01,-0.0012786277,0.00057460717,0.00021557613,-0.00057061366,-0.00046819178,-0.0018945144,0.012487348,-0.004723325,0.029560706,-0.023676254,0.0045767818,0.09227226,-0.21834356,0.109998375,-0.17249376,0.02750841,-0.047488224,0.00068433513,0.002220445,0.012173099,-0.08023949,0.03283272,-0.006497949,0.003283982,-0.023924416,0.008856391,-0.00292121,0.025633514,0.0037440846,0.0022785794
10/2/2016,-0.31,-0.0011031368,-0.0013368495,-0.0012826892,-0.00057061366,-0.000786549,-0.016894957,0.011239019,-0.052037302,-0.06212949,-0.048882067,0.076912545,0.076843254,-0.052209817,0.13618934,-0.20884167,0.02900013,-0.05604195,-0.0002769347,0.001369409,0.0063537722,-0.08386821,0.035918474,-0.006497558,0.0032789384,-0.023973236,0.008856391,-0.002921362,0.025484163,0.0037440849,0.00010914577
11/2/2016,0.08,-0.0011338508,0.0011655806,-0.00086724607,-0.0002048184,-0.00064880407,0.011307498,0.025953125,0.0011610823,0.039558467,0.019009784,-0.10569912,0.10640006,-0.21349235,0.13529481,-0.36122823,0.027142197,-0.04686903,0.00030304003,0.0019990962,0.0013485422,-0.08802246,0.03583247,-0.0064960476,0.003256415,-0.025405088,0.008856391,-0.0029212378,0.025578383,0.0037440846,0.0050868224
12/2/2016,0.07,-0.0008668341,0.0006476235,-0.0011172562,-0.00046248955,-0.000786549,0.020722982,0.055503268,0.024777507,0.0027488703,0.004723784,-0.04310738,0.14261447,0.059411217,0.18318628,-0.017417464,0.031951305,-0.047216777,0.00044039323,0.0014737133,0.01658813,-0.085911155,0.038692303,-0.006491992,0.0032712137,-0.026117356,0.0088564,-0.0028960719,0.025492,0.0037440849,0.003184893
16/2/2016,-0.06,-0.00012247523,-0.00017619597,-0.0006122632,-0.00046248955,-0.0006803595,0.018514743,0.0048153317,0.046533704,0.011370004,-0.01601346,-0.0050356546,0.1518682,0.21297562,0.16110916,-0.54067683,0.0281723,-0.0635321,-0.0009825381,0.0010111796,0.033860784,-0.081999235,0.042477526,-0.0064918883,0.003323317,-0.026129264,0.008856391,-0.0029264325,0.025423527,0.003744085,0.003933596
17/2/2016,-0.38,0.00046210317,0.0015947102,-0.0006820568,-0.00030780447,-0.00066117046,-0.0128364805,-0.013317693,0.018543605,-0.09078903,-0.06353139,-0.11683133,0.1997064,0.07283563,0.16917276,-0.5116788,0.02874448,-0.051249284,-0.00013426677,0.0015358701,0.040131427,-0.07405789,0.04495822,-0.006492295,0.0033787908,-0.026136456,0.0088564,-0.0029168883,0.025500195,0.0037440849,0.004910347
18/2/2016,-0.26,-0.00076376094,0.0005601222,-0.00022584334,-0.00046248955,-0.0007714867,-0.021678554,-0.031724006,0.0028550187,0.023008648,-0.04600588,-0.0755052,0.19722447,0.2480405,0.13118213,-0.69796574,0.022093125,-0.0547784,-0.00021044885,0.0020918772,0.04111286,-0.06423957,0.048695307,-0.006493241,0.0034010534,-0.026135538,0.008856385,-0.0029489473,0.025650334,0.0037440846,0.0073059835
19/2/2016,0.09,-0.00018027952,0.001431244,-0.00014306125,-0.00046248955,-0.0007714867,0.010720173,0.14957263,0.02226891,0.062826835,0.0329535,-0.20336993,0.14827818,0.088221624,0.06248073,-0.3764599,-0.0027171741,-0.059898566,-0.00053993467,0.0029712226,0.009331265,-0.06350161,0.044773106,-0.0064989333,0.0034222454,-0.02613527,0.008856358,-0.0029778667,0.025819412,0.0037440844,0.008164344
22/2/2016,1.3900000000000006,0.001936468,0.013884297,0.005414917,-0.00046248955,0.00065393647,0.120661885,0.58970666,0.68131703,0.68451786,0.42413434,0.094742656,0.12779117,0.3356211,0.10502485,-0.11018978,0.028059335,-0.052323636,0.0008423687,0.00247038,0.045463137,-0.06418011,0.042489097,-0.0065003466,0.003431767,-0.026133988,0.008856391,-0.0029232285,0.0257844,0.0037440844,0.0015744193
23/2/2016,-0.03,-0.00014070475,0.003583352,0.0013578503,1.6190788e-05,0.00097536616,0.05538025,0.00356706,0.10459953,-0.036092293,0.03063885,-0.12382868,-0.057729118,0.606869,0.047844242,-0.18209259,0.021469673,-0.11111119,-0.0036347667,-0.00039650383,0.13080193,-0.038357727,0.048245482,-0.0064969626,0.003490747,-0.028394267,0.008856368,-0.0029843291,0.025292737,0.003744086,0.0068313456
24/2/2016,0.2699999999999996,0.01106695,0.01750421,0.005885031,0.006558352,0.0034117526,0.1423708,0.1073396,0.2123654,0.07559883,0.16947143,0.33954158,0.06926958,0.016200839,0.1330503,-0.09092701,0.02702048,-0.10001482,-0.0029343516,-0.0003500533,0.115683064,-0.024230072,0.05156867,-0.006494415,0.0035820466,-0.030655725,0.008856389,-0.0029584272,0.025259616,0.003744086,0.009212674
25/2/2016,-0.33,0.024736566,0.030090662,0.0055395635,0.022106515,0.009418272,0.10984437,0.2718762,0.21696168,0.35416242,0.2353712,0.18614383,0.08490365,0.12723945,0.1761453,-0.08674449,0.02460992,-0.11736531,-0.0035712842,-0.00092151586,0.11726676,0.008118366,0.051486496,-0.0064913263,0.0036719083,-0.032918658,0.008856378,-0.002972283,0.025249323,0.0037440863,0.011754727
26/2/2016,0.4499999999999993,0.06034019,0.075285055,0.022790242,0.08014277,0.022902861,0.4749714,0.50088936,0.58474374,0.41188464,0.48821002,0.028770547,0.117414616,-0.15444511,0.18191576,-0.3183793,0.027349876,-0.09981648,-0.0020541425,-0.0002736794,0.07416975,0.028403686,0.05039267,-0.0064917468,0.0037811985,-0.035183184,0.008856391,-0.0029368564,0.025251554,0.003744086,0.0137809925
29/2/2016,0.03,0.0006042626,0.0017676927,-0.0005115472,-5.0133305e-05,-0.00045685278,-0.01225716,0.02245507,-0.030976856,0.074242614,-0.0042171297,0.10834975,-0.010330124,0.31370154,0.10738986,-0.5179632,0.028472155,-0.11219343,-0.0030854675,-0.0014893182,0.043588728,0.013330786,0.04176961,-0.0064985175,0.0039325007,-0.037445508,0.008856391,-0.0029273734,0.025086842,0.0037440865,-0.0056221206
1/3/2016,0.2799999999999993,1.577239e-06,-0.0015943821,-0.0008782058,-0.00030780447,-0.00058766245,-0.011600325,-0.010738012,-0.06558119,-0.072159424,-0.03367108,-0.00682911,0.011106,0.17596963,0.10520679,-0.49822807,0.030103017,-0.10707028,-0.002473557,-0.0015648112,0.025606783,0.031768102,0.032951005,-0.0064993203,0.004108496,-0.037450016,0.0088564,-0.0029086333,0.0250278,0.0037440867,-0.0072708367
2/3/2016,0.1699999999999999,0.0017157638,0.00042602266,-0.00017224142,0.0011956793,-0.0006985842,0.00016471652,0.024262356,-0.0008104657,0.09687114,0.022893444,-0.036414538,0.024291327,0.2781148,0.15058263,-0.7448506,0.024404606,-0.13291346,-0.003961437,-0.002084189,0.029196866,0.008989128,0.032091446,-0.0065002134,0.0043524057,-0.03745433,0.008856391,-0.0029391183,0.025041081,0.0037440872,-0.00884159
3/3/2016,-0.01,-0.00076043326,-0.002028132,-0.0016478234,-0.00076618826,-0.0008415049,-0.0077587324,-0.01152496,-0.05664353,0.013282903,-0.029370632,-0.043994118,0.028159963,0.29958907,0.15495765,-0.8554763,0.020745222,-0.1506522,-0.005406665,-0.0024897626,0.050907332,-0.039816868,0.027804265,-0.006502809,0.0046383776,-0.037454683,0.008856391,-0.0029727512,0.02504658,0.0037440872,-0.016255662
4/3/2016,-0.17,-0.00090923434,-0.00047517277,-0.0017332359,-0.000951988,-0.0008287158,0.006534893,0.0008897551,0.009296868,-0.053188186,0.0096750455,-0.03208772,0.026452307,0.23835483,0.12106233,-0.9507039,0.019337466,-0.1518799,-0.0056852303,-0.0024599573,0.052259322,-0.04645004,0.023908507,-0.006502763,0.0049316008,-0.037453298,0.008856391,-0.002988865,0.025093542,0.0037440872,-0.01830217
7/3/2016,0.1999999999999993,0.0015978809,0.0013908757,0.00061320333,-0.0010601118,-0.00065661105,0.050046675,0.096175805,0.16369903,0.10704935,0.112928286,-0.13388234,0.013735822,0.24046443,0.07287984,-0.98396724,0.014165354,-0.14856067,-0.0053963945,-0.0021568148,0.029787267,-0.054345265,0.021810876,-0.006500541,0.0052004084,-0.03971563,0.008856381,-0.0029862246,0.025114238,0.0037440872,-0.018103844
8/3/2016,-0.23,-7.6815835e-05,-0.0007356399,-0.00039334677,-0.0010601118,-0.0007535987,0.027361607,-0.043581374,0.01727715,-0.12241238,0.054238286,0.10689592,0.012938583,0.47322723,0.060806595,-0.52373016,0.027489923,-0.13536216,-0.004050405,-0.0023923228,0.03516522,-0.0669717,0.019705651,-0.0064981836,0.005423134,-0.03745109,0.008856391,-0.0029325455,0.02500237,0.0037440872,-0.012389822
9/3/2016,0.1899999999999995,0.00128903,0.0007144491,6.645267e-05,-0.0010601118,-0.0006548571,0.047920674,0.011980545,0.021076534,0.085795596,0.06209222,-0.07801831,0.0021381106,0.18832852,0.018078454,-0.58702147,0.028076727,-0.12246357,-0.003340774,-0.0018677243,0.023773668,-0.083320275,0.015982836,-0.006499365,0.005622312,-0.03745116,0.008856391,-0.0029292912,0.025016535,0.0037440867,-0.008654531
10/3/2016,0.3100000000000005,0.0014575825,0.0020430936,-2.4129617e-05,-0.0010601118,-0.0007535987,0.035478607,0.07820333,0.025290044,0.056332074,0.05628054,0.1267339,0.03752381,0.3635491,0.06644764,-0.26084164,0.0339577,-0.11895661,-0.0030801485,-0.0020940793,0.0323194,-0.09028225,0.014348327,-0.0064992364,0.0058670877,-0.037452396,0.0088564,-0.0029097982,0.024989832,0.0037440872,-0.009274049
11/3/2016,0.2899999999999991,0.0016482131,0.0026439393,0.00040101516,-0.0009937879,-0.00062733534,0.05444741,0.044435453,0.037141953,0.14274673,0.078075774,0.061561197,0.006297137,0.25308365,0.07295698,-0.51911414,0.03139054,-0.13883053,-0.0035754407,-0.0026442036,0.027664382,-0.088911675,0.014346082,-0.006499234,0.006112745,-0.037455704,0.0088564,-0.0029095924,0.02496892,0.0037440874,-0.011396601
14/3/2016,-0.1,0.00013715269,0.0011581115,-0.0001830246,-0.0012167869,-0.00056842697,0.0035082095,0.0047875433,-0.032802846,-0.009412332,0.040715534,0.116029136,0.005698567,0.21525833,0.06284909,-0.49274468,0.02858921,-0.14463694,-0.0041446104,-0.0028035347,0.026259897,-0.08466706,0.013632258,-0.0065026437,0.0063345465,-0.035193898,0.008856391,-0.0029247974,0.02495463,0.0037440876,-0.012308031
15/3/2016,0.1500000000000003,0.00042778713,0.0013506529,0.00047368265,-0.0013720741,-0.00059710426,0.0477754,0.05572094,0.043010715,0.044641368,0.08866494,0.11165788,0.013375803,0.065842964,0.040530004,-0.55748653,0.028451191,-0.13598971,-0.0038566855,-0.0026470344,0.017001973,-0.07618675,0.013179879,-0.0065041473,0.006533205,-0.032932315,0.008856391,-0.0029240602,0.024931675,0.0037440874,-0.012336316
16/3/2016,0.5199999999999996,-0.0007649437,0.00092507305,-0.00044427146,-0.0013720741,-0.0015461139,0.0062721428,0.06044394,-0.008129171,0.047897458,0.049245916,0.050006844,0.0032719276,0.2501209,0.013247749,-0.41520813,0.023304574,-0.14853778,-0.004951991,-0.0028528697,0.018931262,-0.073811755,0.012470787,-0.006503888,0.0067111133,-0.030670963,0.008856381,-0.0029440601,0.024916977,0.0037440876,-0.013154045
17/3/2016,-0.02,-0.0007775396,0.00045990152,0.00047857576,-0.0022122974,-0.0008050249,0.022692855,-0.034004573,0.060249474,0.14591128,0.072353944,0.16014111,-0.03776341,0.27707064,0.039949946,-0.5264955,0.025478512,-0.17341034,-0.0054110875,-0.0035173683,0.019792022,-0.07479251,0.009639952,-0.006503784,0.006911224,-0.028414994,0.008856391,-0.002934546,0.02491911,0.0037440879,-0.018117452
18/3/2016,0.3199999999999985,-0.00025406748,0.0012059842,0.00060684455,-0.0022786215,-0.0007062835,0.028163062,0.105786525,0.096251786,0.10984462,0.048805658,0.1899373,-0.04202256,0.047197293,0.010399113,-0.62173265,0.025157472,-0.16504969,-0.004993872,-0.0033442252,-0.0012870961,-0.07937786,0.007982331,-0.006504612,0.007094608,-0.028415004,0.008856391,-0.0029323238,0.024870576,0.0037440879,-0.018473765
21/3/2016,0.2899999999999991,-0.00354644,-0.0026233383,-0.0016901768,-0.0024893826,-0.0006567593,-0.0068372516,0.061130237,0.06985597,0.18218182,-0.031399548,0.11038986,-0.023400983,0.35144353,0.036058396,-0.5833794,0.02221388,-0.19339271,-0.006624254,-0.0041362676,0.026615592,-0.07643856,0.00849476,-0.006504771,0.007287609,-0.02841055,0.008856391,-0.0029466136,0.024901481,0.003744088,-0.022760032
22/3/2016,0.1300000000000025,-0.02852279,-0.02850213,-0.009850969,-0.023604851,-0.0011163326,-0.18334264,-0.07400018,-0.1643524,-0.057476543,-0.097425945,0.15465745,-0.03707204,0.2789633,0.037278622,-0.6830576,0.019933945,-0.20678227,-0.0073567014,-0.0044032824,0.011599302,-0.07614723,0.0064032916,-0.0065048663,0.0074627865,-0.027974222,0.008856391,-0.002959817,0.024937535,0.0037440883,-0.02530932
23/3/2016,-0.84,-0.0715777,-0.075336605,-0.0319728,-0.057213996,-0.042597745,-0.39408788,-0.52822065,-0.42474318,-0.48036164,-0.48870364,0.1380337,-0.065436594,0.10064913,-0.00079578336,-0.89067507,0.017069798,-0.2098362,-0.007881168,-0.004402723,-0.00015918932,-0.07616312,0.0049831937,-0.006505392,0.0076806815,-0.02797308,0.008856391,-0.0029881212,0.024926912,0.0037440883,-0.028605321
24/3/2016,0.07,-0.002588807,-0.0023015866,-0.0024360348,-0.0034708593,-0.0019891534,-0.015199481,-0.051465306,0.04582911,-0.071351394,0.0054326584,-0.28220692,-0.03689605,0.22115658,-0.043825697,-0.60849434,0.023949204,-0.18621325,-0.0054725963,-0.0035019342,0.056658763,-0.08425101,0.0036341075,-0.0065045548,0.0077977427,-0.027971122,0.008856401,-0.0029430336,0.024937231,0.0037440879,-0.0121416785
28/3/2016,-0.08,-0.0027903835,-0.0037702248,-0.0011962461,-0.0029794385,-0.002066367,-0.00028504638,-0.007761679,0.04509143,-0.071700916,-0.028265227,-0.032269545,0.01496392,0.45934394,-0.0046523046,-0.5160223,0.027823625,-0.17457712,-0.0055882134,-0.0037940722,0.02482404,-0.087866984,0.0037012235,-0.0065023447,0.007956733,-0.025710776,0.008856391,-0.002937257,0.024817338,0.0037440879,-0.017002512
29/3/2016,0.01,-0.0032328584,-0.0049103796,-0.002682453,-0.0030457627,-0.002119815,-0.02364277,-0.09005523,-0.008196114,-0.15701528,-0.07808146,-0.0433308,0.0043585417,0.37356544,-0.04052527,-0.4090586,0.029172027,-0.15887192,-0.005021197,-0.0034122006,0.041793935,-0.09153948,0.0027629165,-0.0065000756,0.008020773,-0.025712177,0.008856391,-0.0029342417,0.02474016,0.0037440879,-0.016101189
30/3/2016,-0.52,-0.0034259032,-0.00448923,-0.0028777607,-0.0031752675,-0.0023581472,-0.021870129,-0.09005523,0.012729338,-0.1998051,-0.1575788,-0.18472606,0.013507408,0.2574875,-0.043554265,-0.42451555,0.02524611,-0.15415052,-0.005333821,-0.0031526713,0.037772268,-0.09389484,0.0019285941,-0.0064997883,0.008085491,-0.025713813,0.008856381,-0.002948238,0.024735639,0.0037440876,-0.016617997
31/3/2016,-0.17,-0.0046818512,-0.006003996,-0.0041969777,-0.003666688,-0.002372562,-0.043471135,-0.108932614,0.014406062,-0.15512535,-0.0589456,-0.43794262,0.046542134,-0.10957256,-0.04897043,-0.6234165,0.02931278,-0.12128574,-0.003265194,-0.0018273194,0.06616465,-0.090179995,0.0016477694,-0.006498437,0.008059342,-0.02571869,0.008856391,-0.002932853,0.02483025,0.0037440872,-0.0020641172
1/4/2016,-0.54,-0.0069990987,-0.01087944,-0.0060848854,-0.004085818,-0.0027304948,-0.041170657,-0.2206259,-0.09091731,-0.21211275,-0.124177426,-0.39778215,0.043574184,-0.021491934,-0.076358736,-0.32020864,0.020793865,-0.10793856,-0.003006101,-0.0010532511,0.052861053,-0.09866,0.0011827669,-0.0064970944,0.007987746,-0.025727438,0.008856376,-0.0029532656,0.02492093,0.0037440865,-0.00084705144
4/4/2016,0.0,-0.008441789,-0.010640382,-0.0036636405,-0.004420862,-0.0034415184,-0.07318532,-0.051426936,-0.06099742,-0.11728742,-0.10148337,-0.16929026,-0.010868277,0.25373217,-0.120461434,-0.23910984,0.028818779,-0.08821631,-0.0010460226,4.344641e-05,0.10875667,-0.109900855,0.0021102773,-0.0064930483,0.007834817,-0.025743734,0.008856391,-0.002923534,0.025144305,0.003744086,0.01930369
5/4/2016,-0.02,-0.002490201,-0.0033006684,-0.0025902358,-0.0039291424,-0.0021654172,-0.0059758164,-0.048271988,0.026215492,-0.0010906585,0.028117882,0.122462355,0.04261691,0.28077406,-0.08272971,0.103809334,0.030484363,-0.076442264,-0.0007449942,0.00060000626,0.10427196,-0.11590873,0.0022352126,-0.0064919298,0.0076343566,-0.025772851,0.008856391,-0.0029236444,0.025229279,0.0037440858,0.02981844
6/4/2016,-0.19,0.03307713,0.036290452,0.009749873,0.02611985,0.017674014,0.097902425,0.3044781,-0.008475775,0.21311666,0.05277685,0.06056479,0.051888175,0.12657276,-0.075720124,0.28992105,0.034570362,-0.062237874,0.0003787892,0.0013950892,0.12293866,-0.11598174,0.00228632,-0.006498032,0.00738491,-0.0258261,0.0088564,-0.0029077837,0.025314953,0.003744085,0.04417515
7/4/2016,0.2599999999999998,0.035072844,0.046217803,0.011920702,0.027661862,0.023080017,0.08442757,0.20772429,-0.019088442,0.23023716,0.097148076,0.08906535,0.04651376,-0.043411903,-0.08465641,0.23751152,0.03339022,-0.05598631,0.0016559183,0.0023293654,0.12891933,-0.11417725,0.002492421,-0.006501138,0.007089159,-0.025891807,0.0088564,-0.0029100564,0.025438752,0.0037440849,0.054523297
8/4/2016,-0.54,-0.0027329985,-0.00058491505,-0.0005652064,-0.0023041132,-0.0026355577,-0.019362092,0.06888881,-0.009875826,-0.05630632,-0.07626379,0.05928277,-0.026554586,0.054899503,-0.118865885,0.11655494,0.03382158,-0.06416045,0.0003488755,0.0013630163,0.10010569,-0.13826981,0.003398574,-0.0065024826,0.0068021747,-0.023722962,0.0088564,-0.0029080398,0.025348868,0.003744085,0.036468945
11/4/2016,-0.08,-0.00533409,-0.0037681847,-0.0035797143,-0.002812163,-0.0035696093,-0.022405664,-0.008712052,0.07982368,0.074308425,-0.042435117,0.04053583,0.00968801,-0.1970951,-0.13726811,-0.049152587,0.02955191,-0.057876132,0.0017855801,0.0030343395,0.16316092,-0.13009231,0.005983349,-0.006501994,0.0065394,-0.02154784,0.008856391,-0.0029271375,0.025611887,0.0037440846,0.06716157
12/4/2016,-0.06,-0.0054438156,-0.0030991784,-0.0035092928,-0.002812163,-0.0034979652,-0.03414122,0.0963048,0.06403097,0.14769414,-0.07580356,0.10332761,0.026751544,-0.03798588,-0.087061234,0.20104459,0.028399428,-0.055174634,0.0018534696,0.0029658736,0.17692679,-0.111757234,0.009003595,-0.0065015857,0.0063017462,-0.019377872,0.008856391,-0.002927533,0.025636427,0.0037440844,0.06561702
13/4/2016,0.12,0.03689092,0.049852934,0.012275588,0.03858081,0.038504615,0.18497017,0.5075096,0.30356628,0.55940086,0.29244113,0.05072375,0.12204826,-0.4452995,0.007919935,-0.011774382,0.026686953,-0.04679232,0.002965402,0.003814659,0.18341602,-0.10839277,0.011665345,-0.0065023866,0.006087324,-0.017117701,0.008856391,-0.0029250695,0.025811331,0.0037440842,0.07330383
14/4/2016,0.9099999999999984,0.042618975,0.060866356,0.021576436,0.03768411,0.04845188,0.3507674,0.6508327,0.47717997,0.64691293,0.505513,0.03554051,0.07754521,-0.3506976,0.008495025,0.031115772,0.027402388,-0.05254637,0.001500017,0.002664947,0.16585368,-0.090095066,0.017097734,-0.0065028383,0.005845046,-0.014858465,0.008856391,-0.002923233,0.025636878,0.0037440846,0.047704346
15/4/2016,0.3100000000000005,0.0008135338,0.00472922,0.0026059367,-0.002140639,0.00039537787,0.12823878,0.12308477,0.20533289,0.3796575,0.14701419,-0.1554239,0.0032268208,-0.097338945,0.055774167,-0.13686305,0.027530426,-0.08695682,-0.0019007091,0.00022078132,0.12182254,-0.07508198,0.018877449,-0.00650123,0.005611959,-0.017107293,0.008856391,-0.0029427658,0.025245884,0.0037440858,0.014915405
18/4/2016,-0.18,0.011021008,0.010378026,0.002592492,-0.0047180704,0.0038660828,0.120796,0.025556263,0.35849196,0.25551677,0.21300346,-0.08550006,0.1023336,0.11355828,0.06099345,-0.63539034,0.02025781,-0.10909379,-0.0040075253,-0.0008497431,0.079574466,-0.049946122,0.02229168,-0.006499927,0.0054158457,-0.01936849,0.008856368,-0.0029753647,0.025055826,0.0037440863,0.0015717769
19/4/2016,0.4000000000000003,0.012285465,0.014213509,0.006312464,0.002593823,0.0048643705,0.14961715,0.2382308,0.3004313,0.39154938,0.3119867,0.017553715,0.05263119,-0.4410899,0.08509593,-0.2610253,0.029378833,-0.086346716,-0.0021823503,-0.00052132126,0.061204843,-0.035587303,0.02822557,-0.0064987456,0.0052328855,-0.021629088,0.008856391,-0.0029301185,0.025040986,0.003744086,0.0050095594
20/4/2016,0.01,0.0060678036,0.0064571556,-0.00010248758,-0.0025892348,0.00034550362,0.048128214,0.008823835,0.110090785,0.057309497,0.09598936,0.0019658147,0.0058773654,-0.06390125,0.0858178,0.02723998,0.033263452,-0.11507092,-0.0027626497,-0.0019976958,0.07957295,-0.013172608,0.03215274,-0.0064939708,0.005085495,-0.023889482,0.0088564,-0.0029099889,0.024885066,0.0037440867,0.0002510926
21/4/2016,-0.32,-0.0018189201,-0.0028377774,-9.7328826e-05,0.0017990007,-0.0012241304,0.042129535,-0.08339364,0.058155183,-0.16371027,-0.0047480366,0.07416713,0.056052893,-0.18998799,0.07133424,-0.3298507,0.03205844,-0.12061179,-0.00340262,-0.0020577589,0.06430396,-0.007219886,0.030868538,-0.006497226,0.0049432237,-0.026149781,0.008856391,-0.0029250921,0.024882598,0.0037440872,0.003215337
22/4/2016,0.37,0.0045431782,0.008322767,0.0011517693,0.0030088855,0.0009397765,0.10267481,0.16831061,0.11491271,0.09584936,0.099347346,-0.14864415,0.063700885,-0.15334006,0.099681586,-0.34561634,0.031194374,-0.112450734,-0.0030381875,-0.0016689076,0.053211495,0.0033615506,0.028292913,-0.0065040323,0.0047927913,-0.028409693,0.008856391,-0.0029303478,0.024896005,0.0037440867,0.005402238
25/4/2016,0.1399999999999988,0.003467809,0.00024894942,-0.00033553256,-0.001522598,-0.00017301316,0.03590312,0.07351174,-0.019155907,0.13201977,-0.024697559,0.09832158,0.08007473,-0.06288493,0.1451276,-0.71628404,0.028007982,-0.14017434,-0.0037411924,-0.0023634753,0.08694505,-0.01104644,0.031662118,-0.0065039103,0.00465817,-0.030669963,0.008856391,-0.0029354955,0.02486362,0.0037440874,0.004308552
26/4/2016,-0.22,-0.00046550343,-0.001728721,-0.0013491457,0.0008654836,-0.0032914137,-0.06826662,-0.06869907,-0.094902284,-0.09639643,-0.04648881,-0.11025865,0.08108001,-0.3496689,0.13055639,-0.8034543,0.028262239,-0.13830219,-0.0036573382,-0.002369435,0.08986669,-0.020649757,0.03168588,-0.0065031913,0.004549175,-0.03293013,0.008856391,-0.0029391171,0.02485708,0.0037440874,0.007933314
27/4/2016,-0.23,6.371175e-05,0.00030551167,-9.599112e-05,0.0067656995,-0.0033589243,0.0075338087,-0.12370921,-0.0892376,0.022774037,-0.031852826,0.13457796,0.13304171,-0.2270364,0.14869723,-0.66097534,0.028093558,-0.13865595,-0.003887974,-0.0024425944,0.08835871,-0.023016151,0.030886676,-0.006503441,0.0044026887,-0.035191268,0.008856391,-0.0029353164,0.024845092,0.0037440874,0.006482282
28/4/2016,1.0,0.04529216,0.046906605,0.014231066,0.06532005,0.020240344,0.3129119,0.60411406,0.23431058,0.15412559,0.44544348,-0.16273096,0.17035832,-0.26052913,0.15002011,-0.6627064,0.024322864,-0.12796538,-0.003517795,-0.0019604026,0.072670065,-0.021085829,0.031524003,-0.006504117,0.004345321,-0.037452497,0.008856381,-0.002943205,0.024856253,0.0037440872,0.012423358
29/4/2016,-0.11,-0.0017511711,-0.0009173908,-0.0023824233,-0.0027975866,-0.0018193703,-0.044158947,-0.011100032,-0.09945114,-0.05372977,-0.01355136,-0.23408222,-0.052588988,0.22067654,0.026116595,-0.70345765,0.0273613,-0.17904237,-0.0056801843,-0.0039682207,0.033395242,-0.038674127,0.022297494,-0.0065028076,0.004283467,-0.039713115,0.008856391,-0.002943758,0.024775386,0.003744088,-0.013048706
2/5/2016,0.04,-0.0017278512,-0.003076015,-0.002874219,-0.003355332,-0.0018443633,-0.027598597,-0.004053401,-0.044651363,-0.17660782,-0.017544642,0.04868016,0.005068927,0.049163856,0.009444446,-0.5537317,0.032199215,-0.16035262,-0.004754953,-0.0037389959,0.021420093,-0.0541114,0.015657298,-0.006502187,0.0042474666,-0.041974653,0.008856391,-0.002929154,0.024724985,0.0037440879,-0.0110671315
3/5/2016,0.3999999999999986,-0.0023115396,-0.004879981,-0.0030362764,-0.0028639107,-0.0018342801,-0.04290243,-0.06571936,-0.080220416,-0.17832023,-0.21394889,-0.031355605,0.0034756842,0.18603286,0.040447623,-0.42478082,0.034589343,-0.1663856,-0.0045189876,-0.004140333,0.021012118,-0.06380723,0.014291168,-0.0065025142,0.00423525,-0.044236973,0.0088564,-0.0029118843,0.024687806,0.003744088,-0.012089479
4/5/2016,-0.81,-0.0051084096,-0.010342216,-0.008250701,-0.0029934158,-0.0019330217,-0.054279316,-0.39570895,-0.17480151,-0.1723317,-0.19942896,0.011408951,-0.024405977,0.3026965,0.050307076,-0.56479365,0.030405628,-0.19085641,-0.005600281,-0.0044700233,0.022014031,-0.06692833,0.010035592,-0.006501436,0.0042668986,-0.04650213,0.008856391,-0.0029295764,0.02477273,0.0037440883,-0.015260564
5/5/2016,-0.1,-0.00034662982,-0.0015751356,-0.0015619014,-0.0034848368,-0.00075044774,0.016740423,-0.024505563,0.049158514,0.056526404,0.028019855,-0.21718535,0.02232309,0.22071953,0.040788177,-0.6770571,0.030935312,-0.15946835,-0.0046844888,-0.0033940747,0.06099328,-0.07977119,0.009070073,-0.0065000774,0.0042867046,-0.046502132,0.008856391,-0.0029430657,0.024764095,0.0037440879,-0.009840673
6/5/2016,0.1400000000000005,-0.001031579,0.00076577027,3.3178527e-05,-0.0031752675,-0.000938005,0.032187868,0.04961231,0.066910945,0.16674927,0.05775255,-0.007473361,0.0008535342,0.51865816,0.013121712,-0.37871516,0.030319966,-0.1495981,-0.0050388286,-0.003420237,0.038833223,-0.08072779,0.010386324,-0.006499348,0.004363321,-0.04650294,0.008856381,-0.002940537,0.024667658,0.0037440879,-0.010937084
9/5/2016,0.1399999999999988,-0.00021381625,0.0033958578,0.0003632461,-0.0031752675,-0.000938005,0.0016469284,0.05188931,0.024796363,0.15045111,0.03245465,-0.30851242,-0.0070678424,0.39063784,-0.016661968,-0.45398855,0.030509725,-0.14432855,-0.0047106575,-0.0032861317,0.013287295,-0.081278004,0.009618393,-0.0064982795,0.004457039,-0.04650365,0.008856381,-0.0029390228,0.024662832,0.0037440876,-0.011545461
10/5/2016,0.75,0.0009973691,0.0071513504,0.0045118714,-0.0031752675,-0.000938005,0.037699904,0.32400304,0.053194866,0.22379862,0.12421156,-0.035705645,0.046360258,0.3000838,0.010111497,-0.32204428,0.03761488,-0.13192788,-0.004195328,-0.0030593395,0.031045886,-0.081675,0.007087412,-0.006497771,0.0045764744,-0.04425174,0.008856391,-0.0029229114,0.024675692,0.0037440876,-0.010779169
11/5/2016,0.2100000000000008,0.0013222124,0.0046974444,0.00042488417,-0.0029934158,-0.0006333906,-0.009735803,0.1622987,0.058693405,-0.029352503,-0.016279042,-0.068257146,-0.015377478,0.3471924,0.03979006,-0.52663463,0.03148162,-0.18522722,-0.005453058,-0.0041722986,0.024078233,-0.06958877,0.00517098,-0.006497348,0.004770883,-0.04425249,0.008856391,-0.0029333578,0.024810769,0.003744088,-0.015499773
12/5/2016,-0.24,-0.0007080622,-0.0023097005,-0.0010147842,-0.0029934158,0.00037195787,0.00619068,-0.05436994,-0.052154697,-0.20856705,-0.028836451,0.06076809,-0.017573278,0.036148593,0.010931455,-0.65935355,0.029326757,-0.19500138,-0.0056427647,-0.0041632187,0.025747085,-0.066497035,0.004719993,-0.006495936,0.004953179,-0.044253167,0.008856391,-0.0029347893,0.024897112,0.0037440883,-0.009847436
13/5/2016,0.1500000000000021,0.00037479046,0.0016609881,-0.00063821307,-0.0034848368,-0.0009107776,-0.017757127,0.08075769,0.020861994,0.12781791,0.06057673,0.02179885,0.046635535,0.23048429,-0.0066489484,-0.4064911,0.03330687,-0.17444174,-0.004558245,-0.0038733734,0.03764698,-0.06785398,0.0056161806,-0.0064946846,0.005090998,-0.04425355,0.008856391,-0.0029227529,0.024823036,0.003744088,-0.00716171
16/5/2016,-0.07,-0.00025934546,0.0011808644,0.00024704533,-0.0029934158,-0.0007212422,0.011613325,0.0037153277,0.06335509,0.15536496,0.017877104,0.25483605,0.002597528,0.36943513,-0.0088972,-0.06946822,0.03816358,-0.17853864,-0.004841975,-0.0043115024,0.03813604,-0.06826402,0.0041346373,-0.006496515,0.005253079,-0.044253677,0.0088564,-0.0029089828,0.02476414,0.0037440883,-0.0063789343
17/5/2016,-0.01,0.0005896792,-0.0009282956,0.00025456882,-0.0034848368,-0.00088058383,0.0058546136,0.046298224,0.032445602,0.23989514,0.025296943,0.18050437,-0.015887853,0.12848464,-0.072646536,-0.38401031,0.034184746,-0.16455589,-0.0045536663,-0.0036525754,0.03548281,-0.07565441,0.0011930792,-0.006502269,0.0054004863,-0.04425284,0.008856391,-0.0029240097,0.024779601,0.003744088,-0.008823754
18/5/2016,-0.11,0.0024875116,-4.241547e-05,-0.00061927387,-0.0029934158,-0.00096842163,0.011831713,0.0002672271,-0.025595162,0.06920008,-0.005905601,-0.0039771097,-0.03533269,0.4412421,-0.049599014,-0.103028506,0.03170364,-0.17845476,-0.005365323,-0.0040650414,0.02645489,-0.089977965,-0.0028287026,-0.006505125,0.0055045555,-0.044253338,0.008856391,-0.0029394547,0.024781246,0.003744088,-0.015521855
19/5/2016,0.37,-0.0007983766,0.0015379624,-0.00025965265,-0.0029934158,-0.00088440854,0.043772273,0.018057866,-0.0092260325,0.024718538,0.011752774,-0.012315102,0.021076553,0.35714194,0.012375439,-0.31427744,0.034238756,-0.18023318,-0.0053377813,-0.0042018425,0.045202218,-0.097099826,-0.0053519513,-0.0065049985,0.0055996557,-0.041991916,0.008856391,-0.0029302633,0.024766328,0.003744088,-0.01278891
20/5/2016,-0.27,-7.305883e-06,-0.0017528876,-0.0011332388,-0.0029934158,-0.00088440854,-0.018581767,-0.08288115,0.015345995,-0.010433618,-0.050652333,-0.19110185,0.0038083878,0.2239158,-0.0010224662,-0.57193625,0.026791481,-0.1979354,-0.0059275283,-0.0043143397,0.02688175,-0.09826578,-0.0023680506,-0.0065043606,0.005695132,-0.041991208,0.008856381,-0.0029421763,0.024862707,0.0037440883,-0.013238352
23/5/2016,-0.19,-5.2605126e-05,0.0008132422,-0.00018496097,-0.0034848368,-0.0009581891,-0.022212246,-0.0061806105,0.013139237,0.0473541,-0.0049757184,-0.2084713,0.05505671,-0.14533563,-0.014742483,-0.63250446,0.029896067,-0.16749436,-0.004763896,-0.0034644695,0.027722325,-0.098297924,0.0013799228,-0.0065039,0.005778556,-0.04199154,0.008856381,-0.0029384315,0.024835927,0.0037440879,-0.0077755232
24/5/2016,0.5500000000000007,0.0018681211,0.006297755,0.0023991484,-0.0034848368,0.0010525173,0.014893166,0.14345801,0.020017233,0.15849955,0.13001715,-0.014454616,0.10403497,-0.14897394,0.023841742,-0.37578258,0.040294908,-0.1445771,-0.0037233506,-0.00321201,0.044312615,-0.08885774,0.0017284722,-0.0065043606,0.005834899,-0.041966602,0.0088564,-0.0029059183,0.02476686,0.0037440876,-0.0054790615
25/5/2016,0.2600000000000015,0.001362136,0.0069329464,0.0018082587,-0.0029934158,-3.4780835e-05,0.015637495,0.17754282,0.033542812,0.18244058,0.07814766,0.0033660468,0.0134678045,0.22426721,-0.03151901,-0.23018475,0.038153157,-0.17395835,-0.004667577,-0.0041370285,0.036563095,-0.08035898,-0.0013580458,-0.006502853,0.005845761,-0.041891582,0.0088564,-0.0029111784,0.024767736,0.003744088,-0.011181669
26/5/2016,0.1,0.00060042914,0.0019524925,0.0011310781,-0.0029934158,-0.0008188148,0.005754684,0.026491256,-0.011703587,-0.005186551,0.040199272,0.17100625,-0.015075239,0.123200625,-0.05061007,-0.36895388,0.034241643,-0.19011657,-0.005361208,-0.004465165,0.027029218,-0.08436658,-0.0036010735,-0.0065019503,0.00585285,-0.03973484,0.008856391,-0.0029235608,0.024795728,0.0037440883,-0.010825221
27/5/2016,-0.03,-0.0012712019,0.0005579951,-0.0007556602,-0.0029934158,-0.0011263364,0.007008143,-0.017212356,-0.0021078156,0.0064213676,-0.0077421167,0.14536509,-0.016363095,0.07991339,-0.033943117,-0.30194256,0.033234738,-0.19960591,-0.0056465943,-0.0047554662,0.035713494,-0.08499082,-0.004292172,-0.0065013585,0.0058212793,-0.03974328,0.008856391,-0.0029246528,0.024801102,0.0037440886,-0.010133583
31/5/2016,-0.08,-0.001300906,0.0017100538,0.000633887,-0.0034848368,-0.001289081,0.008622224,-0.008102992,-0.022300255,0.005470196,0.028238373,0.06756564,-0.00032662845,-0.15101142,-0.058917277,-0.5734028,0.02515601,-0.19510457,-0.0056808274,-0.0042702723,0.010346735,-0.08681078,-0.0037707172,-0.006501882,0.005763922,-0.04197547,0.008856382,-0.00293898,0.024816863,0.0037440883,-0.0092876805
1/6/2016,0.6699999999999982,0.0008483595,0.008345314,0.00409147,-0.0029934158,-0.00094754243,0.03535822,0.14177531,0.07826842,0.174166,0.19916545,-0.0007085013,-0.00014222792,-0.013977946,-0.04656086,-0.384475,0.028532527,-0.18654758,-0.0057439827,-0.004172592,0.034525774,-0.09235886,-0.0032329282,-0.0065041687,0.0057270257,-0.039715104,0.008856381,-0.0029414166,0.024823839,0.0037440883,-0.009096695
2/6/2016,0.6700000000000017,0.0018995962,0.00537111,0.0023227213,-0.0029934158,-0.0006342246,0.01856666,-0.022790486,0.023084896,0.102078155,0.048334915,0.044539366,-0.1307213,0.20972376,-0.07626875,-0.5577357,0.014000893,-0.2458944,-0.007860574,-0.005174895,0.02039756,-0.09121346,-0.0030376797,-0.0065028607,0.0056920145,-0.039715316,0.008856376,-0.0029728692,0.024964394,0.0037440893,-0.01792503
3/6/2016,0.03,0.00079902506,0.0014068933,0.0011878996,-0.0029934158,0.0008097911,0.027962308,0.04513093,0.040461928,0.015848203,0.006215278,0.017431235,-0.11412829,0.14788425,-0.020164859,-0.5142297,0.0146552455,-0.27399525,-0.00874051,-0.0059205354,0.029387716,-0.08894533,-0.0057266112,-0.006491295,0.005673821,-0.03971595,0.0088564,-0.002964014,0.025075622,0.0037440895,-0.029223979
6/6/2016,0.2199999999999988,-0.0001338945,0.00019380452,0.0035164414,-0.0038382127,0.002370965,0.09905886,0.02463946,0.14932959,0.19735654,0.09658101,-0.09734002,-0.078748055,-0.21854278,0.013357392,-0.8675292,0.008062978,-0.27340207,-0.009112786,-0.005549255,0.0014222801,-0.08647503,-0.00715199,-0.0064787553,0.0056522363,-0.03971718,0.008856391,-0.0029848584,0.025134582,0.0037440893,-0.03154556
7/6/2016,0.6099999999999994,0.008145539,0.012902756,0.0047776964,-0.0031568,0.0027595097,0.14407828,0.27112687,0.24624692,0.32908937,0.17281537,-0.025782263,-0.080774255,0.1272243,0.007206094,-0.77237856,0.004394726,-0.2997926,-0.011140027,-0.006477324,0.015520854,-0.0809631,-0.00497985,-0.0064684846,0.005626005,-0.039720405,0.008856391,-0.003014186,0.025191786,0.0037440897,-0.036689043
8/6/2016,0.13,0.00065288856,0.0040020305,0.0018247191,-0.0031568,0.0018528543,0.038734894,0.14177117,0.031064589,0.04466886,0.042174738,-0.054292403,-0.12728916,0.16565795,-0.0019236086,-0.7852404,-0.008911937,-0.33774015,-0.01451677,-0.006998757,0.003905852,-0.07834275,-0.006276136,-0.0064662374,0.005623889,-0.039727226,0.00885639,-0.0031004522,0.02533805,0.0037440897,-0.047067158
9/6/2016,-0.04,-0.0053377976,-0.005572074,-0.0019638378,-0.0031568,-0.00036093447,-0.0401875,-0.029566666,-0.049096685,0.021304363,-0.08237362,-0.022119386,-0.13348795,0.12395714,-0.014160145,-0.83678365,-0.009299506,-0.34300232,-0.014836568,-0.007077008,0.025127336,-0.08137588,-0.011223314,-0.006467885,0.0056427005,-0.042004444,0.008856386,-0.0031047105,0.025357716,0.0037440897,-0.050763603
10/6/2016,-0.16,-0.007711009,-0.007611837,-0.0030394366,-0.0033950275,-0.0006181337,-0.06582023,-0.051241238,-0.07049662,-0.068004034,-0.114859626,0.09450649,-0.0355041,0.18492943,0.034303132,-0.8690881,-0.007401861,-0.33134687,-0.014310728,-0.006888704,0.010174854,-0.082035564,-0.012071978,-0.006470617,0.0056724604,-0.042031493,0.008856391,-0.0030882175,0.025343781,0.0037440897,-0.048127864
13/6/2016,-0.2,-0.00585495,-0.0076762643,-0.0028216674,-0.0036482213,-0.00079171883,-0.026020383,-0.12356229,-0.09008439,-0.14983185,-0.079845645,-0.057106104,-0.012811694,-0.048000593,0.027341915,-1.003382,-0.012758713,-0.31833753,-0.013714196,-0.006262117,-0.0070142373,-0.08560175,-0.0074530365,-0.006485146,0.005686344,-0.042081323,0.008856381,-0.0030854861,0.025311448,0.0037440895,-0.045106605
14/6/2016,0.4200000000000017,-0.008042081,-0.011030413,-0.002165417,-0.0038300722,-0.0033442061,-0.07689036,-0.037186302,-0.04427093,-0.216964,-0.110802025,-0.0142997345,0.0011482887,0.13962287,-0.032913335,-0.919191,-0.0027066476,-0.29767513,-0.01200983,-0.0058838134,0.02974174,-0.08934183,-0.007477253,-0.006489041,0.0056799483,-0.042201117,0.008856391,-0.0030405605,0.025242845,0.0037440893,-0.04136791
15/6/2016,-0.08,-0.0069674407,-0.0029475428,-0.00025654898,-0.003338652,-0.0019556356,-0.017469343,-0.13938406,-0.037537433,-0.33031857,-0.14115852,-0.10058327,0.0019929148,0.77671194,-0.049088728,-1.191275,-0.018169845,-0.33699882,-0.015595804,-0.006318446,0.017035559,-0.08694325,-0.0074100555,-0.006488112,0.0056218426,-0.040629912,0.008856365,-0.003129245,0.025363645,0.0037440895,-0.057150707
16/6/2016,0.08,-0.003431072,0.0005700049,-0.0009809048,-0.003498749,4.034937e-05,0.014592368,0.003935925,-0.05620462,-0.03169451,-0.03140874,-0.33847716,-0.026808495,0.080519736,-0.028405042,-0.9300157,-0.014534458,-0.32658678,-0.014205922,-0.00614853,0.032950692,-0.08722836,-0.00929027,-0.00646747,0.005543754,-0.041804317,0.008856374,-0.0031058525,0.02536823,0.0037440895,-0.055978965
17/6/2016,-0.07,-0.0040410776,-0.0027924927,-0.0015974576,-0.0041005504,-0.0018905106,-0.020082233,-0.100205004,-0.034122907,0.028036678,-0.057361677,0.22853291,0.10711128,0.14163221,0.06016596,-0.69475204,-0.0037531443,-0.29865497,-0.011860182,-0.00562981,0.05597281,-0.08498772,-0.010007068,-0.0064602853,0.0055206693,-0.039546773,0.008856391,-0.003044585,0.025263865,0.0037440893,-0.044426195
20/6/2016,-0.45,-0.0050240634,-0.0026942506,0.00012624775,-0.0046755946,-0.0024456214,-0.03719352,-0.21504359,-0.1279565,-0.18865186,-0.08052383,0.17221197,0.13423686,-0.12954031,0.04814162,-0.32405734,0.0038304278,-0.27305394,-0.0101726055,-0.005233657,0.061827492,-0.08314592,-0.008828302,-0.0064719105,0.0054708743,-0.037284803,0.008856401,-0.0030074965,0.025227947,0.003744089,-0.02968756
21/6/2016,-0.2,-0.0036916782,-0.0070632994,-0.0031886648,-0.0042772144,-0.0020098449,0.027802112,-0.08071403,-0.054094154,-0.15860452,-0.07390589,0.020206943,0.11326568,-0.3734456,-0.0059918305,-0.42266977,0.0022381914,-0.24856612,-0.008999069,-0.0043183193,0.06370665,-0.08635985,-0.011122892,-0.006462943,0.0054042754,-0.037284568,0.008856391,-0.0030067677,0.025215426,0.0037440883,-0.023303425
22/6/2016,0.0,-0.0033348603,-0.0067961416,-0.0021932297,-0.004459066,-0.0022511613,-0.01364925,-0.07540109,-0.0068725185,-0.1898226,-0.15584177,0.20553137,0.08925748,-0.21203685,-0.06428995,-0.25689223,0.004217779,-0.22098759,-0.00767029,-0.0033983008,0.05700543,-0.087517664,-0.011049642,-0.006457826,0.005346791,-0.03502306,0.008856391,-0.0029955897,0.025103081,0.003744088,-0.027990917
23/6/2016,-0.04,-0.0013385288,-0.00035785398,0.0009674377,-0.003365844,0.00018435415,0.045181308,0.041006587,0.061072286,0.06743009,0.012043555,0.17686073,0.06852718,0.026053587,-0.094934575,-0.04516731,0.0033092475,-0.22572233,-0.0076849684,-0.003352684,0.09378481,-0.087000646,-0.010544663,-0.0064361882,0.0052612824,-0.03276165,0.008856391,-0.0029899545,0.025122529,0.003744088,-0.03326321
24/6/2016,0.4800000000000004,0.004254042,0.009787664,0.008395461,-0.0036302884,0.00451507,0.10459606,0.21960342,0.23557208,0.24004523,0.097052775,0.07131002,0.08655321,0.0064985477,-0.08890121,-0.07284834,0.00649984,-0.20723526,-0.0066049285,-0.0028087145,0.112726465,-0.08494657,-0.010727414,-0.0064201066,0.0051473347,-0.030500738,0.008856391,-0.0029730308,0.025154963,0.0037440879,-0.023109246
27/6/2016,0.3299999999999983,0.0031530024,0.011021563,0.008416794,-0.003365844,0.0035937987,0.10459606,0.18611003,0.10158288,0.23249272,0.04441177,0.15902175,0.04315804,-0.043498695,-0.1229419,0.016475065,-0.00011005142,-0.2333957,-0.00805423,-0.0032881182,0.08757951,-0.08181722,-0.011944411,-0.0064377985,0.0050332337,-0.028240971,0.008856391,-0.0029810737,0.025147133,0.003744088,-0.033900496
28/6/2016,1.0100000000000016,0.03240565,0.055646624,0.024948163,0.0026476888,0.015619309,0.3606691,0.6794599,0.43821543,0.6399707,0.53931797,0.48471084,0.07472919,-0.2419933,-0.0030329693,0.13587074,0.005256552,-0.24776302,-0.008694701,-0.003893443,0.09204593,-0.078026265,-0.01149789,-0.0064402414,0.004908361,-0.0259833,0.008856398,-0.0029848015,0.02519318,0.0037440883,-0.03407885
29/6/2016,-0.49,-0.0018656558,0.008132701,-0.00479862,-0.0051487475,-0.012505006,-0.20236585,-0.28577414,-0.11757513,-0.32558236,-0.34356087,0.4142566,-0.017999668,-0.14016347,-0.053425167,0.2640267,-0.011091338,-0.3127792,-0.013263075,-0.0052192667,0.09300534,-0.07250749,-0.008912871,-0.0063583595,0.004799692,-0.02599067,0.008856393,-0.0031066723,0.025399966,0.003744089,-0.05610791
30/6/2016,0.4500000000000028,-0.00509643,-0.009969576,-0.001087253,-0.007043432,-0.003884443,-0.043873403,-0.07825055,0.05276244,-0.09375586,0.09346995,0.08053561,-0.05623146,-0.27000028,-0.1567724,-0.35853404,-0.009464049,-0.29671144,-0.012106039,-0.005213665,0.056241,-0.07499537,-0.011767309,-0.006336724,0.0047103157,-0.026004389,0.008856391,-0.0030823862,0.025322774,0.003744089,-0.04858043
1/7/2016,0.09,-0.004984089,-0.0035481506,-0.00362911,-0.005617591,-0.0027386353,-0.031133102,-0.03743608,0.013904752,-0.05120591,0.005488349,0.2104227,-0.078103565,0.078600354,-0.13848738,-0.13686144,-0.008560198,-0.3132844,-0.012849004,-0.0058629103,0.019722544,-0.07284033,-0.017470153,-0.006399787,0.0046383296,-0.026028672,0.008856391,-0.003063776,0.025283713,0.0037440893,-0.054961644
5/7/2016,-0.3,-0.01776588,-0.028589234,-0.013086103,-0.010358686,-0.009279995,-0.17109856,-0.22033949,-0.26935032,-0.315832,-0.2311445,0.18717054,-0.08706021,-0.047943708,-0.15223758,-0.30606246,-0.008563961,-0.30992028,-0.01287442,-0.0057345126,-0.008077346,-0.07195859,-0.018897349,-0.0064254347,0.0045841085,-0.02608196,0.008856385,-0.003074847,0.025288895,0.0037440893,-0.056413118
6/7/2016,-0.84,-0.037851796,-0.05245361,-0.023985125,-0.024812933,-0.039232686,-0.24719778,-0.49950808,-0.4255159,-0.4401569,-0.43164816,0.06290839,0.00381579,0.28555548,-0.10333607,-0.46016115,-0.0104477545,-0.31196126,-0.013393149,-0.00573001,0.030856213,-0.07890644,-0.019156389,-0.0064498982,0.0045314254,-0.028340515,0.008856385,-0.0030845208,0.025304869,0.0037440893,-0.05554884
7/7/2016,-0.16,-0.0168011,-0.016918827,-0.009972916,-0.008539022,-0.0069088307,-0.12122197,-0.1151245,-0.112766154,-0.15918641,-0.1422467,-0.32218164,0.041780148,0.113966845,-0.042243034,-0.42858765,-0.010892578,-0.2974132,-0.012634632,-0.0050917706,0.0331474,-0.0811772,-0.018740835,-0.006442092,0.0044462336,-0.028398966,0.008856389,-0.0030935954,0.025343722,0.003744089,-0.051850207
8/7/2016,0.7100000000000009,-0.003045707,0.0021553026,-0.0033249555,-0.007188057,-0.0036922528,0.19561705,-0.067438036,0.23578534,0.053196076,0.12647638,-0.14269055,0.15306184,0.08119665,0.054664318,-0.27178434,-0.0056204107,-0.2711458,-0.011249171,-0.0046914513,0.05503537,-0.08226578,-0.017697183,-0.0064155282,0.0043322034,-0.030661726,0.008856388,-0.0030523997,0.025243886,0.0037440886,-0.04933019
11/7/2016,-0.56,-0.006956711,-0.003528091,-0.007240485,-0.015316874,-0.01929173,0.08763816,0.17090866,0.20318313,-0.16768126,-0.03251588,-0.19980064,0.044686675,0.10847792,-0.015694901,-0.39769068,-0.007904323,-0.296964,-0.0121039525,-0.005172246,0.04027323,-0.07979361,-0.017511904,-0.006403768,0.004242043,-0.032924555,0.008856391,-0.0030610436,0.025318593,0.003744089,-0.05291337
12/7/2016,-0.24,-0.018791148,-0.009059607,-0.009403807,-0.01671429,-0.023303099,-0.13005173,-0.20262395,-0.033323433,-0.20184031,-0.20314938,-0.3958914,0.08407591,-0.2972988,-0.047666475,-0.46760398,-0.0039633387,-0.26063284,-0.010086722,-0.004201609,0.05813605,-0.0800917,-0.01768451,-0.0064054276,0.0041123657,-0.03518676,0.008856391,-0.0030489976,0.02528114,0.0037440883,-0.0424617
13/7/2016,0.4299999999999997,-0.0050469404,-0.0030527757,-0.0013574427,-0.0069679995,-0.0015704217,-0.026931364,0.10516725,0.14068885,0.02165361,0.094383426,-0.4748868,0.06570313,-0.27243838,-0.109228656,-0.42120463,-0.0072810273,-0.23501956,-0.00878691,-0.0032143502,0.055595666,-0.07671802,-0.016053043,-0.006427155,0.0039588674,-0.03744939,0.008856381,-0.0030523879,0.02528595,0.0037440879,-0.03598074
14/7/2016,-0.6,-0.020475358,-0.030631652,-0.013551755,-0.015498724,-0.021121431,-0.088471815,-0.28468302,-0.057111282,-0.26424605,-0.17253657,-0.31928048,-0.009950359,-0.18374358,-0.17554222,-0.16646908,-0.0064162607,-0.23870727,-0.009143614,-0.0032205093,0.062861815,-0.077615984,-0.015282398,-0.0064443485,0.0038226747,-0.03971253,0.008856381,-0.0030563215,0.025312824,0.0037440879,-0.032585517
15/7/2016,0.06,-0.0104979845,-0.01242273,-0.0060465815,-0.0071226843,-0.0031881249,-0.05348004,-0.06216972,0.11730088,-0.0022733982,-0.015588564,-0.34587878,-0.07218466,-0.14160006,-0.26521298,-0.1588148,-0.007462256,-0.21384983,-0.0076897233,-0.0023296236,0.0823507,-0.08539214,-0.017368749,-0.0064368662,0.0036464399,-0.041975074,0.008856381,-0.0030416856,0.025373284,0.0037440874,-0.02107682
18/7/2016,-0.01,-0.007283095,-0.0009473362,-0.0019695607,-0.006895708,-0.0024565472,2.6334332e-05,-0.06295443,0.1741919,0.13103211,0.017745337,0.05757416,-0.008632891,0.083276846,-0.17756686,0.18364143,0.0030342604,-0.19764912,-0.0070962827,-0.002291741,0.10785872,-0.086449966,-0.020084074,-0.006437031,0.0034707976,-0.04423919,0.008856391,-0.003013229,0.025331745,0.0037440874,-0.011405162
19/7/2016,-0.08,-0.0055823894,-0.0035450908,-0.0015922431,-0.0074655237,-0.0023337915,-0.014522994,-0.062985964,-0.016959941,0.031918757,-0.003634256,-0.17982236,-0.012141915,-0.20724899,-0.16975649,0.16312051,0.0067083156,-0.18296777,-0.0060039046,-0.001843628,0.0873979,-0.08729671,-0.022710707,-0.006438857,0.003301869,-0.046504036,0.0088564,-0.002992326,0.025351083,0.0037440872,-0.0020348562
20/7/2016,0.2799999999999976,-0.0062280605,-0.008219575,-0.002674082,-0.0074655237,-0.0033073777,-0.03906899,-0.1142322,-0.025662346,0.014626123,-0.022785494,-0.06931592,-0.012963062,-0.28151894,-0.17888807,-0.031803478,0.004983189,-0.17771563,-0.0059685013,-0.0015306275,0.081039,-0.08910559,-0.022680374,-0.00644639,0.0031397508,-0.04650541,0.008856391,-0.003001407,0.025381744,0.0037440872,-0.0011123306
21/7/2016,0.03,-0.0021004465,-0.0040777596,-0.0012731658,-0.0075916806,-0.0022340587,-0.02303355,0.073912755,0.08047191,-0.06877378,0.09159058,-0.13438347,-0.08532344,-0.23018421,-0.1883045,-0.1803756,0.0048995162,-0.19491766,-0.0071662674,-0.002584479,0.058969952,-0.084494375,-0.021501789,-0.006459213,0.0030029027,-0.046505585,0.008856391,-0.0030045959,0.025260396,0.0037440876,-0.015219061
22/7/2016,0.3000000000000007,-0.004016306,-0.003752108,-0.0008720627,-0.0075916806,-0.0019912191,-0.030206114,0.00071004883,0.015529145,0.13108039,0.030543873,-0.10273383,0.0189105,-0.66153914,-0.112263694,-0.4042665,0.006197392,-0.18685034,-0.006830178,-0.002370108,0.03892359,-0.08224612,-0.02037608,-0.0064679175,0.0028718952,-0.04650573,0.008856391,-0.0030019009,0.025296258,0.0037440874,-0.019188747
25/7/2016,-0.37,-0.012753803,-0.014417324,-0.009196887,-0.00857447,-0.0062222322,-0.07158013,-0.12742406,-0.13068117,-0.37736127,-0.17065303,-0.30160758,-0.048242014,-0.51049626,-0.1442206,-0.29022834,-0.0008564744,-0.20718953,-0.008224372,-0.0030436094,0.0037408592,-0.080591016,-0.017790226,-0.00647461,0.002751369,-0.046505753,0.008856381,-0.0030265846,0.025230424,0.0037440876,-0.026227713
26/7/2016,-0.42,-0.012266869,-0.02208526,-0.010062496,-0.0077942456,-0.006439282,-0.07655212,-0.25464565,-0.15894517,-0.3464579,-0.19349118,-0.5387257,-0.028324006,-0.5667476,-0.17271574,-0.53509706,-0.0034480686,-0.2035754,-0.007884615,-0.0029368643,-0.003594141,-0.08107867,-0.016560178,-0.0064718104,0.0026588275,-0.046505157,0.008856381,-0.0030218163,0.025233703,0.0037440876,-0.028880833
27/7/2016,-0.3,-0.013658897,-0.013202935,-0.008962029,-0.00805869,-0.005714354,-0.059740454,-0.14682712,-0.11015657,-0.1531971,-0.104321174,-0.24645004,0.027169457,-0.5681332,-0.0889729,-0.5227501,0.006587975,-0.1886503,-0.006690317,-0.0024690737,0.012829527,-0.084791176,-0.016689554,-0.0064689745,0.0025871417,-0.046504233,0.008856391,-0.0029924384,0.025278037,0.0037440874,-0.023655761
28/7/2016,0.25,-0.003993883,-0.0039790906,-0.002491451,-0.0053841635,-0.0019556903,-0.030430598,-0.033959027,-0.042061705,0.0255446,-0.02135662,-0.22934887,0.031978436,-0.46350524,-0.09511169,-0.34735262,0.0075653587,-0.18349731,-0.0056971745,-0.0019261867,0.03916182,-0.088620424,-0.017073493,-0.006463128,0.0025196543,-0.046503223,0.008856391,-0.0029806623,0.025385829,0.0037440872,-0.0103618605
29/7/2016,-0.24,-0.007536199,-0.007903324,-0.00270101,-0.0048927423,-0.0028568192,-0.03189653,-0.081250146,-0.023603415,-0.035672214,-0.014671835,-0.256569,-0.02808191,-0.29961407,-0.10038939,-0.3492703,0.008440896,-0.19733295,-0.006659991,-0.002907166,0.019970855,-0.08836948,-0.01699273,-0.006453093,0.0024570432,-0.046502303,0.008856391,-0.0029776727,0.0252544,0.0037440876,-0.024712685
1/8/2016,0.24,0.00024373062,0.0016445293,-0.0005024917,-0.004427767,0.00056718977,-0.01886916,0.049959797,-0.010870403,0.094887964,0.033925824,-0.29767883,0.052229468,-0.5187926,-0.07310633,-0.4035832,0.009146228,-0.17533821,-0.005502817,-0.001966999,0.03061659,-0.08662415,-0.01615003,-0.006457755,0.0024068402,-0.046501197,0.008856391,-0.002972915,0.025357129,0.0037440872,-0.020249523
2/8/2016,-0.01,-0.0016437176,-0.0009986885,3.7621474e-05,-0.003329953,0.00040241145,0.013758418,0.04153438,0.035071976,-0.009766979,0.054216363,-0.19832881,0.046352506,-0.46617827,-0.06206398,-0.34309646,0.010580573,-0.17772166,-0.0057742866,-0.0021625473,0.023716928,-0.082691886,-0.016015591,-0.0064747115,0.0023774167,-0.0465015,0.008856391,-0.0029711665,0.02533917,0.0037440874,-0.024483431
3/8/2016,0.6600000000000001,-0.0015781388,-0.0011355879,0.0013552624,-0.003329953,0.00016006177,-0.003862829,0.024388406,0.00013961554,0.1463568,-0.00077777315,-0.18351899,0.060280707,-0.5123063,-0.08053222,-0.45703256,0.010351782,-0.17345881,-0.005560129,-0.0020356297,0.0168461,-0.07921439,-0.016714258,-0.006484585,0.002343361,-0.046501603,0.008856391,-0.0029692098,0.025357146,0.0037440872,-0.026634233
4/8/2016,0.6500000000000021,0.0063417084,0.020515608,0.008221676,-0.0029934158,0.003046034,0.130974,0.35571474,0.25761464,0.42507732,0.16623662,-0.11165071,-0.0076350337,-0.43542504,-0.0642388,-0.31389967,0.0074898847,-0.21272883,-0.007920902,-0.0034765862,0.010817472,-0.07621723,-0.015515202,-0.0064761816,0.0023103496,-0.046501245,0.008856391,-0.0029886516,0.025239205,0.0037440879,-0.03491417
5/8/2016,0.1999999999999993,0.0031303763,0.0062060724,0.0035962758,-0.0038128213,0.0018343825,0.093442805,0.13695578,0.15306729,0.06394583,0.09550634,-0.07664661,-0.0839075,-0.45611364,-0.0804654,-0.3918547,0.0015578986,-0.257292,-0.010070776,-0.004831208,0.0028212995,-0.07373935,-0.014356868,-0.00645338,0.0022561357,-0.046500716,0.008856391,-0.003023055,0.025206093,0.0037440886,-0.039772835
8/8/2016,-0.16,-0.008392379,-0.008366039,-0.0031143695,-0.0071805306,-0.004439039,-0.04834314,-0.0638113,-0.08694846,-0.08486351,-0.0058974014,3.3884135e-05,-0.056283075,-0.62335986,-0.028932216,-0.4180462,0.00040663703,-0.2687194,-0.011085777,-0.0052520186,-0.009030346,-0.074410506,-0.013736765,-0.006438454,0.0021945622,-0.04650033,0.008856391,-0.00304821,0.025190713,0.0037440886,-0.039651662
9/8/2016,-0.75,-0.015808268,-0.025137259,-0.011175185,-0.011253044,-0.0069987793,-0.0741976,-0.3822593,-0.11194972,-0.39141414,-0.16074124,-0.29272836,-0.023881616,-0.46866083,-0.03809187,-0.3598728,-0.008048053,-0.27740845,-0.011792316,-0.005373491,0.0007550856,-0.0740233,-0.01210712,-0.0064438987,0.0021547251,-0.046500046,0.008856376,-0.0030610114,0.025191016,0.003744089,-0.038037304
10/8/2016,-0.04,-0.0077225505,-0.007963556,-0.0019710793,-0.007600543,-0.00041652904,-0.00055435585,0.028330136,-0.027877493,0.030034095,-0.018572448,-0.19771385,0.07514697,-0.38616756,-0.014748934,-0.5654944,-0.0057014134,-0.2537673,-0.0102496995,-0.004430718,0.02592446,-0.08128023,-0.011287717,-0.0064619747,0.0021398058,-0.046499655,0.008856386,-0.0030278328,0.025168706,0.0037440886,-0.032112617
11/8/2016,0.1099999999999994,-0.0011360262,0.0002477202,-0.0013729838,-0.0044843876,0.001346679,0.029093733,0.08011206,0.07923105,0.053366452,0.07190864,-0.07231495,0.061889682,-0.085243516,0.058662914,-0.33063632,0.007661697,-0.24932979,-0.009833221,-0.0051512034,0.019914335,-0.08457706,-0.0136218285,-0.006460439,0.002111396,-0.046499733,0.008856391,-0.0029966729,0.025066452,0.0037440886,-0.033973914
12/8/2016,0.2699999999999996,0.0030623463,0.0048665754,0.004002201,-0.0014078357,0.0022713207,0.056105535,0.12840961,0.04706901,0.35434598,0.12438455,-0.21177274,0.04220396,-0.052402504,0.030623931,-0.38250044,0.0063858815,-0.23988612,-0.009386278,-0.0048832158,0.011291947,-0.08510472,-0.015729224,-0.006449196,0.0020782056,-0.046499904,0.008856391,-0.0029980221,0.025062898,0.0037440886,-0.031968236
15/8/2016,0.2800000000000011,-0.0013191655,0.00241943,0.0006818058,-0.004208759,0.0014461117,0.05797898,0.09595172,0.108308874,0.16374083,0.092681624,-0.2403228,0.052652128,-0.05738435,0.024395073,-0.5215091,0.005324851,-0.24408476,-0.009534214,-0.00479983,0.036096852,-0.08300292,-0.016021874,-0.0064528296,0.0020864815,-0.04650039,0.008856391,-0.0030047202,0.02507769,0.0037440886,-0.03220348
16/8/2016,-0.54,-0.0072193188,-0.009975537,-0.007801616,-0.0061001396,-0.002577189,-0.01636865,-0.23483112,-0.04142228,-0.25120813,-0.096324764,-0.15558597,0.038366016,-0.30667162,0.023790237,-0.60463125,0.005125033,-0.2506998,-0.009677545,-0.004876945,0.027068691,-0.07812127,-0.01679673,-0.0064621638,0.0020963883,-0.04650087,0.008856391,-0.0030115917,0.025110777,0.0037440886,-0.02904538
17/8/2016,0.2600000000000015,-0.0021059678,0.0021250634,0.0019387939,-0.004700179,0.0013723313,0.034672085,0.08272702,0.14347428,0.114889875,0.11619596,-0.14706367,0.107134745,-0.4925087,-0.022070695,-0.61193883,0.0032331778,-0.22637008,-0.008591545,-0.0037051141,0.051617436,-0.0781173,-0.01656684,-0.0064712837,0.0021086214,-0.04650093,0.008856391,-0.0030052622,0.025169648,0.003744088,-0.018304637
18/8/2016,-0.21,-0.0037275958,-0.0024594693,-0.0016228098,-0.004400535,-0.00038795936,0.018003924,-0.09010432,0.041390046,0.051876005,0.016082428,0.06318839,0.026548315,-0.11345916,-0.023056308,-0.20526582,0.008274733,-0.2370329,-0.009462024,-0.00450668,0.037509944,-0.08031948,-0.01839165,-0.006472165,0.002120729,-0.0465016,0.008856391,-0.0030087961,0.025113475,0.0037440883,-0.023499934
19/8/2016,0.6500000000000021,0.0014913287,0.007080806,0.0059615006,-0.004700179,0.0037721994,0.049277753,0.37855175,0.046404358,0.2799995,0.22221588,-0.027946757,0.042001653,-0.36798233,-0.065583624,-0.057249118,0.010082058,-0.20854203,-0.007995752,-0.0036719935,0.030686107,-0.08718506,-0.022596557,-0.0064677303,0.002130196,-0.0465016,0.008856401,-0.0029903296,0.025139023,0.0037440879,-0.01528237
22/8/2016,0.3099999999999987,-0.0017137021,0.004311559,-0.0010665355,-0.005347572,-0.0004333409,0.018861083,0.06722619,0.010315411,0.034706842,0.052573603,-0.08499266,-0.085305125,0.0041474374,-0.14558147,-0.13972603,0.004936205,-0.24206859,-0.009597048,-0.004418777,0.03309269,-0.0889622,-0.02398648,-0.0064579546,0.0021605855,-0.04650163,0.008856391,-0.0030221099,0.02509741,0.0037440883,-0.02840133
23/8/2016,-0.51,-0.013232768,-0.009328073,-0.0053199464,-0.007563501,-0.005630006,-0.11039944,-0.051223263,-0.07299429,-0.32719836,-0.08872481,-0.09695106,-0.060608927,-0.24250978,-0.12051699,-0.11939315,0.0070225936,-0.24828981,-0.009403715,-0.004728267,0.01987576,-0.08837723,-0.02378758,-0.006442543,0.002182676,-0.046501674,0.008856401,-0.0030178688,0.025092639,0.0037440886,-0.030067017
24/8/2016,0.3300000000000018,-0.008906701,-0.011156303,-0.0024940064,-0.007290416,-0.001450245,-0.0141439745,0.07214146,0.040803283,0.02124128,0.02213661,-0.1990556,0.07717916,-0.5399067,-0.01995623,-0.42238882,-0.0003465194,-0.2601757,-0.010880707,-0.0050186412,0.02928188,-0.0890518,-0.02035556,-0.0064445897,0.0022200963,-0.04650172,0.008856391,-0.003043011,0.02512193,0.0037440886,-0.035757538
25/8/2016,0.06,-0.010342913,-0.008853954,-0.0043404377,-0.012965759,-0.0053232913,-0.05819508,-0.02747852,-0.035766646,0.0045986185,-0.030263036,-0.016987253,0.036992814,-0.33855566,0.005504121,-0.33376488,0.005186607,-0.27119866,-0.011263183,-0.0055546514,0.01889466,-0.08369192,-0.018195368,-0.006449882,0.0022544556,-0.046502057,0.008856391,-0.0030410276,0.025110709,0.003744089,-0.037411865
26/8/2016,0.06,-0.008282902,-0.009054527,-0.0038730667,-0.01345718,-0.0054599917,-0.11472257,-0.042209163,-0.061763886,-0.04381197,-0.06387891,0.08831638,0.07684832,-0.4200787,-0.037115853,-0.36510843,0.005193679,-0.25745445,-0.010911111,-0.005052392,0.029857742,-0.08292486,-0.019178458,-0.00645878,0.0022874055,-0.046502486,0.008856391,-0.0030467291,0.025138749,0.0037440886,-0.037464324
29/8/2016,-0.15,-0.011338138,-0.012378984,-0.0053586112,-0.012882591,-0.007560017,-0.12661667,-0.11759672,-0.1884814,-0.10741907,-0.055661786,0.23645134,0.0977107,-0.30930293,-0.061300613,-0.2175762,-0.0023006776,-0.26589182,-0.011831436,-0.0051204357,0.025285643,-0.08383706,-0.018221673,-0.0064782724,0.0023178512,-0.04650293,0.008856386,-0.0030563483,0.025124738,0.003744089,-0.03517073
30/8/2016,-0.46,-0.016802367,-0.02377884,-0.014637474,-0.014243767,-0.020073626,-0.17993455,-0.22546221,-0.21350095,-0.24505779,-0.18398859,0.11951718,0.09384558,-0.6813987,-0.028068533,-0.5465093,0.0037742672,-0.241812,-0.010027251,-0.004246422,0.01583231,-0.08037673,-0.018119656,-0.0064766696,0.0023619959,-0.04650291,0.008856391,-0.003057228,0.025117973,0.0037440883,-0.034214936
31/8/2016,-0.47,-0.0158069,-0.024811586,-0.009939952,-0.012168158,-0.0140829235,-0.15102154,-0.30580977,-0.1543364,-0.1907789,-0.11026911,-0.27033296,0.090694875,-0.35969943,-0.041248832,-0.3649141,-0.0020552943,-0.23572771,-0.010211588,-0.004163793,0.025407767,-0.08419204,-0.018436356,-0.0064707776,0.0023989098,-0.046502866,0.008856386,-0.0030535301,0.025134046,0.0037440883,-0.026436457
1/9/2016,0.5899999999999999,-0.016199637,-0.012490378,-0.0052623283,-0.012377736,-0.010383632,-0.08669197,-0.07337183,-0.10051824,0.0033678492,-0.037833184,-0.16078305,-6.6415516e-05,-0.11270223,-0.12414183,-0.35496336,0.0027742402,-0.22051166,-0.008804768,-0.0035489826,0.044264697,-0.090476386,-0.022000557,-0.0064528235,0.0023929179,-0.04650295,0.008856391,-0.0030316785,0.025211867,0.0037440879,-0.027859235
2/9/2016,0.04,-0.008669128,-0.0067052627,-0.0038040886,-0.011813646,-0.0066062557,-0.04818879,0.17484017,-0.017804248,0.0049008382,-0.0054688263,-0.12615731,-0.0817007,0.10493332,-0.16307807,-0.32230678,0.0022731533,-0.2365315,-0.0096525485,-0.004189447,0.021081634,-0.08958279,-0.025050417,-0.006431949,0.00239937,-0.046502862,0.008856391,-0.0030409184,0.025133582,0.003744088,-0.030969992
6/9/2016,0.07,-0.01485481,-0.01654449,-0.0063283877,-0.011598698,-0.010169089,-0.11633632,-0.06830673,-0.17744614,-0.17190808,-0.11984928,0.13573019,-0.0555873,-0.09224618,-0.18922453,-0.113952234,0.005623917,-0.21753517,-0.008807253,-0.0036854432,0.023242429,-0.09376341,-0.024442332,-0.006437627,0.0023852473,-0.046503108,0.008856401,-0.0030241972,0.025131917,0.003744088,-0.028532524
7/9/2016,-0.07,-0.014319755,-0.014435714,-0.0063338093,-0.011822347,-0.009907091,-0.111589044,-0.0106987385,-0.09458039,-0.14897722,-0.09848103,-0.11794201,-0.040478762,-0.06954984,-0.1684209,-0.15814625,-0.0025692268,-0.22691217,-0.009927262,-0.0036685602,0.0031143397,-0.0939223,-0.023492198,-0.0064571407,0.0023896175,-0.04650361,0.008856381,-0.003060913,0.02518147,0.0037440879,-0.029129993
8/9/2016,-0.23,-0.012632742,-0.017026478,-0.0062194862,-0.011822347,-0.009996109,-0.13104889,-0.06910315,-0.12139758,-0.13528095,-0.18058756,-0.05737383,-0.08398556,-0.1914211,-0.1746087,-0.25156987,0.0003312918,-0.2266331,-0.0097481785,-0.003826477,0.032622736,-0.09210358,-0.025941327,-0.0064608864,0.0023780155,-0.04650384,0.008856391,-0.0030522519,0.02516741,0.003744088,-0.032181095
9/9/2016,0.25,-0.010796546,-0.010470724,-0.0020701487,-0.011903169,-0.0065277684,-0.06967258,0.010831048,-0.02227056,0.0029552002,-0.10303213,0.10438847,0.041507587,-0.599388,-0.075170785,-0.5336126,0.0010265945,-0.20351462,-0.008519445,-0.0027783732,0.025983123,-0.09781572,-0.026564488,-0.0064677475,0.002365002,-0.04650389,0.008856391,-0.0030491273,0.025324307,0.0037440874,-0.035067797
12/9/2016,0.1900000000000012,-0.012657023,-0.015577683,-0.0059658866,-0.012989348,-0.01267246,-0.10046233,0.031165117,-0.10763043,-0.06789318,-0.18784317,0.052619886,0.02870317,-0.34692243,-0.09368285,-0.3938647,0.0033976182,-0.20908023,-0.008767152,-0.00327637,0.012404792,-0.0978317,-0.023174163,-0.006480778,0.002357869,-0.04650402,0.008856391,-0.003040105,0.025251096,0.0037440876,-0.03183696
13/9/2016,-0.3,-0.016380738,-0.017809248,-0.008565061,-0.01302559,-0.013329539,-0.17790087,-0.1792909,-0.1629271,-0.29764825,-0.26601142,-0.18845187,-0.019894646,-0.46840784,-0.102394074,-0.195508,0.003545544,-0.2283078,-0.009842062,-0.004030712,0.016344305,-0.099870495,-0.027041946,-0.006467108,0.0023190214,-0.04650413,0.008856398,-0.0030460798,0.02520882,0.003744088,-0.04095358
14/9/2016,0.3500000000000014,-0.012993599,-0.016528396,-0.008202048,-0.012611015,-0.01243367,-0.15195031,0.031165117,-0.074222974,-0.07414813,-0.22386996,-0.17667897,0.07737166,-0.60942185,-0.08561742,-0.44949767,-0.0012309675,-0.20675948,-0.008822188,-0.0031080164,-0.0072334623,-0.10051819,-0.02481628,-0.006469862,0.0022975823,-0.046504144,0.008856391,-0.0030463864,0.02524854,0.0037440876,-0.03297104
15/9/2016,1.3000000000000007,-0.015613642,-0.017904622,-0.0053004604,-0.013108758,-0.011867652,-0.07919351,0.030353121,-0.058557358,-0.13295072,-0.1831369,-0.2288414,0.12919945,0.4423619,-0.049385875,-1.0946044,-0.013653674,-0.25565615,-0.012677082,-0.004486949,0.0019918976,-0.09628202,-0.016474005,-0.006482903,0.0022841652,-0.04650451,0.008856344,-0.0031278725,0.025222773,0.003744088,-0.046414018
16/9/2016,0.3200000000000003,-0.037441865,-0.032208715,-0.009254978,-0.026730772,0.0044680526,0.027444616,0.19171473,0.073428996,0.38488653,0.060132578,-0.55099183,-0.11153375,-0.15366378,-0.070709206,-0.6894001,-0.03529713,-0.37014568,-0.020344093,-0.006770244,0.025005007,-0.08997922,-0.016765695,-0.006379515,0.0022674892,-0.046504147,0.008856326,-0.0033156439,0.025526816,0.0037440893,-0.06985411
19/9/2016,0.03,-0.007486829,-0.001981633,-0.0044186777,-0.008720075,-0.0009129411,0.0032472154,-0.021531966,0.06384523,-0.028936325,-0.042324603,0.42292905,-0.029928839,-0.48534727,-0.043585576,-0.30128938,-0.029427104,-0.3548931,-0.018359901,-0.0063617546,0.0383694,-0.08029129,-0.012686488,-0.006315157,0.0022443624,-0.04650428,0.008856352,-0.0032523556,0.025483629,0.0037440893,-0.06452244
20/9/2016,0.07,0.0003830691,-0.0026663626,-0.0017907196,-0.008988823,-0.00070203404,0.0027337908,-0.034674007,-0.05020919,-0.038200706,0.05904542,0.4658618,-0.015823327,-0.39427093,-0.07062954,-0.27402285,-0.037887927,-0.3672515,-0.0197002,-0.0063953684,0.03847745,-0.070594154,-0.006538423,-0.006358574,0.0022306363,-0.04650459,0.008856337,-0.003294625,0.025536569,0.0037440893,-0.06640094
21/9/2016,-0.03,-0.0063088275,-0.012856022,-0.0028978724,-0.010524868,-0.0045859143,-0.13694316,-0.025855081,-0.092369795,-0.043603286,-0.07609682,0.53740716,0.074987054,-0.3179994,0.00861375,-0.45326173,-0.023586068,-0.35003993,-0.017363079,-0.0062277466,0.04564355,-0.06580277,-0.009183122,-0.0063710865,0.0022291425,-0.046504807,0.008856391,-0.003225547,0.025487328,0.0037440893,-0.063486814
22/9/2016,-0.04,-0.008240458,-0.0029703833,-0.0011943349,-0.013280774,0.0043938416,-0.07414641,0.08797282,0.056975,0.55185205,0.05567924,0.1323855,0.012090092,-0.7363682,0.031281453,-0.59382963,-0.025628537,-0.3457847,-0.017329386,-0.0058559934,0.038625646,-0.068209,-0.012442515,-0.0063847997,0.002253667,-0.04650437,0.008856391,-0.0032376263,0.025492145,0.0037440893,-0.07002324
23/9/2016,0.4100000000000001,-0.0055495324,0.00391205,0.0047626635,-0.012457584,0.011115047,0.041963,0.23323545,0.101680644,0.15983482,0.2154278,0.17499718,0.063493095,-0.43168366,0.05753696,-0.60439974,-0.030560022,-0.34914088,-0.017799027,-0.0058589038,0.054153003,-0.07120532,-0.012843779,-0.0064181974,0.0023113643,-0.046504248,0.008856381,-0.0032357106,0.02550677,0.0037440893,-0.06776134
26/9/2016,0.4800000000000004,-0.014620789,-0.0068224543,-0.0055541554,-0.012457584,-0.0012412063,-0.1299012,-0.1421285,-0.08637345,0.20205069,-0.08125126,0.10496291,0.09138722,-0.24248725,0.112974405,-0.7225047,-0.02739817,-0.36223403,-0.018583551,-0.0064488803,0.05629252,-0.0720727,-0.014290785,-0.0064370567,0.0023660306,-0.046504077,0.0088563915,-0.0032496906,0.025537362,0.0037440893,-0.07088516
27/9/2016,0.25,-0.01082581,-0.013434322,-0.009332279,-0.014589426,-0.011610463,-0.10915501,-0.2137846,-0.05204807,0.019848272,-0.095457554,-0.07601902,0.049990997,-0.3637094,0.085488275,-0.65491056,-0.039998982,-0.38863835,-0.02120545,-0.006788028,0.046371423,-0.07169014,-0.015619019,-0.006416659,0.0024331133,-0.04650401,0.008856379,-0.0033317683,0.025640098,0.0037440895,-0.07510631
28/9/2016,-0.51,-0.02140878,-0.025978928,-0.014237446,-0.013896105,-0.025448054,-0.28283048,-0.30752861,-0.34432778,-0.2616524,-0.19981948,0.22669514,0.073885165,-0.39480326,0.096733205,-0.8136287,-0.04039303,-0.39938185,-0.022640254,-0.007035447,0.050406016,-0.07127104,-0.015914023,-0.006395455,0.0024770736,-0.046504293,0.00885639,-0.00338679,0.025720792,0.0037440895,-0.07734958
29/9/2016,0.2399999999999984,-0.0040287203,-0.013124652,-0.0026516602,-0.009169241,0.005006766,-0.02745625,-0.0068015535,0.041101646,-0.02237714,0.026787728,-0.03020203,0.10305797,-0.68732625,0.037376963,-0.7724081,-0.037706256,-0.3765256,-0.020778207,-0.0062624896,0.047351018,-0.07111687,-0.016507305,-0.006373203,0.0025092328,-0.046504326,0.0088563915,-0.0033449738,0.025725052,0.003744089,-0.06767665
30/9/2016,-0.33,-0.012270713,-0.018568907,-0.008081343,-0.013458883,-0.009969938,-0.07972044,-0.21046431,-0.1744587,-0.11003685,-0.22010471,0.0195355,-0.03915526,-0.46041292,-0.11165792,-0.7999596,-0.033903044,-0.37713307,-0.020930517,-0.0069387075,0.009339259,-0.07579622,-0.021268917,-0.0063921334,0.0025156105,-0.04650413,0.0088563915,-0.0033366533,0.02562713,0.0037440893,-0.0658005
3/10/2016,0.5899999999999999,-0.0023326988,0.01637382,0.009319612,-0.010518769,0.01699737,0.16671796,0.15346053,0.22791454,0.30072924,0.24427298,0.14028285,0.026075851,-0.30251715,-0.070334464,-0.34247166,-0.027492285,-0.3558874,-0.019751435,-0.0066059483,0.021059114,-0.0808518,-0.027752226,-0.00641511,0.002513504,-0.046504207,0.008856401,-0.0033054142,0.025534924,0.0037440893,-0.06406224
4/10/2016,0.5499999999999972,0.00085624156,0.013542835,0.00423129,-0.010897101,0.015036099,0.16730542,0.27447906,0.35358238,0.33929923,0.14514552,0.06143473,-0.04501511,-0.048824534,-0.08199473,-0.34191608,-0.03475265,-0.3939368,-0.022033494,-0.007396368,0.01769985,-0.08366617,-0.028856898,-0.0063997456,0.0025221463,-0.046504274,0.0088563915,-0.0033482492,0.02560554,0.0037440895,-0.076259226
5/10/2016,-0.7,-0.022364607,-0.033780143,-0.01861175,-0.014162761,-0.026065562,-0.17203453,-0.37051767,-0.30060688,-0.4110978,-0.26959157,0.09249058,-0.02686003,-0.15787797,-0.05994463,-0.40978864,-0.040058978,-0.41399837,-0.023765882,-0.007783091,0.009902966,-0.08508507,-0.028767727,-0.0063822824,0.002546788,-0.046504553,0.008856392,-0.0033923339,0.025695685,0.0037440897,-0.07800716
6/10/2016,0.3100000000000023,-0.0060337298,0.0054555996,0.0024255067,-0.011750247,0.009506641,0.06418898,0.086286984,0.33370033,0.08033966,0.13402058,-0.14485902,0.04211015,-0.5733056,-0.071957454,-0.5510126,-0.0378452,-0.38116592,-0.021788297,-0.0065407977,0.025056947,-0.08486552,-0.02789315,-0.0063655768,0.0025933338,-0.046504617,0.008856392,-0.0033853091,0.025706707,0.0037440893,-0.07113384
7/10/2016,-0.29,-0.012741257,-0.014652391,-0.004115451,-0.013293008,-0.008446246,-0.001762152,-0.124427095,0.024283981,-0.15324205,-0.08410769,0.11786707,0.04039109,-0.27561808,-0.051143225,-0.20396505,-0.033378158,-0.3858497,-0.021641051,-0.0071590994,0.010022771,-0.08244466,-0.028555889,-0.006352665,0.0026292885,-0.046504676,0.008856401,-0.0033604347,0.02564288,0.0037440893,-0.069317296
10/10/2016,0.1600000000000001,-0.009536856,-0.0054166475,-0.0012315348,-0.012741737,-0.0011302395,0.038830724,0.07090001,0.023854837,0.03752146,0.09192756,0.14027387,0.053871274,-0.42294723,-0.10792559,-0.41625673,-0.034228057,-0.35877773,-0.020508701,-0.0062505007,0.013437685,-0.08449515,-0.029567434,-0.0063779163,0.0026772365,-0.046504617,0.008856392,-0.0033597017,0.025581844,0.003744089,-0.06463079
11/10/2016,-0.14,-0.009794417,-0.003127998,-0.0014748757,-0.013036901,-0.0014079195,0.008425804,0.14540718,-0.071010135,-0.09272273,0.061923902,0.07178986,0.00028232668,0.03659225,-0.1591486,-0.13314374,-0.044499446,-0.3836822,-0.022344772,-0.0067188707,-0.007099348,-0.08745457,-0.028577782,-0.0064208535,0.0027058558,-0.04650473,0.008856377,-0.0033916717,0.025617365,0.0037440893,-0.07417961
12/10/2016,-0.23,-0.011447311,-0.0052662464,-0.006393566,-0.013528324,-0.004913116,-0.003873908,0.048161544,-0.023346562,-0.09599831,0.0062890523,0.11078661,0.09715745,-0.14932494,-0.12139153,-0.3101318,-0.03730794,-0.35868698,-0.020707645,-0.005969232,0.030806435,-0.086673565,-0.028781889,-0.006423009,0.0027384043,-0.046504833,0.008856392,-0.0033689383,0.025577176,0.0037440886,-0.07516947
13/10/2016,-0.01,-0.0057186773,-0.012247261,-0.005014202,-0.011750247,-0.003590813,0.036600467,0.1428404,-0.027050937,0.102941625,0.11439403,-0.117692254,0.12323832,-0.58454293,-0.10468139,-0.31217456,-0.04476553,-0.33741143,-0.019947352,-0.0048976275,0.026535103,-0.08859881,-0.028061543,-0.0064280904,0.002775205,-0.046505,0.008856377,-0.0033790118,0.025578883,0.0037440883,-0.06960672
14/10/2016,0.25,-0.008318704,0.0038731874,0.0012240689,-0.0114406785,-0.0015056692,0.04905602,0.18720475,0.05656773,0.25293747,0.06268971,0.059701916,0.06348458,-0.37546188,-0.17955862,-0.25806263,-0.0329164,-0.31966653,-0.01821088,-0.0046070497,0.059059277,-0.088160805,-0.029310372,-0.0064265365,0.0027792791,-0.04650539,0.008856392,-0.003345053,0.025528736,0.003744088,-0.06856643
17/10/2016,-0.14,-0.010478527,-0.009482166,-0.0036253661,-0.0114406785,-0.008182658,-0.041581906,-0.0126326345,0.013048224,0.057997856,-0.0069560898,-0.09575877,-0.025301555,-0.3727312,-0.25747532,-0.24335417,-0.034697153,-0.3345931,-0.019079508,-0.004987481,0.07135263,-0.08666828,-0.03406852,-0.0063980166,0.0027913374,-0.04650566,0.008856392,-0.0033599343,0.025541304,0.0037440883,-0.07301632
18/10/2016,-0.07,-0.019565022,-0.021723546,-0.006477265,-0.014993951,-0.01198314,-0.14514361,-0.12604436,-0.094556786,-0.14461529,-0.12113193,0.1554325,0.016249657,-0.47931874,-0.26363093,-0.14039515,-0.03209701,-0.30710036,-0.017814184,-0.0041703675,0.078672275,-0.08760363,-0.035371237,-0.006402226,0.002782192,-0.04650616,0.008856392,-0.003341951,0.02553414,0.0037440879,-0.06712845
19/10/2016,-0.33,-0.022099126,-0.020290194,-0.0084813,-0.014657215,-0.012706195,-0.14307944,-0.08234073,-0.13869724,-0.22727762,-0.13526371,0.25023106,0.047062997,-0.46110705,-0.24139231,-0.10839464,-0.03037019,-0.29121166,-0.016870707,-0.0035484212,0.073412776,-0.08708635,-0.034042932,-0.0064244377,0.002769309,-0.046506654,0.008856392,-0.0033368568,0.025579646,0.0037440876,-0.06340967
20/10/2016,0.09,-0.017235935,-0.0149980765,-0.006321713,-0.014543327,-0.009152215,-0.16531858,-0.06249705,-0.17840794,-0.013100646,-0.09569887,0.03122635,0.0126335,-0.30883753,-0.26477715,-0.20459226,-0.026345216,-0.2872285,-0.016107742,-0.0037330252,0.06814447,-0.088824205,-0.035484895,-0.006417071,0.0027311216,-0.04650674,0.008856401,-0.0033105435,0.025580494,0.0037440876,-0.06070915
21/10/2016,0.4899999999999984,-0.020158367,-0.026542567,-0.008800009,-0.015393489,-0.014999239,-0.12385237,-0.08643249,-0.18944032,-0.09215939,-0.23051484,0.25881067,-0.006011432,-0.24269079,-0.2801147,-0.054501783,-0.027904762,-0.2792379,-0.015985373,-0.0030958483,0.07717923,-0.088268675,-0.03650768,-0.0064114276,0.0026914277,-0.046506777,0.008856392,-0.0033230365,0.025614839,0.0037440874,-0.05945146
24/10/2016,-0.27,-0.018635137,-0.016827412,-0.009480236,-0.01457405,-0.013179511,-0.15648359,0.008428974,-0.25132892,-0.36054516,-0.20172259,0.12570664,-0.08133811,-0.22629823,-0.27508613,-0.036213353,-0.026093999,-0.3048481,-0.01709631,-0.0045634643,0.05017335,-0.08698046,-0.036663324,-0.0064144633,0.0026389626,-0.04650663,0.008856401,-0.0033224,0.02551001,0.003744088,-0.062212076
25/10/2016,-0.26,-0.020371454,-0.025874026,-0.011322225,-0.014993951,-0.012685226,-0.19992992,-0.16081017,-0.20372225,-0.22455727,-0.20771214,-0.011559138,-0.043960482,-0.63672656,-0.27852735,-0.31330755,-0.027965976,-0.2861852,-0.016580077,-0.0037777398,0.040317513,-0.08842675,-0.036774743,-0.0064199576,0.002583647,-0.046506327,0.008856392,-0.0033305006,0.025532803,0.0037440876,-0.05384889
26/10/2016,-0.08,-0.022533882,-0.023397025,-0.010261876,-0.014993951,-0.013146565,-0.16321498,-0.25673527,-0.16875543,-0.12499524,-0.15392987,-0.026375579,-0.008971801,-0.58328706,-0.24304189,-0.25807595,-0.026408186,-0.27470747,-0.0159954,-0.0033793626,0.05969001,-0.08794365,-0.03607611,-0.006430169,0.0025199335,-0.046506282,0.0088563915,-0.003321996,0.025589306,0.0037440876,-0.049091633
27/10/2016,-0.43,-0.024241691,-0.032760426,-0.01602406,-0.015539239,-0.01570102,-0.25107348,-0.2744957,-0.22007106,-0.23966472,-0.29363453,-0.028972127,-0.04171289,-0.3233827,-0.28062052,-0.2017739,-0.03198907,-0.27181455,-0.016148534,-0.0030940138,0.0670225,-0.089201845,-0.03532044,-0.0064410656,0.0024445595,-0.046506435,0.008856381,-0.0033333134,0.025618475,0.0037440874,-0.045853063
28/10/2016,-0.59,-0.03166002,-0.039558694,-0.016690534,-0.016817246,-0.022655914,-0.28014275,-0.3780125,-0.31571704,-0.49182954,-0.2788734,0.03696807,-0.07607657,-0.3655869,-0.3303567,-0.3337072,-0.025459383,-0.26139057,-0.0147017725,-0.0025278854,0.054573726,-0.091596,-0.034850944,-0.006434846,0.0023444502,-0.04650595,0.0088563915,-0.0033048794,0.025675472,0.0037440872,-0.038015187
31/10/2016,-0.38,-0.024854476,-0.028247518,-0.010770722,-0.01552706,-0.017988361,-0.20355794,-0.25086704,-0.25080222,-0.13142864,-0.17748211,-0.015035605,-0.083995536,-0.27480993,-0.32682604,-0.22221574,-0.025043169,-0.26490277,-0.013674064,-0.00195455,0.07723287,-0.09317923,-0.035838354,-0.006403646,0.0022213259,-0.046505354,0.0088563915,-0.0032892877,0.025810745,0.0037440872,-0.033437103
1/11/2016,0.51,0.025091082,0.026287666,0.01154364,0.031139044,0.03599819,0.24311513,0.2942248,0.22112048,0.31085613,0.3399217,-0.08623679,-0.054597046,-0.36146033,-0.28794757,-0.0059574866,-0.020994578,-0.2516433,-0.012219837,-0.0012842072,0.08848683,-0.092987284,-0.03707765,-0.0063582556,0.0020879689,-0.04650476,0.008856401,-0.0032697902,0.025874987,0.0037440865,-0.026847288
2/11/2016,-0.22,-0.016235378,-0.016087282,-0.009941107,-0.013257563,-0.012832329,-0.04120796,-0.083789796,-0.24715224,-0.20241086,-0.09241521,-0.12636028,-0.10326133,-0.2446693,-0.281799,-0.09402023,-0.022995094,-0.2646529,-0.013071621,-0.00203974,0.06534567,-0.09052976,-0.036448352,-0.0063499315,0.0019745084,-0.046504196,0.0088563915,-0.0032676205,0.025815764,0.0037440872,-0.03612985
3/11/2016,0.25,-0.0029870074,0.00786981,0.00026525493,-0.012451402,-0.0013697722,0.023461081,0.08440433,0.09093537,0.1814226,0.011559951,-0.34079432,-0.056470636,-0.48297027,-0.30244887,0.009943746,-0.02325561,-0.249851,-0.012569812,-0.0015833614,0.07065134,-0.08954965,-0.03446423,-0.0063916566,0.0018808085,-0.046503633,0.008856391,-0.0032560811,0.025827592,0.0037440867,-0.030446274
4/11/2016,0.5399999999999991,-0.0037422152,0.0011297008,0.0049237786,-0.012704661,0.0007488289,0.07918291,0.22218114,0.10108302,0.28885144,0.15119557,-0.05348117,-0.021149378,-0.8069228,-0.21667548,-0.2518814,-0.017798815,-0.24767569,-0.012208756,-0.0016578237,0.07244126,-0.08616499,-0.03368402,-0.006429087,0.0017961892,-0.04650308,0.0088563915,-0.0032443095,0.025829658,0.0037440865,-0.025672702
7/11/2016,-0.3,-0.021872595,-0.022300525,-0.013528261,-0.014101452,-0.015860127,-0.15842755,-0.10007851,-0.2794783,-0.18065777,-0.19529463,-0.1303566,-0.050450597,-0.772255,-0.17219561,-0.18614197,-0.026535895,-0.28041422,-0.015039117,-0.0028310171,0.016224012,-0.08425579,-0.031304564,-0.006445023,0.0017077602,-0.04650243,0.008856381,-0.0032855899,0.02581733,0.0037440874,-0.043032266
8/11/2016,0.1400000000000005,-0.02489611,-0.028789654,-0.012732361,-0.016216265,-0.016649494,-0.15570977,-0.40263468,-0.22971451,-0.13629092,-0.2257716,0.31739888,0.012384443,-0.9770866,-0.16150495,-0.21094662,-0.019251578,-0.25002876,-0.013239887,-0.0021112429,0.01839268,-0.086954646,-0.029181546,-0.0064499434,0.0016144321,-0.046501756,0.0088563915,-0.0032591855,0.025760403,0.0037440867,-0.033446312
9/11/2016,-0.46,-0.031017821,-0.035723876,-0.01609582,-0.0178788,-0.019623885,-0.21566463,-0.3566394,-0.39220777,-0.2748189,-0.33878636,0.18197672,-0.07155763,-0.33054256,-0.1741864,0.0014735349,-0.021552645,-0.2796167,-0.015442595,-0.0034688627,0.004935037,-0.0862771,-0.030518986,-0.006441462,0.0015364997,-0.04650116,0.0088563915,-0.003264588,0.025645493,0.0037440876,-0.054426532
10/11/2016,0.05,-0.03131744,-0.030829756,-0.015221147,-0.017151129,-0.017157841,-0.21669835,-0.17715065,-0.30245578,-0.20376623,-0.33590513,-0.08834507,-0.015727421,-0.6725573,-0.15217963,-0.19527237,-0.02380429,-0.2672555,-0.014688301,-0.0028659939,0.010799402,-0.08758509,-0.03148043,-0.0064275847,0.001457822,-0.046500452,0.0088563915,-0.0032651217,0.025705846,0.0037440874,-0.050733212
11/11/2016,-0.07,-0.022978015,-0.022729144,-0.011369171,-0.0155014945,-0.013942034,-0.19955614,-0.17223728,-0.23273319,-0.3155447,-0.2475605,0.13436036,0.02935442,-0.39644387,-0.056006875,0.015626905,-0.016182452,-0.26529795,-0.014420367,-0.0035318746,0.016143052,-0.08832762,-0.032096498,-0.0064343098,0.0013858296,-0.046500027,0.008856401,-0.0032308907,0.025602398,0.0037440876,-0.050147213
14/11/2016,-0.48,-0.030624881,-0.03993394,-0.018400187,-0.01699858,-0.023444641,-0.21982895,-0.20130704,-0.31765166,-0.19115935,-0.36350095,-0.040777326,0.05733521,-0.71074456,-0.059449963,-0.46062568,-0.018877119,-0.25957584,-0.014175992,-0.0032851307,0.0014153495,-0.08699886,-0.031082701,-0.006450047,0.0013308685,-0.04649955,0.0088563915,-0.0032338172,0.025577053,0.0037440876,-0.049051575
15/11/2016,-0.79,-0.03997852,-0.05467118,-0.023089236,-0.017275082,-0.02989315,-0.27974275,-0.4258844,-0.4472431,-0.49379313,-0.42522344,-0.4212678,0.015729515,-0.5782916,-0.16505973,-0.8521245,-0.027585473,-0.26427153,-0.013640505,-0.0026074266,0.021996915,-0.08721517,-0.027310634,-0.0064514205,0.0012833658,-0.046498913,0.008856382,-0.0032471363,0.025653211,0.0037440874,-0.048004784
16/11/2016,-0.14,-0.023423418,-0.0327047,-0.01138491,-0.016283594,-0.013696747,-0.16862082,-0.14723605,-0.17019191,-0.35446352,-0.20124355,-0.4751976,0.03046474,-0.5269887,-0.14428268,-0.5168556,-0.02525816,-0.25146517,-0.0112948045,-0.001303426,0.058345523,-0.08688209,-0.025686555,-0.006425287,0.0012176546,-0.046498403,0.008856381,-0.003229471,0.02588598,0.0037440865,-0.02824966
17/11/2016,-0.07,-0.011565832,-0.015916495,-0.0062155006,-0.014088574,-0.008420311,-0.067400575,-0.10503803,-0.13978012,-0.15371856,-0.08432314,0.045812782,0.09531736,-0.27498573,-0.08379658,-0.09864452,-0.011828674,-0.23366241,-0.009930783,-0.0011959459,0.07889678,-0.08315192,-0.025620565,-0.0063769044,0.0011643972,-0.046498556,0.008856401,-0.003185231,0.025855985,0.0037440865,-0.019188676
18/11/2016,0.2000000000000028,0.022179877,0.004635264,0.0047750827,0.030952962,0.015971402,0.094029754,0.035014294,0.07343196,-0.03813262,0.06754879,0.025933918,0.037436124,-0.3668978,-0.13855642,-0.07656884,-0.0128703695,-0.2312788,-0.0093659675,-0.0008121326,0.07805072,-0.08122735,-0.025843961,-0.0063610924,0.0011168254,-0.046498623,0.0088563915,-0.0031793227,0.025915654,0.0037440863,-0.016608428
21/11/2016,-0.6,-0.020083385,-0.032419983,-0.013409018,-0.015458394,-0.015303125,-0.14983936,-0.3401194,-0.1507414,-0.28897434,-0.2516809,0.057388317,0.06968564,-0.4151005,-0.11347695,-0.047213234,-0.008145896,-0.21675876,-0.008145092,-0.00045581692,0.076824285,-0.07830776,-0.025339544,-0.006405668,0.001082947,-0.04649866,0.0088563915,-0.0031487392,0.025926005,0.0037440863,-0.009226193
22/11/2016,-0.17,-0.008684412,-0.009563056,-0.004623727,-0.014547546,-0.011683037,-0.092740595,-0.14074576,-0.13925771,-0.2440614,-0.068401545,-0.23840782,0.030602068,-0.7485797,-0.17322893,-0.29226944,-0.009110622,-0.20387124,-0.006207079,0.00069848564,0.09737783,-0.076937295,-0.025461676,-0.006433268,0.0010438958,-0.046498097,0.0088563915,-0.0031323696,0.02605374,0.0037440858,0.0035511053
23/11/2016,0.2600000000000015,-0.006064839,-0.0070422073,-0.0027968925,-0.012293998,0.00019850346,-0.1117884,0.0054963115,-0.11202485,-0.12244423,-0.062307,0.15797268,0.06875588,-0.7590331,-0.11672368,-0.08317772,-0.005252171,-0.19107568,-0.004117267,0.0014651432,0.096708566,-0.078806095,-0.024129301,-0.0064408346,0.0010217726,-0.046497703,0.0088563915,-0.0031149285,0.026130464,0.0037440856,0.018039936
25/11/2016,0.1000000000000014,-0.0043092906,-0.0038382197,3.0589566e-05,-0.010729428,-0.006558056,-0.061177775,0.05413586,0.016522737,0.08162509,-0.03757457,0.13344231,0.04574319,-0.5172812,-0.11596426,0.18012856,-0.0006415869,-0.19063304,-0.004526029,0.0007963629,0.11657938,-0.07816876,-0.02402941,-0.006442987,0.0009896677,-0.046497516,0.008856401,-0.0030924478,0.026030658,0.0037440858,0.009750992
28/11/2016,-0.28,-0.016337646,-0.018403387,-0.010110425,-0.01659942,-0.014142763,-0.12628187,-0.20122248,-0.18359871,-0.04491959,-0.09573592,0.1416081,0.04018637,-0.5139851,-0.10961465,0.03309446,-0.003308938,-0.19523585,-0.0051132254,0.000581276,0.11659418,-0.07828116,-0.02500768,-0.006447781,0.000971754,-0.04649746,0.008856391,-0.0030984387,0.026009401,0.0037440858,0.008351769
29/11/2016,0.1499999999999985,-0.016199915,-0.015494949,-0.011044059,-0.01659942,-0.012804558,-0.14424069,-0.22960927,-0.192915,-0.28702295,-0.07633316,-0.12771259,0.06103084,-0.72759306,-0.11011814,-0.091382556,-0.0039044474,-0.18621626,-0.004135688,0.0008070288,0.10920528,-0.07508284,-0.023662169,-0.0064602112,0.00095474947,-0.046497293,0.008856391,-0.0030871995,0.026042694,0.0037440856,0.00535831
30/11/2016,-0.45,-0.016297821,-0.02012241,-0.009509564,-0.015916223,-0.014442984,-0.109334745,-0.14741342,-0.18359871,-0.2759712,-0.14879729,0.037647743,0.05711558,-0.5582096,-0.055052757,-0.09420723,-0.00033697858,-0.19055007,-0.0051001166,6.371105e-05,0.07415714,-0.0735268,-0.022965802,-0.006467069,0.0009442529,-0.04649738,0.008856391,-0.0030723515,0.025919452,0.003744086,-0.011671815
1/12/2016,-0.24,-0.018377637,-0.018752297,-0.0100050075,-0.013571228,-0.013516354,-0.1188921,-0.17494404,-0.21093674,-0.19386944,-0.18287401,-0.61153495,-0.030797131,-0.7882231,-0.16157788,-0.302843,-0.011666801,-0.19572823,-0.0054478343,0.00031783778,0.07391014,-0.07713953,-0.023762656,-0.0064633912,0.00093220145,-0.0464971,0.008856371,-0.0031028427,0.025975615,0.003744086,-0.012509961
2/12/2016,-0.18,-0.013347356,-0.014588518,-0.008072859,-0.016672088,-0.011152789,-0.13547872,-0.12850848,-0.19485937,-0.021548567,-0.14775933,-0.110741995,0.02759702,-0.5150623,-0.08360666,-0.3532479,0.0020840252,-0.1817031,-0.0036767027,0.00015442619,0.060801752,-0.078674994,-0.022508673,-0.0064606257,0.0009314085,-0.046496842,0.008856391,-0.0030435296,0.025864402,0.003744086,-0.010181059
5/12/2016,0.5700000000000003,0.006082832,0.014217953,0.008060013,-0.0076914257,0.015277251,0.010795115,0.2039067,0.19937311,0.21959098,0.23376322,0.0041757924,0.0942566,-0.5427399,-0.07270011,-0.2024769,-0.00063958956,-0.17387308,-0.003023167,0.00065105787,0.07050058,-0.07822619,-0.019021967,-0.006473942,0.0009523986,-0.04649669,0.0088563915,-0.0030318415,0.025914302,0.0037440858,-0.00417852
6/12/2016,0.1199999999999974,-0.011751531,-0.0068903407,-0.004412953,-0.013692945,-0.007552634,-0.07594693,0.0353882,-0.12076196,-0.09287901,-0.08326267,-0.31784618,-0.05725614,-0.34760472,-0.09869115,-0.35401595,0.00142917,-0.20339471,-0.0052120006,-0.0009755785,0.07205802,-0.07803621,-0.018971456,-0.006467105,0.0009801162,-0.04649652,0.008856391,-0.0030347388,0.02571752,0.0037440865,-0.014860168
7/12/2016,-0.18,-0.012144291,-0.01341559,-0.007083333,-0.0128231915,-0.010546502,-0.10624016,-0.044035792,-0.116694264,-0.14362857,-0.10575247,-0.13090312,-0.0010157507,-0.4128475,-0.07777104,-0.18735486,0.008499598,-0.18911421,-0.005054493,-0.0012868538,0.06586271,-0.07347723,-0.020313757,-0.006460281,0.0009995064,-0.046496388,0.008856401,-0.00300478,0.025550384,0.0037440867,-0.014959653
8/12/2016,-0.21,-0.014525348,-0.0235324,-0.0075310795,-0.014704956,-0.012308616,-0.08856602,-0.21153076,-0.048498582,-0.14841782,-0.07667453,-0.2892766,-0.021890787,-0.7128247,-0.07650018,-0.401325,0.0034663584,-0.18983975,-0.005300827,-0.0010373369,0.05442348,-0.07305899,-0.01989909,-0.0064664343,0.0010202951,-0.04649591,0.008856391,-0.003020225,0.025576591,0.0037440867,-0.013651643
9/12/2016,0.01,-0.010817218,-0.011672605,-0.006605501,-0.013989887,-0.009180514,-0.13302529,-0.08086557,-0.17204472,-0.05078668,-0.1422891,-0.08617034,0.062854685,-0.54214436,-0.03149497,-0.21348523,0.009776871,-0.17559506,-0.0041995924,-0.0008077158,0.060124524,-0.0729139,-0.018618071,-0.0064698546,0.0010370215,-0.046495587,0.008856401,-0.0029899492,0.02559028,0.0037440865,-0.011173635
12/12/2016,-0.65,-0.018922316,-0.024986252,-0.014935067,-0.021355137,-0.027156433,-0.1224902,-0.2445906,-0.25564268,-0.27033684,-0.22249772,0.035430048,0.085480385,-0.4205611,0.036948696,-0.2273891,0.0068246876,-0.19053523,-0.005669529,-0.0013669803,0.05618977,-0.07407492,-0.01671932,-0.006478102,0.0010564107,-0.046495397,0.008856391,-0.0030032103,0.025592864,0.0037440867,-0.008392778
13/12/2016,-0.57,-0.026971404,-0.03216799,-0.016135773,-0.019089174,-0.027209593,-0.16677831,-0.38082698,-0.3470134,-0.4715801,-0.37918666,-0.142954,0.015991557,-0.27562547,-0.055265844,-0.3674697,0.0065121627,-0.18336554,-0.0038429068,-0.00047275983,0.07137161,-0.080573134,-0.015653068,-0.006475384,0.0010673236,-0.046495255,0.008856391,-0.0029914996,0.025675688,0.0037440865,-0.003925035
14/12/2016,0.5299999999999976,-0.00063432247,-0.006849864,-0.0033808248,-0.017457504,-0.01573548,-0.10932647,-0.22826998,-0.11299315,-0.19015585,-0.17324044,-0.095163524,0.04259335,-0.07125736,-0.034824595,-0.21866941,0.0076808385,-0.17931403,-0.0024395864,0.00024715796,0.106816284,-0.08290955,-0.014183363,-0.006457303,0.0010717255,-0.04649511,0.008856391,-0.002988986,0.02578863,0.0037440863,0.009468394
15/12/2016,-0.34,-0.009249939,-0.014043319,-0.004219359,-0.005059364,-0.004030579,-0.06505682,-0.13183734,-0.01896954,0.033559974,-0.105359465,-0.113000356,0.014613862,0.20362718,-0.030809477,-0.0952786,0.00882118,-0.19114542,-0.004078703,-0.0010405171,0.09264429,-0.080086075,-0.012848785,-0.00644581,0.001084701,-0.046495184,0.008856391,-0.0029821838,0.025607307,0.0037440867,-0.0024149555
16/12/2016,0.01,-0.0075940243,-0.009360668,-0.0051223845,-0.0055507845,-0.003493366,-0.08024027,0.042717632,-0.088592134,-0.14232577,-0.017243564,-0.349923,0.034455877,-0.26626205,-0.049288142,-0.09723563,0.012051539,-0.16927764,-0.0023362648,-0.00039153837,0.08409806,-0.080863796,-0.014339415,-0.006440219,0.0010901246,-0.046495065,0.0088564,-0.00295477,0.02565497,0.0037440865,0.007255699
19/12/2016,0.02,-0.004363672,-0.0023608455,-0.00091051566,-0.0044801626,-0.0014883486,-0.015440337,-0.058624633,-0.013165151,-0.02462031,-0.024606286,0.021714207,0.091623776,-0.15670462,0.01123203,-0.07719437,0.014388981,-0.16214588,-0.0027227462,-0.00029187815,0.09344131,-0.07525816,-0.013309458,-0.006460256,0.0010919274,-0.046495404,0.008856391,-0.002961647,0.02562509,0.0037440863,0.006866089
20/12/2016,-0.05,-0.0034142975,-0.0034580007,-0.00090475497,-0.0046296343,-0.0032174157,-0.040088154,-0.09721456,-0.05106748,0.10803579,-0.05447597,-0.07096788,0.104741886,-0.28950575,-0.017835941,-0.01769387,0.014724972,-0.15864003,-0.0019704094,0.0001556113,0.1137339,-0.07293792,-0.012836518,-0.006485492,0.0010916402,-0.046495724,0.008856391,-0.0029564726,0.025708336,0.0037440863,0.016753517
21/12/2016,-0.04,-0.0014561658,-0.0053015104,-6.7685236e-05,-0.004286795,-0.0024759758,-0.042183656,-0.07335806,-0.036450423,-0.013844437,-0.012925021,0.17955278,0.08394041,-0.4195233,-0.06362894,-0.080343924,0.016085822,-0.14688718,-0.0013893943,0.00048960076,0.0953695,-0.074777,-0.012771382,-0.006489161,0.0011101331,-0.046495926,0.008856391,-0.0029501508,0.025707997,0.003744086,0.017316898
22/12/2016,-0.01,-0.00036695253,0.00786726,0.003710625,-0.00023516054,0.00096268026,0.010919591,0.038982686,-0.05030357,0.15148894,0.109611586,0.20888841,0.049614962,-0.39784697,-0.105003856,-0.07077245,0.015615382,-0.14238463,-0.0012366412,0.00056228647,0.107419215,-0.074422844,-0.011126333,-0.0064954376,0.0011429903,-0.0464959,0.008856391,-0.0029442562,0.025686273,0.003744086,0.022652542
23/12/2016,0.3900000000000005,0.006119439,0.013322247,0.0053738835,0.00030640166,0.00087518623,0.043487415,0.23910502,0.15388289,0.3122651,0.10883042,0.2722407,0.08243836,-0.29873925,-0.06297702,0.017164893,0.016259357,-0.14510995,-0.0017189573,0.0003035115,0.12253323,-0.07428823,-0.01166164,-0.006499148,0.0011749833,-0.04649602,0.008856391,-0.0029428569,0.025655527,0.003744086,0.02107015
27/12/2016,0.4499999999999993,0.00302299,0.008906482,0.0054605636,-0.003015196,0.003818267,0.060306884,0.1267642,0.089863196,0.18093872,0.055958875,-0.015603358,0.0073859394,-0.32115355,-0.061346352,-0.068175346,0.015898824,-0.15901498,-0.0029672752,-0.00071764144,0.099817716,-0.070429556,-0.0108925095,-0.00649329,0.0012028927,-0.046496037,0.008856391,-0.0029413782,0.025495034,0.0037440865,0.004086607
28/12/2016,0.5,0.0076741846,0.016800148,0.008146051,-0.0031481008,0.0029256793,0.09723872,0.24961653,0.14904732,0.23245206,0.21434279,0.06729505,0.026715567,-0.36739388,0.046539824,-0.1908795,0.016959988,-0.17990354,-0.0045339367,-0.0022197496,0.078743406,-0.076401204,-0.010086604,-0.00648699,0.0012461614,-0.046496015,0.008856391,-0.0029383157,0.025258286,0.0037440874,0.00072127907
29/12/2016,0.02,0.008654653,0.023891486,0.008162204,-0.0029934158,0.0033846044,0.06970856,0.24548955,0.120470785,0.07489668,0.16353175,0.06516977,0.009604441,-0.34465143,0.07984619,-0.28731796,0.009250864,-0.21870717,-0.006309157,-0.0032841493,0.07758558,-0.06281848,-0.00914765,-0.0064757513,0.0013002444,-0.04649615,0.008856391,-0.0029570428,0.025240162,0.003744088,-0.010739248
30/12/2016,1.0,0.03251892,0.052620154,0.024875948,-0.001899257,0.013894452,0.32660887,0.52350384,0.4187742,0.7569423,0.40879554,0.15292819,0.0783175,-0.65972775,0.09504607,-0.36893287,0.011124316,-0.2031232,-0.006254449,-0.0029286821,0.055405572,-0.057386402,-0.007813042,-0.006470882,0.001365146,-0.04649617,0.008856391,-0.0029643602,0.025234418,0.0037440879,-0.010509402
3/1/2017,0.38,0.005022493,0.019456686,0.007369307,-0.0038128213,0.004141067,0.06396679,0.10537,0.0009270318,0.17599529,0.11090452,0.083144434,-0.061883077,-0.3671523,0.041679926,-0.63900214,-0.006516264,-0.28090373,-0.011361185,-0.0047149993,0.05477255,-0.05541055,-0.007058943,-0.006452037,0.0014381082,-0.046496216,0.00885639,-0.003060658,0.025320385,0.0037440886,-0.041241456
4/1/2017,-0.11,-0.0064915386,0.0033197324,-0.00258932,-0.0070162565,-0.0030617376,-0.06811676,-0.046581354,0.0035590918,-0.008728408,-0.09554521,0.082799904,-0.07464496,-0.31337526,0.0279156,-0.65129983,-0.020498522,-0.31351987,-0.01431525,-0.005413176,0.029402435,-0.05551681,-0.0074240756,-0.0064355554,0.0015302853,-0.046496354,0.008856371,-0.0031492473,0.025370242,0.003744089,-0.05627697
5/1/2017,-0.03,-0.008479633,-0.0007661904,-0.0043192436,-0.006573257,-0.0018633422,-0.054191925,-0.04013385,0.009767085,0.060400967,-0.0836682,0.07621921,-0.02376854,-0.41090357,0.069160014,-0.88252544,-0.016568108,-0.3101106,-0.013860375,-0.0054976977,0.020034794,-0.060547035,-0.0089953225,-0.006443245,0.0016207756,-0.046496373,0.008856386,-0.0031336383,0.02536131,0.003744089,-0.05811733
6/1/2017,-0.33,-0.01320527,-0.012366278,-0.0056367125,-0.0063290508,-0.0028367967,-0.07482896,-0.24446633,-0.12562127,-0.22631517,-0.12034998,0.03300623,0.02601468,-0.18290366,0.11498019,-0.8303654,-0.014636313,-0.31580126,-0.014142935,-0.0060593686,0.022580773,-0.06264644,-0.01056813,-0.0064490903,0.0017195314,-0.046496432,0.008856387,-0.0031239602,0.025349801,0.0037440893,-0.05770807
9/1/2017,0.06,-0.007505451,-0.007532561,-0.0028614255,-0.00619284,-0.0013117736,-0.07532153,0.044833213,-0.08504327,-0.057181265,-0.12704612,0.031314474,0.09611315,-0.31608936,0.11723681,-1.0714923,-0.010430211,-0.28985593,-0.01249863,-0.005333268,0.0347611,-0.068820484,-0.010658189,-0.006472311,0.0018299004,-0.04649656,0.0088563915,-0.0030895525,0.025304511,0.0037440886,-0.050389033
10/1/2017,0.08,-0.0019899616,-0.005056067,-0.0011429128,-0.004376156,-0.0014345881,0.028600259,-0.02181769,-0.037420552,0.08879654,-0.037572965,-0.1254457,0.036355276,0.045719422,0.08978329,-0.7677646,-0.016459282,-0.31601387,-0.014418987,-0.0060545662,0.03476891,-0.076017395,-0.0125875175,-0.0064880736,0.0019311454,-0.046496816,0.008856381,-0.003112991,0.025311258,0.0037440893,-0.051464595
11/1/2017,0.2000000000000028,-0.0016858092,-0.00027408823,-0.0009687818,-0.0057014204,0.0013768418,-0.0073170797,0.09101823,0.009538894,0.026537463,0.048090268,0.00800197,0.08056134,-0.10922596,0.13386883,-0.86698055,-0.009366836,-0.30192083,-0.013253726,-0.0058212955,0.03997845,-0.079741664,-0.015313691,-0.0064858263,0.002037283,-0.046497297,0.00885639,-0.003086472,0.025299298,0.0037440893,-0.049983792
12/1/2017,-0.24,-0.0038623342,-0.0063274116,-0.003169075,-0.0057014204,-0.002347654,-0.0078052953,-0.010315736,-0.040786285,0.066287905,-0.031418554,0.05566205,0.07701384,-0.18629983,0.121684894,-0.7308607,-0.0071210745,-0.2956764,-0.012706032,-0.0056043207,0.05151548,-0.08306315,-0.016811313,-0.00648367,0.0021379634,-0.046498317,0.008856391,-0.0030735934,0.025313558,0.003744089,-0.045607865
13/1/2017,0.2100000000000008,-0.002221848,-0.002915763,-0.00019404588,-0.00619284,0.0009062721,0.036489625,0.09847658,-0.048035473,0.12809737,0.05146813,0.025712721,0.10068433,-0.5014784,0.07585444,-0.7974715,-0.0031289947,-0.26754057,-0.01102679,-0.0048358073,0.02953326,-0.085768476,-0.017177306,-0.0064829467,0.0022233708,-0.04649911,0.008856391,-0.003056511,0.025296824,0.0037440886,-0.034320146
17/1/2017,0.25,-0.003244788,-0.0026890992,-0.0009784341,-0.0057014204,0.0005095144,0.045303594,0.0745863,-0.029495947,-0.05290936,0.03541569,0.16548654,0.05824548,-0.26348796,0.036155187,-0.537666,-0.0074638547,-0.27926487,-0.01208718,-0.005028274,0.036993135,-0.085586645,-0.016546424,-0.006485642,0.0023134793,-0.04650045,0.008856381,-0.0030719014,0.025326347,0.0037440886,-0.031709246
18/1/2017,-0.8,-0.01954497,-0.0350329,-0.016978068,-0.006056016,-0.01925906,-0.06910986,-0.4752169,-0.26153013,-0.389558,-0.24266914,0.2993966,0.020300625,-0.3210952,0.0048199403,-0.37841877,-0.002476343,-0.2722453,-0.011672631,-0.0052716127,0.029047392,-0.086759694,-0.018729506,-0.0064813215,0.0023804787,-0.046501394,0.008856391,-0.0030634867,0.02525786,0.0037440886,-0.037755426
19/1/2017,0.0,-0.013259064,-0.011807687,-0.0033039865,-0.0067292876,-0.0021157146,-0.029386247,0.038685437,-0.10110373,0.010570145,-0.021559998,0.0005693028,-0.009459961,-0.43646616,-0.1095195,-0.61992294,-0.005074954,-0.25020036,-0.010059422,-0.0035597065,0.066114224,-0.08926651,-0.020488378,-0.0064463313,0.0024381748,-0.04650147,0.008856385,-0.0030882186,0.025315948,0.003744088,-0.037365746
20/1/2017,0.4600000000000008,-0.0029564619,0.006110543,0.003610631,-0.004912601,-0.00051770586,-0.013357911,0.084886216,0.028556632,0.21240264,0.095032856,0.22943868,0.046573635,-0.13748875,-0.030723218,-0.23532076,0.0021458478,-0.2328759,-0.0094724335,-0.003807554,0.029442163,-0.08797638,-0.02058289,-0.006428143,0.002502113,-0.046502106,0.008856391,-0.0030453126,0.025174413,0.003744088,-0.031466763
23/1/2017,-0.06,-0.0070463717,4.9224094e-05,0.000557855,-0.0062378673,-0.0018671269,-0.054312434,-0.2629737,0.026491307,0.024027346,-0.02726285,0.22524376,0.025443181,-0.10015831,-0.074216254,-0.014205059,0.0037066624,-0.23711239,-0.0096821645,-0.004043705,0.040710513,-0.08545484,-0.022970509,-0.0064316136,0.002552645,-0.046502996,0.008856401,-0.0030407566,0.025144324,0.003744088,-0.03281928
24/1/2017,-0.24,-0.010743027,-0.008983158,-0.0025131453,-0.0067292876,-0.0030858454,-0.060112685,-0.046547256,-0.060919628,-0.11978042,0.027433695,0.27143323,0.024213016,-0.4696814,-0.07399385,-0.27485248,2.7815026e-05,-0.232395,-0.009867394,-0.0038827835,0.032749705,-0.08375295,-0.022832677,-0.006432968,0.0026089086,-0.046503667,0.008856391,-0.0030597642,0.025133187,0.003744088,-0.031127939
25/1/2017,0.02,-0.00599704,-0.0005356232,-0.0016647374,-0.0067292876,-0.0017050686,-0.06355453,-0.030944435,0.023727741,0.021388574,0.04992641,0.18355212,0.091501415,-0.41814598,-0.029448295,-0.18034376,0.003283291,-0.20975548,-0.008624132,-0.0031854748,0.05552903,-0.081693366,-0.022452693,-0.006442949,0.002642809,-0.04650436,0.008856401,-0.003038906,0.025165113,0.0037440879,-0.030113406
26/1/2017,-0.03,-0.006525174,-0.0024301421,-0.001152704,-0.006211509,-0.003265177,-0.053884827,0.0670662,0.009756633,0.018866215,-0.006060117,0.24717116,0.077948645,-0.41748133,-0.057125393,-0.17034309,0.0005300722,-0.2104032,-0.009043146,-0.0029389495,0.06140605,-0.08090243,-0.023771035,-0.0064512235,0.0026772176,-0.046505626,0.008856391,-0.0030558854,0.025237028,0.0037440876,-0.029276084
27/1/2017,-0.02,-0.0073838322,-0.0023716171,-0.0019520511,-0.0059015467,-0.0025534674,-0.020169966,0.04013567,-0.022588618,0.12474146,0.029195199,0.25209138,0.03107851,-0.3008703,-0.11884993,-0.049938932,-0.00037786362,-0.20205078,-0.008646511,-0.002636692,0.06950189,-0.08500605,-0.025191592,-0.0064631626,0.0026981605,-0.046506517,0.008856391,-0.003056675,0.025328321,0.0037440874,-0.023873908
30/1/2017,0.1400000000000005,-0.006272072,-0.0017201835,0.0008852911,-0.0059015467,-0.0023056585,-0.03320204,0.049623407,-0.01819912,0.16803394,-0.0213761,0.23079912,0.0150749,-0.25237778,-0.13971812,-0.09524842,-0.00014596459,-0.20045769,-0.008723237,-0.0027259393,0.06914646,-0.08793436,-0.027143091,-0.006469074,0.0027150419,-0.046507254,0.008856391,-0.0030558414,0.025284877,0.0037440876,-0.026623216
31/1/2017,0.3900000000000005,-0.003418814,-0.00013096597,0.0027522272,-0.0054101264,-0.0019509908,0.056857042,0.07152092,0.12990336,0.2105096,0.08473281,0.25120276,0.0033913124,-0.2683853,-0.14581667,-0.084715284,-1.6901775e-05,-0.20402576,-0.0089401305,-0.00283948,0.06422066,-0.09025941,-0.027247598,-0.0064732092,0.0027267488,-0.046507295,0.008856391,-0.0030600578,0.025269946,0.0037440876,-0.026914023
1/2/2017,-0.29,-0.011000364,-0.011839025,-0.004995553,-0.006735391,-0.0057646283,-0.08773779,-0.16415803,-0.0013741268,-0.18320471,-0.1082465,0.17267402,-0.042807523,-0.37257057,-0.13715008,-0.22025946,-0.0003034356,-0.22302373,-0.009882794,-0.0035501227,0.046869148,-0.09174185,-0.027274804,-0.006472882,0.0027392132,-0.04650751,0.008856391,-0.0030701228,0.025208004,0.0037440879,-0.028162025
2/2/2017,0.5599999999999987,-0.004738732,0.0025215591,0.005754788,-0.0068902755,4.2933752e-05,0.049514063,0.16482976,0.047846712,0.32675567,0.13112867,-0.013423314,0.009306235,-0.6244287,-0.046932686,-0.34291616,0.0002655646,-0.22530523,-0.009976683,-0.003888501,0.074174106,-0.09181044,-0.027956551,-0.0064599225,0.0027369116,-0.046506815,0.008856401,-0.0030615903,0.02518512,0.003744088,-0.025474563
3/2/2017,0.07,-0.007652405,-0.009709399,-0.0026932105,-0.013395877,-0.0067705372,-0.026151692,0.13685195,-0.029017847,0.01338302,0.06242018,0.2323642,0.014799411,-0.72612625,-0.0075476137,-0.37709093,-0.0014928221,-0.26683816,-0.01221376,-0.004997279,0.040570855,-0.087764576,-0.02398442,-0.0064531285,0.0027401857,-0.046506282,0.0088563915,-0.0030925497,0.02522258,0.0037440886,-0.035857875
6/2/2017,-0.46,-0.017882712,-0.029744362,-0.011623718,-0.016062932,-0.01399115,-0.119159594,-0.3422387,-0.20654112,-0.28074163,-0.18327573,0.11931237,0.05871006,-0.9959384,-0.04831574,-0.43606785,-0.0068225693,-0.2590515,-0.012147601,-0.004526636,0.002907094,-0.08310491,-0.01758076,-0.0064594788,0.002759899,-0.046505786,0.008856381,-0.0031167672,0.025206402,0.0037440883,-0.037161004
7/2/2017,0.04,-0.017284192,-0.02198993,-0.008325109,-0.016062932,-0.0099640405,-0.11986737,-0.06315139,-0.1405616,-0.06931645,-0.037914194,0.032517906,0.09997941,-0.8766033,0.0108888075,-0.5215627,-0.0015370074,-0.24633163,-0.011487819,-0.0045132744,0.013220749,-0.084855266,-0.017622918,-0.006463106,0.0027463757,-0.04650535,0.0088563915,-0.0030918114,0.025206944,0.0037440883,-0.03599958
8/2/2017,-0.11,-0.013448291,-0.020238902,-0.0076642837,-0.016189089,-0.010133759,-0.12951547,-0.14409423,-0.131816,0.04129076,-0.0698398,0.11574675,0.09014269,-0.4585414,0.035604544,-0.42040512,-0.00051040243,-0.2494227,-0.011849105,-0.0048120343,0.019248394,-0.08404031,-0.02083813,-0.006464312,0.0027128826,-0.046505485,0.0088563915,-0.003090264,0.025174964,0.0037440883,-0.037191212
9/2/2017,-0.23,-0.014785217,-0.022497555,-0.009578558,-0.015266292,-0.012457518,-0.14577118,-0.16749175,-0.18851592,0.105069384,-0.07217567,0.010204336,0.07947233,-0.6097182,0.010652095,-0.42427108,-0.0022806486,-0.23904215,-0.01141315,-0.004543292,0.024911605,-0.08871801,-0.022182198,-0.0064623747,0.00267049,-0.046505265,0.0088563915,-0.0030896212,0.025173193,0.003744088,-0.035896573
10/2/2017,-0.42,-0.017619878,-0.02362124,-0.010484286,-0.014902086,-0.016147839,-0.28105965,-0.30243534,-0.30465364,-0.057716552,-0.23909317,-0.22173794,0.035284933,-0.4368251,-0.077553235,-0.4634876,-0.0008573359,-0.2227339,-0.0099829575,-0.0038268392,0.031396247,-0.095940486,-0.024507012,-0.006451305,0.0025976526,-0.046504725,0.008856401,-0.0030687351,0.025191167,0.0037440879,-0.036450937
13/2/2017,0.4699999999999988,-0.021179462,-0.026759066,-0.011776377,-0.014830427,-0.017199943,-0.2003723,-0.21295355,-0.12862971,-0.22017421,-0.17612754,-0.13577782,0.07499152,-0.39736453,-0.07597636,-0.674832,-0.0028515947,-0.20473893,-0.008876021,-0.0027366802,0.046034202,-0.094546854,-0.023383513,-0.006442228,0.0025249268,-0.04650406,0.008856391,-0.0030709992,0.025289323,0.0037440876,-0.025739387
14/2/2017,0.01,-0.012053739,-0.017643698,-0.005747424,-0.012177075,-0.010311834,-0.151748,-0.05627166,-0.06441866,-0.13311143,-0.09843976,-0.16011836,0.027353363,-0.08497699,-0.10917992,-0.36761808,-0.007901897,-0.21667251,-0.01015427,-0.0030883607,0.054235872,-0.091545016,-0.01994584,-0.006448291,0.0024633752,-0.04650383,0.008856381,-0.0030914512,0.025247224,0.0037440876,-0.025045771
15/2/2017,-0.12,-0.013913909,-0.015361278,-0.0071281204,-0.014493831,-0.010409933,-0.1524424,-0.1599565,-0.18197149,-0.078849904,-0.14660607,0.098463275,0.15259933,1.0062187,-0.113826916,-1.2425882,-0.044922397,-0.24514136,-0.014386547,-0.0032363764,0.014983944,-0.089228675,-0.01627193,-0.006463456,0.002372208,-0.044260755,0.008856308,-0.003229036,0.025425492,0.0037440876,-0.040195823
16/2/2017,-0.06,-0.012078222,-0.011193355,-0.0038780754,-0.012898569,-0.0083943065,-0.047451288,-0.04296793,-0.09107883,-0.02682058,-0.1049619,0.20103914,0.07379971,0.31159222,-0.12134029,-0.5303598,-0.0075437645,-0.21510515,-0.01045753,-0.0027595337,0.070049055,-0.085663535,-0.015589329,-0.0064649824,0.00228338,-0.044255096,0.008856379,-0.0031086514,0.025323633,0.0037440874,-0.037740193
17/2/2017,0.5,0.00027593639,0.0093486,0.0058554695,-0.007751586,0.004067775,-0.040333074,0.0991773,0.05769015,0.23558654,0.033862434,0.09401575,0.07283245,-0.2630642,-0.107487746,-0.043446057,0.0007889608,-0.18506011,-0.007735516,-0.0019754746,0.07374349,-0.08560331,-0.022461694,-0.0064554894,0.0022022193,-0.04425513,0.008856401,-0.0030548202,0.025403254,0.0037440872,-0.01864701
21/2/2017,-0.09,-0.019867834,-0.015490189,-0.007337853,-0.013732414,-0.010108772,-0.14882599,-0.15949748,-0.082268946,-0.24037087,-0.12005776,0.20592666,-0.051972356,-0.25012717,-0.176031,-0.18893386,-0.0017910183,-0.20814885,-0.0094459765,-0.002901371,0.065741755,-0.08611771,-0.02410778,-0.006449331,0.0021269706,-0.04425642,0.0088563915,-0.0030800772,0.025251117,0.0037440876,-0.024855476
22/2/2017,-0.55,-0.026945386,-0.034129135,-0.016599562,-0.016234731,-0.01578702,-0.31331226,-0.30632716,-0.40643802,-0.40734565,-0.2337039,0.31944305,-0.044526,-0.49329463,-0.15807937,-0.22810271,-0.004633002,-0.2080584,-0.009575742,-0.0029693078,0.05000336,-0.08758604,-0.02159917,-0.0064488132,0.0020663354,-0.044256613,0.0088563915,-0.0030856545,0.025230499,0.0037440876,-0.030885631
23/2/2017,-0.36,-0.02110378,-0.01882834,-0.008052475,-0.014869568,-0.012835873,-0.22304137,-0.2940152,-0.3769456,-0.2564255,-0.14025375,0.17659603,0.10100735,-0.8017423,-0.03579747,-0.2408537,-0.00058960513,-0.18996625,-0.0081809815,-0.0020850913,0.04620909,-0.088404834,-0.019363819,-0.0064441324,0.0020199881,-0.044256732,0.008856401,-0.003061258,0.025353963,0.0037440872,-0.03201098
24/2/2017,-0.71,-0.027131718,-0.041218113,-0.01595236,-0.015150823,-0.019810839,-0.27021945,-0.37461576,-0.2464391,-0.44596413,-0.30042192,0.21245515,0.1343159,-0.69252217,-0.0018489277,-0.38899705,-0.0020221071,-0.19209544,-0.007820387,-0.0018377196,0.03488226,-0.08681485,-0.016144153,-0.0064357882,0.0019783375,-0.04425697,0.008856391,-0.003058878,0.025435938,0.0037440872,-0.032818828
27/2/2017,0.1400000000000005,0.0059038,-0.00013763651,0.0018666274,-0.0036558837,-0.0008994544,0.095317796,0.23380372,0.15270676,0.047539342,0.16170277,0.1869981,0.0911713,-0.54237914,-0.08620971,0.03889319,-0.0012342506,-0.19077994,-0.0065715103,-0.0009329062,0.09128918,-0.08650685,-0.014257362,-0.0063800947,0.001919071,-0.044257157,0.008856401,-0.0030526943,0.025625661,0.0037440865,-0.021609072
28/2/2017,0.25,-0.011970779,-0.013141382,-0.004707585,-0.0095779095,-0.006503005,-0.026897663,0.06020265,-0.02635557,-0.21626987,0.08207872,0.11061706,0.021538422,-0.20409942,-0.0900502,-0.07878016,0.0020923186,-0.19827782,-0.00735233,-0.0018887605,0.03864466,-0.086446054,-0.01929605,-0.0063629854,0.001862255,-0.044257537,0.008856401,-0.003038218,0.025553863,0.0037440872,-0.023970943
1/3/2017,0.1799999999999997,-0.016736966,-0.02014316,-0.008351968,-0.0132840695,-0.012799151,-0.11363811,-0.09412215,-0.15985806,-0.21334325,-0.15593848,-0.14708596,0.024643628,-0.39144918,-0.10402841,-0.28311092,-0.002341841,-0.19237544,-0.0070225317,-0.0015588343,0.025264312,-0.08456702,-0.022346878,-0.006435901,0.0018369199,-0.044257887,0.008856381,-0.003041394,0.025562258,0.0037440867,-0.016691186
2/3/2017,-0.14,-0.014219544,-0.019749954,-0.009432855,-0.012149871,-0.011363001,-0.12656975,-0.101908,-0.1970607,-0.2288536,-0.17823115,-0.01303712,0.028811235,-0.68884706,-0.08429254,-0.22375613,0.0070728906,-0.17502347,-0.0057346383,-0.0014879594,0.010328725,-0.08493096,-0.022684386,-0.006469864,0.0017973009,-0.04425849,0.008856401,-0.0030018946,0.025524078,0.0037440867,-0.023140877
3/3/2017,-0.37,-0.015822848,-0.017276667,-0.00943302,-0.013019624,-0.013436272,-0.10200999,-0.07558605,-0.1242109,-0.21363151,-0.25174326,0.055541698,0.045312658,-0.64554423,-0.097561486,-0.27051118,0.0041425964,-0.18146928,-0.0062554358,-0.001434784,0.028558105,-0.0879507,-0.023936328,-0.0064771087,0.0017743146,-0.044260688,0.008856391,-0.0030208572,0.02558163,0.0037440867,-0.027967136
6/3/2017,-0.75,-0.028620375,-0.04443089,-0.015480544,-0.013511046,-0.019618876,-0.14101474,-0.43159288,-0.22600605,-0.36212042,-0.30370024,-0.2223767,0.034471244,-0.85243195,-0.16839856,-0.41849586,-0.0056449785,-0.17418955,-0.0055138627,-0.0005061271,0.02443974,-0.08781728,-0.018819805,-0.0064813634,0.0017646521,-0.044265356,0.008856377,-0.0030373042,0.025669608,0.0037440863,-0.017110253
7/3/2017,0.0,-0.009370343,-0.014449296,-0.0069049504,-0.013692324,-0.009037409,-0.10953168,-0.10616736,-0.12334691,-0.18593298,-0.17236193,-0.14142829,0.042371955,-0.49297303,-0.18624367,-0.17034762,-0.011190616,-0.18086095,-0.0039002965,0.0007634521,0.083241545,-0.09270175,-0.015505087,-0.0064786277,0.0017404528,-0.044286095,0.008856377,-0.003032882,0.02588657,0.003744086,0.0076659336
8/3/2017,-0.4,-0.0072162542,-0.013804121,-0.004851189,-0.011234246,-0.010973637,0.008605694,-0.08875844,-0.04391039,-0.13619363,-0.11832605,0.20138545,0.03502079,-0.20081395,-0.10017575,0.09017164,0.006306443,-0.17709514,-0.0033808649,0.00014756202,0.07970401,-0.092406124,-0.017394401,-0.0064584767,0.0016986587,-0.04649698,0.008856391,-0.0030055088,0.025818458,0.0037440863,0.006149883
9/3/2017,0.2199999999999988,-0.0064400383,-0.013579466,-0.002975197,-0.0039458033,-0.002632188,-0.07246626,0.11043737,-0.14986661,-0.17922334,-0.033723794,-0.14468242,0.03303362,-0.53025585,-0.09713221,-0.13522206,0.00676097,-0.16527386,-0.0018516419,0.00092722365,0.08805671,-0.09008186,-0.017962154,-0.006435239,0.0016606736,-0.04650183,0.008856391,-0.0029959744,0.025896328,0.0037440858,0.014941691
10/3/2017,-0.04,-0.006706851,-0.011909259,-0.0046032052,-0.005497599,-0.0047188886,-0.054143425,-0.092919216,-0.07137766,-0.08556764,-0.08489469,-0.04872141,0.050112244,-0.38905025,-0.025572553,-0.032568753,0.012103538,-0.16199335,-0.0019520875,0.0003529066,0.089666925,-0.08702816,-0.01717106,-0.0064446228,0.001617165,-0.046501216,0.008856391,-0.0029740017,0.025808448,0.003744086,0.009170717
13/3/2017,-0.02,-0.0035040325,-0.0060590156,-0.0034602822,-0.0058043906,-0.0042416696,-0.05242333,-0.11966453,0.01559137,-0.08194398,-0.046927974,-0.11004775,0.07234759,-0.69940555,-0.044587653,-0.29208413,0.012748762,-0.14394838,-0.0013341369,0.0006903442,0.06860463,-0.07941234,-0.01661994,-0.0064736344,0.001558827,-0.046500586,0.008856391,-0.002962336,0.02582103,0.0037440858,0.003606983
14/3/2017,0.07,-0.004266989,-0.0040694657,-0.003452729,-0.0068904464,-0.003947212,-0.039986417,0.015080494,-0.01725248,0.035959926,-0.0643143,-0.0022219033,0.079870954,-0.7448213,-0.05219779,-0.281781,0.013507391,-0.13973886,-0.0007519355,0.0009690688,0.07216321,-0.075656265,-0.014772598,-0.006489796,0.0015215306,-0.04650012,0.008856391,-0.0029554171,0.025878215,0.0037440856,0.0057419585
15/3/2017,0.02,-0.0045301416,-0.0044709565,-0.0031840317,-0.0061105667,-0.0028892397,-0.03958771,0.01822728,-0.06864663,0.02288582,-0.019900708,0.09175163,0.06198555,-0.66090566,-0.07567888,-0.17426237,0.014784973,-0.14255147,-0.0010411118,0.0008752698,0.08543277,-0.07300922,-0.014945515,-0.0064936117,0.0014847708,-0.046499856,0.008856391,-0.0029515435,0.025871014,0.0037440858,0.006521609
16/3/2017,-0.08,-0.008198804,-0.008613298,-0.005562964,-0.0060060443,-0.003923517,-0.053397853,-0.17117667,-0.024524076,-0.12076704,-0.090832666,-0.074156046,0.0035739515,-0.8219149,-0.12349024,-0.3165216,0.014176395,-0.14171615,-0.0010044121,0.00070883654,0.07338346,-0.07591626,-0.016617281,-0.006495335,0.0014511026,-0.046499096,0.008856391,-0.0029459062,0.025789652,0.003744086,0.01173099
17/3/2017,-0.47,-0.015176487,-0.02137903,-0.010356724,-0.0065476066,-0.005210737,-0.123586476,-0.1920782,-0.23419493,-0.33170483,-0.22011046,-0.15236121,-0.05461162,-0.3438869,-0.16378047,-0.30862772,0.014761948,-0.15759428,-0.0019527626,-0.00019042422,0.08793905,-0.083681166,-0.017976414,-0.0064955074,0.0014250501,-0.046498373,0.008856391,-0.0029487524,0.025662415,0.0037440863,0.0065146163
20/3/2017,-0.41,-0.012884144,-0.018461095,-0.010044309,-0.0063003926,-0.004820685,-0.0887328,-0.1893382,-0.19697763,-0.40200308,-0.19588959,-0.2122854,0.03448399,-0.47284222,-0.09185998,-0.21881081,0.016512182,-0.14299881,-0.000841397,0.0004922967,0.08310848,-0.08984796,-0.01593815,-0.006492906,0.0013971947,-0.046497587,0.008856391,-0.002939925,0.025713628,0.003744086,0.012236308
21/3/2017,0.01,-0.008556788,-0.011096993,-0.006867668,-0.00528776,-0.0038973675,-0.04826438,-0.08523172,-0.13008745,-0.05065525,-0.08983603,-0.07856918,0.03572599,-0.17463107,-0.063110046,-0.24509755,0.019578872,-0.14429605,-0.00093464094,0.00016138253,0.09745356,-0.09377589,-0.012054817,-0.006485507,0.0013545138,-0.046496935,0.008856391,-0.0029396014,0.025657216,0.003744086,0.013059347
22/3/2017,0.3000000000000007,-0.009400951,-0.010265017,-0.006969055,-0.004454391,-0.0037028592,-0.043803964,-0.06443426,-0.08805374,-0.03504573,-0.047482118,-0.12589817,0.040186357,-0.017133491,-0.05011168,-0.075350784,0.015098029,-0.14686282,-0.0011384308,0.00028353618,0.09237339,-0.09416951,-0.009529044,-0.0064841397,0.001350802,-0.046496585,0.008856381,-0.002953063,0.025677884,0.003744086,0.014294025
23/3/2017,0.1099999999999994,-0.009186291,-0.010065488,-0.0055631865,-0.004454391,-0.0045677796,-0.06604817,0.021909771,-0.09160897,-0.11882352,-0.04990773,-0.09247956,-0.008599014,-0.15145569,-0.056945384,-0.249762,0.022568753,-0.1433047,-0.0013575486,-0.0005205712,0.08900773,-0.068746045,-0.009173816,-0.0064883837,0.0013478495,-0.046496224,0.008856391,-0.0029296267,0.02548381,0.0037440865,0.011126399
24/3/2017,-0.01,-0.0072547533,-0.0061593563,-0.0027237749,-0.0040080952,-0.004294482,-0.03094849,0.007670412,-0.08064945,-0.070618995,-0.077025235,0.012071495,0.07630246,-0.27950084,0.025450403,-0.2245359,0.023054298,-0.14483966,-0.0018373607,-0.00062443176,0.06757788,-0.08694364,-0.009442165,-0.0064947684,0.0013547045,-0.046496432,0.008856391,-0.0029276647,0.025506046,0.0037440865,0.0127176065
27/3/2017,-0.14,-0.009215263,-0.007621621,-0.0044318913,-0.0046833702,-0.00416674,-0.05375321,-0.1066474,-0.09960134,-0.15330815,-0.10000152,0.022252643,0.075123064,-0.29873404,0.03096836,-0.26482296,0.024142705,-0.14513506,-0.002091873,-0.000717965,0.062039558,-0.062214024,-0.0085054,-0.006500476,0.0013545181,-0.04649662,0.008856391,-0.0029264153,0.025478365,0.0037440865,0.015713818
28/3/2017,-0.44,-0.008488437,-0.012721633,-0.0065329606,-0.0044197002,-0.0045143315,-0.097137876,-0.11334024,-0.20631656,-0.33629403,-0.16482176,-0.09528561,0.055898502,-0.54355484,0.02315869,-0.21584992,0.02663999,-0.13560629,-0.0013647461,-0.0005458977,0.053023137,-0.07987097,-0.008546337,-0.0064994902,0.0013496801,-0.046496265,0.0088564,-0.002907983,0.02544327,0.0037440865,0.016305715
29/3/2017,-0.31,-0.011941586,-0.017309863,-0.0075161164,-0.0048659956,-0.004450329,-0.09636129,-0.12829842,-0.1648091,-0.23745428,-0.105781496,-0.01551119,0.023511173,-0.27248135,-0.04793308,-0.28109592,0.025167866,-0.1283648,-0.0008056435,0.00023245452,0.08387767,-0.08564507,-0.0075469106,-0.006497289,0.0013522358,-0.046496008,0.008856391,-0.0029243773,0.02553102,0.003744086,0.023773827
30/3/2017,-0.05,-0.010185525,-0.012163415,-0.0072873905,-0.0048659956,-0.0044001047,-0.08348584,-0.104716435,-0.10347331,-0.07867035,-0.0746013,0.10336859,0.012571779,0.09466711,-0.047280084,-0.110456765,0.025872262,-0.13332154,-0.0008596697,7.126529e-05,0.105021834,-0.089547694,-0.0060118637,-0.0064933635,0.0013460536,-0.046495646,0.008856391,-0.002928926,0.02552329,0.003744086,0.026246123
31/3/2017,-0.22,-0.009150092,-0.012114211,-0.0052650813,-0.0048659956,-0.00434454,-0.07637405,-0.1384144,-0.060079828,-0.033857692,-0.07576447,0.114457875,0.062249657,0.13594635,0.0025482646,-0.005756126,0.027453512,-0.12957554,-0.0006820808,0.00011274181,0.11291824,-0.09579411,-0.005250825,-0.006490232,0.001365626,-0.04649562,0.008856391,-0.0029263308,0.025530472,0.003744086,0.02706279
3/4/2017,-0.38,-0.0075743,-0.012965537,-0.005450031,-0.0048659956,-0.0047379327,-0.0672008,-0.12359382,-0.052982517,-0.27896476,-0.07793553,-0.07360249,0.08509954,-0.025907012,0.013949936,-0.25722498,0.027974714,-0.124209516,-0.00022414292,0.00021574517,0.09963791,-0.09939092,-0.0028553149,-0.0064886394,0.0013847994,-0.046495445,0.008856391,-0.0029248896,0.025524797,0.003744086,0.026837924
4/4/2017,-0.06,-0.0009980686,-0.0014970627,-0.002768597,-0.0048659956,-0.003970663,-0.03453923,-0.015483344,-0.02132723,-0.07835236,0.00065741927,-0.051905736,0.12918073,-0.23626082,0.049865045,-0.35774684,0.028640212,-0.106221385,0.0010661788,0.0013742716,0.1122355,-0.09608162,0.00038613236,-0.0064910967,0.0013825239,-0.04649524,0.008856391,-0.0029270614,0.02565064,0.0037440856,0.040086083
5/4/2017,0.3499999999999978,0.05214273,0.056644864,0.01957724,0.053346347,0.017938329,0.14350346,0.2288218,0.35553515,0.32526135,0.25425044,-0.37097007,0.105578616,-0.31874642,0.03294637,-0.3547286,0.020591106,-0.1150832,0.0010737383,0.0017152989,0.117214106,-0.09027932,0.0027080202,-0.0064942203,0.0013996346,-0.04649515,0.008856381,-0.0029509778,0.025751697,0.003744085,0.04495325
6/4/2017,0.3200000000000003,-0.003627755,-0.00455366,-0.0008652259,-0.0036993502,-0.0013654234,0.011892586,0.040564574,0.13882755,0.015076094,0.05878627,0.046574436,0.05758466,-0.1067946,0.030333407,-0.049130805,0.029935952,-0.11776047,0.0006256885,0.001057,0.14030693,-0.08997198,0.0010574202,-0.0064936276,0.0014026049,-0.046495374,0.008856391,-0.0029286698,0.025632802,0.0037440856,0.042347673
7/4/2017,-0.14,-0.0072784545,-0.008212211,-0.0030057642,-0.0041101314,-0.0034999952,-0.050519425,-0.05934923,-0.09102446,-0.14520687,-0.0409101,0.07138488,0.006218682,-0.1378301,-0.0138683645,-0.17361066,0.030095292,-0.12056863,-0.00041635486,0.00031089643,0.107131995,-0.086950324,-0.0020772263,-0.0064965514,0.0013959684,-0.046495367,0.008856391,-0.0029273059,0.025477236,0.003744086,0.03171295
10/4/2017,0.09,-0.006432521,-0.007958131,-0.0035614604,-0.0046015517,-0.0034274044,-0.04426367,-0.059560165,-0.09102446,-0.052609198,-0.05517296,-0.065147534,0.04296832,-0.21958037,-0.020614149,-0.12168508,0.02189882,-0.11980524,-0.0013087816,0.0005378343,0.104468726,-0.09272945,0.00028979816,-0.0065001547,0.0014189257,-0.046495266,0.008856376,-0.0029523312,0.025467908,0.003744086,0.034239385
11/4/2017,-0.02,-0.009515161,-0.0065363776,-0.0037450774,-0.0041101314,-0.0037227448,-0.03878522,-0.12447203,-0.10300377,-0.019464225,-0.07208386,0.20607002,0.026102627,0.09086741,-0.033366196,-0.18718502,0.024703398,-0.13208601,-0.0021053012,-0.000139379,0.109926276,-0.09699168,0.0020722125,-0.0065010064,0.001457388,-0.04649506,0.008856382,-0.0029477407,0.025379013,0.0037440863,0.027434878
12/4/2017,-0.1,-0.008374311,-0.009895808,-0.00521294,-0.0046015517,-0.003881176,-0.07625192,-0.055216953,-0.11603772,-0.123735085,-0.100974746,0.36566824,-0.016849915,-0.14199865,-0.050445672,-0.16785793,0.030358795,-0.11627627,-0.0015340179,-0.0001193351,0.09633523,-0.10388195,0.0021335038,-0.0065024626,0.0014920299,-0.04649474,0.008856391,-0.0029305813,0.025297813,0.0037440863,0.030786261
13/4/2017,-0.13,-0.005773218,-0.00421783,-0.003644349,-0.008270526,-0.0034564494,-0.13108064,-0.05479884,-0.07239866,-0.057417862,-0.12870237,0.2866113,0.040469214,0.0013736673,0.06289027,-0.1254045,0.029453458,-0.13110204,-0.0023911686,-0.0006929257,0.08004333,-0.10715097,0.003671478,-0.006504189,0.0015229433,-0.04649442,0.008856387,-0.0029411637,0.025304997,0.0037440865,0.022454714
17/4/2017,0.2300000000000004,-0.0017404086,0.0010357404,-0.0017368821,-0.0041312417,-0.0028079299,-0.032971796,0.0095616765,-0.007209804,-0.05660177,0.027058301,0.1663449,0.19333768,0.3684996,0.14335023,-0.34128997,0.028119255,-0.13107292,-0.0027058076,-0.0007102415,0.10053887,-0.09915497,0.007836073,-0.0065039364,0.0015566073,-0.046494354,0.008856385,-0.002949617,0.025298543,0.0037440865,0.021015419
18/4/2017,-0.28,-0.002680408,-0.0032041657,-0.0025693376,-0.0039282795,-0.0024982905,-0.047620337,-0.09658786,-0.09148385,-0.21811655,-0.09125688,0.13110186,0.19096985,0.5519048,0.15986688,-0.54061216,0.028076941,-0.14482886,-0.003625516,-0.0015186864,0.10086525,-0.08465022,0.013369624,-0.00650294,0.0015929224,-0.04649476,0.008856377,-0.0029562316,0.025177754,0.0037440867,0.016705494
19/4/2017,-0.09,0.000845139,-6.2454305e-06,-0.0016032754,-0.0038164842,-0.0020707687,-0.00032566127,0.0095616765,-0.007483818,-0.0032210927,0.007242893,0.16350658,0.18463326,-0.349957,0.15652856,-0.38086343,0.0338028,-0.11139367,-0.0018008057,-0.0006491711,0.07889855,-0.0788373,0.015269065,-0.006502244,0.001633809,-0.04649491,0.008856391,-0.002921704,0.025167126,0.0037440865,0.028223494
20/4/2017,0.08,0.0041222423,0.002433229,0.0016579746,0.00048825337,-0.0009070938,0.052577585,0.023037901,0.1201239,0.13221125,0.089824095,0.26727822,0.18820013,-0.37829813,0.17883442,-0.32104418,0.034315642,-0.106048524,-0.0017718177,-0.00048174564,0.08332274,-0.064186074,0.016633756,-0.006502081,0.001681704,-0.046495106,0.008856391,-0.0029226907,0.025163611,0.0037440863,0.026702497
21/4/2017,-0.17,-0.0014112446,0.0041147466,-0.00082153064,-0.002833344,-0.0023835532,0.0069239116,-0.06896131,0.030931141,0.01636136,0.006330759,0.47473866,0.18800937,-0.16919795,0.18195155,1.40518505e-05,0.037359938,-0.10961678,-0.0021121516,-0.000818909,0.1043462,-0.06503839,0.016964514,-0.0065023177,0.0017269908,-0.046496022,0.0088564,-0.0029150464,0.025151754,0.0037440865,0.021357406
24/4/2017,-0.06,-0.004238597,-0.005161602,-0.004039929,-0.0035066162,-0.0028768443,-0.02673028,-0.061763063,-0.056217033,-0.15728483,-0.0355084,0.24638966,0.13754056,-0.29354712,0.06325383,-0.305021,0.035081115,-0.096100375,-0.0014359831,-7.905225e-05,0.062424116,-0.07078168,0.016536497,-0.0065012756,0.0017769409,-0.046496246,0.008856391,-0.0029218078,0.025222173,0.003744086,0.021834062
25/4/2017,-0.8,-0.0077735777,-0.017766096,-0.009210056,-0.0037710606,-0.0022663071,-0.106801905,-0.33121535,-0.20456089,-0.48750922,-0.17566435,0.32243213,0.1253007,-0.29249772,0.0534376,-0.30384347,0.03544672,-0.092769906,-0.0013770333,8.911215e-06,0.07596418,-0.07475493,0.015684748,-0.006501478,0.0018347206,-0.04649656,0.008856391,-0.0029212902,0.025228597,0.003744086,0.021347467
26/4/2017,-0.2,-0.0030541238,-0.009568054,-0.0056454916,-0.0048659956,-0.004309805,-0.0658652,-0.21828966,-0.03248001,-0.121899664,-0.04213829,0.09770948,0.15062432,0.0040092627,0.05001203,-0.16787396,0.032392133,-0.09501369,0.00012585832,0.001259308,0.13088997,-0.07614201,0.017502874,-0.0064901025,0.0018691701,-0.04649667,0.008856391,-0.002932867,0.025521476,0.0037440856,0.048651796
27/4/2017,0.9499999999999992,0.06766713,0.070578076,0.035365112,0.020714344,0.020100275,0.45958278,0.7287007,0.59049577,0.8339823,0.5921627,0.13197424,0.16987377,0.11723463,0.08442411,0.08220109,0.03175013,-0.08948283,0.0005542286,0.0015313269,0.13438892,-0.07455145,0.019356703,-0.006475978,0.0019003435,-0.046496827,0.008856391,-0.0029283622,0.025590926,0.003744085,0.047417108
28/4/2017,0.05,-0.0037598626,-0.0059211594,-0.0028385406,-0.0041101314,-0.0022965958,0.030455383,0.022789346,-0.0256997,0.05658427,-0.044805456,-0.06562424,-0.076178424,0.40682718,-0.06693899,-0.11472194,0.025640303,-0.120791905,-0.003105717,-0.0006404532,0.08692116,-0.06880459,0.013101623,-0.00648293,0.0019283557,-0.046496954,0.008856381,-0.0029585343,0.025231542,0.0037440863,0.015547578
1/5/2017,-0.3,-0.005028272,-0.010822313,-0.0044327034,-0.0041101314,-0.0037328613,-0.07711628,-0.052588128,-0.13883251,-0.08350254,-0.046442565,0.13285874,0.0052110325,-0.011939904,0.0003604051,-0.16656977,0.034808107,-0.0982191,-0.0017310419,-0.0004565884,0.057904363,-0.05618803,0.007828328,-0.0064940103,0.001953825,-0.046497058,0.008856391,-0.0029223093,0.025191642,0.0037440863,0.018145604
2/5/2017,-0.11,-0.0067541837,-0.011356336,-0.0047094803,-0.004446867,-0.003154998,-0.11122988,-0.029462561,-0.08797588,-0.15284018,-0.10900118,0.012417142,0.040899843,-0.16518235,0.04535488,-0.21726803,0.034284323,-0.09364351,-0.0010051944,6.446969e-05,0.05147886,-0.058590613,0.008356584,-0.006497427,0.0019772656,-0.04649697,0.008856391,-0.002921915,0.02528377,0.0037440858,0.017964475
3/5/2017,-0.4,-0.0073198425,-0.013521572,-0.006396819,-0.004446867,-0.004206773,-0.091578856,-0.17818743,-0.121778354,-0.20568167,-0.14623825,0.23231502,0.0754384,0.011986281,0.07875762,-0.10725282,0.035206914,-0.091067575,-0.0014156573,2.7525715e-05,0.059498984,-0.08002064,0.008281822,-0.006499564,0.0020097927,-0.04649721,0.008856391,-0.0029236209,0.02527893,0.0037440858,0.01316732
4/5/2017,-0.06,-0.0064565083,-0.008986845,-0.0035567302,-0.0048659956,-0.0030332885,-0.02840092,-0.014622153,-0.043219592,-0.104297556,-0.034401555,0.20326565,0.047814175,-0.11747039,0.022694368,-0.083394274,0.03606695,-0.07696429,-1.4087956e-05,0.0007316,0.08092353,-0.08983047,0.008787302,-0.0065017235,0.0020342604,-0.04649693,0.008856401,-0.002907833,0.025335506,0.0037440856,0.02325692
5/5/2017,0.07,-0.004575002,-0.005833921,-0.0033487696,-0.0046015517,-0.0029426282,-0.023442572,-6.482625e-05,-0.03790727,0.022435244,-0.01754887,0.14031287,0.017508183,0.014168656,0.018901987,-0.048238244,0.032654375,-0.08219945,-0.0004493117,0.0005308523,0.05667134,-0.095536135,0.00887311,-0.006501476,0.002064242,-0.046496585,0.008856391,-0.0029235962,0.025310373,0.0037440856,0.017866177
8/5/2017,0.06,-0.005077119,-0.001495956,-0.0016747912,-0.0046015517,-0.0034422998,-0.029512592,-0.010712253,-0.01718467,0.0009554718,0.0293828,-0.004372562,0.055985823,-0.042765208,0.028689515,-0.124608316,0.02729434,-0.08284021,-0.0010942658,0.00057188945,0.04536623,-0.09312513,0.009789537,-0.0065017887,0.0021163605,-0.046496306,0.008856381,-0.0029385826,0.025332326,0.0037440856,0.012482518
9/5/2017,0.4000000000000003,-0.0032916537,0.0016808044,-0.0010549622,-0.0040598996,-0.0031217474,-0.0054835426,0.11773797,0.014335258,0.05520243,0.029240232,-0.0932392,0.05756694,-0.1534918,0.03591344,-0.22020441,0.027149588,-0.080760494,-0.0012788475,0.00052356377,0.033518504,-0.084063694,0.011293346,-0.006502902,0.0021692354,-0.046496097,0.008856381,-0.0029384207,0.025311146,0.0037440856,0.009447451
10/5/2017,-0.21,-0.0033192022,-0.0011617499,-0.0016808009,-0.003329953,-0.0020626998,-0.0013560542,-0.026977535,0.008064509,0.023591721,-0.03964472,-0.15972425,-0.009244774,-0.070781894,0.007672423,-0.30541715,0.026885374,-0.09831843,-0.003008694,-0.00050299824,0.049063593,-0.07429572,0.011047711,-0.006503025,0.002234391,-0.046495944,0.008856376,-0.0029478148,0.025095051,0.0037440863,0.009773477
11/5/2017,-0.12,-0.0032845503,-0.0025779512,-0.003226927,-0.0038213732,-0.0025943308,-0.032120552,-0.026977535,-0.009208222,-0.052454174,-0.008257819,0.008258845,0.04143787,-0.487511,0.015360599,-0.5479183,0.03444562,-0.07664642,-0.0013454051,0.00011193173,0.030317705,-0.07113943,0.011886036,-0.006503603,0.0022982515,-0.046495274,0.008856391,-0.0029210974,0.025160784,0.0037440858,0.011306509
12/5/2017,0.1,-0.005066949,-0.0039168946,-0.0034366404,-0.0038213732,-0.0030947467,-0.02722758,-0.10201835,-0.05324652,-0.10528131,-0.02640161,0.03232539,0.035832826,-0.32319513,0.017430557,-0.20321989,0.033881065,-0.079746775,-0.0012113522,9.828695e-05,0.03532988,-0.07892101,0.010542337,-0.0065040216,0.0023454977,-0.046495046,0.008856391,-0.0029212346,0.025223069,0.0037440858,0.008194148
15/5/2017,0.2700000000000013,-0.0051139663,-0.0045404295,-0.0027825919,-0.003329953,-0.0011723681,-0.026784526,-0.09567376,-0.049245764,-0.116145365,-0.038904876,-0.18096434,-0.049088065,-0.25688082,-0.030758407,-0.017716099,0.03304335,-0.09413166,-0.0021965115,-0.0006224623,0.06651107,-0.0949355,0.0032561,-0.0065021,0.0023719745,-0.046494674,0.008856389,-0.0029324417,0.02511194,0.003744086,0.010510661
16/5/2017,0.4199999999999999,-0.0033389674,-0.0009771961,-0.00032879107,-0.0029934158,-0.0016899409,-0.002000135,-0.0035106095,0.003860322,-0.032923277,-0.0089912815,0.1481109,0.013884056,-0.142376,0.042234052,-0.16554834,0.035021994,-0.10090647,-0.0027471918,-0.0013283946,0.060427062,-0.09836792,0.002596093,-0.0065026074,0.0024265808,-0.04649474,0.008856391,-0.0029228567,0.024976838,0.0037440865,0.0082521085
17/5/2017,-0.27,-0.0022298389,-0.001565392,-0.0024155697,-0.0029934158,-0.003101409,-0.038826257,-0.060779534,-0.0116468845,-0.03943342,-0.07259335,0.065100156,-0.005738348,-0.19708635,0.07618102,-0.40257525,0.035844337,-0.11612269,-0.0032041685,-0.0021729283,0.042850714,-0.090918146,0.008486586,-0.006504345,0.0025002074,-0.046494666,0.008856391,-0.0029217156,0.024839098,0.0037440872,0.0075660036
18/5/2017,0.3499999999999978,-0.00239968,-0.002385911,-0.0013701656,-0.0029934158,-0.0032414824,0.020004867,0.044958144,0.008024995,-0.049192477,0.0019208858,0.07563317,0.036177054,-0.0728006,0.117291056,-0.539027,0.036449574,-0.118105136,-0.003451399,-0.0022535047,0.063050136,-0.071458705,0.010866075,-0.006504233,0.00256323,-0.046494763,0.008856391,-0.0029232264,0.024808498,0.0037440872,0.0069325105
19/5/2017,0.1300000000000025,-0.002165829,-0.0041748714,-0.0018615209,-0.0029934158,-0.0029115179,-0.00094050384,0.062039517,-0.01295144,0.058813874,-0.013177364,0.013085893,0.031640314,-0.036341015,0.12998581,-0.3045153,0.03841659,-0.12907021,-0.0035450982,-0.0029351863,0.062201075,-0.057727937,0.010308428,-0.0065043303,0.0026390536,-0.046495035,0.0088564,-0.002908656,0.02477416,0.0037440874,0.003414696
22/5/2017,-0.64,-0.0035150899,-0.009249528,-0.007419622,-0.0029934158,-0.0035869956,-0.021363571,-0.32366228,-0.059761614,-0.23279634,-0.2197742,0.18799765,0.00025376418,-0.022332154,0.06954538,-0.4740776,0.035674382,-0.14220071,-0.0043264907,-0.0031931768,0.05187294,-0.07497018,0.008634134,-0.0065047494,0.0027203688,-0.04649548,0.008856391,-0.002925437,0.024782617,0.0037440876,-0.0008456113
23/5/2017,-0.2,-0.002579745,-0.0064396393,-0.0030218752,-0.0034848368,-0.003394201,-0.017415294,-0.040661953,-0.058134895,-0.15976746,-0.042324435,-0.21296892,0.03859096,-0.05539584,0.040209755,-0.55051696,0.029701585,-0.1278411,-0.003783658,-0.0022238193,0.053593546,-0.09115832,0.009917725,-0.006504443,0.0027806528,-0.046495467,0.008856381,-0.0029397858,0.024814231,0.0037440872,0.009000169
24/5/2017,-0.01,-0.0063710185,-0.011233803,-0.0050621196,-0.004446867,-0.0051659923,-0.08740415,-0.05932739,-0.11023777,-0.15698831,-0.13424109,-0.0088530285,-0.0038091599,0.4102479,0.0057777474,-0.4174059,0.03651532,-0.11058011,-0.003279234,-0.0022263052,0.040885188,-0.09925198,0.009252472,-0.0065032374,0.0028132393,-0.046495896,0.008856391,-0.00292127,0.024797993,0.0037440872,-2.791489e-05
25/5/2017,-0.61,-0.0064564166,-0.013030397,-0.007857691,-0.005686873,-0.0057600904,-0.10830724,-0.16500223,-0.14641769,-0.19688539,-0.17958638,0.06733054,0.011772933,0.47646478,-0.009450318,-0.28859955,0.03653597,-0.10209456,-0.003331083,-0.0019968257,0.047978923,-0.108003266,0.0075620282,-0.0065019643,0.0028680945,-0.04649692,0.008856391,-0.0029228192,0.024798725,0.0037440867,-0.0031982667
26/5/2017,-0.03,-0.008819291,-0.012212685,-0.0059051756,-0.0048659956,-0.0051149526,-0.08064081,-0.10067801,-0.17801303,-0.14793031,-0.14051278,-0.04071497,0.0034601514,0.32780528,-0.032242164,-0.44859856,0.032208093,-0.09327036,-0.002211306,-0.0008925269,0.044275925,-0.12051765,0.008183354,-0.006498468,0.0028858802,-0.046496972,0.008856391,-0.0029239391,0.024994737,0.0037440863,0.0056122225
30/5/2017,-0.15,-0.009784246,-0.012429441,-0.0073149274,-0.0048659956,-0.0053269328,-0.07375171,-0.1399062,-0.109711,-0.058719084,-0.17813604,0.14617878,0.016496515,0.56439114,-0.012758546,-0.34511867,0.032923497,-0.08611199,-0.0022440292,-0.0006844735,0.046827007,-0.11276736,0.0075387503,-0.0064976546,0.002901054,-0.04649783,0.008856391,-0.0029246784,0.02505312,0.0037440863,-0.001427052
31/5/2017,-0.64,-0.011143687,-0.01853275,-0.009490562,-0.0048659956,-0.005248396,-0.14078918,-0.32230127,-0.22227903,-0.38994852,-0.18882646,0.052805044,0.008119957,0.34280282,-0.050590884,-0.14689359,0.032064907,-0.07404016,-0.00096311024,0.00024599643,0.047152136,-0.10427051,0.005623377,-0.006499282,0.0029177312,-0.046498545,0.008856391,-0.0029219256,0.02522861,0.0037440858,0.005753584
1/6/2017,-0.49,-0.007408448,-0.018555662,-0.0082767485,-0.004500608,-0.0038957053,-0.046961732,-0.13958672,-0.08158976,-0.10127042,-0.09796423,0.036322962,-0.031085398,0.3037022,-0.10690335,0.056927364,0.029935796,-0.073438026,0.0018211803,0.0018864854,0.12915985,-0.105384514,0.0040215356,-0.006492162,0.002895654,-0.046497505,0.0088564,-0.0029152695,0.025566213,0.0037440849,0.04554023
2/6/2017,0.1500000000000003,0.010613678,0.010049213,-0.0008485855,-0.004187529,0.00071839563,-0.0052814246,0.0111615695,-0.034574658,0.13888325,0.012877841,0.14579184,-0.021435399,0.42734778,-0.101008296,0.1888859,0.024701897,-0.07036342,0.0025924381,0.003029655,0.12786871,-0.11766668,0.0068928236,-0.0064852834,0.0028714275,-0.0464968,0.008856391,-0.0029417425,0.025781555,0.0037440844,0.058047004
5/6/2017,0.09,0.0050820145,-0.0013396017,0.0003984358,0.002921798,0.0023304722,0.03142672,-0.11347757,0.011755354,0.20564373,-0.010319208,0.31191206,-0.021068962,0.5639587,-0.06495872,0.61750156,0.026310332,-0.07374952,0.0030308142,0.003133299,0.14371482,-0.10790904,0.011642328,-0.0064862217,0.002840889,-0.044236857,0.008856391,-0.0029443365,0.02580443,0.0037440844,0.058184322
6/6/2017,0.1600000000000001,0.00042655418,-0.0053227665,-0.0018585944,-0.0031009202,-0.0011149267,-0.012750011,-0.011537458,0.028421508,0.008132096,-0.035156913,0.4406036,-0.052003257,0.5158782,-0.07903569,0.60725117,0.027698984,-0.07318805,0.0034298173,0.0032169828,0.16491914,-0.09224793,0.013389254,-0.0064912667,0.0028110696,-0.041976996,0.008856391,-0.0029431053,0.025809638,0.0037440844,0.059543613
7/6/2017,0.1999999999999993,0.0015427648,-0.00096986024,-3.124778e-05,-0.002945633,-0.0011776289,0.030378008,0.07373398,0.10524778,0.19103864,0.082189195,0.292776,0.010064334,0.1704503,0.006448484,0.17908104,0.028681526,-0.06673751,0.0022424122,0.0029612188,0.13940845,-0.08580184,0.016057182,-0.006498613,0.0027901009,-0.04196455,0.008856391,-0.0029309103,0.0257754,0.0037440844,0.0459997
8/6/2017,-0.07,-0.0046038292,-0.0035620078,-0.003232521,-0.002945633,-0.002712019,-0.02382637,-0.09880775,-0.0020726172,0.03713932,-0.064360365,0.26809615,-0.02426238,0.05695165,-0.038234815,0.16586588,0.02196002,-0.077897675,0.0008006929,0.002547849,0.13788219,-0.08956652,0.014741662,-0.0065021864,0.0027932571,-0.03976274,0.008856382,-0.0029482413,0.025714645,0.0037440846,0.038727254
9/6/2017,-0.25,-0.0058654356,-0.010176034,-0.00402526,-0.003255202,-0.0028913906,-0.08049152,-0.18904604,-0.04034034,-0.2281243,-0.11071745,0.14662333,-0.004072313,-0.2681548,-0.024315836,0.03854737,0.028445994,-0.055909988,0.0023227765,0.003001508,0.12704952,-0.095002316,0.013301501,-0.0065028006,0.0027844626,-0.039761305,0.008856391,-0.0029229522,0.025725007,0.0037440844,0.046733193
12/6/2017,-0.23,-0.003260929,-0.0073740636,-0.0039327824,-0.003255202,-0.0027120842,-0.02073665,-0.13424756,-0.105161555,-0.16200803,-0.036346417,0.16769941,-0.035606086,-0.21161364,-0.032373775,-0.06373343,0.027353283,-0.060309213,0.0019403574,0.0025906584,0.12876663,-0.098325096,0.016832426,-0.006502694,0.0027518931,-0.03976003,0.008856391,-0.0029229242,0.025676358,0.0037440844,0.040637866
13/6/2017,-0.17,-0.0020320963,-0.0019303226,-0.0037785054,-0.0037020887,-0.0021497055,-0.03724465,-0.04748085,-0.043544896,0.13151263,-0.012810927,0.086439945,0.064669184,-0.12987423,0.03416507,-0.085714206,0.026570102,-0.05066292,0.0026777796,0.0032012914,0.11987297,-0.097366795,0.021379087,-0.0065025645,0.0027314024,-0.0397591,0.008856391,-0.002923639,0.025796017,0.0037440842,0.04271333
14/6/2017,-0.15,-0.0014102043,-0.0033058987,-0.004256287,-0.0030268135,-0.0023314569,-0.031563893,-0.13222772,-0.08998021,0.06635303,-0.023621876,0.26499784,0.033014722,0.104333445,0.061327238,0.0788783,0.028939787,-0.0583102,0.002613472,0.0027747632,0.14428157,-0.0932601,0.026454274,-0.0065018116,0.0026709486,-0.039757844,0.0088564,-0.0029140778,0.025725,0.0037440844,0.04365398
15/6/2017,-0.03,-0.0035302052,-0.005117785,-0.0031454444,-0.0027648392,-0.0021192709,-0.04033486,0.011507581,-0.08344808,-0.02915989,-0.054969113,0.12159493,0.08846973,0.25691637,0.084573075,-0.23081112,0.027398264,-0.059925564,0.0021851843,0.0028023378,0.1255105,-0.08577201,0.030923914,-0.006501975,0.0026427468,-0.039756775,0.008856391,-0.0029275843,0.02577328,0.0037440844,0.034599874
16/6/2017,0.02,-0.0051792725,-0.0019261405,-0.0023866354,-0.0027648392,-0.0020555735,-0.01616629,-0.033945907,0.048416864,-0.07667415,0.019455003,-0.02845248,0.11266348,0.068194665,0.09220045,-0.37569472,0.027611926,-0.04889739,0.0024377252,0.003174062,0.11608391,-0.074213974,0.034926116,-0.0065019624,0.0026507017,-0.039756138,0.008856391,-0.0029242765,0.025793226,0.0037440842,0.036300253
19/6/2017,0.1499999999999985,0.0026292622,-0.000991383,0.00045033943,0.004001055,0.00048247125,0.016856465,0.065673284,0.038261842,0.024101632,0.040725045,0.122719936,0.1277705,0.14577447,0.097319074,-0.18937917,0.028262546,-0.051400892,0.002353493,0.0032963036,0.13940859,-0.06857605,0.037566673,-0.006500505,0.0026671737,-0.039756518,0.008856391,-0.0029238448,0.025867289,0.0037440842,0.0388004
20/6/2017,-0.55,-0.0073262807,-0.011481618,-0.0053077512,-0.0021058824,-0.0021927336,-0.106503986,-0.20926979,-0.14419384,-0.25635856,-0.17786539,0.07513258,0.04887918,-0.060777366,0.04222479,-0.22092088,0.028123546,-0.049202774,0.0018384318,0.003007005,0.10516753,-0.06370672,0.03627518,-0.0064995578,0.0026600673,-0.039757315,0.008856391,-0.0029213985,0.025765285,0.0037440844,0.035876635
21/6/2017,-0.22,-0.005523005,-0.0030854393,-0.004869412,-0.0020395583,-0.001969734,-0.10313526,-0.1381378,-0.14518005,-0.116333544,-0.06550123,0.10112547,0.07361343,-0.18179789,0.025676975,-0.2034411,0.026819032,-0.044273898,0.0035692053,0.0041881767,0.105822675,-0.061519995,0.03842521,-0.0065009324,0.0026289204,-0.03975868,0.008856391,-0.0029222365,0.026012763,0.0037440837,0.052147694
22/6/2017,0.1300000000000007,-0.0031895123,-0.0013057216,-0.0003815165,-0.0021058824,-0.0016198773,-0.05016305,0.10596616,0.032954182,-0.027346777,-0.04282013,0.5299819,0.055074364,0.060934562,0.03024828,0.028299958,0.024769256,-0.049702603,0.0038676097,0.0044427235,0.14671561,-0.064926066,0.045333948,-0.0065015755,0.0025880716,-0.039761223,0.008856386,-0.0029404738,0.026086586,0.0037440837,0.053979553
23/6/2017,-0.36,-0.003145081,0.0026729796,-0.0012180537,-0.0013507917,-0.0010351815,-0.026488746,0.06847816,0.026349962,0.088637546,0.03985186,0.50906044,0.035322655,0.25450772,0.046946365,0.17938057,0.027837297,-0.054948386,0.0030931062,0.003958391,0.16746624,-0.065641366,0.046569183,-0.006500907,0.002530615,-0.042037677,0.008856391,-0.0029305492,0.026031049,0.003744084,0.04733838
26/6/2017,0.04,0.006079118,0.0040856414,0.0009273757,0.005180693,0.0008322013,0.026771042,0.101831414,0.0985117,0.026796045,0.07145612,0.27284446,0.052133523,0.100269556,0.014033411,0.20621292,0.019586436,-0.050949153,0.0039487407,0.004889189,0.1636128,-0.0628969,0.047205463,-0.0065008346,0.0024619203,-0.044350483,0.00885638,-0.0029495913,0.0261636,0.0037440832,0.062241014
27/6/2017,-0.1,0.00041166288,0.0029654054,0.0015212245,-0.0013516523,-0.0010041546,0.022799496,-0.056188453,0.13770153,-0.060716648,0.11976951,0.5073811,0.06933496,0.17181008,0.09631054,0.078604795,0.02575891,-0.049813494,0.003991687,0.004729866,0.17138799,-0.06173888,0.049008578,-0.006499301,0.0024129,-0.04260362,0.008856391,-0.0029330149,0.026207319,0.0037440832,0.049592428
28/6/2017,0.75,0.029427396,0.035472564,0.016240483,0.02767738,0.03884806,0.34917912,0.50568587,0.43784901,0.5571795,0.45629746,0.15752108,0.10423161,-0.09275792,0.10079867,-0.20579977,0.026295604,-0.038160812,0.00471638,0.005154815,0.11644761,-0.06122309,0.047116954,-0.006497087,0.0023947635,-0.044225384,0.008856391,-0.0029212732,0.026245268,0.003744083,0.04835511
29/6/2017,0.5099999999999998,0.02353926,0.036140803,0.011083166,0.00634943,0.0029046803,0.291127,0.25531736,0.36172575,0.4864264,0.35599652,0.07156623,0.024674175,0.055363953,0.13208933,-0.09530631,0.026951965,-0.056003712,0.0015479506,0.003261181,0.1553892,-0.052645426,0.04699709,-0.006498912,0.0023987952,-0.044226248,0.008856391,-0.0029307357,0.025854982,0.0037440842,0.047614243
30/6/2017,0.1099999999999994,0.0030156034,0.0028454121,0.001363829,1.6190788e-05,0.00069428305,0.011218214,0.08792632,0.07845288,0.110060714,0.035008,0.013467904,-0.13791725,0.11285947,0.018467793,-0.355511,0.031730354,-0.072106786,-0.00045872503,0.0012848466,0.11241161,-0.051496334,0.04138117,-0.0065016956,0.0024341426,-0.044226795,0.008856391,-0.0029251338,0.025414404,0.003744085,0.03766253
3/7/2017,-0.2,0.0022404094,-0.00025811946,-0.00084293436,-0.0015962053,-0.0005687388,-0.052629016,-0.0015502219,-0.0010288521,-0.15396139,0.04917251,0.08290621,-0.11651894,0.21754526,0.03786015,-0.12355758,0.03246667,-0.08149487,-0.0010494022,0.0004060734,0.107565716,-0.049636394,0.03607926,-0.006502177,0.0024761276,-0.04422722,0.0088564,-0.0029167298,0.025285853,0.0037440858,0.03273359
5/7/2017,0.1999999999999993,0.0007535888,0.00046927552,6.19385e-05,-5.0133305e-05,0.0006627859,0.016455578,0.012609801,0.0353684,0.031859882,0.0052960482,0.11790072,-0.06505498,0.28430158,0.04590611,-0.2860766,0.02286632,-0.089385055,-0.002148337,0.00034071264,0.09865625,-0.057226446,0.03273455,-0.0065029385,0.0025332575,-0.044227526,0.008856382,-0.0029464443,0.025267953,0.0037440858,0.032834467
6/7/2017,0.2300000000000004,0.000954661,-0.00052254007,-0.0007154353,-5.0133305e-05,-0.00021204537,0.014730275,0.047363445,0.025065955,0.040615577,0.066972665,0.20201963,-0.06886538,0.31677288,0.08130379,-0.36312133,0.030864999,-0.08581093,-0.0018076012,-0.00015432033,0.07958237,-0.0660594,0.031014351,-0.0064989314,0.0026855974,-0.04422769,0.008856391,-0.0029252602,0.025205217,0.003744086,0.020967405
7/7/2017,-0.59,-0.0011886585,-0.011100573,-0.0018984023,1.6190788e-05,-0.00069661636,-0.03779937,-0.2047087,-0.07794709,-0.54349154,-0.17437205,-0.025416307,-0.1300676,0.30894697,0.043398827,-0.58358777,0.026618397,-0.107578635,-0.0025426103,-0.000847075,0.058981936,-0.06661381,0.03296972,-0.0064956797,0.0028576772,-0.044227507,0.008856391,-0.0029346747,0.025131239,0.0037440863,0.009581516
10/7/2017,-0.12,0.00028213757,-0.0018358347,-0.0014817591,1.6190788e-05,-0.0005206143,-0.025278816,0.041900486,0.015014151,-0.011380485,-0.0027482104,-0.19137739,-0.00042735593,0.27134717,0.13011126,-0.5866225,0.028165488,-0.09730436,-0.0023179203,-0.00032236087,0.09638748,-0.07253428,0.032652196,-0.006499454,0.0030235273,-0.04422722,0.008856391,-0.0029373085,0.02520592,0.003744086,0.022929013
11/7/2017,0.05,0.00081319606,0.0015005608,0.00051869,1.6190788e-05,-0.0005206143,0.022320528,0.09119236,0.050853986,0.17972338,0.020071771,-0.13578226,0.049551815,0.24632443,0.18341233,-0.6540497,0.028840356,-0.0887081,-0.002052981,-0.0003316681,0.0607571,-0.061883397,0.036301076,-0.0065013035,0.0032285233,-0.04422749,0.008856391,-0.0029282991,0.025157632,0.003744086,0.011906495
12/7/2017,0.6500000000000004,0.003994718,0.004901232,0.0012994485,-5.0133305e-05,-0.00020099024,0.054415345,0.3172808,0.088895604,0.2158496,0.09688713,-0.05703662,0.06666881,0.3379446,0.16981396,-0.4789546,0.030749707,-0.08724696,-0.0021652477,-0.00040835273,0.079822354,-0.006114177,0.03731575,-0.0065008337,0.003423008,-0.04422845,0.008856391,-0.002925526,0.025151603,0.003744086,0.010907309
13/7/2017,0.1600000000000001,-0.0010705045,-0.0014684144,-0.0001721973,1.6190788e-05,0.0011700952,0.0016973556,0.054213796,0.07943757,-0.16825509,-0.003380994,-0.053671505,-0.07349954,0.5860359,0.096957915,-0.6760364,0.024964562,-0.116535194,-0.0033027637,-0.0013329551,0.07099593,-0.0315581,0.03576384,-0.006501293,0.0036497943,-0.04422907,0.008856391,-0.0029426382,0.025084354,0.0037440865,-0.00114672
14/7/2017,-0.21,0.0016724623,0.00082577113,-0.0009640055,-5.0133305e-05,-0.00050590315,-0.024278972,-0.12882787,-0.037722364,-0.10327586,-0.012654193,0.01210617,-0.02978823,0.2231801,0.08005094,-0.5914966,0.029450446,-0.10281008,-0.002471801,-0.0011656346,0.051912867,-0.00012379691,0.035710428,-0.0065017985,0.0038714919,-0.044228707,0.008856391,-0.0029245263,0.025054235,0.0037440865,0.0041498058
17/7/2017,0.01,0.0009885818,0.0020358886,0.0001639666,-5.0133305e-05,-0.00037638246,0.0065762517,0.09334939,0.045697507,0.06443281,0.013687023,0.0785893,0.037738997,0.24604565,0.110654585,-0.4432665,0.030705292,-0.093477145,-0.0023882585,-0.00089216256,0.065865055,-0.008461824,0.036297586,-0.0065015783,0.0040568463,-0.044228088,0.008856391,-0.002925123,0.025064236,0.0037440863,0.010518402
18/7/2017,0.4000000000000003,0.0004517808,0.003870333,-0.00027137404,-5.0133305e-05,-0.00031423452,0.03679332,0.09334939,0.061861437,0.04739348,0.049774952,0.040734664,-0.047741275,0.40968552,0.047587153,-0.17685887,0.029602757,-0.09904211,-0.003316429,-0.0010900686,0.0769977,-0.044461098,0.028636906,-0.0065024854,0.004208909,-0.04649338,0.008856386,-0.0029427807,0.025048668,0.0037440865,0.0022510113
19/7/2017,-0.09,0.00088993914,0.0006042081,-0.00021346506,1.6190788e-05,-0.00021155234,0.030522509,-0.189942,0.026931144,-0.058365967,-0.0054646633,0.12793714,-0.08741515,0.5247572,0.0064705596,-0.331219,0.026405524,-0.11516518,-0.00387972,-0.0016056749,0.036001094,-0.053251248,0.023358498,-0.006502181,0.004425794,-0.046495233,0.008856381,-0.002942292,0.025014888,0.0037440867,-0.00447734
20/7/2017,-0.01,0.0011889781,0.0015925782,-0.0012817915,-5.0133305e-05,-0.00027435337,0.007910758,0.048619125,-0.037973158,-0.07666537,-0.031768266,0.17994,-0.030117426,0.23014963,0.029334843,-0.38516444,0.030937165,-0.09460986,-0.0024959787,-0.001086449,0.024819547,-0.068729825,0.025794558,-0.0065003787,0.0046234415,-0.046495393,0.008856391,-0.002922949,0.025018377,0.0037440865,-0.00023096637
21/7/2017,0.0,0.0011512577,0.0021089388,-0.00044573212,-5.0133305e-05,-0.0002894157,0.007855461,0.08051939,-0.028599503,-0.075097874,-0.0001987092,0.15175614,0.024420004,0.31883654,0.10708984,-0.14475413,0.035645854,-0.089582175,-0.0021736708,-0.0013109416,0.033169445,-0.064260855,0.02607865,-0.006499459,0.004804695,-0.046495967,0.0088564,-0.0029011231,0.024968492,0.0037440865,-0.00052641745
24/7/2017,-0.5,0.00051113276,-0.00038880255,-0.0017324918,-5.0133305e-05,-0.00044070292,0.021216007,-0.28666845,0.033351727,-0.107684284,-0.06869936,0.122878686,0.016124632,0.33228064,0.0939334,-0.38499856,0.033570945,-0.10026182,-0.002980591,-0.0013298733,0.03690173,-0.05789818,0.02399453,-0.006499662,0.0050017517,-0.046497356,0.008856391,-0.002922932,0.02501544,0.0037440865,-0.006389283
25/7/2017,0.33,0.0009962594,0.002807809,0.00064971513,1.6190788e-05,-0.000265412,0.040413305,0.10395023,0.094102,0.10550743,0.04210006,-0.067227826,-0.0041423696,0.15546289,0.027168963,-0.5768922,0.03235503,-0.07929305,-0.0020076416,-0.00044152924,0.029670745,-0.06749973,0.022145826,-0.006502094,0.0051443516,-0.04649743,0.008856391,-0.0029211338,0.025066223,0.003744086,0.0029259808
26/7/2017,0.1999999999999993,0.0016551653,0.0046867775,0.0005481828,1.6190788e-05,-0.00020310387,0.070624284,0.096097276,0.108811975,0.12441468,0.061683036,0.0705092,-0.061797116,0.5394411,-0.0016494401,-0.36184222,0.034177512,-0.09613758,-0.0029810679,-0.0012957668,0.031183971,-0.063060984,0.021043254,-0.006503153,0.0053207283,-0.046498455,0.008856391,-0.0029228793,0.024970442,0.0037440865,-0.007338004
27/7/2017,-0.06,0.0009361953,0.0030132348,0.000102209815,-0.00019507745,-0.00021740017,0.015098698,0.01615715,0.012743604,-0.012045064,-0.0010794416,0.095065184,-0.023057833,0.23484112,0.032003712,-0.36604387,0.03434336,-0.08965137,-0.002653633,-0.0011831411,0.0014229188,-0.069085516,0.019185524,-0.006502091,0.005519003,-0.046499483,0.008856391,-0.002921135,0.024919894,0.0037440865,-0.00562193
28/7/2017,0.5400000000000009,0.0010340795,0.0052273385,0.0013833108,-0.00019507745,-0.00048275176,0.016997198,0.25044918,0.014753418,0.07861099,0.1378817,-0.030513106,0.012885303,0.27897114,0.019212639,-0.22218469,0.026757898,-0.089696996,-0.0030861243,-0.0009973926,0.008709769,-0.07849489,0.019583171,-0.0065012216,0.0056831,-0.04423957,0.008856381,-0.0029384282,0.02498966,0.0037440865,-0.005063285
31/7/2017,-0.03,0.0005022796,0.0021383308,-0.00081034814,-0.00028578896,-0.00041171306,0.05143762,0.123596855,0.04775198,-0.025744613,0.06765957,0.15633996,-0.0482956,0.379885,0.042361654,-0.33582008,0.03424157,-0.12184446,-0.0037750269,-0.002255952,0.02201619,-0.073297836,0.019115036,-0.006502243,0.0058892267,-0.04424028,0.008856391,-0.002925256,0.024909245,0.0037440872,-0.008183163
1/8/2017,-0.09,-6.925131e-05,-0.0006914594,-0.0021496029,-0.00035211316,-0.00042824345,0.004839849,-0.113252595,0.018706713,-0.09415331,-0.00585337,0.173718,-0.003382218,0.124608666,0.044490587,-0.3293213,0.03322572,-0.111364774,-0.0035105299,-0.0019829753,0.023735665,-0.08135974,0.017837686,-0.006503387,0.006071289,-0.044131532,0.008856391,-0.002923669,0.024912607,0.0037440867,-0.006426749
2/8/2017,-0.48,-0.001359765,-0.0022858607,-0.0022866009,-0.0007955843,-0.00057844794,0.0083067855,-0.20125675,0.0023184004,-0.22128327,-0.041503184,0.24682447,0.012094099,0.17922162,0.047663532,-0.1487417,0.033842493,-0.09961508,-0.0031951645,-0.001605317,0.03558375,-0.08124548,0.017655535,-0.006503476,0.0062331758,-0.041909665,0.008856391,-0.0029229135,0.024921382,0.0037440867,-0.0045241695
3/8/2017,-0.17,-0.0020861172,0.0002781797,-0.0013002094,-0.0003145532,-0.00073009095,-0.005493114,-0.016233206,-0.050647616,0.044850025,-0.0283644,-0.08311097,-0.021638304,0.28351876,-0.015777841,-0.36223832,0.03077274,-0.08613727,-0.0023212014,-0.00080772437,0.042941906,-0.08534686,0.019044263,-0.006503302,0.0063223015,-0.04190946,0.008856391,-0.0029251606,0.025004804,0.0037440863,-0.0006287779
4/8/2017,-0.27,-0.0020649491,-2.9617842e-05,-0.0013713574,-6.6120636e-05,-0.0005220249,-0.0060795485,-0.05846676,-0.040903896,0.029499903,-0.027895056,0.07195278,0.021654412,0.2555516,-0.002093955,-0.21982342,0.030481217,-0.06756786,-0.001744481,-0.00022283137,0.037083313,-0.08915504,0.020301923,-0.006503368,0.0064174584,-0.041909583,0.008856391,-0.0029211543,0.025069734,0.003744086,-0.002171364
7/8/2017,-0.09,-0.0036800017,-0.002394601,-0.0022428755,-0.00044343452,-0.0015302163,-0.045526497,-0.07825222,-0.08338767,-0.02956722,-0.08497034,-0.13615231,-0.007413293,0.43129987,-0.0544756,-0.12075268,0.023816379,-0.07034891,-0.0020377536,8.8210356e-05,0.04537212,-0.09220264,0.018651726,-0.0065021897,0.0064685754,-0.0419073,0.008856381,-0.0029385278,0.025164729,0.0037440858,-0.00096870575
8/8/2017,-0.14,-0.002242962,-0.0009646332,-0.0019155777,-0.0002048184,-0.0007716058,-0.026003346,-0.087321125,-0.07113176,-0.08443199,-0.028490031,0.1969765,0.061520163,0.14694601,-0.008528768,-0.32574147,0.023913633,-0.052576218,0.0005569867,0.0011551708,0.0813195,-0.06038118,0.021841925,-0.0064999694,0.006574982,-0.041907147,0.008856399,-0.0029186746,0.025317753,0.0037440856,0.0130051
9/8/2017,-0.4,-0.003226518,-0.0035774119,-0.0034977186,-0.0002048184,-0.0013155224,-0.026658004,-0.12591104,-0.035406116,-0.24250858,-0.036428846,0.14675233,0.037253257,-0.014710837,-0.036274213,-0.47982925,0.01942162,-0.046665724,0.0012819535,0.0021980286,0.07032477,-0.03425882,0.025201175,-0.006500137,0.0065890304,-0.04190451,0.00885639,-0.0029341443,0.025526995,0.0037440849,0.019760061
10/8/2017,-0.04,-0.0037671449,-0.0054456946,-0.0022840449,-0.0009186727,-0.0022285955,-0.033994325,-0.04025397,-0.07990395,-0.18329555,-0.017963089,0.12916216,0.011488693,0.05250597,-0.07432449,-0.378754,0.023193717,-0.045739476,0.002068221,0.0029129318,0.13183892,-0.009546728,0.023051262,-0.0065011457,0.0065336996,-0.04000466,0.008856391,-0.002930228,0.0257148,0.0037440844,0.042069856
11/8/2017,0.3000000000000007,-0.00073691277,-0.0039824466,-0.00017631832,-0.0011052055,-0.0013752927,-0.03316388,-0.027005816,-0.046449397,-0.09983122,-0.0129388645,0.23066431,-0.005080904,0.1420503,-0.07665694,-0.14959548,0.0258019,-0.04114972,0.0015524359,0.0028686565,0.09874609,-0.013312317,0.023130435,-0.006501553,0.006481955,-0.03774944,0.008856391,-0.0029222558,0.02575054,0.0037440844,0.03390295
14/8/2017,-0.37,-0.0008671128,0.0005448684,-0.0007693433,-0.0008167469,-0.0013117107,-0.009598925,0.06436882,-0.009676771,-0.048272885,-0.0026757566,0.14758112,-0.061968457,0.29245734,-0.1022857,0.10695238,0.026461449,-0.047879323,0.0008614118,0.0023341763,0.09104098,-0.05487435,0.021671114,-0.0065022376,0.00638109,-0.035497148,0.008856391,-0.0029225503,0.025669752,0.0037440846,0.02349572
15/8/2017,-0.19,6.705547e-05,0.00093469373,-0.0008625391,-0.00057061366,-0.00037334824,-0.003887976,0.036983352,-0.004495099,-0.015412355,0.017373541,0.04505829,0.04598663,-0.22168608,-0.01628351,-0.09968027,0.024866851,-0.038333893,0.0026006792,0.0037697516,0.10160334,-0.071357936,0.022397676,-0.006501194,0.0062551205,-0.033255037,0.008856391,-0.0029211831,0.025930887,0.003744084,0.03940504
16/8/2017,0.3499999999999996,0.001163917,0.0021604109,-0.00017734543,-0.00050428935,-0.00049404165,0.028683556,0.17201036,0.070535615,0.13518259,0.07000378,0.015533938,0.04202183,-0.21068522,0.0008538308,-0.04792907,0.025147216,-0.038669974,0.003242571,0.0040447963,0.107318565,-0.08187648,0.025592444,-0.0065001934,0.00607597,-0.031032516,0.008856391,-0.0029212914,0.025992937,0.003744084,0.043594427
17/8/2017,0.12,0.0008666393,0.0017517009,-0.00029088763,-0.00057061366,-0.00026168075,0.066878974,0.06436882,0.08245319,0.1507857,0.09008769,0.15886994,-0.0013533919,0.011468375,-0.0014730889,0.024365537,0.0268842,-0.048178196,0.0014578751,0.0029846232,0.091670915,-0.083982326,0.027444396,-0.006499433,0.005921846,-0.031069385,0.008856391,-0.002922932,0.025856731,0.0037440842,0.017354298
18/8/2017,0.1099999999999994,0.0023719128,0.0022371374,0.00053782825,-0.00057061366,-0.000410439,0.056074608,0.09256208,0.09765532,0.12480174,0.039630868,0.09450568,-0.0072266506,-0.052812006,-0.013274776,-0.01910126,0.026810547,-0.046168778,0.0008052822,0.002563384,0.06456288,-0.08381884,0.027937656,-0.006498309,0.005807979,-0.028885348,0.008856391,-0.002922918,0.02576245,0.0037440844,0.0068747126
21/8/2017,-0.01,0.0008564278,0.00035956642,-5.156609e-05,-0.0002048184,-0.0006337418,0.023553632,0.012336737,0.048832864,0.07039361,0.03518326,-0.0065829856,-0.038375996,-0.20546128,-0.009122341,-0.18956973,0.027027998,-0.04506455,0.00039101637,0.0020671636,0.012961728,-0.08406098,0.02696317,-0.0064968485,0.005728354,-0.029416831,0.008856391,-0.0029215335,0.025617316,0.0037440846,-0.0029847508
22/8/2017,0.1600000000000001,3.751982e-05,-0.00034727206,-0.0006516465,-0.00046248955,-0.0007714867,0.02201507,0.012336737,0.015615582,-0.06648606,0.032693382,0.13036273,-0.037927654,-0.047352552,-0.016475733,-0.09540555,0.027839342,-0.055922914,-0.000485826,0.0014107462,0.027126092,-0.088257425,0.027610937,-0.006496807,0.005591501,-0.028812569,0.008856391,-0.0029239615,0.025529353,0.0037440849,-0.00590319
23/8/2017,0.3499999999999996,-0.0005189825,0.00011712067,-0.0007387776,-0.00046248955,-0.000786549,-0.005580121,0.0060636615,-0.011226639,0.05426655,0.0160888,0.048870184,-0.024788037,-0.1538641,0.021995625,-0.34192675,0.02829197,-0.053903192,-0.0008843147,0.00092861237,-0.0065696063,-0.09447451,0.02864048,-0.0064952094,0.0054920404,-0.028838508,0.008856391,-0.0029212902,0.02538777,0.003744085,-0.007099226
24/8/2017,0.01,0.0002938963,0.0002847734,-0.00034999376,-0.00030780447,-0.0005298545,0.015994877,0.069755204,0.020641254,0.00081383454,0.015416303,-0.0121057825,-0.10624057,0.09780217,0.0093839355,-0.43773812,0.03144738,-0.076405205,-0.0020684313,-0.0003113606,0.026750034,-0.09696027,0.026887745,-0.0064944965,0.0054139714,-0.028897833,0.008856391,-0.0029229287,0.025132122,0.003744086,-0.0016021731
25/8/2017,0.2800000000000011,-0.00073173235,0.0013910652,-0.00012407589,-0.00030780447,-0.0005445901,0.016950324,0.08212566,0.016799647,0.03462599,0.047340527,-0.008207624,-0.029481634,-0.25850508,0.032648016,-0.6079315,0.030687891,-0.07098486,-0.001707851,-9.0416834e-05,0.015022926,-0.09524638,0.026911704,-0.0064950124,0.005347834,-0.029052414,0.008856391,-0.0029212185,0.0251771,0.003744086,-0.0017130972
28/8/2017,-0.49,-0.0021907128,-0.0003058428,-0.0018313738,-0.00024148032,-0.00076426734,-0.069733724,-0.13777448,-0.14412844,-0.051820256,-0.07145991,-0.08381641,-0.062104072,-0.040760808,0.038792703,-0.5613264,0.033626135,-0.09231387,-0.0026766213,-0.0012813805,0.039801914,-0.086112276,0.028360866,-0.006496237,0.0053425212,-0.029525457,0.008856391,-0.0029218807,0.024984092,0.0037440865,-0.0035474654
29/8/2017,0.09,-0.00047746493,0.0014514455,-0.0006872979,-0.00024148032,-0.00059216266,0.0067239697,0.1170076,0.0525866,0.08195447,0.004654327,-0.046570186,0.015519783,-0.11081749,0.06709878,-0.6993723,0.033907074,-0.07991002,-0.0023127706,-0.0006633731,0.057367142,-0.089027435,0.02978318,-0.0064988635,0.0052961265,-0.030385269,0.008856391,-0.0029218164,0.025035886,0.0037440863,0.0027657773
30/8/2017,0.4900000000000002,-0.00061103137,0.0002002083,-0.00074978994,-0.00030780447,-0.000718145,-0.005188766,0.12025483,0.008051929,0.107260525,0.031077247,0.093816414,-0.01789882,0.054590665,0.05354316,-0.626655,0.03306969,-0.08387777,-0.0025246837,-0.0009799782,0.030216252,-0.07263328,0.03194472,-0.006498094,0.005270695,-0.030684993,0.008856391,-0.0029218441,0.025019985,0.0037440863,-0.0069250297
31/8/2017,-0.65,-0.0048621017,-0.005427338,-0.0025432284,-0.00024148032,-0.00076426734,-0.0032864814,-0.21484542,-0.24906757,-0.28924108,-0.1628708,-0.018223155,-0.08479288,0.2720919,0.02295834,-0.6501119,0.031268403,-0.10865327,-0.0032973075,-0.0018284295,0.03733272,-0.078265004,0.029539619,-0.0064991647,0.005296547,-0.03294462,0.008856391,-0.0029244737,0.024952708,0.0037440867,-0.0073853014
1/9/2017,0.0,0.0005567096,0.0016116868,-0.0006454552,1.6190788e-05,-0.00033914563,0.02595604,0.016092736,0.05494557,-0.0059192427,0.020640887,-0.22771758,0.008467433,0.02299645,0.04047096,-0.78893393,0.025493277,-0.08290766,-0.0026104527,-0.00058751565,0.04712507,-0.040746994,0.029905127,-0.006501018,0.0052305125,-0.03520468,0.008856381,-0.0029394259,0.025010584,0.0037440863,0.005431384
4/9/2017,0.2799999999999993,0.002582809,0.005155819,0.00034047308,1.6190788e-05,-0.00021605253,0.06279347,0.07385409,0.08498231,0.17153957,0.06812808,-0.30076867,0.049126748,0.2614509,0.11293621,-0.76902974,0.031201292,-0.07873617,-0.0021913478,-0.0005183039,0.066678025,-0.06130592,0.031868607,-0.00650126,0.0052050576,-0.037463717,0.008856391,-0.0029250407,0.025080001,0.003744086,-0.00078870915
5/9/2017,0.2599999999999998,0.002035305,0.0018054268,-0.0008062067,-5.0133305e-05,-0.00021605253,0.014361116,-0.034236893,0.053792115,0.03613015,0.017871892,0.2713661,-0.0065273005,0.27170017,0.062623866,-0.2739845,0.03575218,-0.07870321,-0.002158615,-0.0011242845,0.03536142,-0.06058345,0.034295168,-0.0064999126,0.005178815,-0.037448585,0.0088564,-0.002902395,0.024936352,0.0037440863,-0.004953589
6/9/2017,-0.26,0.0007369185,0.0007503182,-0.0007099893,-5.0133305e-05,-0.00039210953,0.0370447,-0.034236893,0.101414144,0.0046160836,0.034822192,0.25058594,-0.028666347,0.3412292,0.038455304,-0.41166386,0.03433027,-0.09053776,-0.0030468465,-0.0013439403,0.026071606,-0.0755893,0.03334855,-0.0064999266,0.0052091978,-0.03746547,0.008856391,-0.0029231461,0.024945777,0.0037440865,-0.00849964
7/9/2017,0.06,8.9760375e-05,0.0023068888,-0.0005017556,-5.0133305e-05,-0.0005606072,-0.013788797,0.13503356,0.028664581,0.10637192,0.020024028,0.016928263,0.05175612,0.07482053,0.0735458,-0.35060805,0.032996025,-0.06327648,-0.001613348,-0.00041819573,0.020327557,-0.073520556,0.027441464,-0.006499859,0.0052162632,-0.039727293,0.0088564,-0.0029060403,0.025024286,0.003744086,-0.005073746
8/9/2017,0.1999999999999993,-0.00026278212,0.0003777135,-0.0008771389,-0.00030780447,-0.0007509714,0.010282934,0.06275366,0.03212814,0.13516958,0.022245945,0.10970396,0.05954397,0.2330246,0.095152296,-0.36033225,0.0307371,-0.073642686,-0.0024274858,-0.00061347225,0.019524924,-0.07635884,0.023804748,-0.006498314,0.005256799,-0.0374653,0.008856391,-0.002922875,0.025052827,0.0037440863,-0.009691604
11/9/2017,-0.27,-0.00036982348,-0.0015514506,-0.0016696687,-0.00024148032,-0.00080033083,-0.0085662315,0.018923871,0.031824574,-0.06485749,0.0027828338,0.1443139,-0.050703585,0.2466151,-0.044514984,-0.45128462,0.03166496,-0.077332735,-0.0022973998,-0.0007105287,0.010577005,-0.08096714,0.021739041,-0.0064989096,0.005216048,-0.037469562,0.008856391,-0.0029212355,0.025061453,0.0037440863,-0.010166204
12/9/2017,0.3100000000000005,0.000691362,-0.000292742,-0.00031840816,-5.0133305e-05,-0.0005878472,0.0077219917,0.11613778,0.03028032,0.043035824,0.034673877,-0.001230196,0.0054795337,0.035734594,0.0006816499,-0.5935569,0.029338505,-0.06436823,-0.0017534122,-0.00017288554,0.018211795,-0.10005171,0.021309823,-0.0065001226,0.0052201264,-0.0374686,0.008856391,-0.002921106,0.025088273,0.003744086,-0.005795802
13/9/2017,-0.06,-0.00083859195,-0.0022573124,-0.0011689577,-0.00030780447,-0.0006318333,0.021462329,-0.046113648,0.022078333,-0.07387728,0.033956222,0.22348534,8.694301e-05,0.22169052,0.0141421575,-0.5831511,0.030768929,-0.084321275,-0.0020982292,-0.000430814,0.060742613,-0.0805151,0.021035967,-0.0065007824,0.005307699,-0.037008483,0.008856391,-0.0029278416,0.025125848,0.003744086,0.0014679099
14/9/2017,0.2800000000000011,-0.0017556738,-0.0023122514,-0.0017102693,-0.00030780447,-0.00080033083,0.007984978,-0.046113648,0.008353166,-0.08137657,-0.0015667748,0.31658247,0.04820388,0.08595655,0.006448244,-0.5067268,0.029933313,-0.072846934,-0.0016576801,2.2517415e-05,0.07164166,-0.073939376,0.023389684,-0.0065002907,0.0053745974,-0.034748662,0.008856391,-0.0029267175,0.025180785,0.003744086,0.0037255986
15/9/2017,-0.24,-0.00072833616,-0.0029102927,-0.00014609832,-0.00030780447,-0.0006013755,0.05777649,-0.0048931795,-0.0069597107,-0.06718873,0.035174336,0.3796448,0.07066544,0.76821476,0.05515509,-0.8568005,0.026038626,-0.12052374,-0.004518065,-0.0016506446,0.051479965,-0.062097836,0.028289681,-0.006498533,0.0054656295,-0.03248873,0.008856372,-0.002974997,0.025039263,0.0037440867,-0.011500276
18/9/2017,-0.55,0.0002518289,-0.001985849,-0.001370849,-0.00030780447,-0.000718145,-0.033298437,-0.049546156,-0.0072263945,-0.12961854,-0.07021551,0.39173928,0.064792655,0.14957955,0.049316656,-0.7438199,0.028736526,-0.091809556,-0.0032151754,-0.0010403221,0.03339133,-0.05183784,0.033488475,-0.006498265,0.00556513,-0.030229544,0.008856386,-0.002951009,0.024976643,0.0037440865,-0.0067595853
19/9/2017,0.3100000000000005,-0.00010523464,-0.0007327889,-0.00055330136,1.6190788e-05,-0.0005473139,0.00018495136,0.18299103,0.053811934,0.016433217,0.08828086,-0.07847785,0.114577994,0.078978404,0.05327479,-0.28211173,0.032382607,-0.05513493,-0.0010506581,0.00022823484,0.05952213,-0.07268127,0.03354455,-0.0065013003,0.005655039,-0.027971145,0.0088564,-0.0029058335,0.025141124,0.0037440858,0.004277936
20/9/2017,-0.02,0.0027355528,0.0028320975,0.00065392966,-0.00039142877,-0.00018796636,0.019550148,-0.057409044,0.021901146,-0.09949429,0.043337412,0.6597968,-0.011672404,0.35827968,-0.015181795,-0.018612089,0.02386145,-0.07919218,-0.0032110778,-0.00039072402,0.07673504,-0.073958784,0.03394705,-0.0065029482,0.0057035186,-0.025715033,0.008856371,-0.0029609955,0.025125008,0.003744086,-0.0075301584
21/9/2017,-0.07,-0.0009813845,-0.0025863762,-0.001576431,-0.00054611405,-0.0008232129,-0.02688797,-0.10141534,-0.07856251,-0.12540224,-0.034088355,0.17175417,0.03974392,0.19887413,-0.041812494,-0.07662034,0.030928329,-0.05096437,-0.0009733272,0.00025160908,0.06203048,-0.082113795,0.03343068,-0.006502904,0.0057957442,-0.023464164,0.0088564,-0.0029059418,0.025154848,0.0037440858,-0.0011682299
22/9/2017,-0.24,-0.00054552243,-0.0020556166,-0.001942537,-0.00039142877,-0.0007876353,0.006830868,-0.025205297,-0.031305518,-0.100293644,-0.0071766903,0.051812384,0.017205985,0.071368575,-0.05850921,-0.25295648,0.019385094,-0.0543701,-0.0016098635,0.00073060347,0.033506863,-0.09632217,0.029304268,-0.006502497,0.005847274,-0.021227289,0.008856381,-0.0029418913,0.025249796,0.0037440856,-0.0032421069
25/9/2017,-0.53,-0.0029104608,-0.004926667,-0.0035140296,-0.00054611405,-0.0013574061,0.0012550426,-0.19965331,-0.08129226,-0.2922871,-0.10037037,0.15703362,0.056569256,0.26319075,-0.019908901,-0.27663386,0.025440264,-0.048101585,-0.0005302267,0.00139657,0.04926655,-0.0871691,0.03007719,-0.0065022046,0.005878251,-0.0213268,0.008856391,-0.0029261464,0.025416974,0.003744085,0.0010695948
26/9/2017,-0.13,-0.0005304936,0.0027009586,-0.0013850251,-0.0001384942,-0.0011476065,-0.0016774304,-0.032876045,0.0410459,-0.08033887,0.037472587,0.09304247,0.065248944,0.33550343,-0.06813988,-0.14146858,0.019048413,-0.05584925,-0.0002050023,0.0020556897,0.089874625,-0.09524429,0.028965034,-0.006502464,0.005858043,-0.021273697,0.008856382,-0.0029395758,0.025616888,0.0037440846,0.017010892
27/9/2017,0.1500000000000003,-0.00043682297,0.0030387742,-0.00048338642,0.0013807621,-0.00074939674,0.033515085,-0.053877227,0.019716416,0.03881431,0.0046215635,0.22271143,0.05812167,0.41062534,-0.04779337,0.017544445,0.026283247,-0.049367804,0.0010597453,0.0024714556,0.10625721,-0.094690986,0.030752616,-0.006502151,0.0057855453,-0.019089336,0.008856391,-0.0029228686,0.025692293,0.0037440846,0.021836385
28/9/2017,0.8699999999999992,0.0482953,0.045406047,0.01866812,0.021147601,0.015015702,0.296429,0.5443606,0.45257252,0.6327405,0.44100493,0.17587583,0.06771424,0.38708878,-0.003097175,0.20330763,0.026961414,-0.049968176,0.000608647,0.002434904,0.11919144,-0.08414331,0.032952797,-0.006501693,0.0057127527,-0.019194182,0.008856391,-0.0029248553,0.025736688,0.0037440844,0.020621698
29/9/2017,0.2100000000000008,0.0019809129,0.0021731432,0.00076013146,-0.0001384942,-0.0004316995,0.022497246,0.07826757,0.015625466,0.1732734,0.048092697,-0.1311811,-0.08622918,-0.03448059,-0.11622106,-0.25577497,0.027565405,-0.057805683,-0.0012775413,0.0005885731,0.04417761,-0.07950737,0.027664443,-0.0065022414,0.0056425347,-0.021550259,0.008856391,-0.0029252677,0.025325844,0.0037440856,-0.007442321
2/10/2017,-0.27,0.0049685617,0.005273036,0.0009192379,1.6190788e-05,0.00087662024,0.052915033,0.06484159,0.10812294,0.07772449,0.12583733,-0.0048489096,-0.048863113,0.0022393037,-0.005843626,-0.22185253,0.028578054,-0.06593038,-0.0018930638,-0.00015850784,0.048658866,-0.0677317,0.025927968,-0.0065024286,0.005625916,-0.021601625,0.008856391,-0.0029257992,0.025144756,0.003744086,-0.004015403
3/10/2017,0.2100000000000008,0.00055601523,0.0040325657,-1.9893025e-05,-0.0005129838,0.0006927442,0.021236457,0.10163817,0.038063962,0.13883233,0.05569665,-0.01130727,0.0120450575,-0.2378832,0.03995469,-0.36961797,0.027516546,-0.061495043,-0.0015288455,0.00017809185,0.031090252,-0.07124421,0.028093886,-0.006502814,0.0055868723,-0.021623326,0.008856391,-0.002924402,0.025189852,0.0037440858,-0.0023561416
4/10/2017,0.1400000000000005,-0.0011483864,-0.001164793,-0.0015520673,-0.0005129838,-0.0013000721,-0.04920559,0.0015344688,-0.024852065,-0.028410448,0.0123035,-0.17741778,-0.06244178,0.040939733,0.008282932,-0.096798465,0.023311643,-0.08044282,-0.0032231421,-0.00047123185,0.048183266,-0.08028734,0.023295853,-0.006503235,0.005511526,-0.023883227,0.008856381,-0.0029510604,0.025094846,0.003744086,-0.0024896513
5/10/2017,-0.41,-0.0012380255,-0.0053169047,-0.0031499362,-0.00077065505,-0.00092132523,-0.03938018,-0.18575314,-0.07037178,-0.24626592,-0.11625538,0.14234151,-0.01791858,-0.037715737,0.023628792,-0.28620812,0.030728135,-0.0770746,-0.002668422,-0.0008672132,0.029922368,-0.084301054,0.020567361,-0.006500654,0.005516039,-0.026143748,0.008856391,-0.002923653,0.025016723,0.0037440863,-0.008169692
6/10/2017,0.02,-0.0003930947,0.00063007994,-0.0013421684,1.6190788e-05,-0.00083169027,-0.01982666,0.057825986,-0.014028426,-0.09526934,0.04282524,-0.12581387,-0.0267319,-0.022208132,-0.00132311,-0.44355232,0.027905557,-0.071201555,-0.0021433618,-0.0004902085,0.009708231,-0.096380845,0.024909617,-0.006499656,0.0054860953,-0.028403545,0.008856391,-0.0029242723,0.025051737,0.0037440863,-0.0041135983
9/10/2017,0.1699999999999999,0.0019630876,0.0030694641,-0.0011879865,-0.0005129838,-0.00076851796,-0.00092962227,0.05279823,0.033199288,0.08555501,-0.040111843,-0.03803518,0.068356395,0.065326035,0.092472054,-0.3143728,0.028484764,-0.076435,-0.0025521726,-0.0007995487,0.019569775,-0.09631768,0.026626593,-0.006500649,0.0054982156,-0.030664656,0.008856391,-0.0029237214,0.025042832,0.0037440863,-0.0097781215
10/10/2017,0.1300000000000007,0.0011124865,0.001859511,-0.0009842754,-0.00030780447,-0.0005771003,0.024101902,0.058068417,0.053590376,0.06322736,0.034314726,-0.20950337,-0.025560414,-0.04705309,0.036055014,-0.6183532,0.030264767,-0.08027398,-0.0024185043,-0.0010389484,0.011923601,-0.08395459,0.026544403,-0.0065003927,0.0055233985,-0.032925125,0.008856391,-0.0029218828,0.024941804,0.0037440865,-0.0061513865
11/10/2017,-0.02,0.036801197,0.042739958,0.011949894,0.03196437,0.0014688545,0.04724283,0.051628124,-0.2682252,0.37117308,0.17612134,-0.15130249,0.11354325,-0.02130446,0.15140195,-0.4014141,0.023506775,-0.09341322,-0.0025793624,-0.00038304334,0.07892267,-0.052104943,0.029965578,-0.0065018875,0.005570009,-0.03292405,0.008856381,-0.002942366,0.025167277,0.0037440863,0.01191465
12/10/2017,0.1300000000000007,0.00072133646,0.0008258965,-0.0016058602,-0.00077065505,-0.0009588822,0.008630418,0.031340163,-0.009433272,0.05677099,0.0015056216,0.003589738,0.04263138,-0.009370821,0.04714687,-0.488791,0.033968206,-0.08257035,-0.0023180458,-0.0011999254,0.02970109,-0.019719731,0.03157482,-0.0064998735,0.005627896,-0.03518536,0.0088564,-0.002907939,0.024976952,0.0037440865,-0.007985617
13/10/2017,-0.23,-0.00040132643,-0.00096596574,-0.0014380014,-0.00045274862,-0.00079022924,0.008837824,0.036197804,-0.002594616,0.035300836,-0.018038929,0.004509876,0.00785294,-0.12279194,-0.004073774,-0.58285475,0.030842189,-0.07408972,-0.002281763,-0.000770924,0.019217959,-0.04543614,0.026294746,-0.006497327,0.0056837667,-0.037446633,0.008856391,-0.0029210278,0.024974639,0.0037440863,-0.007428402
16/10/2017,-0.15,-0.001055873,-0.0011608967,-0.0014885238,-0.00045274862,-0.00089641876,-0.01199954,-0.054078236,0.018234573,-0.05975216,-0.017876528,0.09938803,0.045711733,-0.20996621,-0.026070837,-0.56691384,0.02927893,-0.06290442,-0.0014336257,0.000179847,0.03633431,-0.048677027,0.02520631,-0.0064984513,0.00572193,-0.039707817,0.008856391,-0.0029241887,0.025159718,0.0037440858,0.003043651
17/10/2017,0.05,0.00013029382,-0.0008477574,-0.0011932405,-0.00030780447,-0.0007359091,0.0023702248,-0.019015074,0.025754502,0.037609912,0.048915472,-0.07899964,-0.000121771474,0.17641425,-0.03703409,-0.3792607,0.02127937,-0.064657554,-0.0022683656,-9.681383e-05,0.018740557,-0.059819695,0.023374896,-0.0064991005,0.0057064407,-0.039719675,0.008856381,-0.0029383092,0.025135972,0.003744086,-0.00904543
18/10/2017,0.05,-0.00039354785,-0.0014396366,-0.0014301583,-0.00030780447,-0.0007359091,0.0074078124,-0.025280291,0.040983934,0.047480706,0.021029336,0.059294425,0.038164716,0.25138512,0.027555766,-0.09529171,0.030118069,-0.05195423,-0.0012063492,0.0001451168,0.037641253,-0.06541925,0.018216148,-0.0064981948,0.005719253,-0.039723948,0.0088564,-0.0029075479,0.025175717,0.0037440858,-0.008974794
19/10/2017,-0.13,-0.00045004705,-0.0011812436,-0.0010219148,-0.00030780447,-0.0007359091,0.00746129,0.026112834,0.07046543,0.042885803,0.031846073,-0.030469336,-0.012405555,0.047100067,-0.019819194,-0.34998098,0.026276577,-0.051223345,-0.001350917,0.0002869779,0.0011616,-0.07598456,0.015531383,-0.0064980104,0.0057158987,-0.037463885,0.008856391,-0.0029210192,0.025163123,0.0037440858,-0.007847221
20/10/2017,-0.12,-0.0016127256,-9.170113e-05,-0.0014658499,-0.00046248955,-0.0013207425,-0.016634563,-0.0014823423,-0.032846916,-0.031842194,-0.03501406,-0.06724321,-0.003747166,0.06049733,-0.034539156,-0.4821856,0.024885727,-0.045893423,-0.0010262798,0.00063583156,0.013217071,-0.092156775,0.014545444,-0.0064990283,0.0057240757,-0.035204213,0.008856391,-0.002921034,0.025232898,0.0037440856,-0.0064866813
23/10/2017,0.3999999999999986,-0.0012870143,-0.0010747836,-0.0008430411,-0.00046248955,-0.0013056801,-0.0036938242,-0.0014823423,0.056628797,0.09216564,0.02911086,-0.00973962,0.019127265,0.09097497,-0.024129331,-0.3997017,0.024101999,-0.043369316,-0.00074286404,0.00096891023,0.029751675,-0.09812807,0.013811417,-0.006498737,0.0057411613,-0.032944355,0.008856391,-0.0029212045,0.025355913,0.003744085,-0.006195634
24/10/2017,-0.1,-0.0016014988,-0.00023696726,-0.0014302772,-0.00046248955,-0.0013908547,0.0080020195,-0.068402916,-0.015200863,-0.013707499,-0.022607988,0.02792639,-0.08505751,0.22975186,-0.08933622,-0.33626252,0.02667593,-0.06250097,-0.0019235314,-0.00025415627,0.034402065,-0.098465085,0.01200302,-0.0064992616,0.0057916692,-0.03068415,0.008856391,-0.0029236123,0.025100144,0.003744086,-0.007772434
25/10/2017,-0.07,-0.0015505964,-0.0012470046,-0.0009512736,-0.00030780447,-0.0013671361,-0.009182126,-0.018628318,-0.0006167124,0.022200314,0.035594076,0.0062866756,-0.025388876,-0.13985577,-0.0771362,-0.36830118,0.025697216,-0.05006976,-0.0013002919,0.00032391972,0.011840292,-0.100326724,0.012219571,-0.006499308,0.005798915,-0.028423822,0.008856391,-0.0029224122,0.025179867,0.0037440856,-0.0044569056
26/10/2017,0.5200000000000014,-0.0001781834,0.00018104744,-0.0006618968,-0.00030780447,-0.0006494589,-0.0030504228,-0.018628318,0.04039962,0.14933684,0.047171254,0.032787003,0.066207,-0.25174418,0.030712146,-0.40385267,0.025694832,-0.052299406,-0.0013744809,0.00024113171,0.008287469,-0.06007133,0.01657436,-0.006497198,0.00581747,-0.026163027,0.008856391,-0.0029211564,0.0252017,0.0037440856,-0.010784345
27/10/2017,0.1,-0.00096740195,0.0015172315,-0.000923465,-0.00024148032,-0.0006139247,0.026978454,0.012665461,0.03664301,-0.016657142,0.02364069,-0.0685911,-0.015066659,-0.11185163,0.024139382,-0.2919108,0.033313915,-0.083289154,-0.0024028784,-0.0013998459,0.026956573,-0.08373934,0.018166661,-0.006497835,0.0059025222,-0.026160257,0.0088564,-0.002905586,0.024884623,0.0037440865,-0.009733715
30/10/2017,0.01,-0.00088022463,-0.002630402,-0.0012081766,-0.0004648402,-0.00059216266,0.021472333,-0.049546156,-0.0010083527,-0.07623526,-0.0047745975,0.2602814,0.010952843,-0.3204645,0.022211535,-0.54798377,0.032037977,-0.10043461,-0.0032734575,-0.0016972043,0.013160083,-0.092017226,0.02016812,-0.006500017,0.00598982,-0.023897877,0.008856391,-0.0029267678,0.024905344,0.0037440867,-0.011522609
31/10/2017,-0.13,-0.00087345956,-0.0017678074,-0.0010969432,-0.00060978445,-0.0007717245,0.029057495,-0.019668836,-0.0013701718,-0.0052931756,0.0040465654,0.0659528,0.032222997,-0.21643081,0.060097367,-0.3781377,0.036028128,-0.09741945,-0.0027361885,-0.0017366922,0.010630474,-0.057953794,0.020336665,-0.0065003005,0.0061316984,-0.026158743,0.0088564,-0.0029087062,0.02490161,0.0037440867,-0.01086824
1/11/2017,-0.38,-0.0017744646,-0.001995943,-0.0015465856,-0.00060978445,-0.0006461295,0.01695349,-0.10637597,-0.0001401811,-0.077520765,-0.0042725177,-0.13018861,0.04638667,-0.29868385,0.034072693,-0.58536077,0.026660386,-0.09354064,-0.0032328726,-0.0013057663,0.0018050453,-0.07599739,0.01822976,-0.0065002483,0.0062258025,-0.026151368,0.008856381,-0.0029385427,0.024932785,0.0037440865,-0.010450538
2/11/2017,0.1500000000000003,-0.0009938392,0.00020304532,-0.0009548737,-0.00038642442,-0.0007160621,0.018349068,0.008610912,0.025452461,0.032717254,0.0040730727,-0.15782708,0.061335545,-0.28298604,0.056818277,-0.67975426,0.028890261,-0.070649795,-0.0021691513,-0.00072766235,0.019057745,-0.09203862,0.017523412,-0.0065006292,0.00627932,-0.026153592,0.008856391,-0.0029210802,0.02493443,0.0037440863,-0.006349897
3/11/2017,0.1799999999999997,0.0029452774,0.0023244407,-0.00081764394,-0.00045274862,-0.0008052915,0.026774833,0.06883881,0.0076099318,0.035656475,0.018550852,-0.16451658,-0.020778652,0.2644167,0.021388413,-0.3376564,0.029419072,-0.08765134,-0.0033254125,-0.0014044578,0.040148932,-0.11152615,0.012602988,-0.006500309,0.006282183,-0.023942787,0.00885639,-0.0029352168,0.024855953,0.0037440865,-0.010387499
6/11/2017,0.1600000000000001,-0.0008529371,-0.00056330586,-0.0010980102,-0.00045274862,-0.0008052915,0.026927182,0.06883881,-0.0004257887,0.07905257,0.020724595,-0.17461206,-0.0358457,0.11512126,-0.029679958,-0.4792906,0.03207103,-0.08162731,-0.0025877405,-0.0012528994,0.017374177,-0.1180587,0.009393879,-0.006500293,0.0063236384,-0.023867734,0.008856391,-0.002921615,0.024869306,0.0037440865,-0.008838828
7/11/2017,0.1199999999999992,0.00021267265,0.0014651932,-0.00072843034,-0.00060978445,-0.0008052915,0.026927182,0.031048337,-0.0068702577,0.031235354,0.012966777,-0.084304646,-0.006010504,-0.12237286,-0.007397388,-0.36135906,0.034942333,-0.077942155,-0.0021299035,-0.001120007,0.01773078,-0.12292096,0.0112655815,-0.0064991894,0.0063793054,-0.023867136,0.0088564,-0.0029057853,0.024881348,0.0037440865,-0.009135049
8/11/2017,0.04,-0.001315935,-0.001697833,-0.0015545206,-0.0007955843,-0.000744871,-0.011206904,-0.0047404477,-0.038601097,-0.031289965,-0.016916273,-0.09398014,-0.03985692,0.025571574,-0.020427803,-0.3910674,0.034887467,-0.1032153,-0.0031684858,-0.0016826809,0.0369467,-0.11388629,0.008868044,-0.0064998623,0.006389016,-0.02386684,0.008856391,-0.0029241727,0.024905512,0.0037440867,-0.007747028
9/11/2017,0.08,-0.00084103254,-0.001505745,-0.0015182158,-0.000951988,-0.00074564375,0.017895496,-0.00455516,-0.03827351,0.098989695,0.021096779,-0.0331446,-0.029470166,-0.05405319,-0.04123362,-0.49343562,0.028069913,-0.105646685,-0.003543355,-0.0014982782,0.0266028,-0.098152064,0.0069713574,-0.0065016374,0.006412846,-0.02386643,0.008856381,-0.002939923,0.024957795,0.0037440865,-0.006753165
10/11/2017,0.1699999999999999,-0.0005858655,-0.0002149528,-0.001368577,-0.0011072753,-0.00076548854,0.02238082,0.0024183912,0.097545624,0.056926105,0.08488557,0.14736496,-0.030956492,-0.045427326,-0.039655004,-0.4298029,0.032617234,-0.09866734,-0.0028851044,-0.0015012721,0.037574742,-0.09761928,0.007848678,-0.0064990437,0.006400849,-0.02386665,0.008856391,-0.0029228064,0.024956308,0.0037440865,-0.0068731518
13/11/2017,-0.03,-0.0012385685,-0.0011237742,-0.001778687,-0.0012153991,-0.00073059316,-0.026642667,-0.03601023,0.00719667,-0.029575398,0.027528806,0.2085212,-0.02276677,-0.07301756,-0.05628722,-0.5116136,0.031126913,-0.10256148,-0.003086196,-0.0016823381,0.034006134,-0.09648895,0.0072603044,-0.006496235,0.00636927,-0.023867596,0.008856391,-0.0029173438,0.024887841,0.0037440867,-0.005984742
14/11/2017,-0.01,-0.0011532423,-0.0017709137,-0.0018047949,-0.0013720741,-0.0007273209,-0.006800902,-0.012695277,0.008765961,-0.0047354368,0.02691083,0.015369095,-0.039026942,-0.2077628,-0.05499924,-0.5066817,0.03642032,-0.10100364,-0.0025613823,-0.0017840513,0.04085449,-0.09661836,0.005550505,-0.0064970977,0.006323987,-0.023870006,0.0088564,-0.0029080987,0.024872841,0.0037440867,-0.0062497
15/11/2017,0.1699999999999999,-0.00017185579,-0.0014937263,-0.0009107714,-0.0013720741,-0.0007122586,-0.010543231,0.007887388,0.05804919,0.07096798,0.0075699664,0.032433495,-0.0034638615,-0.1678841,-0.031419326,-0.47052467,0.036283202,-0.09718298,-0.0025239133,-0.0017466402,0.031813435,-0.09780585,0.0052596508,-0.0064972187,0.0062937853,-0.023873575,0.0088564,-0.0029068259,0.024884537,0.0037440867,-0.008631679
16/11/2017,0.1099999999999994,-0.000775699,-0.0014118308,-0.0011142496,-0.0013720741,-0.0008746975,-0.014954605,0.011133026,0.013585517,0.022349931,-0.028213536,0.064704254,-0.04220948,-0.10217127,-0.042336527,-0.674591,0.03262489,-0.11765538,-0.0035400654,-0.0022278526,0.037630055,-0.092621595,0.007775077,-0.0064967847,0.006301974,-0.021612924,0.008856391,-0.0029245252,0.024900094,0.0037440872,-0.009145016
17/11/2017,-0.39,-0.0022582228,-0.0019843273,-0.0013782501,-0.0013720741,-0.0009203046,0.0045711966,0.034447968,0.015959663,0.05426808,0.0129608195,-0.08620669,-0.06590813,-0.2293458,-0.0397617,-0.5963003,0.03588832,-0.120704845,-0.0031737608,-0.002480117,0.041214895,-0.09373305,0.0041402946,-0.00649956,0.006311704,-0.021617867,0.0088564,-0.00291038,0.024840979,0.0037440872,-0.007788758
20/11/2017,-0.1,-0.0029773042,-0.00474449,-0.0020187937,-0.0009840006,-0.001149555,-0.026288562,-0.038295962,-0.012767661,-0.037514634,-0.023065718,-0.14013019,-0.052131936,-0.26042438,-0.10265203,-0.7725445,0.034673724,-0.09930776,-0.0028708905,-0.0016969172,0.040043548,-0.10084767,0.0028395688,-0.0065012765,0.0062847594,-0.019360462,0.008856391,-0.0029214532,0.024833797,0.0037440867,-0.0032570118
21/11/2017,0.3999999999999986,-0.0019067585,-0.0036589555,-0.0010870465,-0.00082732516,-0.0011461243,-0.011367101,0.1179119,0.0113521265,-0.010634162,-0.007111461,-0.00041936155,-0.0031396209,0.017453615,-0.074256666,-0.66847426,0.0338054,-0.09195036,-0.0028774247,-0.0015801726,0.029659769,-0.10783256,0.0066094697,-0.006501383,0.006259211,-0.017101737,0.008856391,-0.0029212516,0.024830049,0.0037440865,-0.00965668
22/11/2017,0.1699999999999999,-0.0008337065,-0.0007841826,-0.0012930755,-0.0009719411,-0.0011455811,0.0076039666,-0.013535302,0.025170594,0.124780856,0.004101645,-0.034477253,-0.08150303,0.07310505,-0.12250753,-0.52057016,0.035056405,-0.107720144,-0.003457481,-0.002047605,0.0432813,-0.112268135,0.005290901,-0.006501466,0.006262228,-0.014837692,0.008856391,-0.0029231515,0.024823986,0.0037440867,-0.009016525
24/11/2017,-0.06,-0.0013574752,-0.0021478068,-0.0018369887,-0.0025557068,-0.0015775603,-0.021421967,-0.0048446064,0.008466751,-0.08410244,-0.030569725,0.10509613,-0.043373078,-0.061517797,-0.07354317,-0.43409768,0.0353044,-0.1171139,-0.0036231857,-0.0023109748,0.032095984,-0.11432337,0.0035955927,-0.0065026726,0.0062743532,-0.01483772,0.008856391,-0.0029229266,0.02483211,0.0037440872,-0.009932563
27/11/2017,-0.35,-0.0019675116,-0.0043361536,-0.003154176,-0.003355332,-0.0020643075,-0.04400751,-0.012674531,-0.021061866,-0.041442007,-0.070275545,-0.0045752767,-0.0061995354,-0.22060692,-0.046161823,-0.31435785,0.038181417,-0.10842823,-0.002744586,-0.0021078505,0.03142244,-0.107792035,0.002600542,-0.006503062,0.0062861885,-0.014838052,0.0088564,-0.0029060263,0.024818385,0.0037440872,-0.0072120875
28/11/2017,0.03,-0.003138462,-0.004643754,-0.002899462,-0.003355332,-0.0022530388,-0.018564554,0.01763407,-0.009144042,0.078923635,-0.04021061,-0.1093192,0.03473446,-0.309446,-0.018616937,-0.529838,0.033362396,-0.09019845,-0.0025225878,-0.0011919877,0.027337447,-0.11075979,0.0011642295,-0.006503515,0.0062554977,-0.014838665,0.008856391,-0.0029211692,0.024879416,0.0037440865,-0.0044378606
29/11/2017,0.01,-0.002183633,-0.003575281,-0.0027342795,-0.0034848368,-0.0019981584,0.0006808672,-0.006586765,0.033958882,0.101072304,-0.043172102,0.07381449,0.040127747,-0.0075163743,-0.032110892,-0.2982949,0.032696802,-0.08836234,-0.0028039943,-0.0012533987,0.042029455,-0.11547847,0.0022547187,-0.0065031936,0.006227635,-0.0148388585,0.008856391,-0.0029228975,0.024906069,0.0037440865,-0.009351666
30/11/2017,-0.1,-0.002836592,-0.0036498196,-0.0022111626,-0.0029934158,-0.0019880754,-0.004690984,-0.01800727,-0.0016807066,0.0073192874,-0.03322975,0.076238915,0.026716644,0.019951966,-0.043883394,-0.27361667,0.03221815,-0.087992966,-0.0027848901,-0.0012308517,0.030592473,-0.1217326,0.0018077305,-0.0065021953,0.006206172,-0.01483907,0.008856391,-0.0029236316,0.024905613,0.0037440865,-0.009452381
1/12/2017,0.08,-0.003076436,-0.0035440638,-0.003056988,-0.0034848368,-0.002061856,0.00455838,-0.105424345,0.0039239028,-0.07062934,-0.045347363,-0.059998598,0.041868974,0.029490484,-0.05239867,-0.24162176,0.024964068,-0.083850734,-0.002998012,-0.00072503707,0.022215446,-0.12796246,0.0017558603,-0.006501728,0.006136934,-0.014839508,0.008856381,-0.0029405819,0.025004169,0.0037440863,-0.0095487265
4/12/2017,-0.16,-0.0025564292,-0.0044644135,-0.0029395863,-0.0029934158,-0.003429722,-0.028061813,-0.023116983,0.05533828,-0.046060972,-0.059436284,-0.09390285,0.016192747,-0.010576652,-0.0563718,-0.08987743,0.034055445,-0.079158545,-0.0020696186,-0.0008324337,0.039833408,-0.12621482,-0.0018178193,-0.0065020286,0.0060611693,-0.01483969,0.0088564,-0.002910156,0.024984915,0.0037440863,-0.0076937308
5/12/2017,-0.45,-0.0034842407,-0.005660727,-0.0039549577,-0.0034311698,-0.0032521475,-0.031269167,-0.06559298,-0.08777508,-0.16672713,-0.09375958,0.0026144977,0.05994352,-0.2027607,-0.043582164,-0.40945506,0.028604643,-0.06864419,-0.0017608303,-0.0002701198,0.028317634,-0.12860045,-0.0024674323,-0.0065018996,0.0059684156,-0.014839908,0.008856391,-0.0029212795,0.02507831,0.003744086,-0.008395222
6/12/2017,-0.14,-0.006566938,-0.007865539,-0.003758997,-0.0035643864,-0.0027390793,-0.04200396,-0.09475729,-0.0692513,0.09113199,-0.041010875,-0.21825613,-0.03151361,-0.0081777265,-0.15265775,-0.46182534,0.02115312,-0.06690655,-0.0015810266,0.0005507869,0.037309587,-0.13643669,0.0014030935,-0.0065023517,0.005844318,-0.0148409335,0.008856381,-0.0029397323,0.02521215,0.0037440856,0.00921426
7/12/2017,-0.26,-0.007038974,-0.009474075,-0.004031315,-0.0034073503,-0.0025861023,-0.036055822,-0.13056983,-0.08980801,-0.16051592,-0.049893357,0.07192497,0.00985864,0.15691909,-0.11314582,-0.12919553,0.030643197,-0.054254018,-0.00017762596,0.00083493127,0.056252897,-0.13513122,0.0009506236,-0.0065032574,0.005730707,-0.014841696,0.0088564,-0.0029060864,0.025283659,0.003744085,0.010968793
8/12/2017,-0.1,-0.0053504934,-0.007990168,-0.0040852386,-0.0034073503,-0.0027464323,-0.039089777,-0.05858244,-0.098265894,-0.13943684,-0.060953822,0.0773171,0.008326448,0.15044263,-0.12676986,-0.11600541,0.027421266,-0.056112986,0.00013661748,0.0015089107,0.08794551,-0.13027334,0.002408118,-0.0065029343,0.0056218817,-0.014842146,0.008856391,-0.002921646,0.025431141,0.0037440849,0.027274441
11/12/2017,-0.18,-0.0047315354,-0.007815728,-0.002919597,-0.0026131151,-0.0023540678,-0.009874964,-0.05858244,-0.07728308,-0.14307792,-0.009556919,0.04567566,0.020686235,0.09914601,-0.10365474,-0.061329838,0.026772114,-0.051319677,0.0006570327,0.0020440617,0.08753204,-0.1414469,0.0041030957,-0.0065031415,0.005471532,-0.014842594,0.008856391,-0.0029218819,0.025547728,0.0037440846,0.030404009
12/12/2017,0.08,0.0004123336,-0.0017182785,-0.003175049,-0.00046337215,-0.0018074088,0.014168975,-0.002202957,-0.038818404,-0.20455135,-0.007556417,-0.024972422,0.019470794,-0.13280235,-0.1183075,-0.23801082,0.025198536,-0.045062616,0.0012993432,0.002699283,0.08338154,-0.13379441,0.006392362,-0.0065029287,0.005325008,-0.014843538,0.008856391,-0.002922288,0.02568323,0.0037440844,0.031126019
13/12/2017,-0.08,-0.00013056779,0.00028679927,-0.0020502387,0.00011539343,-0.001581612,0.024093283,-0.03875982,0.0046097157,-0.0014925794,-0.006580109,0.024449985,0.027154507,-0.017893424,-0.09457761,0.06676594,0.028924895,-0.04596141,0.0015426797,0.0025728561,0.08959061,-0.12240781,0.006967337,-0.0065011703,0.0051766573,-0.014844284,0.0088564,-0.002909091,0.025688652,0.0037440844,0.027055042
14/12/2017,-0.11,0.00039661257,0.00028872924,-0.0009913049,0.00011539343,-0.0016213371,0.047897182,0.006650436,-0.0025646284,0.0349631,0.055361774,-0.14896305,0.0024677452,-0.0786464,-0.1380189,0.17636539,0.023705933,-0.049632397,0.0014795809,0.0030551616,0.09142415,-0.1167645,0.005046083,-0.0064998376,0.005034041,-0.014844998,0.00885639,-0.0029264078,0.025804002,0.0037440844,0.029092353
15/12/2017,0.1,0.0027119399,0.00081285887,0.00034632266,0.00011539343,-0.0006971509,0.02009194,0.08400157,0.05741527,0.19410291,0.081149936,0.14034742,0.07567881,-0.41136608,-0.05417435,-0.27561468,0.024550091,-0.04272,0.0024986048,0.003544044,0.10729493,-0.10939426,0.009982179,-0.00649788,0.0048944517,-0.014845923,0.008856391,-0.0029213438,0.025915328,0.0037440842,0.033170335
18/12/2017,0.6500000000000004,0.010131684,0.016354902,0.0054748133,-0.000454532,0.00041051724,0.12456054,0.22855762,0.15284665,0.2951761,0.28245518,-0.071902215,0.054580264,-0.1890202,-0.0744355,-0.08411251,0.019901825,-0.051982347,0.0015430419,0.00331189,0.1003826,-0.11230482,0.013885044,-0.0064941053,0.004746308,-0.014846282,0.008856381,-0.0029402615,0.025879543,0.0037440842,0.029189974
19/12/2017,0.1600000000000001,0.00061393285,0.0043199155,0.0011376116,-0.00050428935,-0.0009435971,0.107096836,0.08240226,0.14472328,0.15856625,0.08155472,-0.04388735,-0.08101837,-0.124924384,-0.11750435,-0.20205447,0.018157994,-0.070698924,-0.0013965114,0.0013900959,0.06014465,-0.10439667,0.014944351,-0.0064964653,0.004627216,-0.017105028,0.008856376,-0.0029519883,0.025524132,0.003744085,-0.0011306108
20/12/2017,0.1999999999999993,-0.0014506102,0.0008735956,0.0005750821,-0.00057061366,-0.0009296986,0.016494816,0.037237193,0.0786425,0.16853158,0.046422962,0.22181211,-0.012957515,-0.2518167,-0.006449457,-0.24781439,0.029215796,-0.0653759,-0.0013425474,0.0003655227,0.06311688,-0.09395958,0.018424854,-0.0065009026,0.0044999314,-0.019365644,0.008856391,-0.002922934,0.02528379,0.0037440856,-0.0023678213
21/12/2017,-0.17,-0.0017380586,-0.0018142363,-0.0012871582,-0.0005729643,-0.0010085242,-0.0022244346,-0.027590485,0.021536767,-0.014562783,0.010439903,-0.018735353,-0.07049497,-0.32619867,-0.01321021,-0.46888927,0.029672239,-0.07173501,-0.0016867677,-0.0002508667,0.030521281,-0.08857835,0.01888369,-0.006502401,0.0043791314,-0.021625534,0.008856391,-0.0029218206,0.02508492,0.003744086,-0.0021943802
22/12/2017,0.1,-0.0002463142,-0.0010099035,-0.0012910438,-0.0005729643,-0.00078449707,0.0055430816,0.009043925,0.06699732,0.14706814,0.014069589,0.07157555,0.020330159,-0.3354807,0.031150151,-0.5137449,0.029988194,-0.06801062,-0.0017738858,-0.0002253323,0.033515733,-0.07867174,0.020960532,-0.0065024835,0.004284407,-0.023885531,0.008856391,-0.0029212977,0.025112256,0.003744086,-0.0045330245
26/12/2017,0.2300000000000004,0.0013691336,0.0009734731,0.00045596127,0.0030114867,0.00020696907,0.066944,-0.0537024,0.043875217,0.20512335,0.085000895,0.13125268,0.008903442,-0.19286473,0.025567757,-0.4590377,0.03085878,-0.077666804,-0.0020248867,-0.00034369703,0.05153095,-0.0734017,0.022686886,-0.0064989715,0.0042753397,-0.026145864,0.008856391,-0.0029236649,0.02513753,0.003744086,0.0011540286
27/12/2017,0.07,-6.351955e-05,-0.0011531309,-0.0009600287,-0.0009037082,-0.00065408874,-0.049316667,0.030096928,0.009735102,0.09027556,0.0143635655,0.011080705,-0.042646162,-0.036112197,-0.0040595573,-0.5899189,0.030417634,-0.102016784,-0.0028739315,-0.0015318062,0.04988655,-0.0692631,0.020473067,-0.0064970427,0.0042912154,-0.028405981,0.008856391,-0.0029242851,0.024989469,0.0037440865,-0.0005515768
28/12/2017,0.1600000000000001,-0.0009477399,-0.0017995896,-0.0014795084,-0.0010601118,-0.0006847695,-0.015816448,0.036665402,-0.044439442,0.02046509,-0.03610044,0.06905866,0.026910782,-0.21447727,0.060882706,-0.6974337,0.030648623,-0.10798232,-0.0029674626,-0.0016678382,0.059070926,-0.04568938,0.02012231,-0.0064977715,0.004296637,-0.030666608,0.008856391,-0.0029240998,0.025017478,0.0037440867,0.00066272035
29/12/2017,0.1699999999999999,-9.2175775e-05,-0.0011974849,-0.0019865236,-0.0010601118,-0.0007983251,-0.025593208,0.014852454,-0.03572493,0.018683067,-0.01749846,-0.017209971,0.031932198,-0.1998331,0.078285985,-0.8239319,0.02836328,-0.11873966,-0.0032787048,-0.0020079138,0.060474895,-0.022360826,0.020661192,-0.006498747,0.004311478,-0.032927383,0.008856391,-0.0029263736,0.024976013,0.0037440872,0.00046332274
2/1/2018,-0.02,-0.0010215021,-0.0030440008,-0.0020960409,-0.0012167869,-0.0008094032,-0.016483061,0.03554784,-0.037314016,-0.038021605,-0.01945195,0.04232684,0.021411411,-0.2183906,0.033563323,-1.0674539,0.020051226,-0.13352056,-0.004374643,-0.0020439299,0.054323968,-0.047812607,0.018707026,-0.006500069,0.0043389737,-0.035188258,0.008856382,-0.002952192,0.024992177,0.0037440872,0.00038889475
3/1/2018,-0.06,-0.0012638157,-0.003524794,-0.0023117366,-0.0015166901,-0.00094020105,-0.013300981,-0.049840845,-0.022958482,-0.119195335,-0.020670457,0.0767276,0.0014397001,-0.42926842,0.0018722898,-1.1841521,0.026133932,-0.12084371,-0.002936112,-0.001730278,0.033620898,-0.049794294,0.018072598,-0.0064993426,0.004412246,-0.037448473,0.008856391,-0.0029313497,0.024992175,0.0037440867,0.0006775502
4/1/2018,-0.17,-0.00037900353,-0.0031832722,-0.0010209061,-0.0015166901,-0.00088096864,0.0053750845,-0.039943006,0.06347168,-0.034185875,0.0029994214,-0.26002905,-0.055026256,0.04217922,-0.053122662,-0.7407144,0.020272974,-0.13320093,-0.0045678536,-0.0024834257,0.02111425,-0.07051997,0.015328146,-0.006497724,0.004422685,-0.039707523,0.008856376,-0.002954739,0.0248513,0.0037440874,-0.010012694
5/1/2018,-0.3,-0.0013623168,-0.0032149546,-0.0019487776,-0.002706306,-0.00076680793,-0.015332941,-0.11193164,-0.0144963255,-0.090507366,-0.04549556,0.0069332155,0.027346626,-0.073522314,-0.0059987395,-0.59807646,0.03529629,-0.10441102,-0.0028180764,-0.0020346784,0.02823867,-0.08579097,0.011153937,-0.006496992,0.004464075,-0.04196192,0.0088564,-0.0029092978,0.02484098,0.0037440867,-0.008331722
8/1/2018,-0.05,-0.0044560567,-0.008350144,-0.0031721708,-0.002665159,-0.0026607474,-0.032944612,-0.054404467,-0.06311316,-0.11580464,-0.07929917,-0.054084916,-0.009045145,0.28958952,-0.054683212,-0.6907775,0.032176927,-0.10035937,-0.003259365,-0.0018082334,0.04567734,-0.10965298,0.009805893,-0.0064980453,0.004467649,-0.041963156,0.008856391,-0.0029246463,0.02483636,0.0037440867,-0.008920459
9/1/2018,-0.08,-0.0036568842,-0.00631984,-0.0037399316,-0.0022400618,-0.0026244905,-0.040071905,-0.1146324,-0.069595866,-0.14475605,-0.10701729,0.009257144,0.00482163,0.3021668,-0.033382628,-0.48923546,0.034299944,-0.08635346,-0.002572974,-0.0015733662,0.028192261,-0.12775394,0.008498754,-0.006499536,0.004498478,-0.04196683,0.0088564,-0.0029083965,0.024827277,0.0037440865,-0.010878457
10/1/2018,-0.47,-0.004398323,-0.0077915103,-0.0049143475,-0.0027314825,-0.0027734693,-0.048115544,-0.17146209,-0.07655565,-0.10450251,-0.09859569,-0.088670745,-0.013381353,0.11297115,-0.0683661,-0.67372566,0.028711664,-0.07084441,-0.0020984693,-0.0007561241,0.0056120725,-0.12666114,0.008379588,-0.006500363,0.004517147,-0.03970658,0.008856391,-0.002921153,0.024935545,0.0037440863,-0.008025833
11/1/2018,0.0,-0.005482385,-0.009889703,-0.00412249,-0.0025064042,-0.0025898044,-0.049627338,-0.045525666,-0.09552148,0.080801755,-0.09932701,-0.11342833,0.0076936744,0.29343584,-0.07258388,-0.66696703,0.028889628,-0.063065074,-0.0012196683,0.00023184587,0.03968883,-0.14633845,0.00830897,-0.0065014446,0.004536984,-0.037446465,0.008856391,-0.002921884,0.025127595,0.0037440858,0.0023827378
12/1/2018,-0.59,-0.0054200576,-0.010498407,-0.0064283265,-0.0028113897,-0.0024003147,-0.08306656,-0.26145723,-0.20536175,-0.28893137,-0.20732957,-0.11950652,-0.026013313,0.5057051,-0.112550564,-0.3660142,0.02241073,-0.06705582,-0.0019276665,0.00032401617,0.03441345,-0.14424504,0.0062090717,-0.0065018483,0.0045753354,-0.03518645,0.008856381,-0.0029400366,0.025184339,0.0037440858,-0.0011518141
16/1/2018,-0.17,-0.004388781,-0.008727954,-0.0018400192,-0.0026458977,-0.0027094204,-0.0468771,-0.075217426,-0.1458014,-0.0061825993,-0.18457998,0.0059468485,0.018704124,0.35373068,-0.0964673,-0.22087465,0.030676836,-0.054461695,0.0005155584,0.0015555498,0.09199105,-0.14822201,0.005119264,-0.006502376,0.00457219,-0.03292662,0.008856401,-0.0029086978,0.025396159,0.003744085,0.03368735
17/1/2018,-0.34,-0.005212813,-0.010328307,-0.0047525205,-0.0029343565,-0.0025815174,-0.053309068,-0.08338532,-0.10741744,-0.20804656,-0.045461807,0.14153305,0.010755642,0.2716272,-0.104700774,-0.112586744,0.026366828,-0.049951214,0.0014837728,0.0026288237,0.11473868,-0.13793682,0.0073470892,-0.006502533,0.0045626527,-0.03066657,0.008856391,-0.0029219491,0.025630958,0.0037440846,0.047674067
18/1/2018,0.1699999999999999,0.005084636,0.0070667053,0.0032679199,0.018435827,0.0024931214,0.10719004,0.065204576,0.0765687,0.023267189,0.05681486,0.12304937,0.014006214,0.19603626,-0.11201228,-0.021895124,0.02656729,-0.052393995,0.0034510058,0.0037219767,0.18224044,-0.14507985,0.011381417,-0.006500984,0.0045399684,-0.028406769,0.008856391,-0.0029271955,0.02587987,0.0037440842,0.07042337
19/1/2018,-0.08,-0.003931944,-0.004808395,-0.0022220267,-0.0014991545,-0.0018170101,-0.06003999,0.07130804,-0.00815688,-0.035269286,-0.03378036,0.2537687,-0.0014984676,0.3024756,-0.086147934,0.18384285,0.028061602,-0.053934306,0.0027973454,0.0036294507,0.16365783,-0.1200434,0.014481865,-0.006500599,0.0045313174,-0.026146356,0.008856391,-0.002924087,0.025887657,0.0037440842,0.059948888
22/1/2018,0.02,-0.0016575131,-0.0011966787,-0.00067924295,-0.00094625185,-0.0016340432,-0.020989792,0.029905297,0.11257721,0.037436835,-0.015956957,0.08227189,0.0262056,0.039267402,-0.08866906,0.3418284,0.028973484,-0.038299806,0.004037227,0.004274833,0.1485292,-0.10340719,0.01507314,-0.006499592,0.004504168,-0.02388615,0.0088564,-0.0029081427,0.026002215,0.0037440837,0.06111862
23/1/2018,-0.03,-0.0012864087,-0.00031712884,4.584794e-05,-0.00093873456,-0.0018048668,0.022262217,-0.0230208,0.001088754,-0.012482672,0.0016554018,0.10628052,-0.0045922208,0.05171231,-0.0934846,0.24492836,0.026298573,-0.045892388,0.0032335443,0.0042835553,0.14882024,-0.095894694,0.013637908,-0.006497239,0.004494682,-0.021625819,0.008856391,-0.002926034,0.02606817,0.0037440837,0.056290075
24/1/2018,0.08,-0.00090200594,0.0007717888,-0.00089505746,-0.00070011854,-0.0013550988,0.041782726,-0.04944747,0.013436567,0.0888458,0.013339515,0.14335123,-0.013345493,0.03193817,-0.116886504,0.22153182,0.026057772,-0.043899447,0.0035617154,0.0044471943,0.16033797,-0.09865233,0.013359577,-0.0064949766,0.0044766897,-0.019365197,0.008856391,-0.0029268772,0.026102928,0.0037440837,0.054053977
25/1/2018,0.1199999999999992,0.0006814595,0.0017713915,-0.00014288846,-0.00057061366,-0.0006374216,0.023108175,-0.0230208,0.060396478,0.11324849,0.03295618,0.13843784,0.028661676,-0.2538983,-0.0629187,-0.0050309813,0.025624383,-0.044270933,0.0034487427,0.0043653427,0.15421072,-0.10038858,0.016084999,-0.006490995,0.004448058,-0.017106561,0.008856391,-0.0029245915,0.02610781,0.0037440837,0.047424242
26/1/2018,0.3100000000000005,-0.00023277375,0.001398227,0.00069268345,-0.00057061366,-0.00067948987,0.07304806,0.052379794,0.095630795,0.19503935,0.06447309,0.21806428,0.013043198,-0.17825164,-0.060465854,0.05959708,0.02915852,-0.04279021,0.002821593,0.0034790647,0.11961449,-0.09758233,0.021363117,-0.006486147,0.0044077216,-0.014849127,0.0088564,-0.0029088273,0.025940247,0.003744084,0.027522633
29/1/2018,0.05,-0.0013320416,-0.0023638408,-0.0011946375,-0.00057061366,-0.00074475975,0.051905844,0.018619819,-0.0032860856,0.03506344,0.052761998,0.14450173,-0.040644445,-0.15417364,-0.01796659,-0.15752532,0.027946554,-0.05785291,0.00052350375,0.002046093,0.07368392,-0.09736961,0.022057207,-0.006486674,0.0043593426,-0.017100932,0.008856391,-0.0029230078,0.02564941,0.0037440846,0.011591699
30/1/2018,-0.49,-0.0010735155,-0.0018163832,-0.0009546979,-0.00057061366,-0.00080862606,0.009236923,0.029905297,-0.030176185,0.12675425,-0.026044328,0.10662633,-0.005430615,-0.1788502,0.006795799,-0.3673822,0.02763907,-0.055036914,-0.0003084482,0.0015048324,0.051909268,-0.09618301,0.0211968,-0.0064890767,0.0043204497,-0.019361082,0.008856391,-0.0029229415,0.025488047,0.0037440849,0.0076221772
31/1/2018,0.1399999999999988,-0.0014705594,-0.001201314,-0.0010209347,-0.00050428935,-0.000786549,-0.0075317207,0.016657144,-0.030435339,0.08751288,-0.0027480603,-0.13797481,0.026765218,-0.31765392,0.023902113,-0.5080895,0.027405787,-0.04611732,0.00045909453,0.0020830543,0.038129028,-0.101349056,0.024314502,-0.0064881905,0.0042397613,-0.021620523,0.008856391,-0.002921254,0.025552848,0.0037440849,0.013233284
1/2/2018,0.2600000000000015,-0.00013566845,0.00012767459,-0.00030594948,-0.00057061366,-0.00061805145,0.018962115,0.029905297,-0.010500168,0.11470758,0.0132766105,0.094354875,0.021910831,-0.033866685,0.05572563,-0.51767695,0.02864926,-0.057540547,-0.0005220606,0.0013794942,0.042576097,-0.10344374,0.02631346,-0.0064876857,0.0041706203,-0.023880284,0.008856391,-0.0029229308,0.025471332,0.0037440849,0.0065422105
2/2/2018,0.2699999999999996,0.00041560605,0.0003816397,-0.0003524746,-0.00046248955,-0.00061805145,0.00844893,-0.0083427215,0.0061608693,0.07916121,0.0025545685,-0.07223118,-0.009779037,-0.0398567,0.0224544,-0.49082568,0.033313673,-0.060307436,-0.00060699915,0.00068528875,0.04861021,-0.09925098,0.027837293,-0.006486061,0.0041031884,-0.02613997,0.0088564,-0.0029060307,0.025296867,0.0037440856,0.011182073
5/2/2018,-0.06,-5.4624303e-05,-0.0017636789,-0.0022573292,-0.00024148032,-0.00067473867,-0.047451116,-0.013332555,0.0013306692,-0.037232593,-0.011277376,-0.1269178,-0.06448415,-0.017112233,0.011127954,-0.74942726,0.03149274,-0.08092258,-0.0019935404,-0.00016714432,0.06783406,-0.09466388,0.027743805,-0.0064886543,0.004038928,-0.028399466,0.008856391,-0.0029248476,0.025190273,0.003744086,0.014862382
6/2/2018,0.1600000000000001,-0.00074529747,0.0007545276,-0.00040023212,-0.00030780447,-0.000718145,-0.008866353,-0.0064166584,-0.023628373,0.116729274,0.015021174,-0.12822866,0.00026043548,-0.31844482,0.056744833,-0.879439,0.033046402,-0.07361314,-0.0015767759,-2.7381271e-05,0.062218092,-0.087339796,0.028451577,-0.0064906916,0.0039808443,-0.03065888,0.008856391,-0.0029215377,0.025168058,0.003744086,0.0153903
7/2/2018,-0.42,-0.0006938765,-0.0043313187,-0.0020453944,-0.00030780447,-0.00067473867,-0.033806846,-0.06698291,-0.054268524,0.024401825,-0.030195363,-0.019844254,-0.0524191,-0.049218364,0.030602647,-0.86224777,0.030716052,-0.083862655,-0.002072412,-0.0006125036,0.06320918,-0.08727485,0.029761612,-0.006489346,0.003913099,-0.032918382,0.008856391,-0.0029241599,0.025111947,0.003744086,0.013597854
8/2/2018,0.09,6.387712e-05,0.00057105283,-0.0005898269,-0.00030780447,-0.0006447818,0.029844932,-0.023610035,0.016606625,0.15328519,0.042484626,-0.07827351,0.015831664,-0.2673258,0.0426046,-0.62051505,0.035324536,-0.06133844,-0.0010026034,-1.919055e-05,0.06381812,-0.10120089,0.029946068,-0.006489695,0.0038760712,-0.03517779,0.0088564,-0.0029016943,0.025124969,0.0037440858,0.013527886
9/2/2018,0.06,-0.00025968594,-0.0006054436,-0.0005724633,-0.00030780447,-0.0006447818,0.0349554,0.050150882,0.020070182,0.04454555,0.03244917,0.15406917,-0.01729809,0.23308393,0.059690624,-0.6801455,0.030240888,-0.07682002,-0.0023829534,-0.0003864315,0.038132608,-0.10877142,0.029331503,-0.006490421,0.0038232706,-0.03743724,0.008856391,-0.0029288563,0.02512687,0.003744086,0.0012079327
12/2/2018,-0.25,-0.0007844657,-0.00097558036,-0.00027491213,-0.00030780447,-0.0007509714,0.008008947,0.050150882,0.002418725,-0.12079773,-0.019317979,-0.006986161,0.029644344,0.30929372,0.06780636,-0.3862652,0.033279352,-0.06956873,-0.0016565026,-0.00035775325,0.03720091,-0.0969728,0.027208729,-0.006486985,0.003823077,-0.037437312,0.0088564,-0.002910364,0.025129866,0.003744086,-0.0020275356
13/2/2018,-0.08,0.00012854606,0.00064289855,-0.0009899484,-0.00030780447,-0.0007509714,0.006409391,-0.0044254567,0.01133327,-0.03841571,-0.017022958,0.021427559,0.054940026,0.24689072,0.032820813,-0.53559816,0.027969697,-0.060680572,-0.0014866308,0.0003976341,0.039377198,-0.12677822,0.029354218,-0.006489323,0.0038013498,-0.03743853,0.008856391,-0.002924358,0.025306536,0.0037440856,-0.005151971
14/2/2018,0.2199999999999988,0.0010586439,0.00019490134,-0.00054488354,-0.00030780447,-0.0006762327,-0.0003682661,0.037663717,0.027969472,0.0676675,-0.019888403,-0.027632466,0.07881924,0.17801085,0.05627978,-0.6585848,0.026753461,-0.053446278,-0.0010758238,0.0005819082,0.0239137,-0.12002975,0.032933597,-0.0064951573,0.0037952957,-0.03744126,0.008856391,-0.0029219096,0.025310587,0.0037440856,-0.0064197797
15/2/2018,-0.24,-0.00047515647,-0.0012218502,-0.0011062458,-0.00030780447,-0.0006447818,0.0062418655,-0.02233293,0.0038220028,-0.09465926,-0.018083058,-0.053054083,0.052611325,0.28585213,0.021941207,-0.65786105,0.027544176,-0.057772703,-0.0013066031,0.00029847107,0.018427068,-0.11330717,0.033859856,-0.0064948923,0.0038448048,-0.03744558,0.008856391,-0.0029218635,0.025238493,0.0037440856,-0.0061029634
16/2/2018,-0.02,-7.734206e-05,0.00022837742,-0.00059969164,-0.00054611405,-0.00077385345,0.022217993,-0.0999826,-0.021910442,0.013639747,-0.0043736864,0.07293169,0.0973024,0.37811267,-0.00037794933,-0.6089324,0.022740945,-0.053196516,-0.0011626793,0.001125359,0.027520193,-0.10042575,0.037455134,-0.006496459,0.0038643419,-0.03518926,0.008856391,-0.0029405926,0.025413956,0.003744085,-0.007997865
20/2/2018,0.02,-0.00077589817,-0.0017305674,-0.0013279105,-0.00054611405,-0.00077385345,-0.012988097,-0.025259456,-0.008515963,-0.07324546,-0.038252346,0.17453055,0.09992615,0.25309175,0.009045291,-0.4074455,0.02453038,-0.0467581,-0.00016773901,0.0015798884,0.013051465,-0.094093576,0.03943243,-0.006496913,0.0039396025,-0.03292977,0.008856391,-0.0029224346,0.025523232,0.0037440849,-0.008988649
21/2/2018,0.33,-0.0008796524,-0.0027172975,-0.0015104609,-0.00054611405,-0.00077385345,-0.005588397,-0.025259456,-0.0066658957,-0.11844745,-0.06317541,0.3037224,0.074843414,0.24168266,0.007090678,-0.16435021,0.025507852,-0.048384838,-0.00027263683,0.0017736733,0.03378589,-0.088577755,0.035793174,-0.006497203,0.0040204767,-0.030670281,0.008856391,-0.0029245862,0.025615329,0.0037440846,-0.008574492
22/2/2018,-0.03,-0.0003549047,-0.0011743971,-0.0014938397,-0.00054611405,-0.00071154546,0.023486998,0.10379201,0.002366679,-0.057721905,-0.0063942396,0.2838944,0.015579725,0.26313838,-0.022956867,0.11141967,0.029896833,-0.051070783,-0.0002623652,0.0011273841,0.04504217,-0.07923942,0.034490887,-0.006498244,0.0041118846,-0.0284102,0.0088564,-0.002903832,0.025459794,0.003744085,-0.005694264
23/2/2018,-0.02,-0.0024024842,-0.003226747,-0.0017576545,-0.00030780447,-0.0012338456,-0.013867948,0.027581973,0.015906302,-0.094644874,-0.01584569,0.28466398,0.06256119,0.19527093,0.0026626647,-0.115168035,0.029285932,-0.05031482,-0.0003768478,0.0010995503,0.040109914,-0.07412949,0.034875832,-0.0064977524,0.0042156153,-0.026150133,0.0088564,-0.0029088499,0.025430502,0.003744085,-0.0075440644
26/2/2018,-0.65,-0.004411452,-0.013540639,-0.0067574675,-0.0008542794,-0.0023393452,-0.08203451,-0.29706475,-0.07188886,-0.18854958,-0.06397503,0.07695639,0.086701676,0.0467125,0.041994214,-0.19728558,0.025262404,-0.050285324,-0.00048363258,0.0014160975,0.035318926,-0.06974803,0.031369817,-0.006498467,0.004349223,-0.023889825,0.008856391,-0.0029231021,0.02553233,0.0037440849,-0.0044359737
27/2/2018,0.37,0.010507349,0.013873484,0.0045298208,0.007249867,0.0019917423,0.106597126,0.16610664,-0.031388003,0.19035378,0.26378947,-0.07489834,0.08864899,0.18803315,0.029908273,-0.18978839,0.024172235,-0.043737225,0.0008775822,0.002462397,0.048503626,-0.074939236,0.030308595,-0.0065010996,0.004422205,-0.02162992,0.008856391,-0.002923506,0.02569678,0.0037440844,0.009694718
28/2/2018,0.33,-0.0027142805,0.0012627186,-0.0020071655,-0.00039616536,-0.001209871,-0.026962481,0.021494994,-0.02336017,0.008913316,0.046105217,0.055544104,-0.06840976,0.50775,-0.03007895,-0.50643545,0.025525512,-0.057323243,-0.0013283207,0.0007863891,0.029864326,-0.0894092,0.025274502,-0.0064966213,0.0045229015,-0.02162492,0.008856391,-0.0029275983,0.025361758,0.003744085,-0.006467932
1/3/2018,-0.29,-0.0027226722,-0.0034945041,-0.0022656787,-0.00077065505,-0.001216862,-0.043110825,-0.09713221,-0.09793281,-0.05432245,-0.051057074,-0.0008771677,-0.086236306,0.3668178,-0.032549247,-0.44404402,0.028549263,-0.068168715,-0.0021311669,-0.00020812794,0.027892467,-0.10651202,0.016035821,-0.006489546,0.0046349335,-0.019364525,0.008856391,-0.0029260113,0.025119873,0.003744086,-0.0077989907
2/3/2018,0.1400000000000005,-0.0032041161,-0.0018999272,-0.0017981974,-0.00077065505,-0.001404845,-0.041731693,-0.033634935,-0.04839327,-0.037605565,-0.07038801,-0.16431397,0.006408237,0.15668021,0.03589324,-0.33968633,0.027940499,-0.058364805,-0.0016452462,0.00035582113,0.03652705,-0.12379498,0.015965143,-0.0064910618,0.0047252793,-0.017101068,0.008856391,-0.002925658,0.025252804,0.0037440856,-0.0065156426
5/3/2018,-0.11,-0.0025003592,-0.0060613453,-0.003441608,-0.00077065505,-0.0012483129,-0.026920838,-0.033634935,-0.04848168,-0.17986843,-0.12960899,-0.026200183,0.006462623,0.103821866,0.059516378,-0.41664782,0.028566388,-0.05843223,-0.0015869124,9.656181e-05,0.007936528,-0.13367262,0.020989146,-0.006490618,0.004847886,-0.017100902,0.008856391,-0.002921016,0.025209418,0.0037440858,-0.008431193
6/3/2018,-0.66,-0.00520069,-0.008572227,-0.005727385,-0.00077065505,-0.0015428517,-0.076736465,-0.26074627,-0.10732884,-0.18430652,-0.14327985,-0.0283673,-0.021989672,-0.12542953,-0.019574707,-0.48515227,0.028491793,-0.054763027,-0.0012563411,0.00049534626,-0.012229541,-0.13900219,0.024798471,-0.00648854,0.004929625,-0.017102748,0.008856391,-0.0029208628,0.025270058,0.0037440856,-0.0070324796
7/3/2018,0.1000000000000014,-0.00536509,-0.0013546462,-0.0021471714,-0.00024148032,-0.001404845,-0.0799429,0.0017490692,-0.016184578,0.019314839,0.012350006,-0.08844733,-0.03558711,0.13799495,-0.033112876,-0.53940356,0.027375793,-0.05540772,-0.00039689709,0.0013957042,0.04570261,-0.14072786,0.023558162,-0.006493387,0.00494818,-0.01935499,0.008856391,-0.002926963,0.025454085,0.0037440849,0.0059950477
8/3/2018,-0.05,-0.0025903916,-0.0037697325,-0.0014115507,-0.0009253403,-0.0013586292,-0.04788159,0.0149972215,-0.086803846,-0.002719837,-0.016347138,0.14970207,0.04257516,0.302894,0.03256481,-0.109479435,0.0313687,-0.047585614,0.000117244344,0.0016094666,0.016726205,-0.12893766,0.024594933,-0.006493629,0.0049471543,-0.019355385,0.0088564,-0.002907442,0.02555531,0.0037440849,-0.0095914565
9/3/2018,0.09,-0.0021502213,-0.0038600108,-0.0020326013,-0.0009253403,-0.001272179,-0.03648169,-0.037214562,0.015777826,0.015606108,0.0058573564,0.10030733,0.045374174,0.200057,0.009698474,-0.20637377,0.026313048,-0.047264524,0.0004131026,0.002208088,0.029806348,-0.12800874,0.025812373,-0.006491562,0.004925164,-0.01935563,0.008856391,-0.0029228944,0.025726376,0.0037440844,-0.0053472663
12/3/2018,-0.31,-0.0020765052,-0.004019599,-0.0031964728,-0.0009253403,-0.001272179,-0.04755667,-0.1343213,-0.06943125,-0.057444654,-0.06613474,0.09411169,0.04667929,0.14550331,0.023161879,-0.107629895,0.028772347,-0.043453477,0.0009174514,0.0022817662,0.020599924,-0.11968967,0.025040524,-0.006488029,0.0048852167,-0.01935594,0.0088564,-0.0029075341,0.025755564,0.0037440844,-0.0070663965
13/3/2018,0.1400000000000005,-0.001014255,-0.0012899074,-0.0014279045,-0.00046248955,-0.0007000988,0.0055275224,0.0060636615,-0.0061219702,-0.03647203,0.012553141,-0.044811707,0.04089175,-0.077840626,-0.014159528,-0.57189846,0.025083184,-0.04074332,0.0010424017,0.0028060344,0.010991651,-0.107374325,0.026188022,-0.0064843544,0.0048444024,-0.01935756,0.008856391,-0.0029211745,0.025858246,0.0037440842,-0.0043979078
14/3/2018,-0.02,-0.0015280988,-0.0021199896,-0.0016646492,-0.00046248955,-0.0007818922,-0.0036605373,0.0060636615,0.0013343276,-0.025621744,0.01982594,-0.03699155,0.016212994,-0.043511286,-0.041876454,-0.35771373,0.020388087,-0.052713223,0.0008907897,0.0030944198,0.009744149,-0.1008271,0.026662543,-0.006490411,0.0048144725,-0.019358924,0.008856381,-0.0029400783,0.025958313,0.0037440842,-0.006155137
15/3/2018,-0.09,-0.00091505994,-0.0008578718,-0.001261001,-0.00046248955,-0.0007000988,-0.002949795,0.0060636615,-0.032903098,0.02268328,-0.009238463,0.11309324,0.028079214,-0.15511002,-0.056099087,-0.3462222,0.024538897,-0.041052602,0.0018893303,0.0032997646,-0.0032106857,-0.094299495,0.02802439,-0.0064912275,0.0048033684,-0.019361869,0.008856391,-0.0029212248,0.025990725,0.003744084,-0.00833048
16/3/2018,0.2400000000000002,-0.0007432814,-0.00050084264,-0.0010588296,-0.00046248955,-0.0006245047,0.006169369,0.0037403435,-0.012503752,0.013588117,0.008432446,0.15919012,0.0616051,-0.27263212,-0.0372856,-0.2870235,0.027314352,-0.033596784,0.0027515723,0.003681199,0.011696147,-0.085578516,0.032924697,-0.006484667,0.0048046275,-0.021600822,0.0088564,-0.0029062687,0.026036749,0.003744084,-0.0005755618
19/3/2018,-0.33,-0.000846533,-0.0012332256,-0.0017085,-0.00039616536,-0.000786549,-0.040273607,-0.00522182,-0.07499591,-0.10601129,-0.0044545922,-0.039815072,-0.037125938,0.1306017,-0.113704436,-0.44070297,0.018413857,-0.05775983,0.00028017696,0.0027636257,0.02259369,-0.07745928,0.033022575,-0.006485413,0.0048042643,-0.023846934,0.008856376,-0.0029500993,0.025852447,0.0037440844,0.00037147608
20/3/2018,0.1099999999999994,-0.0009529948,-0.00036551055,-0.0010776275,-0.00046248955,-0.000786549,0.007690063,0.0037403435,0.0022838658,-0.088551566,-0.007014636,0.063705355,0.043079596,-0.25373587,-0.053288225,-0.482439,0.024625026,-0.038609542,0.0024023852,0.0036361907,0.0074690348,-0.07611658,0.03271306,-0.006488511,0.004809069,-0.023840552,0.008856391,-0.0029230765,0.02602072,0.003744084,0.003039123
21/3/2018,0.1,-0.0011608232,-0.0006472059,-0.0015740638,-0.00046248955,-0.000786549,0.013013258,0.0037403435,0.0057474216,-0.03654535,0.010306284,0.16387941,0.015695762,-0.019236488,-0.021655904,-0.4569527,0.025971215,-0.047697857,0.0010199082,0.002691765,0.015908737,-0.07006409,0.035851646,-0.006487024,0.004823929,-0.026090113,0.008856391,-0.0029253417,0.025856504,0.0037440842,-0.002079198
22/3/2018,-0.2,-0.0014951535,-0.0010001083,-0.0018911189,-0.00046248955,-0.000724241,0.00957222,0.0037403435,-0.01032072,-0.0703405,-0.0109867705,0.13473898,0.003686277,-0.038559746,-0.03882396,-0.45172703,0.026726682,-0.05025365,0.0008802481,0.0025431,0.015000729,-0.068507425,0.03439327,-0.006487589,0.0048360894,-0.026244758,0.008856391,-0.0029255003,0.025824314,0.0037440844,-0.0020850934
23/3/2018,-0.15,-0.0016553116,0.0012652588,-0.0008420151,-0.00046248955,-0.00086834247,-0.01218645,0.0060636615,-0.02604168,-0.105566666,0.0021613853,-0.099414855,0.021717332,-0.1522227,-0.09621679,-0.66472507,0.006304047,-0.05637214,0.00030140168,0.003146886,-0.0072966306,-0.067505665,0.03164915,-0.006492031,0.0048723673,-0.028504506,0.008856367,-0.002968268,0.025904767,0.0037440842,0.003453633
26/3/2018,0.1199999999999992,-0.0012565323,-0.00026781138,-0.0011323467,-0.00046248955,-0.000786549,-0.006291789,0.0060636615,0.02936054,0.1767189,0.008787591,0.03670921,0.024261445,0.09379076,-0.011495361,-0.3775232,0.025391774,-0.045719273,0.0010581777,0.002752634,-0.0044415314,-0.07170161,0.031335022,-0.006490152,0.0048771407,-0.02850799,0.008856391,-0.0029228837,0.025876224,0.0037440842,-0.011434763
27/3/2018,-0.33,-0.0017983781,-0.0012567391,-0.00087709667,-0.00046248955,-0.00086834247,-0.0025525417,0.0060636615,-0.021566257,0.2308489,0.005401101,0.13335134,-0.06892842,0.15118068,-0.07054667,-0.48367718,0.027097741,-0.05599418,0.00055155624,0.0022467724,0.005948252,-0.07985847,0.0311722,-0.0064862277,0.0048832563,-0.026248526,0.008856391,-0.0029249066,0.025774363,0.0037440844,-0.010766072
28/3/2018,0.1399999999999988,-0.0008690773,-9.1812675e-05,-0.00110415,-0.00046248955,-0.0007988159,0.0033793503,0.012487348,0.0023801292,0.17829502,0.031035153,-0.10366043,0.005234966,0.015434091,-0.046630807,-0.6072962,0.018700682,-0.04354163,0.0019173935,0.0037270493,-0.000939451,-0.08664065,0.03166817,-0.006487097,0.004882158,-0.028456919,0.008856381,-0.0029383993,0.026032686,0.003744084,0.00016373773
29/3/2018,0.1699999999999999,-0.0016618336,-0.0014290791,-0.0014692975,-0.00046248955,-0.0008806094,-0.00032510073,0.0060636615,-0.043650594,-0.0020358097,0.020227997,-0.0003803324,0.0074199815,0.2104839,-0.061954394,-0.22406915,0.019329082,-0.054134976,0.00078215555,0.003095215,-0.008624188,-0.091028504,0.03237968,-0.006486784,0.0048873504,-0.028459366,0.008856381,-0.0029357013,0.025931304,0.0037440842,-0.009673051
2/4/2018,-0.05,-0.0009972643,-0.0007852756,-0.0014355294,-0.00046248955,-0.000724241,0.019183116,0.0060636615,0.021072783,-0.092726834,-0.0077029,0.11513563,-0.029970983,0.09024134,-0.056350965,-0.4320091,0.026952881,-0.050713006,0.00068131555,0.0024458077,-0.0038214496,-0.08824138,0.03339221,-0.0064833956,0.0048809457,-0.028463192,0.008856391,-0.002922892,0.025838558,0.0037440844,-0.011977427
3/4/2018,-0.2,-0.0008201108,-0.0016192478,-0.001784409,-0.00046248955,-0.000786549,-0.051675003,0.016048206,-0.05435108,-0.055225912,-0.05329419,0.029316086,-0.03853648,-0.0367317,-0.052432068,-0.58083844,0.027258761,-0.045916792,0.0012318147,0.0027204305,-0.023737628,-0.08900182,0.035777804,-0.0064774314,0.004911387,-0.028480727,0.008856391,-0.0029211445,0.025831051,0.0037440842,-0.0104942685
4/4/2018,0.08,-0.0009995338,-0.0013520906,-0.0011183268,-0.00046248955,-0.000786549,-0.035259254,0.016048206,-0.04306076,-0.026856259,-0.035352457,0.031471785,0.021504546,-0.085742466,-0.011473125,-0.46381515,0.028851228,-0.038347203,0.0018965094,0.0029486006,-0.013392653,-0.089201584,0.036987435,-0.0064712125,0.0049250266,-0.028507585,0.0088564,-0.0029058657,0.025865206,0.0037440842,-0.0058440473
5/4/2018,-0.01,-0.00074141036,-0.0010866866,-0.001779956,-0.00046248955,-0.000724241,-0.043000817,-0.020898884,-0.10025314,-0.11463931,-0.05206527,0.23694514,-0.020895757,0.08974068,-0.033967104,-0.47176692,0.02746439,-0.05185697,0.0011008629,0.002695254,0.0014250061,-0.09071609,0.03779638,-0.0064679184,0.004913148,-0.028533073,0.008856391,-0.0029228965,0.025869733,0.0037440842,-0.008941308
6/4/2018,0.02,-0.0006991141,-0.00092363934,-0.0015265887,-0.00046248955,-0.000786549,-0.024262764,0.016048206,-0.050580684,-0.11970076,-0.039792664,0.1417069,-0.019350972,-0.038326222,-0.051136248,-0.6132391,0.026165215,-0.046649456,0.0016887959,0.0029856432,-0.0033818507,-0.095311254,0.034359407,-0.0064671743,0.0049188687,-0.026320124,0.008856391,-0.002921797,0.02590791,0.0037440842,-0.0061656884
9/4/2018,-0.23,-0.001191427,-0.0015050203,-0.0018895176,-0.00046248955,-0.00086834247,-0.05512558,-0.020898884,-0.12862761,-0.15613148,-0.06791874,0.16583492,-0.015469277,0.020307729,-0.032659486,-0.41832936,0.030278947,-0.048125897,0.0014678081,0.0025571624,0.011829633,-0.09669767,0.032865807,-0.0064636213,0.0048758066,-0.024162214,0.0088564,-0.002907712,0.025808692,0.0037440844,-0.0059375064
10/4/2018,-0.07,-0.001145329,-0.001429745,-0.0015137682,-0.00046248955,-0.000786549,-0.04159773,-0.064295426,-0.07282237,0.09550175,-0.04680676,0.07995427,-0.024923703,0.00993344,-0.015052612,-0.8170833,0.02462174,-0.04417363,0.0015254656,0.0031024714,0.01591814,-0.10227408,0.033404183,-0.0064625815,0.00482625,-0.022359384,0.008856391,-0.0029302526,0.025882013,0.0037440842,0.0026734334
11/4/2018,-0.01,-0.0009530577,-0.0013495283,-0.0014259648,-0.00046248955,-0.00092946814,-0.029578494,-0.054474942,-0.025906907,-0.10792404,-0.04874236,0.17469917,-0.015604075,0.019325117,0.0072198436,-0.7174802,0.024217257,-0.045537233,0.001871513,0.0032792983,0.0133116655,-0.10660339,0.03560853,-0.006465285,0.0048461067,-0.021399613,0.008856391,-0.0029280526,0.025929661,0.003744084,0.0005481574
12/4/2018,0.03,-0.0012688428,-0.0016649783,-0.0014639129,-0.00046248955,-0.00092946814,-0.027859556,-0.11097127,-0.038585335,-0.05642578,-0.030854402,0.33017954,0.040007994,0.12821932,0.037637044,-0.6209547,0.025207764,-0.0475421,0.0018633876,0.003213344,0.02846552,-0.10419082,0.039273687,-0.0064703515,0.0048758546,-0.019353822,0.008856391,-0.0029236616,0.025977138,0.003744084,-0.0024890427
13/4/2018,-0.1,-0.0016547552,-0.0024438144,-0.001409932,-0.00046248955,-0.00092946814,-0.027806079,-0.11097127,-0.04306076,-0.104304776,-0.026327785,-0.0018348865,0.04975001,-0.07629176,0.016025329,-0.5399559,0.019571401,-0.04671366,0.0016184846,0.0034570468,-0.009589707,-0.09863514,0.040574286,-0.006478168,0.004928773,-0.01709782,0.008856381,-0.0029384561,0.026021585,0.003744084,-0.009013514
16/4/2018,-0.33,-0.001557677,-0.0026570996,-0.0013994722,-0.00046248955,-0.00092946814,-0.038315922,-0.11097127,-0.027326722,-0.17581236,-0.033490404,0.0004657937,0.13373771,-0.08768552,0.0575762,-0.5550889,0.027975302,-0.033802465,0.0035299233,0.004026797,0.0053521595,-0.08856831,0.043533728,-0.006475686,0.0049708015,-0.017108714,0.0088564,-0.002906426,0.02611014,0.0037440837,-0.0052226773
17/4/2018,0.09,-0.0010833498,-0.0021999844,-4.1448333e-05,-0.00046248955,-0.00092946814,-0.040436435,-0.022335064,-0.025980657,-0.13763955,-0.03902876,0.09389176,0.13760802,-0.0669253,0.053953562,-0.4517345,0.025045466,-0.03624927,0.0041524586,0.0048644817,0.005265559,-0.08041073,0.048014212,-0.0064759506,0.0049875807,-0.017123234,0.008856391,-0.0029211938,0.026283482,0.003744083,0.0010826759
18/4/2018,0.01,-0.0011531016,-0.0020177462,-0.0010526201,-0.00054611405,-0.00091677264,-0.0059021157,-0.03114693,-0.03535781,-0.01678217,-0.019476803,0.13014047,0.10748546,0.16549517,0.03565351,-0.23234114,0.020652499,-0.049828548,0.0029620419,0.0044793035,0.021833029,-0.07568809,0.047431502,-0.006485837,0.005001379,-0.014877309,0.008856381,-0.0029400527,0.02625931,0.0037440832,-0.004426618
19/4/2018,-0.11,-0.0012382921,-0.001134101,-0.0013348716,-0.00046248955,-0.0009144059,-0.03520888,-0.03114693,-0.03940863,-0.08091989,-0.0331771,0.22987758,0.10441439,0.05024887,0.06324082,-0.24200024,0.025933005,-0.044855375,0.0036796087,0.004502305,0.010936244,-0.072643794,0.046736006,-0.006484948,0.0050198375,-0.014878044,0.008856391,-0.0029229308,0.02627159,0.0037440832,-0.0064608706
20/4/2018,-0.43,-0.0013505169,-0.0016149887,-0.0023006785,-0.00054611405,-0.00091677264,-0.030648904,-0.09810922,-0.050492622,-0.1079515,-0.050434154,0.2361077,0.11088992,-0.19711839,0.057565797,-0.30530453,0.025069948,-0.03795015,0.004641097,0.005068763,0.0039634528,-0.07024851,0.049138248,-0.0064818766,0.00501683,-0.014881086,0.008856391,-0.0029218367,0.026347572,0.003744083,-0.0022080871
23/4/2018,-0.07,-8.085544e-05,-0.0009053078,-0.0011884192,-0.00039616536,-0.0013552911,-0.020449432,-0.04439508,-0.030406708,-0.024092915,-0.024416158,0.07152813,0.124017425,-0.15371136,0.056732766,-0.2634142,0.025016738,-0.03576426,0.00571676,0.0058837314,0.033564005,-0.07050459,0.051418692,-0.0064840894,0.0050017005,-0.014870527,0.008856391,-0.002921214,0.026492158,0.0037440828,0.016796548
24/4/2018,-0.28,-0.0014179263,-0.0014010287,-0.0007551243,-0.001143902,-0.0028639403,0.019116119,-0.0968863,0.05670412,-0.21027774,-0.035935797,0.35621503,0.08604271,-0.06582802,0.051602677,-0.16134089,0.024866445,-0.040171947,0.005701941,0.0058796103,0.050237436,-0.068865284,0.05422501,-0.0064874957,0.004984803,-0.01485359,0.008856391,-0.002927969,0.026504653,0.0037440825,0.010236034
25/4/2018,0.1100000000000012,0.003797761,0.0019146753,0.0005939202,-0.001143902,-0.00053877535,0.026867567,-0.028643124,0.1331904,0.0011136414,0.017289171,0.021524599,0.09718847,0.006861477,0.026421297,-0.07866155,0.020072784,-0.041933957,0.0063454313,0.006585952,0.07071973,-0.06697069,0.054916844,-0.00649059,0.0049417904,-0.014853962,0.008856381,-0.0029384035,0.026623914,0.0037440823,0.031612527
26/4/2018,0.25,0.0035385317,0.0005940608,0.0014036975,-0.001143902,-0.00039179024,0.029432697,0.01842754,0.1412734,0.05239127,0.07722778,0.047620483,0.08652233,0.18334833,0.053603183,-0.05232321,0.017705623,-0.049381997,0.0055847894,0.006257691,0.061811067,-0.064881265,0.052061383,-0.00649038,0.004903814,-0.014853215,0.008856376,-0.002946231,0.026586667,0.0037440825,0.023316326
27/4/2018,0.5299999999999994,0.029363144,0.029915001,0.012310673,0.0059262714,0.005849587,0.25753087,0.38273728,0.30792996,0.40048802,0.2978416,0.076924175,0.09046069,-0.045866624,0.099941805,-0.114883326,0.027135827,-0.042507343,0.005828276,0.005836533,0.051775612,-0.0600882,0.053973768,-0.0064846505,0.00489703,-0.0148533825,0.008856391,-0.0029218313,0.02645448,0.0037440828,0.018915627
30/4/2018,-0.06,0.0013885364,0.0008049118,0.0016324333,-0.00039616536,-0.00051374873,0.014324995,-0.050941024,-0.012647393,-0.040690225,0.055934552,0.015061383,-0.084333956,0.105979055,-0.010570319,-0.15117267,0.03254054,-0.04843658,0.0032946898,0.0037532374,0.06256361,-0.06245834,0.05236414,-0.0064712465,0.004946186,-0.017101415,0.0088564,-0.0029060564,0.026020963,0.003744084,0.014824326
1/5/2018,0.06,-0.0013178877,-0.0019356763,-0.00046973038,-0.00030780447,-0.0009696396,-0.03232332,-0.050941024,0.0021439302,-0.0051342812,0.061386175,0.12025583,-0.056495372,0.05851614,0.012979255,-0.33363277,0.029523395,-0.05215487,0.0026844435,0.0035740894,0.08196905,-0.06562534,0.045852292,-0.0064637787,0.004999521,-0.019355725,0.008856391,-0.0029213878,0.025987562,0.003744084,0.022456398
2/5/2018,-0.06,1.0378947e-05,-0.00014393251,-0.00055587495,-0.00024148032,-0.0008093097,-0.03977458,-0.0133902095,-0.0038855916,0.024846433,0.012223213,0.08540768,-0.09592834,0.248867,0.02164587,-0.27983055,0.033737347,-0.055305205,0.002325164,0.002936471,0.09352648,-0.07057287,0.04458035,-0.006461064,0.005055753,-0.021613836,0.0088564,-0.0029081705,0.025818193,0.0037440842,0.023188561
3/5/2018,-0.18,-0.0013671117,-0.003070858,-0.0012341794,-0.00030780447,-0.0006932406,-0.050909996,-0.037499297,-0.08315044,-0.07012348,-0.05839338,0.21481873,-0.06193642,0.11737496,0.0063302736,-0.15669772,0.032026466,-0.04889126,0.002784543,0.0032540234,0.06171763,-0.076974615,0.046113554,-0.006454467,0.0051325713,-0.023872122,0.0088564,-0.0029066212,0.02589497,0.003744084,0.025942843
4/5/2018,-0.19,-0.000732168,-0.001205163,-0.0007761444,-0.00030780447,-0.00061443343,-0.032518074,-0.043922994,-0.019600298,-0.083493985,-0.048684586,0.16790207,-0.04697071,0.23044024,-0.008105851,-0.32334733,0.028026024,-0.054814316,0.002351371,0.003440764,0.049875174,-0.07999667,0.046524625,-0.0064540943,0.0051956465,-0.026130296,0.008856391,-0.0029279112,0.025963683,0.003744084,0.023975274
7/5/2018,0.2400000000000002,-1.879295e-05,0.0009161083,0.00012456773,-0.00030780447,4.375082e-05,0.04639599,0.012487348,0.044795513,0.0699708,0.029038675,0.14665753,0.024868244,0.11647488,0.061915133,-0.40342987,0.030353693,-0.05050522,0.0033508805,0.0036372214,0.06968935,-0.0751813,0.04908949,-0.006456246,0.00532596,-0.028388856,0.008856401,-0.0029077923,0.025995566,0.003744084,0.02435779
8/5/2018,-0.27,0.0010305886,0.0011065173,-0.00026909864,-0.00030780447,-0.0005341381,0.049237426,0.0012018649,0.044457246,0.030929023,0.06554392,0.1584037,-0.0077044214,0.30291054,0.06789812,-0.50742394,0.031653572,-0.06884265,0.0018175521,0.002794027,0.09575139,-0.066073015,0.05096445,-0.0064616287,0.005466009,-0.030648014,0.008856391,-0.002923651,0.02586484,0.0037440842,0.0224677
9/5/2018,-0.02,0.00084511586,0.0007860794,-0.00018499182,-0.00030780447,-0.00048139386,0.0258437,0.012487348,0.050111663,0.10600998,0.03506512,-0.14163926,0.035898633,0.016258636,0.055459112,-0.711628,0.023491465,-0.058816936,0.0021875931,0.0034314655,0.056415495,-0.06343998,0.048055872,-0.006467759,0.0055814222,-0.03290584,0.008856381,-0.002938441,0.025928585,0.003744084,0.021680623
10/5/2018,-0.05,0.0028852983,0.0006293854,0.0011034784,-0.00030780447,3.886842e-05,0.09109647,0.064430326,0.017870823,0.06414094,0.0232657,-0.08579343,0.012602104,0.21895146,0.02918665,-0.54957795,0.02372582,-0.062041875,0.001936562,0.0034458796,0.068076745,-0.060725164,0.046013106,-0.0064693647,0.0056714276,-0.032906,0.008856381,-0.002940268,0.025953185,0.003744084,0.021898521
11/5/2018,0.04,-0.00032619567,0.0005228674,-0.0005107044,-0.00030780447,-0.00066239847,0.009235035,-0.019914256,0.017036121,0.043186706,0.026207581,0.07660504,0.011851772,0.104155995,0.007838858,-0.5585404,0.0282312,-0.049791515,0.0032075879,0.0038479513,0.06541344,-0.067336015,0.04610404,-0.006461999,0.0057691494,-0.032906502,0.008856391,-0.0029213803,0.026034448,0.0037440837,0.023775585
14/5/2018,0.2599999999999998,-0.00019972604,0.0015703393,-0.00034194748,0.0006651398,-0.0005777763,0.017390098,-0.0099297045,0.0076624695,0.1147053,0.036756553,0.12743555,-0.034109224,0.15154248,-0.04319026,-0.32535803,0.028665813,-0.051639155,0.0034722453,0.0039686584,0.05518105,-0.075207666,0.04700199,-0.0064583267,0.005872935,-0.032907713,0.008856391,-0.0029213524,0.026097206,0.0037440837,0.014285937
15/5/2018,0.09,0.00047695503,0.00013643567,-0.0005406465,-0.00030780447,-0.0006432161,0.018128984,0.011728855,0.021393131,0.033606257,0.025496736,0.17612794,-0.112979986,0.3302659,-0.07042171,-0.4789972,0.029825006,-0.060857628,0.0020008534,0.0029831936,0.046549477,-0.07861019,0.04491974,-0.0064585106,0.005995817,-0.032910086,0.008856391,-0.00292298,0.0259103,0.0037440842,0.004934077
16/5/2018,-0.05,-0.00021841134,-9.0355476e-05,-0.0010991545,-0.00030780447,-0.0006323841,0.0014509322,0.029438019,0.0030189971,-0.033379372,-0.008161161,0.043658875,-0.112873636,0.15312406,-0.087155536,-0.40021893,0.031359456,-0.04935992,0.0028038197,0.0030679211,0.032235257,-0.078415945,0.045792893,-0.0064520636,0.006121206,-0.03331785,0.0088564,-0.0029061378,0.025870332,0.0037440842,0.0060159853
17/5/2018,0.1,-0.00050788396,0.0019672948,-0.0009445529,-0.00030780447,-0.00066927896,-0.004169887,0.030881394,0.004558135,-0.026300015,-0.0025359555,0.0075480468,-0.09729581,0.1200251,-0.044662233,-0.42062873,0.030975927,-0.047455426,0.0028598988,0.0031227875,0.031888794,-0.07936804,0.048014984,-0.0064506102,0.0062319553,-0.034516815,0.0088564,-0.0029062547,0.02588363,0.0037440842,0.004978918
18/5/2018,0.4399999999999995,5.702227e-05,0.002044985,-0.00041331866,-0.00030780447,-0.00055764546,0.010972341,0.0014336075,-0.00026501255,-0.015982376,-0.0148525,-0.19662374,-0.12931575,0.31960815,-0.08573343,-0.4523412,0.023409093,-0.0636596,0.0015283866,0.002713174,0.0142474305,-0.080363065,0.043651227,-0.0064647733,0.0063438565,-0.03226779,0.008856381,-0.0029387271,0.02583698,0.0037440842,0.0012324812
21/5/2018,0.05,8.127579e-05,0.00071427703,-0.0007707537,-0.00024148032,-0.00048677457,0.040026262,0.018152542,-0.0051340293,0.02459549,0.017907389,-0.055290807,-0.14585988,0.32288644,-0.008319436,-0.62924016,0.03345078,-0.083555445,0.0006870782,0.0011667262,0.06963174,-0.07580254,0.039450463,-0.0064702625,0.0065702274,-0.032269824,0.0088564,-0.0029117558,0.025540542,0.003744085,0.005439446
22/5/2018,0.1999999999999993,0.0002679474,0.00055470143,-7.295121e-05,-0.00030780447,2.0138257e-05,0.041038208,0.030523,0.01921791,0.09513315,0.02720722,-0.04265172,-0.086990125,0.3544654,-0.004920093,-0.6192197,0.023481201,-0.08940459,-0.00042030343,0.0014774678,0.06707376,-0.073466994,0.038293544,-0.0064702635,0.0067296755,-0.030015387,0.008856376,-0.0029502728,0.025625471,0.0037440849,0.009481686
23/5/2018,0.03,0.00033033727,-0.0005522979,-0.00037460716,-0.00030780447,-0.00037552766,0.02729651,0.019237522,-0.0043208534,0.056549296,0.0032261915,0.10501119,-0.067860164,0.1560288,0.05932919,-0.6838552,0.033784647,-0.09450149,0.00049669103,0.00059745385,0.07144195,-0.06706676,0.040814947,-0.0064721596,0.0070003653,-0.030019287,0.0088564,-0.0029075297,0.025499264,0.0037440856,0.004610631
24/5/2018,0.08,4.763384e-05,-0.0003888911,-0.00087149255,-0.00030780447,-0.00028975095,0.009043162,0.030523,0.015647631,0.083215415,0.008705672,0.034944262,-0.04295035,0.16132766,0.07133468,-0.8909914,0.030025272,-0.10119297,-0.00025486242,0.0005083696,0.080412,-0.026691485,0.043758415,-0.006471982,0.0072408128,-0.029932061,0.008856391,-0.002925448,0.025517484,0.0037440856,0.00272408
25/5/2018,0.0,-0.00017190502,-0.0010612814,-0.001031975,-0.00030780447,-0.0004905486,0.011064515,0.030523,-0.020560846,-0.0023564352,-0.006666745,0.07418775,-0.050608788,0.22509332,0.056636617,-0.66803074,0.032130588,-0.10008366,-0.00013179476,0.0004794363,0.059409134,-0.0063787317,0.04201324,-0.006472024,0.0075467797,-0.027692309,0.0088564,-0.0029132378,0.025534857,0.0037440856,-0.0018183701
29/5/2018,0.1399999999999988,-8.0163096e-05,0.00080489804,-0.00069043384,-0.00030780447,-0.0004905486,0.028856447,0.030523,0.011157002,0.048227057,0.0018637741,0.10712356,-0.068514094,0.08198751,0.020319821,-1.0274966,0.02918861,-0.09803799,-3.6682093e-05,0.000749728,0.046774298,-0.026017955,0.041035924,-0.0064682136,0.007827838,-0.027653629,0.008856391,-0.0029249818,0.02554477,0.0037440856,-0.0001432322
30/5/2018,0.1899999999999995,-0.00011546792,0.00078127696,-0.0011750124,-0.00030780447,-0.00043761203,-0.007742967,0.045533516,-0.014394055,0.11079769,0.00030423992,0.08561393,-0.09309274,0.36557788,0.015960969,-0.8331678,0.030390387,-0.10894303,-0.00074318226,0.00013278358,0.05780238,-0.07880214,0.03720845,-0.0064703203,0.008101154,-0.025456887,0.008856391,-0.002923998,0.025494918,0.0037440858,-0.0019272347
31/5/2018,-0.27,-0.0019728749,-0.004672421,-0.0028018306,-0.00030780447,-0.0009929584,-0.09465099,-0.1091713,-0.13646984,-0.15323006,-0.092599615,0.071430184,-0.096731715,0.37260202,0.020540692,-0.848465,0.028807221,-0.116306044,-0.0012020257,-0.00012456627,0.054948125,-0.08042053,0.03340212,-0.0064732144,0.008378372,-0.025599843,0.008856391,-0.0029273336,0.025475942,0.003744086,-0.004131315
1/6/2018,-0.62,-5.700088e-05,0.001340085,-0.000597072,-0.00024148032,-0.0005088455,0.020134196,0.023014331,0.048357666,0.11263843,0.0021508655,0.062300205,-0.0739288,0.22140734,0.014312427,-0.96738607,0.030451605,-0.10242335,-0.00074454956,0.00010788138,0.066857286,-0.08915173,0.03259425,-0.006476372,0.008589047,-0.025932295,0.008856391,-0.0029259697,0.025443442,0.0037440858,0.005278377
4/6/2018,0.1199999999999992,-3.6904916e-05,0.00022087219,-0.0007952022,-0.00024148032,-0.0006447818,0.02925421,0.060902122,0.055560872,0.14212592,0.01540407,-0.11451568,-0.01872625,0.27650186,0.027958564,-0.85402906,0.03200566,-0.07548357,0.00029221657,0.0012938903,0.07702932,-0.09278478,0.035336476,-0.006484336,0.008717709,-0.02673702,0.008856391,-0.00292725,0.025505133,0.0037440849,0.01158192
5/6/2018,0.1799999999999997,-0.0005371833,-0.0010147319,-0.0010314998,-0.00030780447,-0.00083276484,-0.007354763,0.10161243,0.004416944,0.0724224,0.010918018,0.04893951,-0.030456714,0.51652545,0.019746412,-0.33647823,0.03324177,-0.074659035,5.0912354e-06,0.0011223865,0.051284004,-0.089477114,0.035087228,-0.006493901,0.008845139,-0.0277467,0.008856391,-0.0029231193,0.025500972,0.0037440849,-0.0061438475
6/6/2018,-0.47,-5.9718157e-05,-0.0015324414,-0.0013562497,-0.00030780447,-0.0007509714,-0.01404736,-0.012322462,0.0122437095,-0.14081351,-0.03115146,-0.030683238,-0.0588923,0.46317008,-0.04397349,-0.4174488,0.026210632,-0.073427,-0.00023040811,0.0013640986,0.021522917,-0.092976876,0.033986613,-0.00649643,0.00897739,-0.025904901,0.008856381,-0.0029384508,0.025532527,0.0037440849,-0.008278216
7/6/2018,0.5199999999999996,-0.0004795436,-0.00018386419,-0.0011501823,-0.00039616536,-0.000786549,0.009498452,0.029260334,0.03011206,0.0073730615,-0.07111358,0.037605524,-0.044568375,0.4022173,-0.040906098,-0.5723124,0.026699172,-0.054776587,0.0015392636,0.0025159603,0.053341817,-0.07955435,0.036390826,-0.0064945337,0.008994134,-0.023750145,0.008856391,-0.0029273315,0.025745276,0.0037440844,0.007885273
8/6/2018,0.1,0.00018843266,0.00046281941,-0.0009752349,-0.00024148032,-0.0005505059,0.036201008,0.041573647,0.070796184,-0.03951825,0.05027605,0.061394718,-0.044389833,0.6034971,-0.022875538,-0.31687006,0.029185042,-0.06912365,0.0005479827,0.0016733294,0.034362122,-0.07818353,0.03733927,-0.0064936006,0.0090889,-0.023763465,0.008856391,-0.0029248048,0.0256377,0.0037440846,-0.006347073
11/6/2018,0.0,-0.0018725632,-0.0021624973,-0.0014283416,-0.00030780447,-0.0012851648,0.00771596,0.012487348,0.02137463,0.0011303908,-0.0015359026,0.26140782,-0.031686984,0.47472125,-0.031488746,-0.3680973,0.02561013,-0.06978967,-8.3390856e-05,0.0016829474,0.029867126,-0.08153982,0.034034256,-0.0064913156,0.009060942,-0.021523733,0.008856391,-0.0029308589,0.025578754,0.0037440849,-0.0032131372
12/6/2018,0.1600000000000001,-0.0017669107,-0.0023217367,-0.0012062122,-0.00030780447,-0.0012851648,-0.0015971448,0.012487348,0.030785881,-0.053941812,-0.019905781,0.21992938,-0.04390742,0.58194697,-0.014100414,-0.20678729,0.029738965,-0.061719976,0.000558084,0.0016498802,0.042911626,-0.09015912,0.03336194,-0.0064888867,0.009025976,-0.021554397,0.008856391,-0.0029240944,0.025588209,0.0037440846,0.00034543377
13/6/2018,-0.28,-0.002103509,-0.0046119606,-0.001885978,-0.00030780447,-0.0012851648,-0.010545121,-0.04400898,-0.007886314,-0.1569083,-0.019299963,0.26757112,-0.05483848,0.4812653,-0.011735228,-0.20894647,0.03145547,-0.06711628,0.00025465433,0.001222694,0.021291116,-0.09000658,0.035482794,-0.006488782,0.009025003,-0.019323936,0.008856391,-0.0029220693,0.025502073,0.0037440849,-0.0033233091
14/6/2018,-0.21,-0.0021765935,-0.0021400948,-0.0014664296,-0.00030780447,-0.0014538419,-0.012066427,-0.050432667,-0.0036403693,-0.117794394,-0.017680736,0.15524372,0.027568428,0.3846947,-0.03885577,-0.1441645,0.024334595,-0.05189119,0.0011981936,0.0025945888,0.016330047,-0.101071574,0.035658024,-0.006486077,0.009018633,-0.017092505,0.008856391,-0.0029243967,0.025732584,0.0037440844,0.0030734201
15/6/2018,-0.03,-0.0018933674,-0.0033637125,-0.0012570419,-0.00030780447,-0.0014538419,-0.004230622,0.011239019,0.0038795534,-0.10260248,-0.014644241,-0.038472816,0.017169075,0.63002986,-0.02774394,-0.19017875,0.020727884,-0.055639025,0.0010072439,0.0024374884,0.0076539153,-0.10077357,0.036882415,-0.006487011,0.008995456,-0.017101174,0.008856381,-0.0029399102,0.02573576,0.0037440844,-0.0031408095
18/6/2018,-0.15,-0.0017808225,-0.0029792255,-0.0013098567,-0.00054611405,-0.0014050803,-0.0105254715,-0.006894008,-0.030364495,-0.11087068,-0.053217135,0.01964007,0.056441497,0.70711076,0.012553972,-0.27726412,0.02596538,-0.0550192,0.00085553667,0.002128952,0.041617237,-0.09195116,0.040507197,-0.006492606,0.009038705,-0.014848576,0.008856391,-0.0029286442,0.025678998,0.0037440844,-0.0063246456
19/6/2018,0.05,-0.0011965076,-0.0038385184,-0.0013053218,-0.00046248955,-0.0007714867,-0.00797159,-0.006894008,0.06445604,0.031441376,-0.03131206,0.26281083,0.14780064,0.24376874,0.10341973,-0.26887265,0.025796771,-0.0508967,0.0011735818,0.0026087093,0.06451566,-0.08510271,0.04688546,-0.0064923153,0.009021723,-0.014848716,0.008856391,-0.002926636,0.02578872,0.0037440842,-0.004333235
20/6/2018,-0.02,-0.0012420318,-0.0015448589,-0.0013029086,-0.00046248955,-0.0007714867,0.003251158,-0.013317693,-0.005469214,0.024409175,-0.00045252367,0.22551058,0.119494595,0.022767218,0.10126536,-0.16899894,0.026217746,-0.048555497,0.0013062631,0.0027577495,0.044781942,-0.07519462,0.050686345,-0.0064906697,0.008986914,-0.014848788,0.008856391,-0.002925333,0.025846448,0.0037440842,-0.0057644835
21/6/2018,0.1800000000000015,0.0004704058,-0.00092883164,-0.0003817592,-0.00054611405,-0.00073759654,-0.0071355016,0.045100503,-0.015945569,0.009141543,-0.027822237,0.07661307,0.123469844,-0.030359173,0.07470567,-0.32054782,0.026068512,-0.04812601,0.0016035412,0.0028935715,0.042797945,-0.070496045,0.04900906,-0.006489832,0.008977743,-0.01484849,0.008856391,-0.0029229105,0.025854537,0.0037440842,-0.0026444285
22/6/2018,-0.05,-0.0014384532,-0.002006822,-0.00115053,-0.00046248955,-0.00070917874,-0.010684348,0.0037403435,0.030969806,-0.16906168,0.013394155,0.29201666,0.07371637,-0.09562749,0.037895907,-0.18586114,0.026182625,-0.052880034,0.0013542545,0.0027537507,0.030345298,-0.06851924,0.049693007,-0.006488909,0.008947135,-0.01484792,0.008856391,-0.0029261454,0.025879955,0.0037440842,-0.007802814
25/6/2018,0.1199999999999992,-0.0017600341,-0.0011812609,-0.001449127,-0.00039142877,-0.0007382758,-0.010194733,0.0037403435,0.01241364,-0.038657065,-0.016720695,0.2424978,0.1018468,-0.19950052,0.02610428,-0.39084306,0.024525546,-0.04660985,0.002021671,0.0031393552,-0.0018094336,-0.069125034,0.05188927,-0.006487095,0.008793661,-0.014848068,0.008856391,-0.00292433,0.02592538,0.003744084,-0.01022404
26/6/2018,-0.4,-0.00259208,-0.0021241342,-0.0011852827,-0.00030780447,-0.0007359091,-0.032822657,0.0037403435,0.007505908,-0.12655263,-0.011478826,0.37323,0.10344678,-0.29757127,0.09758538,-0.24262711,0.02570978,-0.051198784,0.001474968,0.0027903537,0.015336813,-0.06537848,0.052928854,-0.0064873463,0.00873057,-0.014848104,0.008856391,-0.0029263254,0.025874605,0.0037440842,-0.007270929
27/6/2018,0.1600000000000001,-0.0010235403,-0.002804872,-0.0015079939,-0.00054611405,-0.00068740326,-0.0014376371,-0.024981644,-0.02140419,0.0106954165,0.002718467,0.12644537,0.17325997,-0.3431472,0.12835473,-0.20553738,0.024810165,-0.039038464,0.0031335861,0.0040547936,0.012155779,-0.064102344,0.0531128,-0.0064904992,0.008521357,-0.014848069,0.008856391,-0.0029215228,0.02609126,0.0037440837,0.004934531
28/6/2018,0.3699999999999992,0.048916157,0.05772332,0.020079477,0.060703225,0.012330785,0.3602594,0.28027338,0.34907225,0.27524585,0.28929552,0.101495124,0.17371498,-0.093955874,0.16391486,-0.116609156,0.025734361,-0.04677321,0.0021226942,0.003451117,0.03284196,-0.061310224,0.051370293,-0.0064913905,0.008393536,-0.014848029,0.008856391,-0.0029237836,0.026019359,0.003744084,-0.00019351236
29/6/2018,-0.69,-0.0023441769,-0.005725454,-0.004233184,-0.0009253403,-0.0016743183,-0.11110579,-0.235539,-0.1716994,-0.1577539,-0.20765142,-0.08763024,-0.033459313,-0.034341604,-0.036126737,-0.41732243,0.028246984,-0.05445476,0.000313826,0.0018306355,-0.0074913306,-0.06437698,0.043823022,-0.0064873896,0.008257838,-0.014848229,0.008856391,-0.0029227796,0.025634348,0.0037440846,-0.009440635
2/7/2018,-0.17,-0.0022158443,-0.0009951096,-0.0022012726,-0.00039616536,-0.0014404227,-0.05185092,-0.10060116,-0.07204289,-0.09315527,-0.096302986,-0.36830083,-0.028211273,-0.005700374,-0.008488428,-0.6492114,0.025764916,-0.046294812,0.0020179197,0.0030645758,0.042705424,-0.07676261,0.036252685,-0.0064873444,0.008050443,-0.014857225,0.008856391,-0.0029252977,0.025851797,0.0037440842,0.0079134265
3/7/2018,0.09,-0.0027196058,0.0015755817,-0.0009872165,-0.00066766894,-0.0012208844,-0.05198257,-0.03793781,-0.06464742,0.015911201,0.000874694,-0.076952145,0.0053543337,0.2864588,0.031100733,-0.44475824,0.026861046,-0.045476586,0.00232782,0.0033126012,0.050131626,-0.08074408,0.03873578,-0.0064896247,0.007872727,-0.01485804,0.008856391,-0.002921212,0.025939867,0.003744084,0.00041817734
5/7/2018,0.03,-0.001121662,-0.0015259137,-0.0008407199,-0.0002048184,-0.00053353206,0.014427715,0.02309085,0.011695861,0.052938852,-0.008274187,-0.28023952,-0.036033843,0.3599905,-0.04296572,-0.29852572,0.014125339,-0.05608575,0.0009116823,0.0033570952,0.027736302,-0.09014878,0.040301878,-0.00649097,0.0076708295,-0.014858154,0.008856372,-0.0029550807,0.025962947,0.003744084,-0.005265908
6/7/2018,-0.11,-0.001025377,-0.0016038485,-0.001358824,-0.00046248955,-0.00068503653,-0.002550942,0.03783627,-0.019507427,0.054648858,-0.015237342,0.08993666,0.008633247,0.31992283,-0.0031902688,-0.25771186,0.026478183,-0.04723727,0.0025676077,0.0036232101,0.036026485,-0.084713295,0.04049064,-0.0064887595,0.0075466866,-0.01485819,0.008856391,-0.0029228406,0.026060503,0.0037440837,-0.0034472821
9/7/2018,0.01,-0.0009957638,-0.0005129964,-0.00071083877,-0.00046248955,-0.0007000988,-0.0072605098,0.020886304,-0.038185086,0.016589958,-0.015721403,-0.034494035,0.009800855,-0.060883515,-0.021655321,-0.42876717,0.024966538,-0.03902324,0.0037068897,0.0043738205,-0.016784213,-0.076337464,0.042260733,-0.0064802133,0.007456396,-0.014859304,0.008856391,-0.002921109,0.026190866,0.0037440832,-0.0030367537
10/7/2018,-0.12,-0.000707655,-0.00079825526,-0.00091361784,-0.00046248955,-0.0006752708,0.00019448918,-0.018157179,-0.009108431,0.014450779,-0.0012276628,-0.11933171,0.02402679,0.114788055,-0.018208874,-0.30065608,0.019154789,-0.048332147,0.0029145433,0.0043722945,0.0029458017,-0.074796595,0.040639646,-0.0064769397,0.0073544397,-0.014859603,0.008856381,-0.002939997,0.026241772,0.0037440832,-0.0056702495
11/7/2018,-0.21,-0.000825376,-0.00015649146,-0.0007845173,-0.00046248955,-0.00076172105,-0.0072052116,-0.018157179,-0.012571984,0.0121308435,-0.004483857,0.0008579283,0.027180308,-0.14538725,-0.02181521,-0.41530865,0.024435306,-0.036375638,0.004707013,0.0050583202,-0.014284461,-0.073089376,0.041910164,-0.006474247,0.007250489,-0.014860606,0.008856391,-0.0029211412,0.026354678,0.003744083,-0.0030056175
12/7/2018,-0.12,-0.0007640669,-0.00084053085,-0.00093052484,-0.00046248955,-0.0007767833,0.0001068741,-0.0063900365,-0.020843595,-0.02603218,-0.003326451,-0.084634975,-0.0015373853,-0.011207505,-0.033101846,-0.32587746,0.02810954,-0.033437986,0.0046990276,0.00482242,0.0019251887,-0.07636187,0.04477534,-0.0064699976,0.007219415,-0.01486267,0.0088564,-0.0029058722,0.02626283,0.003744083,-0.0009033193
13/7/2018,0.1799999999999997,-0.0014105845,-0.0006229878,-0.0007144731,-0.00046248955,-0.00085857674,-0.0132944435,-0.0063900365,-0.027701734,-0.012583891,0.0053480244,-0.10906139,0.0016270367,0.094213225,-0.027446399,-0.34369558,0.025958013,-0.040055614,0.004884007,0.0051744324,0.0048177782,-0.078307964,0.04386044,-0.006472316,0.0070820283,-0.014863617,0.008856391,-0.002921182,0.026339646,0.003744083,0.0041390024
16/7/2018,-0.01,0.00021516693,-0.00041867443,-0.0011577692,-0.00039616536,-0.0007767833,0.0041854586,0.0012018649,0.01970853,-0.02685414,0.0023640606,-0.0143939,0.0026393689,0.20890085,-0.021823404,-0.2695968,0.020546265,-0.05062766,0.0037733435,0.0050585065,0.029541597,-0.07758722,0.041614253,-0.006478333,0.0070212497,-0.01486402,0.008856382,-0.0029394366,0.026336482,0.003744083,0.002302438
17/7/2018,-0.05,-0.0002437424,-0.0009989737,-0.0009259806,-0.00046248955,-0.00084351446,-0.003477407,0.0037403435,-0.030551247,-0.03089956,0.0063692383,-0.08301306,0.012634425,0.03360169,0.006987486,-0.15759052,0.02890912,-0.0414094,0.004647455,0.0046849735,0.0053982907,-0.07634316,0.043527238,-0.006476151,0.007000135,-0.014864484,0.0088564,-0.0029077302,0.02630271,0.003744083,-0.0058565936
18/7/2018,-0.11,-0.00024958487,-0.0015221261,-0.0013493272,-0.00054611405,-0.0007640878,0.0069772326,0.0037403435,-0.030551247,-0.11779925,-0.01619263,-0.07090488,0.02362497,-0.03199291,0.0064243963,-0.3032356,0.025797693,-0.044650808,0.0044906484,0.0049181026,0.0071043614,-0.073270336,0.046048526,-0.006472575,0.006974609,-0.014864654,0.008856391,-0.0029229382,0.026367838,0.003744083,-0.004597166
19/7/2018,0.1499999999999985,7.189203e-05,-0.00012816314,-0.0008382753,-0.00046248955,-0.0007508042,0.0076216725,0.0055069486,-0.0055803945,-0.01164984,0.029436668,-0.041097198,0.04390652,-0.113706455,0.005745359,-0.38543823,0.024796821,-0.039084956,0.0053553656,0.0053696125,-0.0015986135,-0.06850922,0.04683007,-0.006471478,0.0069784014,-0.0148653295,0.008856391,-0.0029213321,0.026459837,0.0037440828,-0.0022622333
20/7/2018,-0.04,-0.00010602446,-0.0003422168,-0.00102949,-0.00046248955,-0.0006559079,0.008974204,-0.0035231377,0.008437906,-0.09832882,0.021251112,-0.14883195,-0.005309636,0.050723504,-0.02291713,-0.20706762,0.024017965,-0.046786163,0.003979309,0.0046881046,0.0010798685,-0.065095454,0.047834918,-0.0064689186,0.0070008757,-0.014865265,0.00885639,-0.0029248414,0.026309263,0.003744083,-0.004846201
23/7/2018,0.1099999999999994,-0.0005761114,-0.0004900918,-0.0009513538,-0.00046248955,-0.00058073335,0.0024698095,0.0037403435,0.0071097394,-0.08098814,0.010689276,0.054298457,0.012881741,-0.05196257,-0.058464006,-0.5210087,0.018712606,-0.047376502,0.00371076,0.004803692,-0.014386894,-0.06421681,0.046158403,-0.0064709103,0.0069666943,-0.014858673,0.008856382,-0.0029378731,0.02631217,0.003744083,-0.0040134774
24/7/2018,0.0,-0.00045444613,-0.0022317644,-0.0006239143,0.0005104549,-0.0005207921,0.020622356,-0.01696044,0.005795472,-0.14089854,0.005687114,-0.114221565,-0.015758611,0.07763069,-0.032547582,-0.2690377,0.021032428,-0.055136066,0.0030465142,0.004317272,-0.00060293276,-0.06394773,0.04510718,-0.0064722346,0.0069888416,-0.014858241,0.008856381,-0.0029400901,0.026250608,0.0037440832,-0.0040138224
25/7/2018,-0.16,-0.0009214248,-0.0014001686,-0.0012591601,-0.00046248955,-0.0006979761,-0.012428888,-0.01696044,-0.00052300957,-0.09281032,-0.023158032,-0.20820104,-0.011981883,-0.13776168,-0.028473381,-0.3825289,0.023521593,-0.04464124,0.003569246,0.004229062,-0.017646726,-0.064721584,0.04678041,-0.006466215,0.0070146555,-0.014864339,0.00885639,-0.0029230337,0.026158737,0.0037440832,-0.004413152
26/7/2018,-0.15,-0.001053183,-0.0015271892,-0.0012618286,-0.00046248955,-0.00077976956,-0.018377025,0.0060636615,-0.027577814,-0.10879905,-0.025265764,-0.22425815,-0.037342455,0.011747803,0.0009582572,-0.4763463,0.028569525,-0.043071754,0.0037989763,0.0040348293,0.011564478,-0.070356004,0.046576846,-0.0064600958,0.006990559,-0.014884931,0.0088564,-0.0029087353,0.026068773,0.0037440837,0.0008955066
27/7/2018,-0.06,-0.0005852837,-0.0008218772,-0.0008807771,-0.00046248955,-0.0006979761,-0.0093722185,0.0060636615,-0.017292961,-0.028469708,-0.008836811,-0.022539722,0.033653863,0.1409506,0.03994862,-0.5176867,0.025548043,-0.04259341,0.0040506017,0.0044908477,0.013029362,-0.073085554,0.04625136,-0.0064594736,0.007008101,-0.014886035,0.008856391,-0.0029213384,0.026214013,0.0037440832,0.0005558809
30/7/2018,-0.27,-0.00038664424,-0.000599488,-0.00057475624,-0.00046248955,-0.0006979761,0.00011543208,0.012487348,0.009254929,-0.0052612233,-0.004445146,-0.016773153,0.03269557,0.11269372,0.019418731,-0.51536274,0.025245296,-0.03879335,0.0047913953,0.0050591407,0.015171032,-0.07448597,0.048424564,-0.0064607924,0.0070488574,-0.014889203,0.008856391,-0.0029212185,0.026318373,0.003744083,0.004796485
31/7/2018,-0.07,-0.0003323,-0.0011118719,-0.00057172787,-0.00046248955,-0.0003068554,-0.011107316,0.012487348,0.0023967917,-0.0008933593,-0.013314082,-0.031645514,-0.0018060462,0.28410873,-0.013299447,-0.53925246,0.025566861,-0.039295908,0.0053048027,0.005383701,0.059460573,-0.077661484,0.048404023,-0.0064627486,0.00701442,-0.014891712,0.008856391,-0.002921707,0.026342528,0.0037440828,0.022032723
1/8/2018,0.1099999999999994,-7.0147835e-05,-0.0007876727,-0.0005970564,-0.00046248955,-0.0003068554,-0.008831316,0.012487348,0.009254929,0.047972552,-0.0104676,0.036621455,0.02990796,0.16019659,0.0044563427,-0.57031435,0.026060088,-0.03873639,0.0061749695,0.005862944,0.0697324,-0.07035287,0.04977921,-0.0064663873,0.0070501603,-0.014897281,0.008856391,-0.0029228805,0.026458154,0.0037440828,0.02453742
2/8/2018,0.2599999999999998,0.00039551186,-0.00050424674,-0.00044444908,-8.363831e-06,-0.00019669774,0.004572159,0.012487348,-0.0036769116,0.024572495,0.0020080316,0.0040523014,0.028477315,0.3219994,0.010548372,-0.3553283,0.026651701,-0.0452638,0.004811426,0.005132909,0.046909437,-0.06823637,0.05155569,-0.0064653126,0.0070371334,-0.014896911,0.008856391,-0.0029231021,0.02635862,0.003744083,0.011899758
3/8/2018,0.1300000000000007,0.0008572945,0.00047711196,-0.0004921089,0.00044225118,-0.0005708323,0.0050380933,0.0012018649,0.036412913,0.042087793,0.039080985,0.0152309025,0.0068368157,0.28826678,0.036091838,-0.2389169,0.02874328,-0.050696474,0.0037836987,0.0044976864,0.056678936,-0.06676583,0.05134228,-0.006460979,0.007012456,-0.014896732,0.008856391,-0.00292304,0.02620848,0.0037440832,0.018571716
6/8/2018,-0.1,0.000199849,0.00030646438,-0.0005451845,0.0005969363,-0.0001611201,-0.0019534605,-0.0105367545,0.020930525,-0.06068017,0.0022376874,-0.012789307,-0.011439934,0.18029593,0.016034758,-0.26690888,0.023388814,-0.055647463,0.0029073383,0.0040864013,0.048024286,-0.06341157,0.050549798,-0.0064634527,0.007080034,-0.014896732,0.008856381,-0.00293853,0.026104014,0.0037440837,0.019941032
7/8/2018,-0.07,0.0009239416,0.0008957245,-0.00032857136,0.0005969363,-0.00014025587,0.020801358,0.012487348,0.02166406,-0.01819263,0.005786771,0.17177077,0.046006683,0.19395562,0.079390846,-0.23490128,0.0281846,-0.052167214,0.003621453,0.0043048165,0.07149007,-0.06641914,0.050558403,-0.0064617787,0.007123035,-0.01489664,0.008856391,-0.0029229994,0.026176019,0.0037440832,0.020085502
8/8/2018,0.03,0.00054481236,0.0016477131,-0.00016370829,0.0005969363,-0.00026244763,0.02091013,-0.01696044,-0.0007346523,0.060625117,0.007831946,0.13758336,0.027526703,0.07708726,0.05200994,-0.12254382,0.03104711,-0.043211386,0.0046896883,0.0046418086,0.058411784,-0.069016986,0.052411657,-0.006452498,0.0071998546,-0.01490174,0.0088564,-0.002905932,0.026189484,0.0037440832,0.024274662
9/8/2018,-0.3,0.00054104,0.0004101695,-0.00033718086,0.0005969363,-0.00027750988,0.010389826,-0.01696044,-0.028339533,-0.050928224,0.00050472113,0.08508138,0.013705682,0.2855841,0.03896813,-0.19077651,0.02188166,-0.059231453,0.0030710865,0.004267536,0.059118174,-0.07105866,0.05094921,-0.0064550894,0.007228361,-0.014901851,0.008856381,-0.0029404652,0.026183954,0.0037440832,0.020985711
10/8/2018,-0.24,-0.0005753968,-0.0011407271,-0.0010187457,0.00044225118,-0.00031308754,-0.009456957,0.012487348,-0.039007857,0.025874795,-0.004917936,0.024145938,0.014055882,0.31423432,0.042474326,-0.35213882,0.026304912,-0.048967473,0.004446997,0.0045890724,0.047846496,-0.07343538,0.049354646,-0.0064605493,0.007251723,-0.014904335,0.008856391,-0.0029217983,0.02622367,0.0037440832,0.019885184
13/8/2018,0.04,-8.768777e-05,-0.0011636731,-0.00033891478,0.00044225118,-0.00031308754,0.004518189,0.012487348,-0.0071302317,0.05320296,-0.011252026,-0.04201177,0.034204967,0.25986406,0.07695292,-0.47724664,0.02659222,-0.042632785,0.0053060325,0.0053559593,0.059979912,-0.074146666,0.050890367,-0.006461592,0.0072796475,-0.01490968,0.008856391,-0.002921182,0.026331333,0.003744083,0.026987342
14/8/2018,-0.11,-0.00012717498,-0.0010742556,-0.00084836246,0.00044225118,-0.00031308754,0.0079254545,0.012487348,-0.012235301,-0.019588545,-0.011462409,0.01350191,0.046480235,0.25525105,0.089408666,-0.42175674,0.026378466,-0.04278654,0.0049288245,0.005120968,0.069355,-0.07287286,0.052069355,-0.006463841,0.0073391385,-0.014905688,0.008856391,-0.002921316,0.026310463,0.003744083,0.026383778
15/8/2018,0.07,0.0001536874,0.0007522494,-0.00019369963,0.00044225118,-0.00031308754,0.023550963,0.027309991,-0.012562882,0.019250982,-0.0028813996,-0.04158882,0.06841769,0.10539731,0.07322844,-0.46120566,0.02518137,-0.036204237,0.0059055607,0.0059151016,0.05872628,-0.07046712,0.05349695,-0.0064629097,0.0074140336,-0.014882447,0.008856391,-0.002921211,0.026461171,0.0037440825,0.031828288
16/8/2018,-0.12,0.0005810995,-0.00038488786,-0.00050549826,0.000880996,-0.00031308754,0.019033205,0.025336485,-0.0012357181,-0.074910685,-0.009488822,0.084838435,0.043430474,0.25118488,0.043955687,-0.30007523,0.02627799,-0.044623945,0.0054579577,0.005639422,0.07747775,-0.067450665,0.053276643,-0.006458011,0.007502245,-0.014880432,0.008856391,-0.002922963,0.026452826,0.0037440828,0.02992227
17/8/2018,-0.09,0.0004234288,0.00015090225,-0.00036269025,0.000880996,-0.00031308754,0.019086687,0.027659804,-0.0035506403,-0.067546695,-0.008083673,0.06676838,0.054545604,0.13223304,0.020284608,-0.35030723,0.025161697,-0.03898816,0.0068339496,0.006462341,0.06319552,-0.066547886,0.05284235,-0.006451946,0.007561767,-0.01487733,0.008856391,-0.0029213578,0.02662738,0.0037440823,0.031685393
20/8/2018,0.08,0.00013957362,-9.506095e-05,-0.00018950296,0.0016728448,2.203685e-05,0.038305733,0.027659804,-0.0035506403,-0.055641674,0.0077356906,0.058348067,0.029192002,0.2381116,0.0058251834,-0.19445789,0.025088258,-0.039666776,0.0070607634,0.006634548,0.08108778,-0.070217684,0.05246147,-0.0064475373,0.0075412453,-0.014874443,0.008856391,-0.0029247673,0.026654491,0.0037440823,0.039615538
21/8/2018,0.01,0.00071125117,2.2542179e-05,0.0009859024,0.0016728448,2.203685e-05,0.057123885,0.027659804,0.028121268,-0.03658764,0.062989265,0.1242078,-0.006034251,0.37538072,-0.005242896,-0.1310379,0.025714507,-0.045462947,0.0062919925,0.0062947744,0.088560015,-0.07492142,0.05058701,-0.0064422386,0.007525667,-0.014868065,0.008856391,-0.0029282155,0.026591824,0.0037440825,0.03664043
22/8/2018,-0.06,0.00096231484,0.0002996234,0.000581856,0.0016728448,0.00019439895,0.04756151,0.027659804,0.07090431,-0.06495483,0.044530157,0.12940915,-0.011029991,0.23612995,-0.021018408,-0.28376812,0.02600144,-0.041638665,0.00672543,0.0063561616,0.07013244,-0.07512544,0.051247694,-0.006442416,0.0075404625,-0.014868405,0.008856391,-0.0029213557,0.026595047,0.0037440823,0.03288095
23/8/2018,0.1100000000000012,0.0015532392,0.0025922102,0.0014751675,0.0016728448,0.0003041415,0.07755885,0.07287774,0.04550931,0.023520395,0.0596597,0.121463835,0.01977496,0.25690183,0.0028304395,-0.15601692,0.026046341,-0.04299815,0.007016749,0.006699017,0.08886858,-0.07637266,0.05232374,-0.006442357,0.0075454297,-0.014868305,0.008856391,-0.0029229983,0.026683146,0.0037440823,0.03868807
24/8/2018,0.2799999999999993,0.0020185318,0.0029249075,0.0013254194,0.0016728448,0.00035500666,0.06044092,0.053372335,0.033856925,0.050099935,0.051850002,0.07722148,-0.021995308,0.18270862,0.0063412976,-0.40858716,0.026234124,-0.046279915,0.005821476,0.005822567,0.07176198,-0.0724617,0.052297212,-0.006443856,0.0075884075,-0.014868326,0.008856391,-0.0029229661,0.026495438,0.0037440825,0.02975224
27/8/2018,-0.2,0.0026308233,0.0012786199,0.00030258475,0.000880996,-0.0005501755,0.029085698,0.019150179,0.024926625,-0.09770926,0.02304132,-0.0066889976,-0.03410981,0.16639644,0.012234709,-0.4286779,0.022765582,-0.058096416,0.004039863,0.005074198,0.09085105,-0.06546794,0.052559912,-0.0064545465,0.0076778308,-0.014868272,0.008856381,-0.0029401104,0.026301278,0.003744083,0.03818682
28/8/2018,0.06,0.0017414705,0.002253126,0.000851587,0.0010356809,-0.00027750988,0.033125337,0.056148186,0.015378478,0.0837273,0.04657394,0.100874305,-0.0060356567,0.10965152,0.052042034,-0.35272732,0.031204859,-0.040227257,0.0056125484,0.005194071,0.10798902,-0.064127125,0.056273624,-0.006446094,0.007759543,-0.0148639195,0.0088564,-0.0029008177,0.026283827,0.003744083,0.044015933
29/8/2018,0.2,0.0027121059,0.0018131734,0.0005273151,0.0010356809,-0.00020277128,0.05104679,0.056148186,0.029962352,0.017885586,0.060709096,-0.05449759,-0.02950965,0.18790953,0.04773787,-0.503711,0.02781907,-0.051791687,0.0047829323,0.0048646936,0.08857625,-0.06158864,0.057248015,-0.0064451993,0.007879886,-0.014863997,0.008856391,-0.002921361,0.026228024,0.0037440832,0.034668025
30/8/2018,0.03,0.0019181081,0.0013505381,0.0008044571,0.0010356809,-0.0002814424,0.030805599,0.019150179,0.045553498,-0.03611416,0.04702751,-0.019568149,-0.059593406,0.15910798,0.03463134,-0.54072064,0.029514506,-0.056708932,0.0041612107,0.0043366235,0.10694482,-0.0590425,0.055220798,-0.006456226,0.008024386,-0.014861687,0.008856391,-0.002921571,0.02611049,0.0037440837,0.04590896
31/8/2018,0.04,0.0037704417,0.0023327183,0.0011753641,0.0010356809,3.0384079e-05,0.0389097,0.06671281,0.060846146,0.06809401,0.03771947,-0.015229662,-0.037619095,0.24860914,0.036480587,-0.5574822,0.03175953,-0.065245725,0.0036349262,0.0040222406,0.12633725,-0.060424134,0.05573038,-0.006452121,0.008173227,-0.014857706,0.008856391,-0.002923532,0.026074547,0.003744084,0.047105603
4/9/2018,0.25,0.0037516616,0.004749373,0.0024817497,0.0010356809,0.0008190279,0.06772917,0.1970823,0.0633463,0.14415161,0.096597694,0.19660293,-0.02553133,0.18793787,0.05615471,-0.52339745,0.033313118,-0.07325851,0.0032673315,0.0036128743,0.12676083,-0.058423415,0.055392396,-0.006453566,0.008360022,-0.014857332,0.008856391,-0.0029237398,0.02602683,0.003744084,0.046630017
5/9/2018,-0.09,0.0035202836,0.002567274,6.40421e-05,0.0010356809,-0.0004364485,0.03429572,0.105327725,0.0020580122,0.0337656,0.0140431095,0.047562964,-0.0656349,0.2148377,0.0580439,-0.81785166,0.031944018,-0.07888006,0.0029007131,0.0030506633,0.13609402,-0.056012042,0.0557743,-0.00645631,0.008553794,-0.014858264,0.008856391,-0.0029233443,0.025915723,0.0037440842,0.053556617
6/9/2018,0.21,0.0052261786,0.0043573366,0.0013312285,0.0010356809,0.00012691876,0.020818524,0.070323005,0.0037956787,0.045831807,0.04859761,0.103060566,-0.015500815,0.067686886,0.06501694,-0.7022705,0.035426624,-0.06547017,0.003913252,0.00371217,0.1264294,-0.05616532,0.056911644,-0.006449984,0.008782699,-0.0148606775,0.0088564,-0.0029059427,0.025976958,0.003744084,0.052413482
7/9/2018,0.1899999999999995,0.0032085483,0.001396599,-0.00022710838,0.0010356809,-0.0007342772,0.018116845,0.052176807,-0.015256127,0.032330178,0.01568482,0.10471651,-0.03599821,0.33146107,0.050924014,-0.7371611,0.03141305,-0.08644981,0.0027183497,0.0029665271,0.1318294,-0.049739808,0.056379654,-0.0064534782,0.008979932,-0.01486062,0.008856391,-0.00292307,0.025962045,0.0037440844,0.04519428
10/9/2018,-0.02,0.0030033563,0.0032549156,-1.4661368e-05,0.0010356809,-0.0007167877,0.020179035,0.01899233,0.020732783,0.02830828,-0.009851912,0.31819734,-0.09906468,0.34068537,0.04768642,-0.9244381,0.027408315,-0.09987302,0.0017318357,0.0022783158,0.14627716,-0.04771418,0.05262034,-0.006459301,0.009159388,-0.014860452,0.008856391,-0.0029357632,0.025891181,0.0037440846,0.04253675
11/9/2018,0.4900000000000002,0.0031244883,0.0043093166,0.0005018307,0.0010356809,-0.00018324962,0.04515266,0.10914126,0.03683805,0.14024219,0.07767544,0.20870301,-0.062274944,0.15294373,0.031356238,-0.9299974,0.030427065,-0.08464275,0.002557621,0.002649187,0.113675095,-0.049687877,0.051795285,-0.0064576394,0.009332294,-0.014860755,0.008856391,-0.0029240195,0.025862575,0.0037440844,0.043194298
12/9/2018,0.01,0.004089165,-0.00082427147,-0.0009354191,0.0011020051,-0.0010643232,-0.0753342,-0.074513204,-0.086714864,-0.06427532,-0.09562994,0.5005776,-0.17336926,0.49905333,0.05208275,-0.9122572,0.019444697,-0.134176,-0.00060843286,0.0012508,0.15147099,-0.04161075,0.054326504,-0.006462166,0.00954292,-0.014860144,0.008856379,-0.0029882262,0.025822498,0.003744085,0.0246783
13/9/2018,-0.52,-0.0014478435,-0.007102885,-0.0042777243,0.0010356809,-0.0005132954,-0.0821767,-0.0665731,-0.19178548,-0.19304009,-0.14114742,0.35203132,-0.052172795,0.40989545,0.07366292,-1.0025094,0.024307732,-0.12007987,0.00042625878,0.0014062288,0.12208424,-0.010955657,0.055712223,-0.0064688893,0.0097561525,-0.014859543,0.008856391,-0.002946799,0.025798686,0.003744085,0.026489642
14/9/2018,-0.53,0.00011852104,0.00050244073,-0.002103901,0.0006632605,-0.0010828176,0.0122717125,-0.13215218,-0.050320864,-0.0066358475,-0.024129022,-0.027627287,0.03482817,0.40413773,0.10500843,-0.80337197,0.031647924,-0.09159398,0.0018005825,0.0019921013,0.11863136,0.005736071,0.05442583,-0.006475469,0.009970438,-0.01485898,0.008856391,-0.0029241822,0.025738196,0.0037440846,0.037586477
17/9/2018,-0.11,0.00077818043,-4.268108e-05,0.0009227293,0.0009209316,-0.00022367616,0.018022206,-0.08684151,0.08524397,0.024004363,-0.01973998,0.15416242,0.09557055,0.7957772,0.07829814,-0.86903733,0.023549931,-0.08352527,0.0018314113,0.002735972,0.10283934,-0.07128786,0.05519713,-0.0064847213,0.010077395,-0.014858222,0.008856382,-0.0029456278,0.025765665,0.0037440844,0.039428707
18/9/2018,0.2400000000000002,0.0027250014,0.0059535536,0.0018610398,0.00069992244,0.0009472471,0.10841752,0.09330178,0.090937644,0.14484169,0.14188178,-0.019345598,0.1619156,1.4582564,0.08646125,-0.7421172,0.0141646,-0.09117593,0.00071135355,0.0029037553,0.106972896,-0.06140668,0.059087057,-0.0064918385,0.010130701,-0.014856801,0.008856351,-0.0029978217,0.025894357,0.0037440842,0.025007132
19/9/2018,0.04,0.003930809,0.0030091312,2.2008484e-05,0.00069992244,-0.00055601826,0.015238213,0.041817542,0.03443156,0.15881795,-0.013281397,0.3774502,-0.001481889,0.8888411,0.043994654,-0.15390034,0.028301809,-0.07357434,0.0024329484,0.002897026,0.11856186,-0.039408833,0.063394405,-0.0064937104,0.010247463,-0.014855468,0.008856386,-0.002939503,0.025844647,0.0037440842,0.02969488
20/9/2018,0.04,0.0015962522,0.00048700732,0.000153625,0.00069992244,-0.00015225184,0.02668942,0.00795395,0.055004597,-0.0013167644,0.0064609842,0.16729292,0.11331793,0.59693635,0.10696006,-0.29692122,0.029094473,-0.06669955,0.0028854408,0.0033039777,0.100182906,-0.04526756,0.063577026,-0.0064912923,0.010387256,-0.014854147,0.008856391,-0.0029269436,0.025923982,0.0037440842,0.019491741
21/9/2018,-0.46,0.00057600305,0.00019094248,-0.0008444762,0.0014151953,-0.0003032804,0.029011758,0.025336485,0.015596599,-0.039527785,-0.031302147,0.11398847,0.1134553,0.44686845,0.09870028,-0.31320408,0.027759593,-0.053822618,0.004314501,0.0042400556,0.093417175,-0.04276056,0.061671324,-0.0064840177,0.010522226,-0.014853406,0.008856391,-0.0029277152,0.026088933,0.0037440837,0.02758442
24/9/2018,-0.02,0.00045338424,0.0035592772,5.1029347e-05,0.0022312647,5.644164e-05,0.03879652,-0.047429256,0.047036357,-0.009209493,-0.017012883,0.24323921,0.076594256,0.45409718,0.040946662,-0.124508955,0.025567224,-0.05117962,0.0054630945,0.005480554,0.11049762,-0.050100815,0.062791735,-0.0064844,0.0105874045,-0.014852948,0.008856389,-0.0029376214,0.026345972,0.0037440828,0.04320196
25/9/2018,-0.46,0.0022395824,-0.0036452867,-0.0019427851,0.001014679,-0.00035310164,0.04006325,-0.11600539,0.03782198,-0.008515262,-0.06432464,0.345798,0.12561017,0.70701104,0.0625875,0.12792224,0.03135067,-0.042843103,0.0061323764,0.0054087876,0.12444193,-0.05530047,0.06459378,-0.0064826226,0.010690096,-0.014851282,0.0088564,-0.0029075083,0.026353182,0.0037440828,0.036790315
26/9/2018,0.1500000000000003,0.0075531313,0.0069042197,0.00065751583,0.0019968401,0.0007973286,0.08348341,0.1039928,0.12582877,0.1271706,0.050308436,0.474136,0.057649028,0.7339232,0.00056421093,0.48771355,0.028108124,-0.046027772,0.008272952,0.006783933,0.21531351,-0.057306405,0.06685064,-0.0064832848,0.010655413,-0.014849354,0.008856401,-0.0029218507,0.026593287,0.0037440823,0.083009735
27/9/2018,1.1499999999999986,0.12925708,0.12255566,0.04607557,0.13907656,0.0851904,0.8253767,0.96910155,0.8437307,1.0338757,1.0026283,0.33756593,0.08865298,0.8666252,0.045933444,0.45223984,0.019805886,-0.059130546,0.008491185,0.007043887,0.24239492,-0.052068997,0.06557316,-0.0064931614,0.010674733,-0.014849087,0.008856381,-0.0029498239,0.026735501,0.0037440823,0.08974396
28/9/2018,0.4100000000000001,0.008910483,0.009718769,0.004081353,0.0016646219,0.0027512414,0.097876005,0.152749,0.149617,0.23183322,0.19437772,-0.18254845,-0.16827145,0.990461,-0.09369103,0.029019393,0.025882877,-0.07676036,0.0024934197,0.0032330987,0.13056134,-0.043124754,0.057748683,-0.0064954404,0.010917082,-0.014857731,0.008856389,-0.0029465836,0.02599619,0.0037440842,0.037353974
1/10/2018,0.4600000000000008,0.010645849,0.013831895,0.0052059405,0.0013805617,0.0038656895,0.12746319,0.19192128,0.24490179,0.25192282,0.16053419,-0.079571545,-0.17263559,0.6572037,-0.014840022,-0.3093255,0.022563305,-0.1055039,0.0014183327,0.0021390435,0.096244775,-0.031270992,0.0518441,-0.006497574,0.011169778,-0.017113945,0.008856389,-0.0029550304,0.025856845,0.0037440846,0.025243219
2/10/2018,0.1600000000000001,-0.00033233865,0.012210853,-0.00278296,0.00065847056,-0.001014952,0.104036555,0.073854625,0.1698721,0.10414621,0.106018975,0.18510748,-0.20057844,0.78027177,-0.021538997,-0.36423376,0.01128534,-0.14644442,-0.0018129224,0.0010596339,0.086191185,-0.015874926,0.050610796,-0.0065006395,0.011416278,-0.01937329,0.008856358,-0.0030312103,0.025865577,0.003744085,0.012877909
3/10/2018,0.1,-0.0010522341,0.0046231654,0.0031338255,0.0013142377,0.0021883594,0.101408884,0.09562232,0.11256996,-0.035671566,0.08052188,0.0979196,-0.20605455,0.7958391,-0.05483245,-0.3669743,0.0102948155,-0.15184414,-0.0023955985,0.0006705532,0.10012547,-0.010587177,0.047598273,-0.006501374,0.011618086,-0.021632709,0.008856362,-0.0030216973,0.025739817,0.0037440856,0.011093109
4/10/2018,0.3000000000000007,0.0016502352,0.0029012123,0.0019781876,0.0026232891,0.0017110407,0.010829292,0.10105934,0.060476437,-0.0048254947,0.048321303,0.34271672,-0.18672857,0.80496883,-0.037170015,-0.47674105,0.019623997,-0.13652311,-0.0011227909,0.00033090822,0.10586852,0.04104597,0.045202862,-0.0064958683,0.011796827,-0.023891967,0.008856391,-0.0029629478,0.025652936,0.0037440858,0.006813837
5/10/2018,0.3099999999999987,-0.0043248734,-0.0042905174,-0.0009853805,-0.0032846774,7.2354036e-05,-0.077120766,-0.013123379,0.16766943,0.053947233,-0.033200063,0.25878853,-0.12880322,0.8056693,0.06258613,-0.7487918,0.01469544,-0.16548966,-0.0035333738,-0.0006263134,0.09795769,-0.024497703,0.047815423,-0.0064889495,0.011956052,-0.02615157,0.008856379,-0.0030089142,0.025625331,0.003744086,-0.0025250309
8/10/2018,0.03,0.0017598739,0.0013006389,-0.0013861106,0.0008546075,0.00022493118,0.00022775047,0.04485155,0.0025625923,0.16533288,0.039790094,0.049343474,-0.0986446,0.79257214,0.11452848,-1.1253316,0.0076327403,-0.19272123,-0.006091026,-0.0012985035,0.098403335,-0.031125052,0.047904473,-0.0064877323,0.012117116,-0.02841162,0.008856381,-0.0030820037,0.025660861,0.0037440863,-0.014492777
9/10/2018,-0.12,0.0009723852,0.002813111,-0.00013141119,0.0008546075,0.00047597272,0.025634993,-0.0074935746,-8.208567e-05,-0.123369575,-0.008266176,-0.24528775,-0.06944338,0.7077908,0.09077353,-1.2393746,-0.0011836276,-0.19850595,-0.0073564677,-0.0012700866,0.09271645,-0.040590193,0.04457464,-0.006489979,0.012201052,-0.030671962,0.00885636,-0.0031067806,0.025651636,0.0037440863,-0.01757593
10/10/2018,0.07,0.0023250892,0.0045497613,0.00073413696,0.0009209316,0.00061644654,0.054944374,0.08031833,0.10614551,0.05204382,0.057676643,-0.33952644,-0.077963956,0.40715188,0.10647601,-1.6293135,0.0031706651,-0.19718337,-0.007486463,-0.001223244,0.08360845,-0.03926181,0.04279526,-0.0064934837,0.012264205,-0.032931905,0.008856354,-0.0031198221,0.02566276,0.0037440863,-0.021921314
11/10/2018,0.1500000000000003,0.0016846173,0.0039140126,0.0006268751,0.00071071263,0.00041075746,0.056237515,0.053271525,0.08212597,0.13765971,0.05084394,-0.15648304,-0.034101434,0.6184744,0.10350326,-1.4819802,0.005546073,-0.19247709,-0.0072674863,-0.001273147,0.087558836,-0.041395016,0.043628734,-0.006490109,0.012330347,-0.035188194,0.008856363,-0.0030995691,0.025683004,0.0037440863,-0.020525228
12/10/2018,0.3599999999999994,0.0021114876,0.0063357814,0.0021559694,0.00040399248,0.00018892293,0.05527533,0.11949432,0.058137152,0.275842,0.05577803,-0.019385844,-0.062287644,0.5221431,0.056378435,-1.2546186,0.01208467,-0.16853537,-0.0047340854,-0.0010822251,0.05885608,-0.04775725,0.04295621,-0.0064829155,0.012414279,-0.035209373,0.008856391,-0.0030088455,0.025564624,0.0037440863,-0.01601719
15/10/2018,-0.18,0.0008572364,0.0005151108,-0.00031216274,0.00047031662,-0.00030716465,0.004412301,-0.030929621,-0.05704138,-0.03805413,-0.006310761,0.08048142,-0.061919656,0.75807875,0.080934234,-1.1772552,0.010831186,-0.18630584,-0.006109938,-0.0018392005,0.07476121,-0.049642146,0.041005388,-0.006484833,0.012496524,-0.035209,0.008856391,-0.0030221571,0.025526004,0.0037440867,-0.017102446
16/10/2018,0.4800000000000004,0.0017555017,0.004846099,0.001397824,0.00014632124,-1.0816165e-05,0.04821166,0.06708279,0.10715111,0.2121884,0.106075786,0.03075344,0.012728676,0.35047138,0.07295962,-0.9754519,0.019166125,-0.14726107,-0.0033239091,-0.0007783625,0.071150884,-0.053054173,0.041377697,-0.006488319,0.012520517,-0.03520978,0.008856401,-0.002958709,0.025515081,0.0037440863,-0.005951792
17/10/2018,0.1399999999999988,-0.00025598923,0.0020793616,-0.0013050572,-0.00024148032,-0.0002868671,0.022199059,0.018558796,-0.0853422,-0.07437615,0.044004034,0.12503648,-0.05973374,0.6477997,0.07440737,-0.9847611,0.014779144,-0.1785909,-0.005684672,-0.0018849545,0.05586281,-0.054616053,0.039938495,-0.0064921365,0.012544994,-0.035212148,0.008856391,-0.0029969153,0.025465902,0.0037440867,-0.014457462
18/10/2018,0.02,-0.0013936261,-0.0009252664,-0.0016697905,-0.00030780447,-0.0005461406,0.0042764302,-0.009791889,-0.02106763,-0.13479532,-0.033746418,0.08723061,-0.08099503,0.4854669,0.026287243,-1.0766671,0.013769302,-0.17518415,-0.00592309,-0.0020156223,0.040208217,-0.05479623,0.033545975,-0.0064985678,0.012577824,-0.035207663,0.008856391,-0.0030052431,0.025411785,0.0037440867,-0.015898544
19/10/2018,-0.07,-0.0003388631,0.00045625953,-0.0013351584,-0.00030780447,-0.0005461406,-0.00300024,-0.009791889,-0.005979646,-0.05572138,-0.020774428,0.1418208,-0.06590543,0.4143414,0.003612302,-0.97593373,0.014760628,-0.16346791,-0.0054016504,-0.0017210885,0.029235583,-0.05703455,0.029949488,-0.006499476,0.012719356,-0.032949015,0.008856391,-0.002993974,0.025393069,0.0037440867,-0.016775016
22/10/2018,-0.01,0.0012090433,-0.0005938463,-0.000317163,-0.00030780447,-0.00064849237,0.020374792,-0.0048020603,0.003308293,-0.04606797,0.049350206,0.14996289,-0.043804366,0.3358689,0.0129924305,-0.86244804,0.018148778,-0.1514387,-0.0046823286,-0.0014403431,0.023052063,-0.058861382,0.02810341,-0.0064984895,0.012871822,-0.030689143,0.008856391,-0.002985842,0.025375754,0.0037440865,-0.015245774
23/10/2018,0.1999999999999993,0.0019898717,0.00250649,-0.00096986303,-0.00030780447,-0.0004897859,0.021917038,0.016955493,0.033350497,0.050770234,-0.0062947082,0.10194361,-0.056485496,0.42465526,-0.008929966,-0.71723026,0.020507831,-0.15378956,-0.0049764123,-0.0016875307,0.045973774,-0.06663482,0.022305483,-0.006498268,0.0129248435,-0.028429478,0.008856391,-0.0029844104,0.025331665,0.0037440867,-0.015971996
24/10/2018,-0.04,-0.0012922317,-0.001966207,-0.0014275708,-0.0009228932,-0.001410015,0.017419767,-0.13999623,0.009583878,-0.04790193,-0.053235803,-0.08009904,-0.088873304,0.45689565,-0.01777028,-0.8325809,0.013283945,-0.16968942,-0.0059786923,-0.0021099485,0.029671997,-0.07052533,0.017336316,-0.0064990385,0.012958074,-0.02616979,0.008856381,-0.0029986564,0.025288189,0.0037440872,-0.019730056
25/10/2018,-0.13,-0.0010018186,-0.0019688162,-0.0015913057,-0.0009892173,-0.0014193306,0.004045757,-0.11629603,-0.015535639,-0.10857467,0.0010579511,-0.12437916,-0.03969318,0.13430661,-0.011817426,-0.92132455,0.014012872,-0.1479682,-0.004775374,-0.0014243239,0.005415238,-0.07350016,0.01847423,-0.0064994437,0.013017167,-0.023910325,0.008856381,-0.002989675,0.025285637,0.0037440867,-0.018415447
26/10/2018,-0.34,0.0006786853,0.00038373476,-0.0009908022,-0.00030780447,-0.00066088146,-0.05662956,-0.13378264,0.046353694,-0.015294874,-0.056775462,-0.21297607,-0.029366806,0.13252746,0.01350257,-0.6825585,0.01898104,-0.13874689,-0.004775624,-0.0014055357,0.042590067,-0.07784858,0.014652982,-0.0065017887,0.013164556,-0.021651438,0.008856379,-0.0029917376,0.025277125,0.0037440865,-0.016813986
29/10/2018,-0.18,-0.00020488925,-0.0021540057,-0.0010243419,-0.00024148032,-0.000767071,-0.022622472,-0.049402393,0.047993682,0.028332407,-0.026694136,-0.065748826,0.031872306,0.17490225,-0.020727452,-0.66525257,0.023101494,-0.10915653,-0.0031922115,-0.00059616286,0.037978943,-0.0790573,0.015293479,-0.006503106,0.013245524,-0.019394206,0.008856391,-0.0029570374,0.025241474,0.003744086,-0.016861528
30/10/2018,-0.13,-0.0007068742,-0.000928698,-0.0005595504,-0.00030780447,-0.00079459266,-0.026263965,-0.050081663,0.027426472,-0.015007204,-0.048427906,-0.006625152,0.02086641,0.19610482,-0.05348237,-0.5890101,0.022686675,-0.09423843,-0.002489407,-8.670508e-05,0.03050199,-0.08186342,0.02140704,-0.0065021887,0.013440387,-0.017143654,0.008856391,-0.0029474525,0.025227724,0.0037440858,-0.015638348
31/10/2018,0.0,0.00047959143,0.0004130771,-0.0005540743,-0.00030780447,-0.000733467,-0.03225076,0.101227194,0.035527475,0.03773534,-0.015467147,-0.28551382,-0.030261414,0.16623348,-0.09007869,-0.37969333,0.018601775,-0.08735633,-0.0024658313,0.0005014218,0.059784364,-0.091988474,0.014095491,-0.0065028863,0.01349722,-0.014946744,0.008856376,-0.002969107,0.025354363,0.0037440856,-0.010569675
1/11/2018,0.25,-0.00020470498,0.00096339424,-0.0005919087,-0.00046248955,-0.00068725116,0.024957774,0.101227194,0.048321724,0.06222923,0.029614065,-0.08150655,0.01513536,0.17469655,-0.054689795,-0.32751516,0.024613937,-0.07235436,-0.0011100911,0.0006836943,0.049830608,-0.09225841,0.012326252,-0.0065027615,0.01330441,-0.014843073,0.008856391,-0.0029308686,0.025368234,0.0037440856,-0.009897686
2/11/2018,-0.29,-0.00025571452,0.0019424822,-0.0010839335,-0.00046248955,-0.00070673664,0.05756191,-0.088891566,0.03185517,-0.01178306,-0.029118573,-0.107990086,-0.0066435193,0.15363054,-0.094962075,-0.16788353,0.026588494,-0.07193638,-0.0011742368,0.0007498073,0.05298542,-0.088139735,0.016566379,-0.00650202,0.013052918,-0.014843715,0.008856391,-0.0029288628,0.02540842,0.0037440856,-0.010117279
5/11/2018,-0.19,8.92627e-05,8.213066e-05,-0.0006614668,-0.00046248955,-0.0006721889,0.013339567,-0.014724659,0.04113086,0.20530635,0.02874322,-0.20890877,0.057226863,-0.06359501,-0.11191448,-0.3162314,0.019384079,-0.057546966,-0.0001868282,0.002094678,0.030157875,-0.08753301,0.018450014,-0.006500048,0.012734478,-0.014844398,0.008856381,-0.0029429982,0.025646243,0.0037440846,0.0010659773
6/11/2018,0.05,0.00037180595,0.0019973994,-0.0005420454,-0.00046248955,-0.0007398705,0.025343332,0.033337813,-0.002565754,0.12553306,0.03133092,-0.029708311,0.039036714,0.07806521,-0.089140415,-0.21082708,0.026757289,-0.05151479,0.000527597,0.0021362319,0.059905205,-0.07969897,0.020453205,-0.006498091,0.0124132885,-0.014845173,0.008856391,-0.0029249142,0.025672892,0.0037440846,0.005476334
7/11/2018,-0.17,0.00010489108,0.00046897732,-0.00065611326,-0.00046248955,-0.0007398705,0.03274303,-0.013192918,0.015953755,0.050235596,0.031433262,0.108527996,0.023889052,0.20541571,-0.10735308,0.028321823,0.027258549,-0.052074473,0.00040578516,0.0021920754,0.08571079,-0.077893384,0.018604519,-0.0064979084,0.012055934,-0.014845693,0.008856391,-0.0029252989,0.025691072,0.0037440846,0.013537103
8/11/2018,-0.11,-0.00096183066,-4.3776686e-06,0.00054388854,-0.00046248955,-0.000730185,0.008337955,0.01102792,0.041610707,0.06982462,0.03739713,-0.04822281,0.021963123,0.36579555,-0.10466476,0.21778192,0.031223042,-0.049188193,0.00096951885,0.0022358536,0.10245619,-0.12135343,0.016712759,-0.0064969147,0.01165187,-0.014846189,0.0088564,-0.0029104862,0.02565726,0.0037440846,0.022863226
9/11/2018,0.21,-0.00016626522,0.0009770284,-0.0007413353,-0.00046248955,-0.0007970437,0.003944888,0.01102792,0.015102063,0.06970434,0.012997815,-0.031860042,0.016553199,0.11114206,-0.10615225,-0.09047032,0.026678579,-0.043997902,0.0014045003,0.0030301071,0.07370526,-0.12133331,0.017060308,-0.0064954325,0.011275277,-0.014846794,0.008856391,-0.002923326,0.025821809,0.0037440842,0.025656441
12/11/2018,-0.33,-0.00045916947,-0.00023552043,-0.0009907521,-0.00046248955,-0.0013207425,-0.0021938053,-0.00522182,0.00962958,-0.08109169,0.013735057,-0.11892283,-0.0045145736,0.09481406,-0.08901212,-0.19152966,0.028022483,-0.049931336,0.00042081115,0.0022068003,0.03137939,-0.11359331,0.020880837,-0.006495103,0.010954964,-0.014847132,0.008856391,-0.002922682,0.02568648,0.0037440846,0.008025015
13/11/2018,0.04,-0.0017177498,-0.001974655,-0.0013081467,-0.00046248955,-0.0014894195,-0.0031484752,0.029905297,0.0025795246,-0.029650869,0.0059847836,-0.14471424,0.026851222,-0.076767005,-0.08416198,-0.3014405,0.026009418,-0.041364126,0.0014761091,0.0031485083,0.046788912,-0.109619364,0.023390662,-0.0064953337,0.010583891,-0.014847719,0.008856391,-0.0029222686,0.025858004,0.0037440842,0.018307906
14/11/2018,0.0,-0.0013377303,-0.00065516,-0.0013723403,-0.00046248955,-0.0014894195,0.020010164,0.052379794,0.0037989824,-0.050832257,0.011236025,-0.0388401,-0.008058435,0.006460359,-0.07875817,-0.07201057,0.028734926,-0.03842126,0.001510683,0.0027990374,0.03392949,-0.09662259,0.026178155,-0.0064934823,0.010226492,-0.014848133,0.0088564,-0.0029072908,0.025784675,0.0037440842,0.01218007
15/11/2018,0.04,-0.0012725244,-0.0001626643,-0.0015276085,-0.00046248955,-0.0014894195,0.0041353414,0.0060636615,0.03466735,-0.031533983,0.015164587,-0.07700262,-0.0020207965,0.033831,-0.10030447,-0.19006556,0.025635112,-0.043766875,0.0009659003,0.002708723,0.024956917,-0.09337188,0.026939409,-0.006492497,0.009871443,-0.014848384,0.008856391,-0.0029229394,0.025825659,0.0037440842,0.005669112
16/11/2018,0.1100000000000012,-0.0017491303,3.1275413e-05,-0.0012727245,-0.00046248955,-0.0014845071,-0.003975463,0.0037403435,0.011066873,-0.017633207,0.019198554,-0.14136955,-0.03359216,0.12228537,-0.124585025,0.023336722,0.026456375,-0.050248962,0.00084017526,0.0026367274,0.045673244,-0.092526875,0.022952605,-0.00649587,0.009508069,-0.014848577,0.008856391,-0.0029264335,0.025838276,0.0037440842,0.0057452284
19/11/2018,-0.34,-0.0023953514,-0.00059206324,-0.001499122,-0.00046248955,-0.0021682351,-0.012550328,0.0037403435,0.021439696,-0.14349356,-0.020722812,-0.12842155,-0.034201138,-0.033232156,-0.08703934,-0.23062465,0.0263568,-0.047666743,0.00033708126,0.002102646,-0.018417742,-0.08788334,0.022644924,-0.006495841,0.009190234,-0.014849025,0.008856391,-0.002923205,0.02567459,0.0037440844,-0.009212151
20/11/2018,0.2199999999999988,-0.0008835633,0.0014195848,-0.00080723315,-0.00039616536,-0.0007818922,0.0019163229,0.0060636615,0.018480435,0.04967303,0.037085727,-0.37659547,0.02917023,-0.30751896,-0.043529443,-0.54526144,0.025344785,-0.043289136,0.0011455186,0.0028746955,0.018610496,-0.09334289,0.02609552,-0.0064946488,0.008818373,-0.014850293,0.008856391,-0.00292617,0.02583571,0.0037440842,0.0010838503
21/11/2018,-0.21,-0.0005276198,-0.00018563532,-0.0013502651,-0.00046248955,-0.0007000988,0.01685127,-0.00522182,0.027337303,0.041980058,0.02242356,-0.054206472,0.061524425,0.011936181,-0.009327147,-0.32586744,0.026265547,-0.047313537,0.00053320534,0.0023693396,0.010546677,-0.090957634,0.029748179,-0.0064912015,0.008496542,-0.014850404,0.008856391,-0.002923233,0.025790524,0.0037440844,-0.008250861
23/11/2018,0.01,-0.0005293175,-0.0004184308,-0.0013007444,-0.00046248955,-0.0007000988,0.010605725,0.0037403435,0.012439738,0.06529555,0.008529422,-0.05948773,0.07781136,0.031589963,-0.0014112492,-0.35592806,0.025351401,-0.04421238,0.0008220633,0.0026132076,0.013668864,-0.08788193,0.034345623,-0.006486765,0.008174263,-0.014850584,0.008856391,-0.0029231054,0.025849614,0.0037440842,-0.007833968
26/11/2018,-0.14,-0.00069184334,-0.0010860707,-0.001295425,-0.00046248955,-0.0007714867,-0.016911512,0.0037403435,0.012377146,0.06932784,0.008124949,-0.049490023,0.07697682,0.033990562,-0.0020264061,-0.3496098,0.025724785,-0.045338843,0.00064617174,0.0024546972,0.011753649,-0.085553296,0.03527185,-0.006486515,0.007864929,-0.0148505755,0.008856391,-0.0029230078,0.025816958,0.0037440844,-0.00796469
27/11/2018,0.5,-0.0010388056,-0.0007384493,-0.00039152463,-0.00046248955,-0.000786549,-0.0040984903,0.020886304,0.05599212,0.13499379,0.013898859,-0.106216766,0.09636223,-0.14802259,-0.008397082,-0.488457,0.024844471,-0.037504047,0.0018923123,0.0032549663,0.002919331,-0.0792279,0.036155436,-0.00648428,0.007572299,-0.014851086,0.008856391,-0.0029212881,0.025957497,0.003744084,-0.0011704671
28/11/2018,0.03,-0.00037431656,0.0008767077,-0.001280607,-0.00039616536,-0.00061805145,0.024740564,0.012665461,0.10288994,0.021449178,0.04613215,-0.11790655,-0.0057418924,0.08029756,-0.034522682,-0.5326579,0.027643867,-0.060517408,-0.00052961806,0.001327414,0.0035908374,-0.075906746,0.036615677,-0.006484437,0.00733891,-0.014850872,0.008856391,-0.0029248905,0.025568433,0.0037440849,-0.012203784
29/11/2018,-0.03,-0.00021485414,0.00053841824,-0.00096719904,-0.00030780447,-0.00059216266,0.022904405,-0.039610576,0.047341187,0.032806765,0.026978077,-0.055648457,0.047138482,-0.05770013,0.03492681,-0.50574523,0.029610757,-0.06440377,-0.0011611717,0.00064870913,0.0138637135,-0.075814836,0.036840368,-0.00648684,0.0071043186,-0.01485068,0.008856391,-0.0029237473,0.025393026,0.0037440856,-0.010785046
30/11/2018,0.07,-0.00038655082,-5.198685e-05,-0.0009192755,-0.00030780447,-0.0006236135,0.0065886523,0.046818085,0.010255905,0.1495839,0.009562919,-0.055086177,0.066845626,-0.016855234,0.067595944,-0.40336373,0.02904539,-0.06457579,-0.0012620084,0.00058905315,0.012150181,-0.076041736,0.037865087,-0.0064884606,0.0068880497,-0.014850155,0.008856391,-0.0029238618,0.025385752,0.0037440856,-0.011361282
3/12/2018,-0.16,-0.00029011446,-0.00038522517,-0.00089194434,-0.00030780447,-0.0006447818,-0.011461403,-0.07438328,-0.015202734,0.06725238,0.03401517,-0.11913615,0.054466695,-0.1692476,0.04038897,-0.50379634,0.02309346,-0.06567573,-0.0014581358,0.00072151265,-0.0056920033,-0.077393815,0.03825617,-0.0064895446,0.006702909,-0.016952539,0.008856381,-0.00293922,0.02536563,0.0037440856,-0.008759074
4/12/2018,-0.03,-0.00090270524,-0.00019918429,-0.001207607,-0.00030780447,-0.00081770256,-0.010988958,0.00069591816,0.0017615485,-0.040540557,-0.0110141495,-0.07770622,0.081777774,-0.14697161,0.050641168,-0.21460807,0.033199087,-0.05111258,-4.1857547e-05,0.0009790639,0.0022911355,-0.08382427,0.039713047,-0.00648353,0.0065218983,-0.019192493,0.0088564,-0.0028970256,0.025387745,0.003744085,-0.006018627
5/12/2018,-0.08,3.836973e-06,-0.00083189656,-0.0007893987,-0.00039142877,-0.0006320863,0.03838929,0.05021909,0.020125333,0.011799702,0.05464448,0.061919384,0.09211741,0.1668474,0.0703935,-0.33325318,0.028321974,-0.06796019,-0.0010860772,0.0007535405,0.024138007,-0.08372283,0.03940823,-0.0064804293,0.006438491,-0.019191807,0.008856391,-0.0029257156,0.025430743,0.003744085,-0.007296352
6/12/2018,0.2299999999999986,-0.00047576247,0.00019328012,-0.0006855334,-0.00030780447,-0.0007509714,0.0018344336,0.03854267,-0.008892337,0.057537142,0.009897187,-0.1531755,0.07500103,0.00548637,0.06397268,-0.4712914,0.028067792,-0.057979267,-0.0007280834,0.0009508443,-0.000333629,-0.08866479,0.036456533,-0.006484596,0.0063213883,-0.019192409,0.008856391,-0.0029227422,0.025403822,0.003744085,-0.008801025
7/12/2018,-0.15,-0.00015731965,0.00069305615,-0.00088373356,-0.00024148032,-0.0006447818,0.031072149,-0.028377902,0.05348761,0.065552354,0.03157902,-0.21829039,0.05394798,-0.0017627086,0.062559955,-0.59644467,0.03059353,-0.070112646,-0.0013708055,0.00020321479,0.00013617816,-0.086977705,0.035363544,-0.0064879092,0.0062431525,-0.019192686,0.008856391,-0.0029222632,0.025270997,0.0037440856,-0.011296184
10/12/2018,0.1099999999999994,-5.4756703e-05,0.00048279605,-0.0007905615,-0.00030780447,-0.0006297196,0.019029912,0.0909294,0.010095438,0.06930979,0.03328682,-0.15520877,0.12441571,-0.22386561,0.08266858,-0.48382437,0.03067659,-0.052657582,-0.00013907469,0.0010229342,0.012583192,-0.08449314,0.038442973,-0.0064866734,0.0062478213,-0.01919376,0.0088564,-0.0029071418,0.025402464,0.003744085,-0.0044596605
11/12/2018,-0.09,0.0004208482,0.0016057049,-0.0013127498,-0.00030780447,-0.0006297196,0.02380016,-0.039667632,0.03656591,0.012088423,0.0447462,-0.012900446,0.0999719,-0.11652942,0.08111799,-0.58869433,0.029834129,-0.065755665,-0.0008839429,0.0006477769,0.020255808,-0.079868495,0.040759213,-0.006484297,0.0062843924,-0.01919514,0.008856391,-0.0029222686,0.02537444,0.003744085,-0.0043530557
12/12/2018,0.01,-0.0004241142,0.00071811094,-0.0012748259,-0.00030780447,-0.00081770256,-0.010988958,0.00069591816,-0.0074723745,0.00091776974,0.0028695555,-0.19997773,0.09435735,-0.1979841,0.024341676,-0.5393968,0.021211054,-0.05808897,-0.00091072347,0.0012027465,-0.014674928,-0.07779876,0.03796367,-0.0064874673,0.0062972056,-0.019200342,0.008856381,-0.0029388363,0.025441932,0.0037440849,-0.008007809
13/12/2018,-0.1,-0.0010951383,-0.00010119302,-0.0013757213,-0.00030780447,-0.00083276484,-0.008946318,0.00029934145,0.0017569414,-0.065117575,-0.0022542102,-0.07839558,-0.004885325,0.25870553,-0.04578121,-0.50938666,0.027206149,-0.060142208,-0.00080068235,0.0008155624,0.0060856813,-0.08470895,0.033607166,-0.0064884285,0.0063544805,-0.019209903,0.008856391,-0.0029231182,0.02540435,0.003744085,-0.012016255
14/12/2018,-0.16,0.0015227966,0.00039331068,-0.0009755258,-0.00030780447,-0.0007359091,0.0018897312,0.010713897,0.011172805,0.026720017,0.023276443,-0.058924925,0.036959484,0.05084041,-0.054442495,-0.5083146,0.025363462,-0.049269997,0.00015958879,0.0016466656,-0.018084742,-0.08774759,0.034007177,-0.0064855847,0.006414805,-0.019227074,0.008856391,-0.0029215903,0.025572347,0.0037440846,-0.008966755
17/12/2018,-0.19,-0.001096417,-0.0019059818,-0.001854962,-0.0009253403,-0.00079627056,-0.041439068,-0.013188064,-0.041246668,-0.033690877,-0.04008074,-0.20743789,0.03246465,0.20537691,-0.03338944,-0.40054366,0.024606522,-0.045455534,0.00029715095,0.0018321399,-0.011527732,-0.10077712,0.03502671,-0.006484121,0.006415609,-0.019253898,0.008856391,-0.0029224732,0.025603522,0.0037440846,-0.007317582
18/12/2018,0.1699999999999999,-0.0018819681,-0.0021615846,-0.0017092119,-0.0009253403,-0.0014966358,-0.058709063,-0.043606523,-0.03687212,-0.0047934786,-0.026012523,-0.007223088,0.046874426,0.2977478,-0.029013205,-0.48304635,0.024967108,-0.03986921,0.0007918646,0.0024309522,-0.0020285856,-0.104721405,0.0321852,-0.006485896,0.006434937,-0.019290136,0.008856391,-0.0029209978,0.025717422,0.0037440844,-0.003676048
19/12/2018,-0.04,-0.0013860862,-0.0013988459,-0.001873972,-0.00039616536,-0.0014966358,-0.043353237,-0.11975686,-0.035874523,-0.03282771,-0.06282219,-0.13315277,-0.0008161988,0.3483561,-0.044961445,-0.45123142,0.026426414,-0.047596388,0.0002517848,0.0018684153,-0.0229418,-0.096808694,0.031135991,-0.0064897854,0.0064666667,-0.019326607,0.008856391,-0.0029210427,0.025648462,0.0037440846,-0.01232103
20/12/2018,-0.09,-0.0028723525,-0.004202217,-0.002804629,-0.0009253403,-0.0020157665,-0.052672043,-0.07341479,-0.10552826,-0.0089778565,-0.082502656,0.05088762,0.026207108,0.20805062,-0.05633338,-0.37731022,0.02502152,-0.042396076,0.0010670059,0.0025432927,-0.015780719,-0.09250234,0.031179408,-0.006490335,0.0065096016,-0.019353904,0.008856391,-0.0029210427,0.025805809,0.0037440844,-0.009758038
21/12/2018,0.06,-0.0033119135,-0.0043146904,-0.003960201,-0.0009253403,-0.0022605772,-0.09989916,-0.13170984,-0.06256867,-0.014858863,-0.09708399,-0.07522304,0.047210105,0.2885525,-0.054374408,-0.24898514,0.018516542,-0.04834519,0.00074478507,0.0029255822,-0.0155507745,-0.083449,0.03108238,-0.00648933,0.0065464545,-0.017106192,0.008856381,-0.0029399209,0.025926784,0.0037440842,-0.010447653
24/12/2018,-0.01,-0.00095295144,-0.00031383923,-0.003338832,0.0028040549,-0.0015005794,-0.014124148,-0.087788075,-0.10016383,0.05149609,-0.048369534,-0.008108401,0.027178517,0.13603134,-0.056096565,-0.290068,0.024997814,-0.04282546,0.0014417969,0.0028404067,-0.0024261207,-0.0776547,0.030318392,-0.0064887726,0.006573976,-0.014848124,0.008856391,-0.0029217103,0.02589465,0.0037440842,-0.008330236
26/12/2018,-0.14,-0.0002041074,-0.00096319895,-0.0030291835,0.0028040549,-0.0014289356,-0.008914241,-0.087788075,-0.09670028,-0.021748228,-0.044820454,0.07762788,0.04676411,0.13491683,-0.06072409,-0.058797702,0.02781483,-0.04002123,0.001849595,0.0029370582,0.0073207063,-0.07430712,0.03207295,-0.0064844247,0.0066588754,-0.014848481,0.0088564,-0.0029084524,0.025925027,0.0037440842,-0.0077070356
27/12/2018,0.1400000000000005,-0.002383306,-0.001743755,-0.0028969909,-0.0010089644,-0.0019074285,-0.026979761,-0.056500617,-0.07847013,0.005598046,-0.0322248,0.009185386,0.04896506,-0.007504673,-0.06307792,-0.22083762,0.02691064,-0.033829723,0.0023994194,0.0033147593,-0.016298719,-0.07278006,0.03432027,-0.0064816466,0.0067024226,-0.014848846,0.0088564,-0.0029071837,0.025975348,0.003744084,-0.005565027
28/12/2018,-0.36,-0.001352822,-0.006209912,-0.0030051284,-0.0009253403,-0.0013951233,-0.053986143,-0.116853304,-0.16649061,-0.06628926,-0.06346585,0.009107002,0.057906896,0.012396828,-0.03977639,-0.43024418,0.01891605,-0.047924887,0.00058071455,0.0028465274,0.0034296545,-0.077938884,0.03177791,-0.006481198,0.0067170304,-0.014849018,0.008856382,-0.0029386007,0.025877586,0.0037440842,-0.004844495
31/12/2018,-0.1,-0.0018387965,-0.0035488822,-0.0023557488,-0.0009253403,-0.0014101856,-0.051255886,-0.0609369,-0.058273725,0.016053313,-0.038679678,-0.14462475,0.08929432,-0.13164668,-0.0061301515,-0.42906737,0.023631837,-0.036380224,0.0020031712,0.0034301132,0.0025070047,-0.08523959,0.03143295,-0.006479578,0.0067055863,-0.014849366,0.008856391,-0.002923684,0.025997134,0.003744084,-0.0018582029
2/1/2019,-0.24,-0.0011511318,-0.0005613744,-0.00093561044,-0.00046248955,-0.000786549,0.011476955,-0.03784397,0.0056147035,0.0076299654,0.028619345,-0.071367025,0.0729234,-0.04964628,0.005452482,-0.51718473,0.023801118,-0.0362538,0.002187454,0.003506367,-0.008703236,-0.08991321,0.034796376,-0.0064807525,0.0067178505,-0.014850427,0.008856391,-0.0029210674,0.0260021,0.003744084,-0.007961836
3/1/2019,0.2400000000000002,0.0008874223,4.3662214e-05,-0.0005621636,-0.00046248955,-0.000786549,0.021862756,0.019503592,0.016905028,0.10382838,0.04580653,0.058979433,0.08648848,-0.0909295,0.00048217515,-0.4764443,0.02391555,-0.034877528,0.0031251705,0.0041436357,0.008059432,-0.09236834,0.037899368,-0.006483775,0.0066757044,-0.014850928,0.008856391,-0.002921121,0.026145821,0.0037440832,-0.004350425
4/1/2019,0.7200000000000006,-0.0014551841,-0.001704936,-0.0014630158,-0.00046248955,-0.000724241,0.0078124576,-0.039610576,-0.011876244,-0.06926569,-0.0039079026,-0.011356414,0.027075479,0.11081553,-0.014922401,-0.28778067,0.026082983,-0.046964034,0.0019092477,0.0032503286,0.007317556,-0.08829612,0.038308106,-0.0064850003,0.006637877,-0.014851028,0.008856391,-0.0029228847,0.026003618,0.003744084,-0.0115442835
7/1/2019,0.1099999999999994,-0.0037104802,0.00046700204,-0.0007549879,-0.00039616536,-0.00061805145,0.025502859,0.04766156,0.020267427,-0.044451263,0.04166425,-0.13501146,-0.05817349,0.1047508,0.0037816006,-0.45856953,0.02786087,-0.065490685,-0.00060753064,0.0012698132,0.0316464,-0.07800816,0.03472117,-0.006488451,0.006661989,-0.014851416,0.008856391,-0.002930006,0.025538735,0.0037440849,-0.008279641
8/1/2019,0.1099999999999994,-0.00022980057,0.0016843291,-0.0010173082,-0.00030780447,-0.00075249246,-0.0062098694,0.014242292,-0.00073493086,0.012186412,0.01041593,0.02964545,-0.03457774,-0.23040451,0.035526115,-0.6742403,0.030331137,-0.067920126,-0.00036284621,0.0008995955,0.021622568,-0.07531262,0.03600351,-0.0064917477,0.006665355,-0.014854913,0.008856391,-0.002921688,0.025436105,0.003744085,-0.0064378316
9/1/2019,-0.2,-0.0004867869,0.0007374554,-0.0015908766,-0.00030780447,0.0006948275,-0.01940208,-0.062289927,-0.10212376,-0.08311299,0.07344004,0.0834564,-0.013346615,-0.19912308,0.041689936,-0.5918385,0.030889064,-0.07485751,-0.00072413165,0.00064447016,0.020804191,-0.07260392,0.03889177,-0.0064916424,0.0066972394,-0.017113551,0.008856391,-0.002923098,0.025406366,0.0037440856,-0.0061732833
10/1/2019,0.1099999999999994,-0.000623617,-0.0016723749,-0.0010116828,-0.00030780447,-0.0006447818,-0.004112759,-0.020753818,0.005299347,0.0067380005,0.0070197633,0.10910118,0.05514362,-0.15278459,0.06421866,-0.5394337,0.03139234,-0.067429036,-0.0005700059,0.0008814868,0.021766715,-0.07547426,0.040452827,-0.006488884,0.006704902,-0.01935602,0.008856391,-0.0029212355,0.025441488,0.003744085,-0.007098653
11/1/2019,-0.03,-0.00055044284,-0.001466944,-0.0011584966,-0.00030780447,-0.0006447818,-0.013986962,-0.027177507,-0.07307422,0.0038015144,-0.020902092,0.15457655,0.0032833673,0.005983857,0.030269077,-0.5915971,0.031727817,-0.07699996,-0.00091365946,0.00051986275,0.01661763,-0.07737583,0.039108835,-0.0064821495,0.0067581832,-0.021614034,0.008856391,-0.002923443,0.025410388,0.0037440856,-0.007555777
14/1/2019,0.4100000000000001,0.0025861792,0.00076644035,-0.00080993684,-0.00030780447,-0.0007030827,0.02888214,0.018039387,0.016853249,-0.044227682,0.025460813,0.023981739,0.019720517,0.22815889,0.046077106,-0.3083315,0.0287141,-0.08496536,-0.0015069983,0.0004527811,0.030122872,-0.08306229,0.035763368,-0.0064757057,0.006750729,-0.021613432,0.008856391,-0.0029379053,0.025438676,0.0037440856,-0.0071696714
15/1/2019,0.01,-0.00046076986,-0.00060085836,-0.0011118213,-0.00030780447,-0.00061518414,-0.023127828,-0.03601023,-0.029618466,-0.005423367,-0.029215226,-0.07447362,-0.033893105,0.21269204,0.082734,-0.8767613,0.028691472,-0.111781605,-0.0022562135,-0.0007357309,0.041858297,-0.081331,0.03298828,-0.0064786174,0.0067900014,-0.0238701,0.008856391,-0.0029302053,0.025299724,0.0037440863,-0.0071652425
16/1/2019,-0.32,-0.0005411394,-0.0017548074,-0.0018549659,-0.00030780447,-0.00079354306,-0.008634219,-0.04390205,-0.05784531,-0.07667409,-0.049736653,-0.17848526,0.045670055,0.047767274,0.08137593,-0.81050855,0.019399473,-0.10955239,-0.0027178514,-0.00038987538,0.05222671,-0.070856705,0.034054503,-0.0064866026,0.0068173963,-0.023869133,0.008856376,-0.0029520495,0.025350234,0.003744086,-0.003840392
17/1/2019,0.1799999999999997,-0.0002957513,0.00088643515,-0.0011840172,-0.00030780447,-0.00069480145,0.010908979,0.009640419,0.028509803,0.10869877,-0.0013848243,-0.1678377,0.09651507,-0.16605747,0.102298476,-1.005194,0.02927887,-0.08820871,-0.0011028851,0.00016647227,0.045101188,-0.048406146,0.03760896,-0.006487444,0.0069154934,-0.023869598,0.008856391,-0.0029227594,0.02535195,0.0037440858,-0.0016831353
18/1/2019,-0.1,0.00033509862,0.00012789565,-0.000792067,-0.00030780447,-0.0005824739,0.02170431,-0.0016450627,0.044558335,0.0037324708,0.011355931,-0.0946634,0.043642018,0.17874213,0.07215711,-0.77337825,0.026514614,-0.10193133,-0.0023513744,-0.0002792985,0.04223626,-0.073119685,0.036666766,-0.006486118,0.0070201685,-0.023868917,0.008856381,-0.0029406848,0.025320327,0.003744086,-0.005515286
22/1/2019,0.04,-0.00031797716,-0.0009955954,-0.0009030334,-0.00030780447,-0.0006447818,0.010908979,0.0050682705,0.013583499,-0.0066977064,-0.008981113,0.030274889,0.045869276,0.12586614,0.0067125503,-0.61488175,0.026961168,-0.08315814,-0.0018991596,5.5102435e-05,0.014448375,-0.076213405,0.034572814,-0.0064860163,0.007050914,-0.023868475,0.008856381,-0.0029386801,0.025268868,0.0037440858,-0.007834516
23/1/2019,0.01,-0.00054107915,-0.0010582242,-0.00087352877,-0.00030780447,-0.0006447818,0.029600939,0.019890914,0.023173343,-0.007640561,0.0013679988,0.06389936,0.03068837,0.36820737,0.032642998,-0.3672158,0.031955175,-0.08800682,-0.0018223753,-4.0048817e-05,0.027321914,-0.09069294,0.03221801,-0.006481489,0.00713349,-0.023868002,0.008856391,-0.0029290235,0.025309328,0.0037440858,-0.0066794613
24/1/2019,-0.54,-0.00065398833,-0.0013931902,-0.0012037837,-0.00030780447,-0.00071471446,0.01025404,0.0050682705,0.0019600317,-0.07530818,-0.014647314,0.08381326,0.051406298,0.20437191,0.032871652,-0.45822188,0.033197332,-0.0786561,-0.001496836,0.00022233718,0.018176217,-0.09439424,0.028845452,-0.006478767,0.007230769,-0.023868632,0.008856391,-0.0029228686,0.025316887,0.0037440858,-0.008634128
25/1/2019,0.3499999999999996,-0.0006151934,0.0030086676,-0.00079132715,-0.00024148032,-0.0007509714,0.02308873,0.10105386,0.077184245,0.17456095,0.039154995,-0.39554274,0.010311963,0.18262768,-0.022573205,-0.7276347,0.022132505,-0.062474135,-0.00093036983,0.0012095313,0.038230617,-0.08408939,0.026599701,-0.006487171,0.0072151287,-0.023871336,0.008856381,-0.0029434536,0.025436824,0.003744085,0.00028199962
28/1/2019,-0.1,-0.00047455533,-0.00018618478,-0.0009846712,-0.00030780447,-0.0006886634,0.027916737,0.031960286,0.058627088,0.012671228,0.013158777,-0.0024648905,-0.027403215,0.5928669,-0.022065638,-0.4245612,0.028483624,-0.06498157,-0.0009701223,0.0005722902,0.0130877895,-0.07986881,0.02488595,-0.006491726,0.007240879,-0.023875361,0.008856391,-0.0029228344,0.02535455,0.0037440856,-0.011348709
29/1/2019,-0.16,-0.0009672817,-0.0013352642,-0.0012016062,-0.00030780447,-0.0007509714,-0.004079542,0.029905297,0.011329196,-0.03974456,-0.0029138152,-0.033983264,0.0030663281,0.36318803,-0.049824692,-0.48134363,0.026917845,-0.05020555,-0.00023613969,0.0012862053,0.00044743848,-0.08059892,0.02607595,-0.0064919246,0.0072866697,-0.023880024,0.008856391,-0.0029212045,0.025487497,0.0037440849,-0.011202401
30/1/2019,0.2,-0.0012988667,-0.00037304536,-0.00097569614,-0.00046248955,-0.000786549,0.042036954,0.033337813,0.063859925,0.05217859,0.050691664,-0.01037958,0.04042587,0.45525536,-0.03307791,-0.22909069,0.025762765,-0.048320584,0.0003091102,0.0019933914,0.011192205,-0.11720743,0.025695018,-0.0064935684,0.0072639855,-0.021624139,0.008856391,-0.0029228278,0.02567186,0.0037440844,-0.010553889
31/1/2019,-0.13,-0.0007957847,-0.0012902988,-0.0011128853,-0.00046248955,-0.000786549,-0.007553587,-0.042601746,-0.0018228425,-0.025029415,-0.012538042,0.053022545,-0.019634124,0.39407387,-0.06392163,-0.31889927,0.02677145,-0.05000553,0.00015900374,0.0017133873,-0.01624174,-0.10353042,0.025764043,-0.0064908634,0.007265717,-0.01936802,0.008856391,-0.002921211,0.025594497,0.0037440846,-0.010982679
1/2/2019,0.25,-0.00087903434,-0.0009679096,-0.0010446219,-0.00046248955,-0.0006483915,-0.009647285,0.0071728565,0.020219138,0.006009422,0.007093348,0.02380709,0.019994305,0.21032256,-0.076568276,-0.36848205,0.024824694,-0.042946167,0.0008758677,0.0023302033,-0.003848006,-0.10070102,0.026363444,-0.006490065,0.0072779334,-0.017106453,0.008856391,-0.0029212271,0.025749601,0.0037440844,-0.009646504
4/2/2019,-0.03,-0.0015507898,-0.0021038188,-0.0017126324,-0.00030780447,-0.0012851648,-0.008438379,-0.017357022,0.01085365,-0.025461372,-0.018410994,0.06664773,-0.043197352,0.32379428,-0.097234234,-0.41621706,0.026586818,-0.05023409,0.00039599466,0.0017828391,-0.003548151,-0.09431092,0.025972517,-0.0064900774,0.007331035,-0.017109746,0.008856391,-0.00292124,0.02561361,0.0037440846,-0.008062013
5/2/2019,0.08,-0.0017940883,-0.0010933231,-0.0012581281,-0.00030780447,-0.0014538419,-0.0018821143,0.0037403435,0.022291943,-0.033521447,0.0016805003,0.10502696,-0.0037748283,0.18325031,-0.08493454,-0.3289271,0.0250715,-0.046477187,0.0003032597,0.001810553,-0.0107481815,-0.088316746,0.026810175,-0.006488583,0.0074054934,-0.01484713,0.008856391,-0.0029213321,0.025627501,0.0037440846,-0.009097552
6/2/2019,-0.17,-0.002027375,-0.002714175,-0.001886039,-0.00030780447,-0.0013915339,-0.00015293302,-0.017357022,0.01938226,-0.059782375,-0.009091246,-0.0067230463,-0.026510132,0.25539264,-0.09186109,-0.28170493,0.02055482,-0.05943583,-0.00047086537,0.001768665,-0.0027183765,-0.08334229,0.026628315,-0.006489237,0.007469796,-0.01484801,0.008856381,-0.0029404447,0.025652107,0.0037440846,-0.007989972
7/2/2019,-0.02,-0.00078035204,-0.0011992442,-0.0013207594,-0.00030780447,-0.0006645211,-0.0056187464,-0.017357022,-0.0038111594,-0.02163365,-0.020477446,0.24210863,0.06975016,-0.124573216,0.0010495166,-0.4634952,0.028371584,-0.04388167,0.00085254817,0.0018813292,0.018841516,-0.08554097,0.030315256,-0.006482506,0.0075042704,-0.014846959,0.0088564,-0.0029063693,0.025641028,0.0037440846,-0.0036508115
8/2/2019,-0.04,-0.0002519172,-0.00058572384,-0.001060513,-0.00030780447,-0.0006447818,0.0067789224,-0.017357022,0.033147026,-0.0039008323,-0.008681533,0.115670145,0.08833997,-0.10970548,0.02986267,-0.6208252,0.025388194,-0.050690893,0.00015652638,0.0017705573,0.018824337,-0.087002285,0.03478842,-0.006478307,0.0075751003,-0.0148475235,0.008856391,-0.0029228246,0.025636857,0.0037440846,-0.010276303
11/2/2019,0.1799999999999997,-0.0001436365,-0.0005896194,-0.0009806711,-0.00030780447,-0.0007509714,0.0017809542,0.017639084,0.017954994,-0.015362826,-0.013923402,0.057910424,0.043544706,0.076721676,0.011882462,-0.4703757,0.02420824,-0.052577313,-0.0001583664,0.0016610047,0.029602848,-0.09828613,0.030691369,-0.0064775413,0.0075101797,-0.014847801,0.008856391,-0.0029306244,0.025613321,0.0037440846,-0.006571682
12/2/2019,-0.1,-0.0008449709,-0.0017138567,-0.00116876,-0.00030780447,-0.0006524064,0.007964344,0.017639084,0.01546127,-0.024164958,0.001854206,-0.07496277,0.031685334,-0.05932911,0.0033078073,-0.6122292,0.026832547,-0.059569504,-0.00041392678,0.0011655518,0.0006328163,-0.101963155,0.02905132,-0.006477346,0.0075092074,-0.0148480795,0.008856391,-0.0029230798,0.02551668,0.0037440849,-0.011310507
13/2/2019,-0.14,-0.0005423405,0.00035334803,-0.0007226844,-0.00030780447,-0.0006447818,0.011445405,-0.04603426,-0.0005872616,0.027975952,0.009982236,-0.042638477,0.0763975,-0.40047395,0.007516784,-0.5632533,0.028814835,-0.04481613,0.0007488376,0.0017712838,-0.0020332404,-0.10443023,0.03476271,-0.006479264,0.007482649,-0.014848374,0.0088564,-0.0029057981,0.025580794,0.0037440846,-0.006802411
14/2/2019,0.5300000000000011,5.378039e-06,-9.046588e-05,-0.0010675082,-0.00030780447,-0.0007509714,0.031076092,0.017639084,0.12123925,0.13340949,0.06479453,-0.17034388,0.11418804,0.06938973,0.02792935,-0.5647371,0.01887847,-0.053513438,-0.00024982088,0.0019482094,0.0099725975,-0.108477324,0.03747742,-0.0064822054,0.0074204607,-0.014848143,0.008856381,-0.0029400676,0.025676442,0.0037440846,-0.010624631
15/2/2019,0.21,0.0010432407,0.003019915,-0.000676148,-0.00024148032,-0.0012925608,0.1064504,0.05769637,0.11476378,0.17096105,0.040363498,-0.17699283,0.0874513,0.36991924,0.04139795,-0.8361416,0.027239298,-0.08586122,-0.0021363122,0.00013209351,0.04298775,-0.09148163,0.037833553,-0.006488836,0.007399729,-0.014848005,0.008856384,-0.0029469158,0.025317423,0.0037440858,-0.012865328
19/2/2019,0.09,-0.0009403634,-0.0009589441,-0.0020689007,-0.00077065505,-0.0013005412,0.07772592,0.0734445,0.018720722,-0.047781993,-0.005280925,0.110941,0.09463781,0.05819151,0.04649636,-0.60160804,0.029594531,-0.0902573,-0.0021557293,-5.7253194e-05,0.04141616,-0.07741279,0.04205416,-0.0064934427,0.007392951,-0.014847638,0.008856391,-0.0029391784,0.025323046,0.0037440858,-0.012843037
20/2/2019,-0.2,-0.0012221603,-0.0027334553,-0.0027336357,-0.00077065505,-0.0013739044,-0.1006179,-0.06929162,-0.11884255,-0.044585936,-0.08986706,-0.00073300925,0.05217212,-0.19287129,0.044498716,-0.43919522,0.027266216,-0.09130038,-0.002148249,-0.00012398764,0.024800347,-0.065540105,0.041525394,-0.006498477,0.0073436718,-0.014847183,0.008856381,-0.0029398813,0.02527979,0.0037440858,-0.00826631
21/2/2019,0.13,-0.0010020812,-0.0024975084,-0.0025226623,-0.00077065505,-0.0012017997,-0.040461183,-0.020188224,-0.076808065,-0.077121995,-0.07062111,0.11328487,0.089228794,-0.30701226,0.07737631,-0.48075387,0.031137267,-0.07392815,-0.0012098424,0.00037574072,0.021063752,-0.05403951,0.040107436,-0.0065001873,0.0072887554,-0.01484695,0.008856391,-0.0029231815,0.025279298,0.0037440856,-0.0070938696
22/2/2019,-0.27,-0.0018554968,-0.00289886,-0.0031841404,0.0029587399,-0.0012593985,-0.05660779,-0.13021898,-0.12991543,-0.21779273,-0.07142442,0.13684031,0.09755165,-0.00087946287,0.030235713,-0.31193465,0.021420533,-0.09205135,-0.0026496833,0.0004112253,0.034971096,-0.054639976,0.038812615,-0.006498426,0.0072144764,-0.014846399,0.008856377,-0.0029493943,0.025365539,0.0037440858,-0.0033584444
25/2/2019,-0.22,-0.0009727643,-0.0022803126,-0.0024378523,-0.00077065505,-0.0013398064,-0.04243719,-0.1392501,-0.10605882,-0.13216414,-0.076237395,-0.12421118,0.094769165,-0.09775469,0.044134844,-0.49357167,0.025462897,-0.074470036,-0.0015180061,0.00065812777,0.011127356,-0.020814214,0.036057208,-0.006495907,0.0071348045,-0.014846025,0.008856381,-0.0029401619,0.025315491,0.0037440856,-0.004156436
26/2/2019,0.03,0.000111773115,-0.0018447124,-0.0021352354,-0.0008542794,-0.0016260452,-0.095695324,-0.043195806,-0.10107975,-0.14529131,-0.05570683,-0.12801872,0.15293236,-0.009927627,0.11552061,-0.5243091,0.027587658,-0.05576528,-0.00034264478,0.001201195,0.013564909,-0.0730626,0.036760613,-0.006496914,0.007139611,-0.014845803,0.008856391,-0.0029213792,0.025416788,0.0037440849,-0.0034769292
27/2/2019,-0.13,-0.0004847954,-0.006756239,-0.0034495823,0.006842414,-0.00046518966,-0.020383103,-0.052081313,0.019559193,0.07535155,0.09319768,0.011046836,0.17262459,0.15324955,0.1286764,-0.19433334,0.030469706,-0.051943466,7.4612726e-05,0.0013661024,0.05209165,-0.03715188,0.038650524,-0.006497372,0.007140159,-0.014845519,0.0088564,-0.0029082585,0.0254706,0.0037440849,-0.0024109436
28/2/2019,-0.16,-0.0014714147,-0.0026645376,-0.0019363938,-0.0009253403,-0.0015784294,-0.06320104,-0.0351412,-0.094330974,-0.038895205,-0.060363457,-0.32855734,-0.010509308,0.041885033,-0.0822229,-0.68894905,0.025523365,-0.04811762,-0.00019292194,0.001430428,0.0072674644,-0.08470961,0.030288493,-0.006497928,0.007106077,-0.014845647,0.008856391,-0.0029230164,0.025476286,0.0037440849,-0.007251481
1/3/2019,-0.26,-0.0014723808,-0.0032800552,-0.0016419286,-0.0009253403,-0.0014966358,-0.053483326,-0.12318938,-0.10195732,-0.073871225,-0.07264432,-0.106254816,0.034308564,0.022124741,-0.06979299,-0.72432035,0.023435613,-0.040919907,0.00059476437,0.002190721,-0.0022935777,-0.07975176,0.023517804,-0.006496311,0.0071613262,-0.014845862,0.008856391,-0.0029209892,0.025666378,0.0037440844,-0.007249563
4/3/2019,0.08,-0.0015035596,-0.004524095,-0.0013236474,-0.0009253403,-0.0013584783,-0.052161835,-0.039729446,-0.034802135,-0.01953585,-0.042104032,-0.008944896,0.06701704,0.061716396,-0.074301206,-0.4764385,0.021805625,-0.038668964,0.0015125506,0.0031033757,0.025836136,-0.08728301,0.025317406,-0.006492821,0.007105751,-0.014846257,0.008856391,-0.0029171736,0.025849897,0.0037440842,-7.126871e-05
5/3/2019,-0.28,-0.0023472959,-0.0046345894,-0.00247173,-0.0009253403,-0.0020308287,-0.039668895,-0.15822586,-0.060812563,-0.040566847,-0.08104607,0.13660869,0.034514476,0.20661181,-0.052502688,-0.32001427,0.025305491,-0.044872276,0.0018212596,0.0031991485,0.052270122,-0.092575066,0.024182988,-0.0064935465,0.007056967,-0.014846333,0.008856391,-0.0029228139,0.025956977,0.003744084,0.0010401943
6/3/2019,-0.02,-0.0009770519,-0.0015607965,0.00020500518,-0.00046248955,-0.0014894195,0.01717281,0.019503592,-0.0033119682,-0.019690957,0.09068582,0.011937126,0.024723092,-0.017199432,-0.09443028,-0.39241698,0.023980055,-0.036213756,0.00315114,0.004171416,0.076072164,-0.091390595,0.025134305,-0.0064955074,0.0070089516,-0.014846836,0.008856391,-0.0029218036,0.026096996,0.0037440837,0.024087895
7/3/2019,0.04,-0.0006360585,0.0025450722,0.00037783626,-0.00021690324,-0.00076665514,0.03459654,0.040141348,-0.04859539,0.008427783,0.018896954,-0.05595356,-0.004324683,-0.047821715,-0.10184128,-0.39940292,0.018057879,-0.04207424,0.0031241525,0.0044032424,0.09004827,-0.08766399,0.025404027,-0.006497116,0.006944956,-0.014847598,0.008856381,-0.0029422643,0.02614352,0.0037440832,0.027475169
8/3/2019,0.1099999999999994,0.0012053939,0.0039962367,0.0015964563,-0.00021690324,-6.909913e-06,0.053470243,0.04769063,0.1096772,0.11948618,0.046167202,0.117546394,0.104298115,-0.12636843,0.01719389,-0.34743303,0.024163079,-0.041227452,0.0034094455,0.0044413093,0.056626506,-0.08466764,0.027732028,-0.006489873,0.0068557877,-0.0148480395,0.008856391,-0.0029228772,0.026232572,0.0037440832,0.0085484255
11/3/2019,0.04,-0.00038941554,0.00029874124,-0.0008834417,-0.00046248955,-0.0007000988,0.026189163,0.052379794,0.027881972,0.0185281,0.04419079,-0.008426168,0.04385191,-0.3886517,-0.005946569,-0.4798654,0.024427518,-0.037745442,0.0029524302,0.00402298,0.00042695526,-0.08542283,0.031364407,-0.006483696,0.0067737466,-0.014848897,0.008856391,-0.0029211543,0.026120367,0.0037440837,-0.0043504843
12/3/2019,0.03,-0.00020534203,-0.00048654078,-0.0007152946,-0.00046248955,-0.0007444808,0.023597205,0.052379794,0.01419848,0.008504858,0.010204478,0.009799039,0.059547167,-0.25840092,-0.0053160507,-0.36629847,0.024420593,-0.04320793,0.002129344,0.0035230312,0.0064381654,-0.08441899,0.0326488,-0.006484807,0.006699492,-0.014849439,0.008856391,-0.0029229221,0.026073588,0.0037440837,-0.009098288
13/3/2019,0.05,-0.00080434774,-0.001120162,-0.001460747,-0.00046248955,-0.000786549,-0.0030032746,0.0060636615,-0.0077200923,0.044504352,-0.011122219,0.015951762,0.06318859,-0.25457382,-0.00819555,-0.38691866,0.02473596,-0.044650283,0.0021236115,0.0034355565,-0.0028696456,-0.086155765,0.033131287,-0.0064828377,0.0066283983,-0.014849805,0.008856391,-0.0029229242,0.02606361,0.003744084,-0.011235941
14/3/2019,0.1099999999999994,-0.0005307647,-0.00035662466,-0.0012823778,-0.00046248955,-0.000786549,0.0054409555,0.0060636615,-0.0058410256,0.001030871,0.0031100584,-0.05645237,0.042074148,-0.29220304,-0.013302361,-0.44503617,0.025335146,-0.046149235,0.0013232296,0.002914927,-0.0065423255,-0.08403277,0.033783548,-0.00648347,0.006611603,-0.014850387,0.008856391,-0.0029229135,0.025941927,0.0037440842,-0.011477757
15/3/2019,0.3200000000000003,-0.00062494824,-0.00020642071,-0.0011682512,-0.00046248955,-0.000786549,-0.008808781,0.0037403435,-0.019518478,0.052812457,0.007876093,-0.060319208,0.011929149,-0.3138987,-0.044853084,-0.48566154,0.026046466,-0.047497578,0.0010864391,0.0025137893,-0.03034437,-0.08154167,0.035358906,-0.0064854715,0.0065770755,-0.014850948,0.008856391,-0.0029212935,0.025854483,0.0037440844,-0.013187256
18/3/2019,-0.06,-0.0004950142,-0.0007838154,-0.0011522304,-0.00030780447,-0.0005824739,0.009423949,0.024062766,0.031398468,0.060815353,0.003853682,-0.06978808,-0.02593174,-0.16394487,0.01861851,-0.57379496,0.03000556,-0.06592707,-0.00065922417,0.0010943213,0.0040048435,-0.07941496,0.034395505,-0.0064852373,0.006646241,-0.014851201,0.008856391,-0.0029229233,0.02553014,0.0037440849,-0.010915705
19/3/2019,-0.04,-0.00029680078,-0.00041451227,-0.0009239299,-0.00030780447,-0.0006447818,-0.01393863,-0.020753818,0.020509465,0.01954667,-0.01597286,-0.17123994,-0.0043516723,-0.30164415,0.028039152,-0.5534026,0.031455256,-0.053053677,0.00029258413,0.0013208112,-0.0007587108,-0.080187626,0.033537954,-0.006483514,0.0066612735,-0.01485295,0.0088564,-0.0029058808,0.025490763,0.0037440849,-0.006285207
20/3/2019,-0.24,-0.00016876814,-0.0011487013,-0.001189519,-0.00030780447,-0.0006447818,-0.010169061,0.017489517,-0.008731362,-0.074172646,-0.021939294,-0.13288365,0.06240959,-0.3258021,0.0789202,-0.43768474,0.03452264,-0.0589537,0.00023667952,0.0011984475,0.014667274,-0.080014996,0.03588356,-0.0064793965,0.0067046057,-0.014852875,0.0088564,-0.002900853,0.025511729,0.0037440849,-0.006186033
21/3/2019,0.07,0.00048675516,0.00047468854,-0.0005194822,-0.00030780447,-0.0006447818,0.024574092,0.029059578,0.008811733,0.09066284,0.030459912,-0.18327373,0.06304963,-0.22005083,0.062142845,-0.7090195,0.027542753,-0.051641263,0.00020408594,0.0016984995,-0.006019645,-0.08926214,0.03678094,-0.0064784465,0.0067655714,-0.014853228,0.008856391,-0.0029215978,0.025578422,0.0037440849,-0.007113801
22/3/2019,-0.09,-0.00014660638,-0.0013814364,-0.00091127894,-0.00030780447,-0.0006447818,0.019272324,0.030979559,0.0069326605,0.049120344,0.018393703,-0.0156213725,0.008470611,0.019467663,0.024293767,-0.5658732,0.030071676,-0.06079376,-0.00036484996,0.0010982001,0.0007513653,-0.09153936,0.036905535,-0.006479831,0.006758908,-0.014852786,0.008856391,-0.0029218066,0.025461191,0.003744085,-0.009333887
25/3/2019,0.1099999999999994,0.0034531895,0.0015117669,-0.0005455385,-0.00030780447,-0.0006762327,0.014502075,0.030979559,0.0069326605,0.007562971,0.0062530083,-0.26260102,0.007354111,0.0782538,0.00521589,-0.5479766,0.02447176,-0.05839,-0.00048767866,0.0014990827,-0.0034529013,-0.100238785,0.03378057,-0.006475969,0.006732027,-0.0148525825,0.008856385,-0.0029403665,0.025542721,0.0037440849,-0.004835758
26/3/2019,-0.01,-0.00083202205,-0.00049091404,-0.0009985183,-0.00030780447,-0.0006447818,0.013679612,0.039280355,-0.012205165,-0.02790597,-0.0036476029,-0.1698807,-0.0029561762,0.1259991,-0.0081485575,-0.4652182,0.028486937,-0.058771282,-0.0003615979,0.0011589212,0.015829273,-0.10610986,0.0307332,-0.0064753927,0.0067093396,-0.014851915,0.008856391,-0.0029244984,0.025468186,0.0037440849,-0.0054419497
27/3/2019,-0.05,-0.0004576593,-0.0003282844,-0.0009216322,-0.00030780447,-0.0006447818,0.012896965,0.04863592,-0.008414029,-0.08049164,0.019299556,-0.11488156,-0.0043811863,0.14070506,-0.013527003,-0.5341433,0.029422278,-0.05868289,-0.0004172646,0.001204731,0.03493648,-0.11200243,0.029369975,-0.006479373,0.0066766073,-0.014851353,0.008856391,-0.0029229394,0.025467394,0.0037440849,-0.006961441
28/3/2019,0.0,-0.0005544042,-0.0004983739,-0.0010569898,-0.00030780447,-0.00071471446,-0.00039300745,0.04863592,-0.00892115,0.00091286475,0.0086533595,-0.03246794,0.029339865,-0.03626959,-0.009493302,-0.6191595,0.025903923,-0.046117425,0.00061155297,0.0020959512,-0.0010559557,-0.112735815,0.029981969,-0.0064777206,0.0066660857,-0.0148512395,0.008856391,-0.0029211403,0.025644474,0.0037440846,-0.006627992
29/3/2019,0.1400000000000005,-0.0003993496,0.00016636262,-0.00091083505,-0.00030780447,-0.0007359091,0.0022828556,0.06154845,-0.0033929548,0.058523882,0.027160434,-0.017099343,0.022843203,0.16435196,-0.019929415,-0.393331,0.026393043,-0.050391138,0.00036025938,0.001996218,0.021677855,-0.104974575,0.03002231,-0.0064790873,0.0066631176,-0.014850784,0.008856391,-0.0029228837,0.02566928,0.0037440846,-0.008771753
1/4/2019,-0.01,-0.00022532512,-0.001281299,-0.0013247993,-0.00030780447,-0.0007509714,0.0020996535,-0.006950955,-0.014388957,-0.012091014,0.024220273,0.038399205,-0.02850917,0.3113334,-0.065609865,-0.44824502,0.027252564,-0.055082846,0.00010415248,0.0017551703,0.020863293,-0.10105087,0.026519543,-0.0064817276,0.006615544,-0.014850633,0.008856391,-0.0029228975,0.0256224,0.0037440846,-0.008679452
2/4/2019,-0.24,-0.00032106595,-0.0010166827,-0.0016167993,-0.00030780447,-0.0007509714,0.0046445783,0.039465643,-0.005457595,-0.022914613,0.02490768,0.05102528,0.005575672,0.24805154,-0.03366626,-0.38922778,0.02700195,-0.054399755,0.00015475515,0.001816772,0.015783556,-0.09592833,0.026005846,-0.006479833,0.0065643084,-0.014850411,0.008856391,-0.0029228965,0.025634224,0.0037440846,-0.008019188
3/4/2019,0.2900000000000009,-0.0008019546,-0.0007332545,-0.0013351992,-0.00030780447,-0.00061281386,0.004698058,0.079438254,-0.0034052646,0.08409581,-0.0004661852,-0.024864465,0.033543136,0.14244427,0.0057445364,-0.5259526,0.025312409,-0.042376038,0.0010241665,0.00253558,0.004255456,-0.100009084,0.026227523,-0.006478831,0.006531734,-0.014850427,0.008856391,-0.002921165,0.025736818,0.0037440844,-0.0046439636
4/4/2019,0.05,1.720748e-05,-0.0029419207,-0.001414215,-0.00030780447,-0.0011789754,0.0017353775,0.017639084,-0.006837246,-0.0028931804,-0.0192253,-0.03280806,-0.06966532,0.32856947,-0.044991482,-0.5199766,0.026850646,-0.059703596,-6.148999e-05,0.0012661528,0.025337355,-0.102987185,0.02419888,-0.006478093,0.006516945,-0.014850113,0.008856391,-0.0029232854,0.025501579,0.0037440849,-0.0033940724
5/4/2019,-0.19,-0.00021145344,-0.002516546,-0.0018456832,-0.00030780447,-0.0014608967,-0.001671364,0.017639084,-0.009178258,-0.061770637,-0.01979901,-0.00076946674,-0.04508825,0.28027093,-0.031835005,-0.40761065,0.028639706,-0.06320634,-0.0002927986,0.0011705301,0.04214044,-0.108685404,0.02059221,-0.0064790035,0.0065548075,-0.014849771,0.008856391,-0.0029244288,0.025483971,0.0037440849,-0.002826461
8/4/2019,0.21,-0.0009451416,-0.00071580854,-0.00093357445,-0.00030780447,-0.0007509714,-0.0047895177,0.017639084,-0.0014012277,0.10925494,-0.0023970597,-0.016110344,0.06711756,-0.114922754,0.06501171,-0.67517734,0.026264237,-0.05364103,0.0001459151,0.001588199,0.008245315,-0.113684244,0.025374325,-0.006477272,0.0065923864,-0.014848623,0.008856391,-0.002924672,0.025546491,0.0037440849,-0.0039818394
9/4/2019,0.03,-0.0007048713,-0.0021598826,-0.0011168218,-0.00030780447,-0.0006139247,0.016938196,0.0078186095,0.014697042,-0.0563175,-0.011903743,0.02771328,0.023589754,0.1847592,0.033829894,-0.5368679,0.029224915,-0.07349885,-0.0008595754,0.00060008984,0.018703958,-0.11431162,0.032382593,-0.006474943,0.0066768755,-0.014848198,0.008856391,-0.0029240216,0.025396155,0.0037440856,-0.008185631
10/4/2019,-0.15,-0.0009909528,-0.002971405,-0.0013005811,-0.00030780447,-0.00074352336,-0.011566565,-0.007987674,-0.05422622,-0.0047186143,-0.036484353,0.013657247,-0.009832191,-0.08063883,-0.0053464137,-0.80504745,0.028107874,-0.06958531,-0.00034688908,0.0009382668,0.008876262,-0.1174401,0.0314224,-0.0064727026,0.006758453,-0.014847905,0.008856391,-0.0029254628,0.0254251,0.003744085,-0.0027855868
11/4/2019,0.1099999999999994,0.0014496052,-0.00067001715,-0.0010100139,-0.00030780447,-0.0003748297,0.0062069735,0.0078186095,-0.0005872616,0.0061906287,-0.0072438186,-0.0131644085,0.02411704,0.028130952,0.0387582,-0.6080952,0.025083123,-0.0644316,-0.00056056364,0.0012746543,0.020097239,-0.12393193,0.028816776,-0.006468422,0.0068216594,-0.014848037,0.008856386,-0.0029400387,0.025488649,0.0037440849,0.001971933
12/4/2019,-0.11,-0.00031452178,-0.0028778345,-0.0014535474,-0.00030780447,-0.000655837,0.004748131,0.0078186095,0.023557262,-0.08960594,-0.022543173,0.13476968,-0.00085763243,0.25982782,0.020005891,-0.4089641,0.02868096,-0.07353646,-0.000850296,0.00089474797,0.045664415,-0.12558587,0.028109375,-0.006471157,0.006881911,-0.01484793,0.008856391,-0.0029301464,0.025440108,0.003744085,-0.001016785
15/4/2019,-0.15,-0.000750585,-0.001649683,-0.00084615656,-0.00030780447,-0.0007509714,0.0015494784,0.0078186095,-0.00892115,-0.13293575,-0.026962187,-0.04736465,0.115962,0.48685873,0.0295324,-0.8804539,0.0231937,-0.063184574,-0.0005638575,0.0016405601,0.043197423,-0.12923433,0.031125773,-0.0064706085,0.006914583,-0.014848057,0.0088563785,-0.0029516197,0.025564872,0.0037440846,-8.284586e-06
16/4/2019,-0.16,0.00011656911,-0.0029533124,-0.0011187057,-0.00030780447,-0.0007509714,-0.019682672,0.011065837,-0.008773185,-0.054656085,-0.06604385,-0.045343988,0.082992665,0.27286613,0.028428765,-0.470115,0.02591678,-0.050647974,0.0005001114,0.0021455884,0.0376543,-0.12981033,0.032216534,-0.0064736526,0.0069452603,-0.014848084,0.008856391,-0.0029284235,0.025648108,0.0037440846,0.0026965397
17/4/2019,0.4100000000000001,-0.00019289815,-0.0011842495,-0.0007328566,-0.00039142877,-0.0007382758,0.025201967,0.06931603,0.060741704,0.07239776,0.048460763,-0.103449516,0.04946066,0.23512283,-0.038073197,-0.33815366,0.024979979,-0.044612363,0.0012057564,0.002612466,0.05450605,-0.11965158,0.029551337,-0.0064865956,0.006963245,-0.014847993,0.008856391,-0.0029234001,0.025766522,0.0037440842,0.0038391843
18/4/2019,-0.22,-0.0020863982,-0.0023254757,-0.0020949468,-0.00077065505,-0.0019329434,-0.041527536,-0.059516028,-0.051656485,-0.06955268,-0.046290535,0.033052154,-0.047559734,0.35130575,-0.106903516,-0.33656293,0.026269846,-0.057552814,0.00034342575,0.0017936165,0.046467714,-0.10783991,0.0297675,-0.006491817,0.00698844,-0.01484788,0.008856391,-0.002923098,0.025638057,0.0037440846,0.00045512774
22/4/2019,0.1600000000000001,-0.0016838408,-0.0034522556,-0.00252096,-0.00077065505,-0.002012004,-0.057029784,-0.07341479,-0.08425247,-0.067444086,-0.05877636,-0.22411843,-0.016037919,0.047829952,-0.094146036,-0.22880577,0.023479568,-0.049841266,0.0005704376,0.0023236754,0.05561269,-0.10323132,0.026565678,-0.0064958623,0.0069461325,-0.014847953,0.008856388,-0.002936237,0.02574049,0.0037440844,-0.0010685996
23/4/2019,-0.02,-0.001975271,-0.0038970252,-0.002826104,-0.00077065505,-0.0017709188,-0.041472234,-0.07341479,-0.032911826,-0.1688451,-0.056519557,0.25003648,-0.022665108,0.2602927,-0.04209045,-0.23776163,0.026588777,-0.05924717,0.0002468483,0.0018065905,0.06722953,-0.09146821,0.02854467,-0.006496789,0.0069192154,-0.014847775,0.008856391,-0.0029262472,0.025654426,0.0037440846,0.0005020969
24/4/2019,-0.32,-0.0033731223,-0.0066462187,-0.0043876516,-0.0008542794,-0.0013619125,-0.045378335,-0.09513747,-0.12099066,-0.2248707,-0.0732429,0.21388805,0.048887197,-0.09663797,-0.021711024,-0.34995404,0.01450645,-0.06285089,-0.00014420087,0.0024531027,0.04044927,-0.085805595,0.037866365,-0.0064928215,0.0068236385,-0.014847451,0.008856377,-0.002958258,0.02581352,0.0037440844,-0.0044905236
25/4/2019,-0.1,-0.0025438461,-0.0054889587,-0.002972913,-0.00077065505,-0.0014610582,-0.04689075,-0.07233979,-0.10742102,-0.14854802,-0.054528587,0.23784557,0.10872572,-0.25553295,0.04208918,-0.56268674,0.023970999,-0.040259283,0.0017824266,0.003189897,0.023173315,-0.08871724,0.042128704,-0.0064911474,0.006754678,-0.014847565,0.008856391,-0.0029238642,0.025898712,0.003744084,0.0014936157
26/4/2019,-0.63,-0.0004168255,-0.009784854,-0.0050166612,-0.0009253403,-0.0014966358,-0.087986186,-0.15360731,-0.25326234,-0.117029384,-0.08596733,0.16724713,0.13576916,-0.05217312,0.06366897,-0.49278796,0.025295421,-0.042010996,0.0017098234,0.0031328597,0.02616355,-0.083043054,0.042654447,-0.006489291,0.0066920435,-0.014847564,0.008856391,-0.0029215657,0.025900712,0.0037440842,0.000255833
29/4/2019,0.7099999999999991,0.07790069,0.081249855,0.03218,0.097654685,0.030496564,0.48725268,0.5577877,0.4675051,0.45943967,0.4791926,-0.09152351,0.12776019,-0.02202533,0.00022430664,-0.27023563,0.026040861,-0.039780196,0.0039755865,0.004653518,0.124097005,-0.0822681,0.0428153,-0.0064945677,0.006625938,-0.014847697,0.008856391,-0.002924045,0.026184568,0.0037440832,0.03968037
30/4/2019,-0.13,-0.0018313249,-0.0007104055,-0.0008503961,-0.00039616536,-0.001272179,0.0027881109,-0.076026246,0.039494395,0.07570875,-0.06410564,-0.14454356,-0.052054428,0.1610493,-0.07063631,-0.32305542,0.029168412,-0.05007705,0.0003239208,0.0017537622,0.062836014,-0.085700996,0.040769137,-0.006496578,0.0065649278,-0.014848773,0.0088564,-0.0029191012,0.025595574,0.0037440846,-0.0015363237
1/5/2019,0.02,-0.0018313249,-0.0026959935,-0.001940886,-0.0009253403,-0.0012366013,-0.024550596,-0.076026246,-0.0049037705,0.00095180183,-0.058343507,0.13489425,0.060603593,0.11372276,0.023796923,-0.40460828,0.023721287,-0.04561034,0.00080127147,0.0025731646,0.03275426,-0.09036406,0.034379646,-0.006486677,0.006526259,-0.014849101,0.008856391,-0.0029197398,0.025748363,0.0037440842,-7.024648e-05
2/5/2019,-0.22,-0.0019551003,-0.0035639014,-0.0024497893,-0.00077065505,-0.0013230515,-0.045450404,-0.076026246,-0.07490325,-0.04962743,-0.058622357,0.14801824,0.079681695,0.12235253,0.0565287,-0.20308486,0.025840927,-0.049831856,0.0006147483,0.0024523998,0.017736845,-0.09206929,0.031883057,-0.006481381,0.0064756847,-0.014849202,0.008856391,-0.0029184432,0.025751634,0.0037440844,-0.0063644024
3/5/2019,-0.13,-0.0023954243,-0.0032682377,-0.0019691214,-0.00077065505,-0.0013230515,-0.04691589,-0.023814455,-0.02687355,-0.029224398,-0.05482182,0.039036874,0.057796948,-0.09752555,0.044692535,-0.36378554,0.027023291,-0.04354123,0.0020073093,0.003179951,0.005765073,-0.10025926,0.032676987,-0.0064829374,0.006403527,-0.014849885,0.008856391,-0.0029210588,0.025902573,0.003744084,-0.0014636916
6/5/2019,0.07,-0.0014215586,-0.00076271733,-0.0014540548,-0.00046248955,-0.000786549,-0.007456073,0.012487348,-0.025905399,0.0076578273,-0.012989647,0.13512093,0.064914435,-0.09133402,0.038168296,-0.32130024,0.026659153,-0.041836865,0.002501482,0.0036153602,-0.00804076,-0.09825254,0.035930295,-0.0064813225,0.0063531497,-0.0148503715,0.008856391,-0.0029210653,0.026008451,0.003744084,-0.0039240266
7/5/2019,-0.3,-0.0014048299,-0.0020517346,-0.001240476,-0.00046248955,-0.000786549,-0.00798632,0.0060636615,-0.022147754,-0.014349112,-0.0070416937,0.18951797,0.014667576,-0.0010326479,0.008181952,-0.27861515,0.027627116,-0.047868114,0.0021275342,0.0032163956,-0.0072933217,-0.0950568,0.036329415,-0.0064806635,0.0062852516,-0.014850867,0.008856391,-0.0029211992,0.02595058,0.003744084,-0.007768444
8/5/2019,0.13,-0.000110103254,7.6065684e-05,-0.0007286847,-0.00046248955,-0.00080512575,0.0020051566,0.012487348,-0.02624096,0.014560434,0.020699974,-0.010971473,0.042618386,-0.1187555,-0.0057382137,-0.5268428,0.024326893,-0.04022898,0.003478081,0.004294877,0.022946842,-0.09299133,0.03580173,-0.0064817383,0.006213959,-0.014852403,0.008856391,-0.0029242723,0.02615103,0.0037440832,0.0106069455
9/5/2019,-0.06,-0.0010032065,-0.0014920803,-0.0011482969,-0.00046248955,-0.000786549,0.009740781,0.0060636615,-0.011490498,0.012291257,0.0034790025,0.036353014,0.031313647,0.04473747,0.011981899,-0.34001082,0.026251826,-0.047067102,0.002605124,0.0037171356,0.012037775,-0.08705693,0.03677624,-0.0064816037,0.0061482494,-0.0148527585,0.008856391,-0.002922873,0.026085498,0.0037440837,-0.006605898
10/5/2019,0.1199999999999992,-0.00074600364,0.0009707985,-0.0006589586,-0.00046248955,-0.00056335493,0.0026083356,0.014676049,-0.0043222327,-0.012961906,0.03311555,-0.14239132,0.032759972,-0.24785474,0.00010553046,-0.5253477,0.024821684,-0.038416706,0.0031814468,0.0041131894,-0.0015937188,-0.08363625,0.038153987,-0.0064825793,0.006098036,-0.014854309,0.008856391,-0.0029216642,0.026122889,0.0037440837,-0.0034376686
13/5/2019,0.1,-0.00038581554,0.0006890617,-0.0008422117,-0.00046248955,-0.0006803595,0.021795012,0.0060636615,0.017318092,0.021767003,0.021561787,0.04219046,0.022550823,-0.047502104,-0.002601051,-0.4743927,0.025990339,-0.04863549,0.0022787016,0.0034707624,-0.0021261284,-0.07750328,0.04040332,-0.0064819576,0.006089095,-0.014854662,0.008856391,-0.002922889,0.026033126,0.003744084,-0.008586159
14/5/2019,-0.09,-0.00079852785,-0.0007147952,-0.0012916874,-0.00046248955,-0.000786549,-0.00483333,0.0060636615,-0.020719681,-0.068429984,0.022291156,-0.0016107581,-0.002477921,-0.12120471,-0.036733337,-0.3905573,0.02562858,-0.045967534,0.0023852238,0.0034043924,-0.024836535,-0.07273754,0.04019818,-0.006480205,0.0060412027,-0.014855264,0.008856391,-0.0029212774,0.026039353,0.003744084,-0.011921103
15/5/2019,-0.07,-0.00079852785,-0.00018333932,-0.0009581491,-0.00046248955,-0.000786549,-0.005033068,0.0060636615,-0.008770848,-0.03641336,0.009143353,0.000642715,0.042818494,-0.16961683,-0.016755907,-0.2890298,0.028659113,-0.03785799,0.0028951273,0.0034031535,-0.016851086,-0.07180148,0.041906103,-0.006471986,0.006000518,-0.014856087,0.0088564,-0.0029007546,0.026016533,0.003744084,-0.009887031
16/5/2019,-0.23,-0.00113321,-0.0002635491,-0.0011481092,-0.00046248955,-0.000786549,-0.005033068,-0.01696044,-0.020388756,-0.034100454,-0.01706903,-0.021907652,0.005243358,-0.17926265,-0.03611332,-0.44102713,0.025525898,-0.042073727,0.0027620473,0.0036899552,-0.030706976,-0.07208132,0.042142138,-0.0064714085,0.0059940643,-0.0148582,0.008856391,-0.0029211605,0.026057824,0.0037440837,-0.010044521
17/5/2019,0.07,-0.00081166363,-0.00035550227,-0.000957435,-0.00046248955,-0.0007239769,-0.0012473533,0.014676049,-0.028583284,0.038469255,0.011905498,-0.06617753,0.000256473,0.01678535,-0.0076123164,-0.6393277,0.025573002,-0.040514864,0.0029697183,0.0038099852,-0.015110413,-0.07869264,0.038652085,-0.006477151,0.0059458693,-0.014866736,0.008856391,-0.002921795,0.026054338,0.0037440837,-0.0039071
20/5/2019,0.1900000000000012,-0.00080035866,0.00055665453,-0.00062923145,-0.00046248955,-0.0004793641,0.017542424,0.021099735,0.012058788,0.050265364,0.012839988,0.10379296,0.020013653,0.2184561,-5.1786283e-05,-0.3654478,0.026371976,-0.046527512,0.0023166721,0.003512209,0.0039700493,-0.079798535,0.039243616,-0.0064742574,0.005940161,-0.014866107,0.008856391,-0.0029229242,0.026043328,0.003744084,-0.009282988
21/5/2019,-0.19,-0.0009038632,-0.0015885701,-0.0010899899,-0.00046248955,-0.000786549,-0.0033165216,-0.00522182,0.019832138,-0.054712415,-0.0014957221,0.0683341,-0.044760555,0.36402404,-0.063988596,-0.6660689,0.026751004,-0.055030752,0.0015072541,0.0028949901,0.014306313,-0.08141218,0.03971886,-0.006469869,0.0059315804,-0.014866852,0.008856391,-0.0029274365,0.025901364,0.0037440842,-0.006254948
22/5/2019,-0.05,-0.00035290912,-0.00017610518,-0.00070768537,-0.00046248955,-0.000786549,-0.005033068,0.0060636615,-0.011718546,-0.018356116,-0.003651478,-0.053022385,0.013164268,0.023309717,-0.020536514,-0.70201415,0.02638923,-0.041888896,0.0022349448,0.0033104625,-0.011179337,-0.08226528,0.040286344,-0.0064680455,0.0059413384,-0.014877096,0.008856391,-0.002921182,0.025933364,0.003744084,-0.00687056
23/5/2019,0.09,-0.00040008067,-0.0005264184,-0.0010245466,-0.00046248955,-0.00071421114,-0.005033068,0.014676049,-0.02151853,-0.013372853,-0.0024747206,-0.024051925,0.008690282,0.07998452,-0.013386368,-0.58467215,0.026732612,-0.042515375,0.0024775001,0.003488901,-0.015024656,-0.08029846,0.04223128,-0.006468812,0.005912322,-0.014878521,0.008856391,-0.0029211831,0.025972955,0.003744084,-0.00817386
24/5/2019,0.0,-0.00024879107,-0.00042653497,-0.00078894984,-0.00046248955,-0.0006991489,0.004656138,0.012352732,0.0028280928,-0.007900536,0.014110041,0.13885652,0.036711834,0.20816319,-0.029674737,-0.25205868,0.030586494,-0.04579965,0.0025458226,0.0032073993,0.011503384,-0.07933781,0.044433746,-0.006463293,0.0059463517,-0.014878026,0.0088564,-0.002907713,0.025968561,0.003744084,-0.007705825
27/5/2019,0.09,-8.5568456e-05,0.00037514968,-0.0006459054,-0.00046248955,-0.0006991489,0.015130189,0.012352732,0.0028280928,-0.023710476,0.012730399,-0.01315191,0.028636731,0.21721707,-0.046044078,-0.41787887,0.030408375,-0.046187036,0.0031095948,0.0036147323,0.046733845,-0.0744912,0.047173128,-0.0064586042,0.005969762,-0.0148768835,0.0088564,-0.0029098345,0.026042895,0.003744084,0.004498897
28/5/2019,0.1199999999999992,-0.00060742616,-0.0007325699,-0.00072011084,-0.00030780447,-0.00074120564,0.0137204435,0.0060636615,0.01461529,-0.05960044,0.0008663746,0.18274648,-0.015141803,0.2704842,-0.054999568,-0.38742423,0.028658792,-0.05520379,0.001542429,0.0027869164,0.019558202,-0.07574406,0.044173695,-0.0064583546,0.005988606,-0.014875661,0.008856391,-0.0029229296,0.025874006,0.0037440842,-0.0044111283
29/5/2019,-0.11,0.000112589754,0.00024589046,-0.00061627326,-0.00030780447,-0.00074120564,-0.0011324335,0.0060636615,0.017401716,-0.018064253,-0.0049713454,0.068907626,-0.01767193,0.058922086,-0.019964373,-0.4640155,0.031902507,-0.05155018,0.0016773712,0.0023079326,0.011619932,-0.07633089,0.04177054,-0.006455426,0.0060418667,-0.014875811,0.0088564,-0.0029060135,0.025731906,0.0037440844,-0.0068556163
30/5/2019,0.3399999999999998,0.00044711327,0.0018244225,0.00012584786,-0.00030780447,-0.00029969908,0.008568987,0.014676049,0.013307335,-0.0039668977,0.027629115,0.09841546,0.036393236,0.076839596,0.005137797,-0.47756267,0.027996661,-0.053486057,0.0015435476,0.0027504675,0.006136986,-0.078280315,0.04341167,-0.0064599747,0.0060937796,-0.014874575,0.008856391,-0.0029229082,0.025880272,0.0037440842,-0.009951885
31/5/2019,0.09,0.0007977282,0.0024768126,6.2322106e-05,-0.00024148032,-0.0005196832,0.031571355,0.033944014,0.07481754,0.019705616,0.05364735,0.05782374,-0.047460224,0.18207338,0.0006003427,-0.66947764,0.03238712,-0.07639639,6.899045e-05,0.0013913924,0.03195083,-0.08032828,0.04224544,-0.006468524,0.006233922,-0.014883879,0.008856391,-0.002924822,0.02559313,0.0037440849,-0.0035419813
3/6/2019,0.2300000000000004,0.0006460201,0.00011824074,-0.00034654944,-0.00030780447,-0.0005196832,0.005914905,0.043309513,0.0014618054,-0.005473144,0.017683515,0.09686235,-0.025010174,0.11358442,0.009056203,-0.70227873,0.032842696,-0.07890167,-0.00012401122,0.0010641858,0.043638274,-0.076762885,0.0406126,-0.0064701326,0.0063497196,-0.01488375,0.008856391,-0.0029246528,0.025525607,0.003744085,-0.0013974244
4/6/2019,-0.21,0.00085112324,-0.00021709023,-0.00023698295,-0.00030780447,-0.0008007908,-0.00048994634,0.030580653,0.014386713,-0.007818354,0.011766854,0.14734876,-0.021249432,0.19316722,0.012916061,-0.7646463,0.026142456,-0.0936034,-0.0013085565,0.0007143678,0.047593266,-0.07239906,0.03878435,-0.0064740074,0.0064686514,-0.014883614,0.008856382,-0.0029434527,0.025475087,0.0037440856,0.0003437022
5/6/2019,0.2999999999999989,0.0013839464,0.0013358357,0.00040207175,-0.00030780447,-0.0004354823,0.029205635,0.029438019,-0.009880337,0.07031753,0.052777983,0.06749501,-0.0012051468,0.0364559,0.042661604,-0.8526911,0.032736395,-0.07835658,-0.00012946528,0.0008356449,0.055508822,-0.07403616,0.039658766,-0.00647653,0.0065854806,-0.014883853,0.008856391,-0.0029234258,0.02545631,0.003744085,0.0037396848
6/6/2019,-0.01,0.0007240742,0.00048917066,-0.00043752947,-0.00030780447,-0.0008007908,-0.005780048,0.030580653,-0.0023504812,-0.030213008,-0.0020442954,-0.08027687,-0.04953212,0.30293185,-0.0065416847,-0.7438455,0.025984092,-0.09871538,-0.0012641773,0.00040911653,0.038777776,-0.070916384,0.040452346,-0.0064775595,0.006760682,-0.014875523,0.008856381,-0.0029410364,0.02546988,0.0037440856,-0.0024196915
7/6/2019,-0.1,0.0010788856,0.000648573,-0.00039252252,-0.00030780447,-0.0007674309,-0.0021246963,0.04186614,0.015700772,0.01383471,0.0065181768,0.30358148,-0.03304014,0.23374575,-0.0046156007,-0.74481183,0.032260668,-0.091972545,-0.0006811025,0.00047971704,0.04545299,-0.06491506,0.039385717,-0.006475439,0.0069234427,-0.014875196,0.008856391,-0.002924956,0.02547409,0.0037440856,-0.0014401481
10/6/2019,0.1399999999999988,0.00055971736,0.0015171258,-0.0002696147,-0.00030780447,-0.00059053785,0.023128271,0.024457708,0.040171262,0.046628185,0.046904176,0.31189156,-0.026734736,0.07717576,0.005482039,-0.9320966,0.031291947,-0.084234856,-0.00028291807,0.00081915414,0.03813868,-0.0606906,0.04113061,-0.006469459,0.00707748,-0.014875052,0.008856391,-0.0029255871,0.025473686,0.003744085,0.004086408
11/6/2019,0.08,3.3386175e-05,0.000112919326,-0.0006571395,-0.00030780447,-0.0006148539,0.010044146,0.043309513,0.02965966,0.101165496,0.048997954,0.09040907,-0.051588062,0.17434162,-0.0043310984,-0.99875194,0.031251833,-0.09003474,-0.00060963834,0.0006323555,0.026371516,-0.0027526116,0.039049763,-0.006468636,0.007290894,-0.014863903,0.008856391,-0.0029280141,0.025469493,0.0037440856,-0.0016597117
12/6/2019,0.1300000000000007,-0.0008792245,-0.0012950869,-0.0011338976,-0.00030780447,-0.0008168865,-0.0037366212,0.056454856,-0.0010841421,0.07758321,-0.00061424816,0.21552013,-0.053567562,0.39474884,-0.0035748342,-0.82796,0.0322224,-0.099270746,-0.0013156339,0.00027840142,0.043045834,-0.022395449,0.034621947,-0.006466128,0.007451146,-0.014862197,0.008856391,-0.0029319047,0.025443528,0.0037440856,-0.0022519382
13/6/2019,0.0,-0.0036840588,-0.0034068,-0.0006878125,-0.00030780447,-0.0008168865,-0.014260051,0.042596765,-0.075055934,-0.0659841,-0.039097544,0.2833613,-0.074253835,0.4635932,0.0028023056,-1.0305891,0.028376492,-0.11313265,-0.0020295554,-7.1766312e-06,0.04500631,-0.022612642,0.032243956,-0.0064622066,0.0076134107,-0.01486217,0.00885639,-0.0029456224,0.025461156,0.0037440858,-0.006452234
14/6/2019,-0.09,-0.0012473164,-0.002519127,-0.0014768315,-0.00030780447,-0.0008168865,-0.020436672,0.04134843,-0.034815162,-0.042420976,-0.017710017,0.081833616,-0.024395939,0.40102223,-0.02743503,-0.6380211,0.025344089,-0.105029345,-0.0019948005,0.0003785374,0.025269575,-0.104125105,0.03158401,-0.0064666136,0.0077135297,-0.014862312,0.008856378,-0.0029556723,0.025487803,0.0037440856,-0.0052083908
17/6/2019,-0.05,-0.0011494163,-0.0035887836,-0.00040629823,-0.00030780447,-0.000718145,-0.011051274,0.021766,0.043454457,-0.008118135,0.015991269,0.012482128,-0.0014047994,0.35081702,-0.026413433,-0.8176488,0.031429823,-0.09111168,-0.0009691826,0.0006400512,0.020629233,-0.11206266,0.031202665,-0.00647005,0.00783383,-0.01486242,0.008856391,-0.0029361716,0.025448706,0.0037440856,-0.0028407488
18/6/2019,-0.11,-0.0006414489,-0.0029888297,-0.0010920295,-0.00030780447,-0.000718145,-0.026379231,-0.043026984,0.025925195,0.0036424112,-0.00846012,0.25338662,0.04909291,0.5504866,-0.00039731388,-0.62431437,0.032069486,-0.08859715,-0.0010331172,0.0007434125,0.033430807,-0.10642998,0.0329558,-0.0064675314,0.0079299,-0.014862556,0.008856391,-0.0029347774,0.02547415,0.0037440856,-0.005772086
19/6/2019,-0.07,0.00018956953,-0.0010095767,-0.00085490954,-0.00039142877,-0.0006921659,-0.028902572,-0.07207314,-0.010165885,-0.037022304,-0.022974042,0.15219209,0.052957222,0.28523266,0.0038007938,-0.5227982,0.031996936,-0.07634985,-0.00030087895,0.0011562917,0.021414187,-0.10986585,0.035438474,-0.00647203,0.008069165,-0.01486496,0.008856391,-0.0029269457,0.025503764,0.003744085,-0.005879314
20/6/2019,-0.21,-0.00086518034,-0.0021707292,-0.0016999779,-0.00030780447,-0.0007778214,-0.01761488,-0.045903493,-0.021932375,-0.04959422,0.032256257,0.50484544,0.08200317,0.29876772,0.008546475,-0.37809688,0.02518734,-0.07631123,-0.00088863296,0.0016593289,0.0536086,-0.10670335,0.034989685,-0.0064804684,0.008167842,-0.014850717,0.008856382,-0.002947128,0.025581159,0.0037440849,-0.0037734078
21/6/2019,0.05,-0.00079068274,-0.0019863248,-0.0016322578,-0.00039142877,-0.0007382758,0.056747574,-0.07262301,0.04245676,0.0071999994,0.054453354,0.276403,0.09157906,0.22617872,-0.03184679,-0.3804137,0.030146083,-0.05996104,0.0009775702,0.002327038,0.05580272,-0.05178416,0.03642724,-0.006488261,0.008243955,-0.014850099,0.008856391,-0.0029247631,0.025732921,0.0037440844,-0.00054227596
24/6/2019,0.06,-0.0007086196,-0.002132835,-0.0012806448,-0.00046248955,-0.000786549,-0.010762462,0.017489517,-0.041586436,-0.03610305,-0.033460587,0.32909307,0.04175114,0.22915676,-0.05670496,-0.49790785,0.029443746,-0.058607116,0.0010010902,0.0022817233,0.049808893,-0.070673324,0.039584894,-0.006491906,0.00832396,-0.014848905,0.008856391,-0.002924897,0.025706928,0.0037440844,-0.0031030446
25/6/2019,-0.3,-0.0013169001,-0.0039638574,-0.001793017,-0.00046248955,-0.00076056994,-0.022843778,-0.06142087,-0.06999723,-0.15107301,-0.07693241,0.25949618,0.039081022,0.33976108,-0.07548304,-0.1942828,0.029416457,-0.058332123,0.0007255855,0.002278303,0.06952649,-0.08737767,0.037813794,-0.006486437,0.008346866,-0.014846841,0.008856391,-0.0029282519,0.025724508,0.0037440844,0.0017127465
26/6/2019,0.5,-0.001781522,-0.001994501,-0.0013204042,-0.00046248955,-0.0007714867,0.0035111627,-0.027977662,-0.04767281,-0.10082523,-0.043137647,0.08382661,0.033452295,0.29388374,-0.09619899,-0.23728739,0.020462878,-0.055339694,0.0009131739,0.0030599663,0.052791037,-0.09203121,0.035110187,-0.006486511,0.008316811,-0.014846662,0.008856381,-0.002951371,0.02585201,0.0037440842,0.011234008
27/6/2019,0.09,-0.0006883339,0.0006798896,-0.0015192236,-0.00039616536,-0.00070917874,0.0044560554,-0.019496178,0.0033782646,-0.17041884,0.04383125,0.03934268,0.0020373852,0.4420944,-0.07870551,-0.15433341,0.029188046,-0.05925691,0.0007169619,0.0019264318,0.035149198,-0.093721084,0.035226975,-0.0064905914,0.008337502,-0.014846574,0.008856391,-0.0029234665,0.025664885,0.0037440846,-0.00059982104
28/6/2019,-0.05,-0.00035292635,-0.001727687,-0.0010274663,-0.00030780447,-0.0007509714,0.0038962683,0.012487348,0.0058745793,0.012077632,-0.004827981,0.0708335,-0.03664443,0.32179135,-0.11556383,-0.25708184,0.029691573,-0.062136907,-0.00030067321,0.0013333652,0.021419378,-0.10828226,0.029429166,-0.006482118,0.0083519025,-0.01484638,0.008856391,-0.0029285264,0.02551623,0.0037440849,-0.0030021071
1/7/2019,-0.22,-0.00051877566,-0.0019990117,-0.0013450999,-0.00030780447,-0.0007509714,-0.021761136,-0.039610576,-0.007294818,-0.015081229,-0.011156847,0.087009035,-0.026377862,0.3723302,-0.07482519,-0.20816344,0.029266486,-0.06399422,-0.00047911398,0.0011772057,0.029373685,-0.11135943,0.022589436,-0.0064747594,0.008391851,-0.014846157,0.008856391,-0.0029295892,0.025486687,0.0037440849,-0.0022396927
2/7/2019,0.1899999999999995,-0.0012526294,-0.0013395088,-0.0011207907,-0.00030780447,-0.0007509714,-0.0037676098,0.01591986,0.040849127,-0.035466246,0.03792276,-0.06703184,0.013111296,0.4451704,-0.046796322,-0.057891056,0.0237443,-0.060547046,-0.00025234648,0.0016086223,0.017892117,-0.11483327,0.023430265,-0.006478066,0.008381391,-0.014846483,0.008856386,-0.0029335013,0.025571669,0.0037440849,-0.0041556107
3/7/2019,0.0,-0.00094007334,-0.0019210108,-0.0013546874,-0.00030780447,-0.0007509714,0.0128093,-0.0017893096,-0.009329525,-0.041205253,0.006324725,0.103806145,-0.04301868,0.42689225,-0.06152984,-0.046880994,0.032632157,-0.05845765,0.0003335281,0.0012236455,0.011446791,-0.12113974,0.02419613,-0.0064755687,0.008435693,-0.014846746,0.0088564,-0.0029074398,0.025495172,0.0037440849,-0.0060376865
4/7/2019,-0.18,-0.0007959773,-0.0014707106,-0.0007538205,-0.00030780447,-0.00057655707,0.009941593,0.009496173,-0.045200884,-0.12953146,-0.009635076,-0.031866647,-0.03200528,0.53566504,-0.07660999,-0.24727662,0.030730685,-0.06171155,0.00062942493,0.0015823272,0.05364025,-0.11219102,0.024615917,-0.006468383,0.00845078,-0.0148465205,0.0088564,-0.0029131027,0.025585154,0.0037440849,0.0023507122
5/7/2019,0.09,-0.00086412777,-0.0010991739,-0.00080286525,-0.00030780447,-0.0012489078,-0.0066980184,0.0060636615,0.013591409,0.016107438,-0.02734726,-0.056725398,-0.0014385609,0.3431588,-0.04761299,-0.40584153,0.026831903,-0.053666066,0.00048761955,0.0017789924,-0.010075317,-0.10385493,0.026572399,-0.0064713024,0.008448519,-0.014847075,0.008856391,-0.002921121,0.025587972,0.0037440846,-0.007616969
8/7/2019,-0.1,0.0009970341,-0.002597801,-0.001364246,-0.00030780447,-0.0013791033,0.007933859,0.020886304,-0.006328812,-0.040614944,-0.0421042,0.009120229,-0.0059889597,0.3968742,-0.031275302,-0.26180324,0.027889455,-0.058382846,0.00013856872,0.0016038091,0.017657205,-0.09593031,0.025666645,-0.0064764023,0.008447467,-0.014847188,0.008856391,-0.0029228954,0.025577562,0.0037440846,-0.0093831485
9/7/2019,0.1500000000000003,-0.0010413122,-0.0016291498,-0.0011619811,-0.00030780447,-0.0014538419,0.00471302,0.0060636615,0.0038133455,-0.045580618,-0.010897733,0.06355042,0.0021145798,0.33722392,-0.056122918,-0.34409064,0.025949841,-0.05127259,0.0004943905,0.001993312,0.022484245,-0.092894554,0.025006056,-0.006476082,0.008411961,-0.014847384,0.008856391,-0.0029235694,0.025663538,0.0037440846,-0.009254402
10/7/2019,-0.12,-0.00028765018,-0.0015123913,-0.0009916526,-0.00030780447,-0.0006447818,0.022929411,0.0060636615,0.042331673,0.032202836,-0.0034763445,0.070945546,-0.0010051705,-0.01600234,-0.029005,-0.62736017,0.028742066,-0.055739835,0.00010754491,0.0014783723,0.004519509,-0.08996154,0.029123422,-0.006473881,0.008387642,-0.014847638,0.008856391,-0.0029211552,0.0255282,0.0037440849,-0.006440522
11/7/2019,-0.08,-0.002153541,-0.0030996401,-0.0027657405,-0.00077065505,-0.0014610582,-0.0558433,-0.2509258,-0.1033025,-0.028309548,-0.121047296,-0.03210357,0.03205833,-0.10442539,-0.032424316,-0.50877345,0.026112406,-0.04852507,0.00044844573,0.001833445,-0.004016317,-0.09002683,0.033126745,-0.0064736875,0.008315029,-0.014847883,0.008856391,-0.0029211605,0.025632938,0.0037440846,-0.009509722
12/7/2019,-0.24,-0.0015777326,-0.0024719816,-0.0025597725,-0.00077065505,-0.0014610582,-0.045192946,-0.1857644,-0.09186422,-0.016673995,-0.104902714,-0.04011108,0.019400313,-0.10584407,-0.04300342,-0.5212942,0.025414687,-0.045407802,0.0009678312,0.0022848928,-0.013727561,-0.09301996,0.03258063,-0.0064767227,0.008246891,-0.014848253,0.008856391,-0.002920985,0.02571376,0.0037440844,-0.007616789
15/7/2019,-0.07,-0.0020875698,-0.0033106138,-0.0016723699,-0.0009253403,-0.0011771948,-0.050776202,-0.1834411,-0.020093083,0.019331032,-0.06196953,-0.096780516,-0.0063623087,0.11319812,-0.06445284,-0.7047326,0.025084086,-0.043566663,0.0014040181,0.0026245806,0.010739406,-0.09837612,0.03051113,-0.006478766,0.008092733,-0.014848928,0.008856391,-0.0029221324,0.02578123,0.0037440842,-0.0033206881
16/7/2019,-0.2,-0.0014645788,-0.0043940186,-0.002809508,-0.0009253403,-0.0014966358,-0.046155974,-0.13088879,-0.059148446,-0.12927921,-0.03670688,0.083771355,-0.0063400124,0.44870678,-0.088288724,-0.35636446,0.024896868,-0.04311314,0.0018677027,0.003307383,0.02786417,-0.10167098,0.02771809,-0.0064809155,0.007976239,-0.014849023,0.008856391,-0.0029227273,0.025979051,0.003744084,-0.004387137
17/7/2019,-0.24,-0.0026775934,-0.0065796147,-0.0024045461,-0.0009253403,-0.0019917672,-0.061774015,-0.056091946,-0.018406738,-0.09179692,-0.049795996,0.0660773,-0.03144251,0.2988554,-0.1188585,-0.37065476,0.024727823,-0.040362258,0.0027306497,0.003662385,0.031153545,-0.09964273,0.027228566,-0.0064852005,0.0078227995,-0.01484948,0.008856391,-0.0029215377,0.026053404,0.0037440837,-0.0034978066
18/7/2019,0.04,-0.00056112173,-0.00078780984,-0.00068665744,-0.00046248955,-0.0015291447,-0.0045504603,0.013499436,-0.029158028,0.0674418,0.031220002,-0.16077639,-0.04023106,0.19543417,-0.11574995,-0.2540087,0.02700838,-0.037228506,0.0040388475,0.004374369,0.06130877,-0.09760767,0.026302349,-0.0064901654,0.007672575,-0.014850267,0.0088564,-0.002910843,0.026167361,0.0037440832,0.010779497
19/7/2019,-0.03,0.0012949024,0.0026911849,-0.0008036149,-0.00046248955,-0.0013757077,0.023821624,0.054534055,0.017750893,0.029684931,0.05102033,0.10814048,-0.0058160205,0.32367435,-0.1139519,-0.28596842,0.019037345,-0.047408566,0.0027513236,0.0044446676,0.044376854,-0.089293085,0.02494545,-0.006491798,0.0075441245,-0.014850379,0.008856382,-0.002940821,0.026225684,0.0037440832,0.0010353382
22/7/2019,0.4199999999999999,0.0037511718,0.005907726,0.0026328505,-0.00021690324,0.000396191,0.07476682,0.15905727,0.08273749,0.11978348,0.11106326,0.01009588,0.06948736,-0.16775551,-0.020075176,-0.19621196,0.02839468,-0.033079132,0.0050826417,0.0049030026,0.03002052,-0.08642406,0.030933326,-0.006481337,0.007425375,-0.014850672,0.0088564,-0.0029007695,0.026328096,0.003744083,0.0019888459
23/7/2019,0.08,-0.0005513163,0.0005515886,-0.0009967339,-0.00039616536,-0.00071958423,0.03063772,0.05880348,0.038805764,0.061335783,0.06225425,-0.07195827,-0.08551868,0.06501272,-0.08599715,-0.5521392,0.025515012,-0.05359695,0.0020685492,0.0033261497,0.022265358,-0.08487798,0.03379144,-0.006475964,0.007280928,-0.014851187,0.008856391,-0.0029254188,0.026018865,0.003744084,-0.004630991
24/7/2019,-0.06,-0.0009862897,-0.0016764551,-0.001327456,-0.00046248955,-0.000786549,-0.010124824,0.012487348,0.018298976,-0.02988545,0.0044891643,-0.029346216,-0.05852952,-0.09175486,-0.063505575,-0.5301958,0.026299499,-0.047543634,0.0018123649,0.002981685,-0.0065066866,-0.0829148,0.032421924,-0.006479153,0.007205964,-0.014852044,0.008856391,-0.0029212688,0.025929777,0.003744084,-0.010768016
25/7/2019,0.02,-0.0011438145,-0.00045721294,-0.001052806,-0.00030780447,-0.0007359091,-0.0035776405,0.01016403,0.002930174,-0.004888014,0.043506835,0.047604296,0.0029288216,-0.18979266,-0.029147685,-0.40415424,0.02589185,-0.045336347,0.002119365,0.0032301883,-0.012712426,-0.08153274,0.036937606,-0.006477995,0.0071534924,-0.014852302,0.008856391,-0.00292127,0.026005248,0.003744084,-0.010521415
26/7/2019,0.05,-0.0008577843,-0.00085233984,-0.0015137589,-0.00039142877,-0.0007382758,0.015768824,-0.0105367545,-0.0029341243,-0.030662823,0.025849828,0.06902866,-0.0018991316,0.006193001,-0.028929248,-0.13602659,0.029482845,-0.04433527,0.0023590166,0.003075381,0.005572255,-0.07962738,0.04112018,-0.006474119,0.00712109,-0.014852489,0.0088564,-0.0029076498,0.025973808,0.003744084,-0.009806635
29/7/2019,0.08,-0.0011496183,-0.0016984604,-0.0007359397,-0.00030780447,-0.0007359091,0.006054244,-0.01696044,0.07067962,-0.07142586,0.00073837093,-0.027070735,-0.008682944,0.008148642,-0.061503567,-0.42655048,0.01342104,-0.06155343,0.0002594837,0.0028410882,-0.018911492,-0.077901386,0.038049843,-0.0064765895,0.0071216114,-0.01485271,0.008856372,-0.002956524,0.025898673,0.0037440842,-0.008261774
30/7/2019,0.06,0.00016854265,-0.000975902,-0.000754429,-0.00030780447,-0.0006762327,0.015216794,0.020886304,-0.006229476,-0.035431184,-0.014224493,-0.08920568,-0.017266434,-0.042696297,0.004698404,-0.3062777,0.030837215,-0.050351072,0.0014991469,0.002216819,-0.0019253424,-0.07603637,0.035699017,-0.006471277,0.007234531,-0.014852986,0.0088564,-0.0029059772,0.02573784,0.0037440844,-0.0050027953
31/7/2019,-0.09,0.00030797202,-0.00030994945,-0.0010774476,-0.00030780447,-0.0006297196,0.014740577,-0.013317693,0.025080342,-0.04042832,0.016790247,-0.090131,-0.0027637477,-0.08737993,0.017095875,-0.43497115,0.032149397,-0.054519963,0.0014476539,0.0021169486,0.008928467,-0.07400795,0.04044697,-0.006460626,0.007307463,-0.014853222,0.0088564,-0.0029059665,0.025727298,0.0037440844,-0.0050178226
1/8/2019,-0.1,0.00046980288,0.00025270428,-0.0008454644,-0.00030780447,-0.0006447818,0.005565295,0.020886304,0.03035737,-0.023863282,0.009491056,-0.15129021,-0.0012589071,-0.18414119,0.016365696,-0.75451523,0.029415833,-0.05581283,0.0011817286,0.002298514,0.0020563647,-0.07665233,0.041009076,-0.0064656376,0.0073691094,-0.01485415,0.008856391,-0.0029213256,0.025745299,0.0037440844,-0.0015793625
2/8/2019,-0.2,0.00017839516,-0.00057138066,-0.0006585788,-0.00030780447,-0.0006447818,0.023615355,-0.06142104,0.0028762957,0.026737979,0.0036433714,-0.09869474,0.027531099,0.04666508,0.032949843,-0.5964346,0.028626151,-0.057616167,0.0008398656,0.0021558814,0.026790991,-0.077728525,0.03886585,-0.0064675473,0.0074210446,-0.014853685,0.008856391,-0.002923384,0.025734032,0.0037440844,-0.004652146
5/8/2019,-0.09,-0.000718352,-0.00078115606,-0.0009066278,-0.00030780447,-0.0006447818,-0.005739688,0.017639084,-0.0043576644,0.0030085305,-0.012823776,-0.16737276,-0.013291265,0.14395908,-0.012262229,-0.61956304,0.02871572,-0.054895848,0.00084535184,0.0019733047,0.016116029,-0.081470795,0.036596294,-0.006471377,0.007471063,-0.014853802,0.008856391,-0.0029217189,0.02564964,0.0037440846,-0.0052423924
6/8/2019,-0.39,-0.0010441656,-0.00017369822,-0.0011964288,-0.00030780447,-0.0007509714,-0.0047895177,0.01875611,0.010364639,-0.08381411,-0.015372418,-0.14403239,0.0040468746,0.26508546,-0.00637523,-0.40032232,0.026857011,-0.04873993,0.0013376974,0.0024268674,0.017431062,-0.090481035,0.03552545,-0.0064738793,0.0074385945,-0.014853432,0.008856391,-0.002922262,0.025772406,0.0037440842,-0.0012580234
7/8/2019,0.09,-0.0012717651,9.870359e-05,-0.00029698844,-0.00039616536,-0.000786549,-0.0010132628,0.003347014,0.017307185,0.0179096,-0.0009829075,-0.19034792,-0.018907478,0.50225025,-0.03709444,-0.54011965,0.025025554,-0.046799492,0.0022802262,0.003462593,0.070809625,-0.1028347,0.03229198,-0.0064725704,0.0072920066,-0.01485313,0.008856391,-0.0029313883,0.025976865,0.003744084,0.011570783
8/8/2019,0.4299999999999997,0.00020472879,0.001630958,0.0007896959,-0.00046248955,-0.00056669913,0.0067515657,0.101135075,0.040926225,0.053869937,0.02086568,0.07683011,-0.024688987,0.5059398,-0.059189316,-0.29981026,0.026226584,-0.047227353,0.002991815,0.0038532682,0.022529043,-0.10157936,0.03047089,-0.00647739,0.0072174463,-0.014852982,0.008856391,-0.002922948,0.026117587,0.0037440837,-0.006692955
9/8/2019,-0.3,-0.0009512661,-0.00035164983,-0.0015035048,-0.00046248955,-0.0021747476,0.0041314624,0.0012018649,0.011653996,-0.020419504,8.146066e-05,-0.029841544,-0.13560304,0.48170233,-0.12921205,-0.34606466,0.027083058,-0.054224752,0.0017288805,0.0028457602,0.021664396,-0.09408228,0.031856056,-0.00648199,0.0071699074,-0.014852702,0.008856391,-0.0029235566,0.025909139,0.0037440842,-0.005653775
12/8/2019,0.1600000000000001,-0.0010012388,0.00034131552,-0.000963363,-0.00046248955,-0.0014077271,-0.023879517,0.0011605936,0.00583026,0.022806784,0.005395041,-0.08494956,-0.071179256,0.20558026,-0.09873219,-0.40315145,0.025571048,-0.04419351,0.0027733338,0.0035541912,0.015300789,-0.089400925,0.03239071,-0.0064824964,0.0071076606,-0.014852811,0.008856391,-0.0029220886,0.026052307,0.0037440837,-0.0021394067
13/8/2019,-0.11,-0.0007779526,-5.090118e-05,-0.0012136362,-0.00030780447,-0.0013005058,0.0034047042,-0.046874054,-0.007389235,0.0029485952,-0.001446134,0.06604192,-0.08647129,0.36671415,-0.07266953,-0.2241526,0.026633918,-0.050287127,0.0020285877,0.0031442652,0.020094393,-0.07655343,0.034524124,-0.006480683,0.0070291264,-0.014852405,0.008856391,-0.0029244458,0.025989752,0.003744084,-0.0042171674
14/8/2019,0.02,-0.00064452755,-0.0003213147,-0.0006740828,-0.00046248955,-0.0006033442,-0.0032990412,0.011930633,0.012092024,0.0077994275,0.0166811,0.060248658,0.017646546,-0.10666688,-0.01641818,-0.41384208,0.024859358,-0.042627864,0.0033882745,0.0040161805,-0.014235351,-0.07789569,0.03791126,-0.006475509,0.006991816,-0.014852484,0.008856391,-0.0029212967,0.026175547,0.0037440832,-0.008262756
15/8/2019,0.01,-0.0007966547,-0.0008210918,-0.00075320207,-0.00046248955,-0.00066927896,0.0011045651,-0.0035231377,0.00010637421,-0.012696126,-0.025007568,0.09812054,-0.0012249292,0.0033391323,-0.023228317,-0.3330597,0.026016934,-0.047568645,0.0026360524,0.0036026563,-0.009197889,-0.0780466,0.040181052,-0.0064722477,0.0069666086,-0.014852584,0.008856391,-0.0029229028,0.026095472,0.0037440837,-0.010565481
16/8/2019,-0.17,-0.00042560484,-0.00048155137,-6.83483e-05,0.0032669057,-0.00027851225,0.020113695,-0.01790387,0.00022183832,-0.09614932,0.033062413,0.082467735,0.010946279,-0.00018082981,-0.024821766,-0.31038448,0.026477817,-0.048719898,0.002728182,0.0036547345,-0.0017069917,-0.07549814,0.040250704,-0.0064712707,0.0070204074,-0.014852386,0.008856391,-0.0029228944,0.02611093,0.0037440837,-0.00874148
19/8/2019,-0.03,0.00063743663,-0.0005270593,-9.802914e-05,-0.00046248955,-0.0006099995,0.0025322814,0.022652907,0.010095492,-0.057260737,-0.0078364555,-0.025090607,0.032315154,-0.08540018,-0.008310829,-0.33882135,0.028418345,-0.039256528,0.0033145193,0.0037069668,-0.008687463,-0.075980686,0.042781264,-0.0064647784,0.007053006,-0.014852346,0.0088564,-0.0029059888,0.026082708,0.0037440837,-0.006716207
20/8/2019,-0.05,0.005066555,0.00013932571,-0.0006045247,-0.00046248955,-0.0002550525,0.009987276,-0.020581177,0.0030043046,-0.06770911,0.012445004,-0.15297748,-0.0021306232,0.19187377,-0.0040666894,-0.22977401,0.022014465,-0.05197338,0.001960742,0.003650294,0.0022860866,-0.085213944,0.039859664,-0.0064588613,0.007085499,-0.014851788,0.00885638,-0.0029471482,0.026096927,0.0037440837,-0.0056304764
21/8/2019,0.1899999999999995,0.0011658947,0.0004441771,-0.0006910693,-0.00046248955,-0.0005949373,0.020223202,-0.011551088,0.062200055,0.013343514,0.0076933373,-0.09319873,0.003874981,-0.026755083,-0.032559328,-0.48134506,0.024643522,-0.04443782,0.0028973883,0.0036511854,0.0044534644,-0.08772367,0.037578247,-0.0064621703,0.007175669,-0.014850925,0.008856391,-0.0029234632,0.02606159,0.0037440837,-0.002163246
22/8/2019,-0.11,-0.0003225923,-0.00030977512,-0.0009971235,-0.00046248955,-0.0006246744,0.014452782,-0.0035231377,0.026006827,-0.09915643,-0.013653185,-0.024719741,-0.032559633,-0.0033438802,-0.05724447,-0.50779665,0.026336793,-0.051532324,0.00227583,0.0032687546,0.0025776222,-0.08680602,0.040957917,-0.006468585,0.007274967,-0.014850936,0.008856391,-0.0029228579,0.026008204,0.003744084,-0.009456322
23/8/2019,-0.04,-0.0001515817,-0.0010069045,-0.0007270569,-0.00046248955,-0.00076172105,-0.00291387,0.0055069486,-0.002286038,-0.059842564,0.0019768039,-0.11663829,0.010247483,-0.2611181,-0.058741376,-0.53658044,0.024810199,-0.041018896,0.0035282753,0.0041378923,-0.020781312,-0.08775232,0.041879084,-0.0064686136,0.0073549305,-0.014851246,0.008856391,-0.002921109,0.026164785,0.0037440832,-0.005979719
26/8/2019,-0.19,-0.00071730337,-0.0007591308,-0.0012013895,-0.00046248955,-0.00076172105,0.0010439911,0.0055069486,0.008035657,-0.11563594,-0.0015750852,0.11833331,0.024241643,-0.067628205,-0.019696062,-0.4972707,0.025865953,-0.047371767,0.0029366896,0.00378387,0.0051262183,-0.07787097,0.04360686,-0.006466576,0.00741755,-0.014851235,0.008856391,-0.0029228386,0.026115429,0.0037440837,-0.0070292214
27/8/2019,0.13,-0.0011837112,-0.0008483778,-0.00044930787,-0.00046248955,-0.00085857674,-0.0058606374,-0.0034964879,0.0058377497,0.018227886,0.00044773245,-0.039373204,-0.011286583,-0.00077385356,-0.017369691,-0.56838393,0.025747735,-0.04275133,0.0037316654,0.004325548,0.014706904,-0.080179654,0.04066967,-0.006466928,0.007419978,-0.0148514835,0.008856391,-0.0029212548,0.026191901,0.0037440832,0.0013200912
28/8/2019,-0.16,-0.0006721376,-0.00047167033,-0.0011874244,-0.00046248955,-0.0006903332,-0.0042217365,-0.04603426,-0.016411409,-0.033440962,-0.016633024,-0.008347192,-0.037067603,0.10294591,-0.044099033,-0.54994357,0.026332116,-0.044226248,0.0032670486,0.004057807,0.009491077,-0.0838977,0.03683653,-0.006463881,0.007435401,-0.0148518775,0.008856391,-0.00292124,0.026127014,0.0037440837,-0.0003178433
29/8/2019,-0.07,-0.0009254071,-0.00013801541,-0.00014902886,-0.00046248955,-0.0007767833,-0.00071706396,-0.037931576,-0.010214627,-0.020801052,-0.018339586,-0.061646525,0.01342418,-0.010070593,-0.016046472,-0.27714092,0.027562778,-0.032792635,0.004399657,0.0046109227,0.024450833,-0.08649533,0.040461604,-0.006451491,0.0074199922,-0.014852205,0.0088564,-0.0029063544,0.026220562,0.003744083,0.0073257787
30/8/2019,0.0,-0.0012135218,-0.0012158408,-0.00088290055,-0.00046248955,-0.0007767833,-0.0072605098,0.0060636615,-0.0060014366,-0.0591093,-0.028323155,-0.07852869,-4.5799414e-05,-0.0037284456,-0.016209617,-0.5273391,0.025188891,-0.037864964,0.0043585533,0.004859608,0.0018386183,-0.0904577,0.041700095,-0.0064522126,0.007409377,-0.014852386,0.008856391,-0.002921166,0.0262751,0.003744083,0.0008427748
2/9/2019,0.05,-7.6940225e-05,0.00032243461,-0.0008113669,-0.00046248955,-0.0006099995,0.0118519645,0.016923046,0.014275619,-0.07778206,-0.012163981,-0.18248427,0.027295304,0.12133244,-0.005217762,-0.6627634,0.025418872,-0.042154495,0.004431659,0.005070632,0.058315862,-0.08574055,0.040905222,-0.00646153,0.0073695434,-0.01485214,0.008856391,-0.0029250428,0.026355395,0.003744083,0.013756193
3/9/2019,-0.18,-0.00041291298,-0.0010117211,-0.0010430148,-0.00046248955,-0.00071421114,-0.0027780565,0.014676049,-0.009516433,-0.10241224,-0.015062705,0.029887658,-0.013371286,0.07426655,-0.029446889,-0.6200938,0.025126902,-0.046661068,0.0034217187,0.004241408,0.02007184,-0.08450145,0.04090025,-0.006461639,0.0072592963,-0.014852096,0.008856391,-0.0029239755,0.026195087,0.0037440832,-0.0014283806
4/9/2019,-0.04,-0.00086889137,-0.00057032314,-0.00060780597,-0.00046248955,-0.0005513918,-0.0029919534,0.014676049,-0.015538694,-0.05696598,-0.0011111997,-0.13857986,-0.031212926,-0.15003285,-0.03992172,-0.67853487,0.022144295,-0.043797795,0.0041917795,0.004907844,0.01287679,-0.08476877,0.037549265,-0.0064692325,0.007139726,-0.014853024,0.008856391,-0.0029338624,0.026318016,0.003744083,0.0039303
5/9/2019,0.05,-0.00061053346,-0.00020294424,-0.00029061496,-0.00046248955,-0.00028861058,0.0059106993,0.03456552,0.04862133,-0.03241928,-0.0076048886,0.09553351,0.0032233319,-0.04742784,-0.019347278,-0.5826944,0.0251116,-0.038587645,0.005011293,0.0052393368,0.009298601,-0.082918175,0.039926972,-0.0064695603,0.0070464904,-0.014853648,0.008856391,-0.0029212271,0.026356213,0.0037440828,0.0045303935
6/9/2019,-0.1,-0.00017161955,-0.00018177835,-0.0007088364,-0.00046248955,-0.00028861058,-0.0006862274,0.014676049,-0.00078480976,-0.0053283004,-0.009603128,0.13151908,0.03934416,0.16611743,-0.007762261,-0.36963153,0.028484482,-0.04032058,0.0048619076,0.0048704757,0.02215263,-0.08471335,0.045513175,-0.006455241,0.007000974,-0.014853656,0.0088564,-0.0029077462,0.0263155,0.003744083,0.00029144617
9/9/2019,-0.04,-0.00038861166,-0.00070551125,-0.00067696156,-0.00046248955,-0.00028861058,-0.008353303,0.014676049,-0.023159122,-0.028724082,-0.008836544,0.17565021,-0.00061571255,-0.11163895,-0.018333154,-0.66696197,0.022933152,-0.04283473,0.004903547,0.0051975986,0.018943919,-0.0841898,0.045485694,-0.006455351,0.006925973,-0.014854417,0.008856391,-0.0029262803,0.026365275,0.003744083,0.010520461
10/9/2019,-0.07,0.00014297868,-9.444492e-05,-0.00061635446,-0.00046248955,-0.00030718738,-0.002405165,0.014676049,0.011135161,-0.11337842,0.002667779,0.08426022,0.055308126,-0.03790855,0.03746781,-0.65178937,0.024023464,-0.040261175,0.005129581,0.005356107,0.038046237,-0.07936439,0.04482702,-0.0064615346,0.006975563,-0.014854834,0.008856391,-0.0029242465,0.026407447,0.0037440828,0.011194047
11/9/2019,-0.05,0.00041266636,0.000632682,-0.00039394942,-0.00046248955,-0.00016024812,0.011642102,0.03456552,0.029253123,-0.09361463,0.007969395,-0.6285427,-0.097573765,-0.14415945,-0.08039066,-0.34043273,-0.0047216644,-0.06666222,0.0027904212,0.0057423464,0.026327245,-0.087610535,0.03416772,-0.0064781816,0.0068994514,-0.014855737,0.008856327,-0.003028224,0.026534583,0.0037440828,0.011263806
12/9/2019,0.1300000000000007,0.0015457311,0.0015399759,-0.000186604,-0.00015576945,0.00023718162,0.014587248,0.03456552,0.044555627,0.008304916,0.030530253,0.27734083,0.04866704,-0.080275595,0.0296203,-0.7106247,0.022806069,-0.039223604,0.005823739,0.0058706333,0.038192853,-0.087798454,0.035568893,-0.0064763036,0.0068360628,-0.014855893,0.008856391,-0.002927174,0.026490925,0.0037440825,0.01891874
13/9/2019,0.1999999999999993,0.00022026703,0.0006114299,-0.0005218137,-0.00015576945,6.263762e-05,0.009952045,0.014676049,0.005481352,-0.032311972,0.013355958,0.2509429,0.023517722,0.084737495,0.024007438,-0.5870107,0.02446247,-0.05022655,0.0044650156,0.0050290287,0.04307066,-0.08558124,0.049206253,-0.0064572855,0.0068193073,-0.01485599,0.008856391,-0.0029291273,0.026368668,0.003744083,0.011223786
16/9/2019,-0.15,0.0014456408,0.0025054826,9.092386e-05,-0.00015576945,-0.00030373683,0.012315355,-0.04182028,0.03488514,0.04430118,0.07267273,0.071272165,0.09287385,0.34599185,0.094074026,-0.7931371,0.024046581,-0.06324845,0.0025440385,0.0040519307,0.06294843,-0.08576817,0.049273293,-0.0064593093,0.0067806575,-0.0148557555,0.008856391,-0.0029449356,0.026137445,0.0037440837,0.013862496
17/9/2019,0.06,0.0010311062,0.0017730171,4.1704785e-05,0.00044225118,0.000278528,0.04286205,-0.04182028,0.025564464,0.0559843,0.04689524,0.18162754,0.18363765,0.32854158,0.15811488,-0.65202826,0.022784574,-0.057310473,0.0033825075,0.00448339,0.06404577,-0.07099468,0.054030456,-0.006462928,0.006740022,-0.014855437,0.008856382,-0.0029507347,0.026243865,0.0037440832,0.019591382
18/9/2019,-0.01,0.004425282,0.0024733495,0.0021193966,0.00029021615,0.00014127386,0.033832777,-0.04182028,0.053757116,0.02417494,0.029074179,0.6384988,0.10671505,0.16883183,0.1617583,-0.35561752,0.024365462,-0.06224705,0.0029271874,0.004186638,0.08609274,-0.06703405,0.05933008,-0.0064661633,0.0067107393,-0.014854911,0.008856382,-0.0029477451,0.026207395,0.0037440832,0.020336295
19/9/2019,0.1,0.0045608664,0.0037805436,0.0017918244,0.00029021615,0.00014127386,0.018939616,0.01342772,0.0462372,0.0917597,0.033680897,0.83765215,0.11725756,0.09250775,0.13860504,-0.08205221,0.023828577,-0.058421016,0.003129268,0.004266557,0.096686795,-0.06240355,0.06481846,-0.006459897,0.006657095,-0.014854312,0.008856378,-0.0029469298,0.02620794,0.0037440832,0.021030638
20/9/2019,0.1300000000000007,0.002289667,0.0022686692,0.0008114928,0.00029021615,0.00022444616,0.030847272,0.01342772,0.09644611,0.107288636,0.06691695,0.570778,0.08762637,0.095432095,0.12699898,-0.2583412,0.026379436,-0.062126122,0.0030230072,0.0040464103,0.10205924,-0.056755498,0.06429205,-0.006458979,0.006654568,-0.014854088,0.008856391,-0.0029367127,0.026146118,0.0037440837,0.024932945
23/9/2019,0.2799999999999993,0.003995932,0.005709943,0.0018825647,0.0005969363,0.0005323404,0.03584524,0.029498696,0.084877945,0.18520783,0.083573975,0.48202983,0.07471035,0.046245404,0.1391783,-0.33467898,0.027980996,-0.07038181,0.002225961,0.0034279893,0.11808544,-0.055298902,0.058830597,-0.00646732,0.0067128357,-0.01485345,0.008856391,-0.0029386682,0.026025858,0.003744084,0.027128765
24/9/2019,0.3000000000000007,0.00393254,0.004410605,0.0025194967,0.0005969363,0.0002887601,0.08640283,0.098770924,0.107401945,0.10599305,0.060510572,0.22549093,0.08136654,0.038799293,0.14909828,-0.5240696,0.02544824,-0.08802195,0.00083614636,0.0026170306,0.11414146,-0.050071243,0.05827407,-0.006474702,0.006757056,-0.014852192,0.008856381,-0.0029533824,0.025883557,0.0037440844,0.024384493
25/9/2019,-0.17,0.0037595723,0.0012228362,0.0011922817,0.0005969363,-0.00050684524,0.058889396,-0.043361258,-0.036896475,-0.046285145,0.04506742,0.296475,0.089288294,0.04934485,0.18519202,-0.5901703,0.029997258,-0.09464916,0.0011120817,0.0018564463,0.13470438,-0.044935048,0.059257243,-0.0064800717,0.006844129,-0.014851014,0.008856391,-0.0029318116,0.025782585,0.0037440849,0.02657971
26/9/2019,-0.1,0.008732594,0.0123716695,0.0045220056,0.0066232663,0.0008522403,0.10604277,0.03120595,-0.03719432,0.23005378,0.14191681,0.15941969,0.13654597,-0.2654441,0.17606053,-0.5766423,0.033504616,-0.074725166,0.0025754664,0.0024509595,0.10317381,-0.040564302,0.061647877,-0.0064778808,0.0069929105,-0.014851666,0.008856401,-0.0029101046,0.025810448,0.0037440844,0.030271303
27/9/2019,1.120000000000001,0.09915378,0.10987815,0.04160363,0.121919215,0.06096782,0.6672946,0.90727574,0.84951985,0.82650024,0.80005467,0.092235416,0.13119638,-0.121157505,0.16285902,-0.5720697,0.032062866,-0.07675267,0.0022904326,0.0026505843,0.08532059,-0.040292572,0.06077559,-0.00647818,0.0071243504,-0.0148509815,0.008856391,-0.0029247438,0.02582424,0.0037440844,0.024176022
30/9/2019,0.2300000000000004,0.0038685885,0.007296205,0.0020108684,0.0006632605,0.0005586633,0.036901973,0.07451411,0.11721522,0.16043273,0.065775126,-0.1992926,-0.13664323,0.3139232,-0.03589391,-0.8369464,0.019452544,-0.13890915,-0.0019600168,-1.581525e-05,0.11693407,-0.034478713,0.05373954,-0.0064888853,0.007417823,-0.01711005,0.008856385,-0.0029739062,0.025576554,0.003744086,0.0066500055
1/10/2019,0.01,0.006045461,0.009308008,0.00064831343,0.00014632124,0.0006310692,0.07449291,0.026578449,0.034253404,0.06770635,0.031098861,0.16501626,-0.108708866,0.45249057,0.04647079,-0.86967963,0.01736187,-0.15520188,-0.0029903227,-0.00036136643,0.09797887,-0.026372338,0.047143236,-0.006494748,0.007716582,-0.019369302,0.008856391,-0.0029891895,0.025594825,0.003744086,-0.0018436237
2/10/2019,-0.15,0.00545839,0.0081457645,0.00032029857,0.00014632124,0.00068723597,0.07603062,0.0602131,-0.011135737,-0.010774473,0.01245644,0.14690326,-0.052314788,0.43108544,0.061609063,-0.73596853,0.017995453,-0.15478495,-0.0028697753,-0.00040842989,0.10415845,-0.0011783428,0.046786863,-0.0064931684,0.008039465,-0.021629201,0.008856401,-0.0029843752,0.025605273,0.003744086,-0.0051669604
3/10/2019,0.02,0.0013888596,0.0032701208,0.0008005769,0.00014632124,0.00085719384,0.05047076,0.081606686,-0.00018004097,-0.05504841,0.07263649,-0.028325047,-0.034285273,0.3911866,0.065976806,-0.9383687,0.018265322,-0.1514596,-0.0027695214,-0.00048665534,0.08635869,-0.041907623,0.044552147,-0.0064950506,0.008316496,-0.02388883,0.008856391,-0.0029762809,0.025551125,0.003744086,-0.008457368
4/10/2019,-0.24,0.001443545,0.0015169684,0.0010448671,0.00014632124,-0.00015040947,0.055651348,0.045926824,0.06436334,-0.0067509017,0.074123286,0.17839411,-0.05150513,0.36786005,0.027756492,-0.9661162,0.021344554,-0.13743195,-0.0020349976,-0.00021851742,0.06493655,-0.041048624,0.04029177,-0.0064869467,0.008570109,-0.026148427,0.008856391,-0.0029616856,0.025582697,0.003744086,-0.005276561
7/10/2019,-0.06,0.004250528,0.00215048,0.00051878707,0.00014632124,-8.1248676e-05,0.036288474,0.07480778,0.009024337,0.0012443687,0.06776873,0.009802824,-0.07297394,0.6107784,0.008446215,-0.9760797,0.018714158,-0.13887103,-0.0019886221,-0.00019887855,0.05572389,-0.055378273,0.038026005,-0.0064758332,0.008839876,-0.028408153,0.008856391,-0.0029612763,0.025543453,0.003744086,-0.007300652
8/10/2019,-0.05,0.0015285688,0.0013472625,0.00019258531,-0.00030780447,-8.876752e-05,0.03680289,0.052350514,0.008821506,0.01172231,0.03409855,-0.05537012,0.036900412,0.53710574,0.08205817,-0.6590582,0.026753545,-0.119726114,-0.00079706166,-0.00016493698,0.08384146,-0.06604333,0.037621886,-0.006473651,0.009153731,-0.028407333,0.008856401,-0.0029250975,0.025497451,0.003744086,0.0014608593
9/10/2019,0.0,0.0018308944,0.0035538815,0.0004293085,-0.00030780447,-3.4205308e-07,0.06563118,0.06983541,0.027031204,0.056460794,0.047365293,-0.088796295,0.06142468,0.42664483,0.0933595,-0.6696028,0.028553726,-0.110012375,-0.0008673268,0.00025538084,0.0933648,-0.07137928,0.036912866,-0.0064778198,0.009410511,-0.028407017,0.008856391,-0.0029348247,0.02552105,0.0037440858,0.00681514
10/10/2019,0.0,0.0046930583,0.006850392,0.0004840872,-0.00030780447,-0.00014683083,0.058960628,0.030106388,0.048170716,0.045015644,0.047926858,-0.07689603,0.06063402,0.42177287,0.098059505,-0.6836001,0.026131816,-0.10887325,-0.0008133038,0.0005261697,0.101090126,-0.08506614,0.033740632,-0.006477434,0.009644703,-0.028406873,0.00885639,-0.0029477056,0.025563525,0.0037440856,0.010171183
11/10/2019,0.1099999999999994,0.0015800252,0.0018275599,-0.00020290376,-0.00030780447,-0.00022852317,0.04161034,0.028931236,0.029427987,0.010345776,0.002883711,-0.023701383,0.021146394,0.25800294,-0.0019041154,-0.75601804,0.03124232,-0.09443883,0.00053263205,0.00094398233,0.0778585,-0.07845697,0.03426482,-0.0064708325,0.009919874,-0.028407082,0.008856401,-0.0029184453,0.025573993,0.003744085,0.0033961886
14/10/2019,0.07,0.001229997,0.0015614036,-0.00011676204,-0.00030780447,-0.0003196506,0.03457146,0.012960423,0.02473959,0.0041908496,0.06381407,0.11243534,0.0022132457,0.28115207,-0.045635715,-0.3604968,0.032202832,-0.07901169,0.0006682569,0.0013940433,0.07485853,-0.08348924,0.034425482,-0.006469274,0.010129549,-0.028407736,0.008856401,-0.0029138636,0.025628902,0.0037440849,0.0055890027
15/10/2019,-0.24,0.0005254516,0.0013019568,-0.00040246642,-0.00030780447,-0.00033471288,0.035435382,0.011920383,0.02061855,0.0023566983,0.034563247,0.19423513,-0.06062848,0.44607592,-0.1099138,-0.45126024,0.029136652,-0.08241906,-9.901259e-05,0.0011625001,0.0477042,-0.09103895,0.030428631,-0.0064703673,0.010361706,-0.028409144,0.008856391,-0.0029280249,0.025603678,0.0037440849,-0.0012162769
16/10/2019,-0.11,0.0001417071,6.1199324e-05,-0.00058665837,-0.00030780447,-0.00033471288,0.020582503,0.006390206,0.028920865,-0.050715607,0.014717354,0.11849102,-0.059899956,0.29700068,-0.13427463,-0.47917917,0.028008314,-0.06646042,0.0008537686,0.0017917628,0.019395486,-0.09133632,0.027223766,-0.0064737024,0.010521954,-0.028410781,0.008856391,-0.002924085,0.025659781,0.0037440846,0.0010462549
17/10/2019,0.08,0.00030278452,0.00025112153,-0.00067858567,-0.00030780447,-0.00041650631,0.024224998,0.008617209,0.018900478,0.016210655,0.04615884,-0.07193098,-0.02224469,0.3700895,-0.09770015,-0.15158322,0.026563268,-0.062177125,0.0008614943,0.0019744232,0.031188935,-0.025563007,0.025133755,-0.0064796447,0.010651476,-0.028415058,0.00885639,-0.002924433,0.025691837,0.0037440846,0.0034055538
18/10/2019,-0.05,0.00036814844,-8.575394e-05,-0.00055752264,-0.00046248955,-0.0003703775,0.020228542,0.00629389,-0.06899004,-0.013171547,0.01769541,0.13877082,-0.05100489,0.49592134,-0.09219816,-0.26559666,0.030100303,-0.06138188,0.0007964882,0.0021529947,0.049421,-0.09494481,0.022492236,-0.0064828815,0.010801056,-0.026154801,0.008856391,-0.002923368,0.025738994,0.0037440844,0.0031320262
21/10/2019,-0.09,0.0002225717,-0.0005565036,-0.0004969623,-0.00046248955,-0.00046430185,0.013501553,-0.009544783,-0.014992126,0.039078962,0.011017951,0.13679723,-0.037036583,0.24058685,-0.13023144,-0.44927865,0.028750356,-0.05190648,0.0015004327,0.002592945,0.031668987,-0.10590008,0.02445747,-0.0064829118,0.010975128,-0.023894245,0.008856391,-0.0029215496,0.025804136,0.0037440844,0.00094372727
22/10/2019,-0.03,0.0015181911,0.00045464348,3.8061495e-05,-0.00046248955,-0.0003125802,0.03639692,0.03456552,-0.013184481,-0.018347256,0.045337293,0.04024243,-0.040702626,0.1463414,-0.13369326,-0.58368605,0.02824935,-0.045143716,0.0019513994,0.0031269363,0.024303125,-0.1007843,0.025813598,-0.006481233,0.011118645,-0.02163339,0.008856391,-0.0029212828,0.025874471,0.0037440842,0.0057232925
23/10/2019,0.1500000000000003,0.0012585295,0.0001938961,-0.0004995649,-0.00046248955,-0.0003125802,0.04222734,0.060992185,0.004324637,-0.0029053653,0.045944165,0.08046678,-0.020866118,0.25655368,-0.11578399,-0.31220928,0.03148175,-0.044421483,0.002233688,0.003117387,0.044852335,-0.09454688,0.024541305,-0.0064742044,0.011276226,-0.019372335,0.0088564,-0.0029077944,0.025910614,0.0037440842,0.0049769185
24/10/2019,0.05,0.00041830388,0.0006775416,-0.00027465625,-0.00046248955,-0.0008941187,0.05154685,0.023149043,0.012978544,0.02787269,0.07535526,0.07274576,-0.11589044,0.34311882,-0.18018907,-0.3574209,0.028521392,-0.050634418,0.0014557835,0.0027609277,0.038745888,-0.09147452,0.02343803,-0.00647364,0.011372472,-0.017110279,0.008856391,-0.002922965,0.025824577,0.0037440842,0.002728107
25/10/2019,0.1899999999999995,-0.00071521767,-0.00086927356,-0.0012958018,-0.00046248955,-0.0011048644,0.03414319,0.051966496,0.008204055,0.0026660282,0.041628163,0.047470007,-0.12102458,0.33800536,-0.18886772,-0.33906826,0.02879427,-0.05267008,0.0012787678,0.0025714438,0.0352214,-0.0952458,0.02091433,-0.006476036,0.011432575,-0.014846099,0.008856391,-0.0029229918,0.025775576,0.0037440844,0.0045093168
28/10/2019,-0.2,-0.0006053895,-0.0016351691,-0.0013966314,-0.00030780447,-0.0010638663,-0.008049308,0.016431,0.028886165,-0.059900135,-0.017400581,0.10201367,-0.11627356,0.26881006,-0.13891749,-0.3199391,0.03091482,-0.06199478,0.00036821116,0.0018207239,0.027980028,-0.09239349,0.02142301,-0.0064737103,0.011499225,-0.014846711,0.008856391,-0.0029233068,0.02562472,0.0037440846,0.003340688
29/10/2019,0.07,-0.0014877224,-0.00035154776,-0.0009820426,-0.00030780447,-0.0011660553,-0.013602477,0.016431,0.006350123,0.013841817,0.008361586,-0.05290077,-0.09185018,0.0024460477,-0.12222989,-0.45017537,0.028196545,-0.05142658,0.0010175123,0.0022953872,0.006896477,-0.09710615,0.021674355,-0.0064758053,0.011429951,-0.014847507,0.008856391,-0.0029220243,0.02568349,0.0037440844,0.0025314996
30/10/2019,0.07,-0.0006099757,-9.4327275e-05,-0.00076513033,-0.00030780447,-0.0003616724,0.012283465,0.023773227,0.009028245,-0.00705997,0.025135133,0.0024175644,-0.042745583,-0.12555061,-0.051946145,-0.5170516,0.028692976,-0.0547131,0.00086434884,0.0020569155,0.019287968,-0.09824317,0.023131318,-0.0064758277,0.011353012,-0.01484802,0.008856391,-0.0029213438,0.025659438,0.0037440846,0.0021867992
31/10/2019,0.0,-0.00030777004,-0.00043772304,-0.0005296284,-0.00030780447,-0.00034856505,0.010458466,0.0025322523,0.01177558,-0.09232743,-0.0147753805,-0.008038058,-0.05874839,-0.13591003,-0.08111022,-0.5958632,0.030159412,-0.05874799,0.00042679344,0.001678987,0.0076512923,-0.095761776,0.027215758,-0.00647198,0.011304769,-0.014848421,0.008856391,-0.0029213396,0.02556578,0.0037440846,-0.00071987876
1/11/2019,0.03,-0.00017155406,-0.0005064722,-0.0007386801,-0.00030780447,-0.00034856505,0.0035645405,0.016431,0.0059315884,0.023976455,-0.0109785,0.022973908,-0.011425225,-0.063198306,-0.045717888,-0.44973037,0.0328653,-0.057457007,0.0006936788,0.0016364476,0.029084908,-0.09922854,0.030256964,-0.0064624543,0.011164899,-0.014848602,0.0088564,-0.0029077397,0.025584022,0.0037440846,-0.0004172635
4/11/2019,0.2,-0.00027854624,-0.0015950357,-0.0006545079,-0.00030780447,-0.00034856505,0.0035645405,0.01967822,-0.014273031,-0.039846774,-0.02996617,-0.13588363,-0.03242574,-0.06704192,-0.06924497,-0.55531454,0.023897063,-0.070530415,-0.00041301598,0.0015666743,0.021342253,-0.0953762,0.030870304,-0.0064622415,0.010944431,-0.014848618,0.008856381,-0.0029401104,0.025587684,0.0037440849,0.0009967611
5/11/2019,-0.15,0.0003701868,2.3264955e-05,-0.0005606406,-0.00030780447,-0.0006919194,0.014708575,0.044486474,-0.006023648,-0.06428114,-0.01425054,-0.1395215,-0.09173853,-0.04382472,-0.097970754,-0.73499894,0.027056346,-0.0856514,-0.0011373614,0.00079862593,0.022701811,-0.09319922,0.028800087,-0.0064712707,0.010717539,-0.0148484465,0.008856381,-0.0029408326,0.025472537,0.0037440856,0.00078900147
6/11/2019,-0.17,-0.0002956689,-0.0011746039,-0.0006260165,-0.00030780447,-0.00034856505,-0.0075311936,0.010391869,-0.026340364,-0.035082173,-0.010757124,-0.15911022,-0.05217966,-0.30708435,-0.09450379,-0.84250015,0.030841617,-0.06879024,0.0002588108,0.001389843,0.00713802,-0.09374449,0.028083513,-0.0064735087,0.010543843,-0.014848884,0.008856391,-0.0029219321,0.0255197,0.0037440849,0.0034201671
7/11/2019,0.1799999999999997,-0.00035071353,-0.00066447683,-0.00014693147,-0.00030780447,-0.0003813915,0.0019409907,0.043208268,0.01637051,0.034039844,0.0077360375,-0.10822216,-0.01705653,-0.13399495,-0.05970834,-0.77129835,0.028821912,-0.05703017,0.0004643568,0.0016983966,0.013772956,-0.09769331,0.028575968,-0.006472249,0.010352479,-0.014849135,0.008856391,-0.0029216267,0.025546437,0.0037440846,0.00086398236
8/11/2019,0.0,-0.0006896397,-0.00051232544,-0.0005800235,-0.00030780447,-0.00028625698,0.018086648,0.043208268,0.00486728,5.673072e-06,-0.008371689,-0.09289948,-0.08821692,0.17449346,-0.115292214,-0.6149171,0.031315908,-0.07037309,-0.00052875123,0.000914494,0.02477616,-0.06068127,0.02676649,-0.0064722365,0.010176851,-0.0148489615,0.008856391,-0.0029229028,0.025405606,0.003744085,-0.0033707325
11/11/2019,0.02,-0.000369048,0.00010075045,-0.0005633808,-0.00030780447,-0.0003813915,0.019991051,0.043208268,-0.0032221295,0.06903666,0.018382236,-0.08752753,-0.06716521,0.14009807,-0.118720524,-0.5646309,0.030433765,-0.06515625,-0.00029482914,0.001198169,0.024902107,-0.100057505,0.023750152,-0.0064745946,0.009972337,-0.014848723,0.008856391,-0.0029228632,0.025468921,0.0037440849,-0.0035563805
12/11/2019,0.2599999999999998,0.0004312364,0.001279375,-0.00022901781,-0.00030780447,-0.00027520186,0.018481623,0.05342905,0.015736707,0.022103816,0.0077984002,-0.15050586,-0.06482518,0.06602061,-0.119705684,-0.5768961,0.030896265,-0.06606721,-2.2382615e-05,0.0012643462,0.02000072,-0.10701429,0.022451963,-0.0064743515,0.009828246,-0.014848677,0.008856391,-0.002921256,0.025463227,0.0037440849,0.0005628715
13/11/2019,-0.04,-0.0004431875,-0.0011044873,-0.0008212222,-0.00030780447,-0.000655837,0.020880567,0.014242292,-0.0027172219,-0.031575523,0.017572533,-0.18629587,-0.13890444,-0.1297407,-0.12308172,-0.93098176,0.029824648,-0.08572098,-0.0010495275,0.00049822655,0.020485297,-0.10044697,0.019613354,-0.0064761653,0.009676126,-0.014849033,0.008856391,-0.0029279701,0.025364697,0.0037440856,-0.002655116
14/11/2019,-0.08,-0.00020938805,-0.0007977504,-0.00087088766,-0.00030780447,-0.0006447818,0.0039986353,-0.027177507,-0.005990982,-0.011691045,0.018936457,-0.16519473,-0.060703494,-0.22891065,-0.13163255,-0.7930497,0.021587107,-0.07871302,-0.0008575931,0.0012354559,0.0014695686,-0.09394266,0.021556985,-0.0064796275,0.009516697,-0.014849153,0.008856376,-0.0029462697,0.025500948,0.003744085,0.00023296241
15/11/2019,0.03,-0.0005282353,-0.00090636796,-0.0010077845,-0.00030780447,-0.0006447818,-0.0005419203,-0.027177507,-0.0025274241,0.023024881,-0.0014157942,-0.070329115,-0.04102507,-0.038827077,-0.08630205,-0.5740437,0.03040429,-0.07725021,-0.0007425158,0.001017971,0.035523012,-0.050007895,0.02195446,-0.006483767,0.009396138,-0.014849109,0.008856391,-0.0029296428,0.025487212,0.003744085,-0.00095499237
18/11/2019,-0.07,-0.00025867682,-0.0012616828,-0.0011211748,-0.00030780447,-0.000718145,-0.00097138673,-0.027177507,0.0059315884,0.023135543,-0.008772771,0.095461644,-0.017766234,0.032128353,-0.07902057,-0.57453185,0.031640694,-0.07250024,-0.0005020917,0.0011050386,0.027318195,-0.097169794,0.021356413,-0.0064797974,0.00934792,-0.014848635,0.008856391,-0.0029228826,0.025494909,0.003744085,-0.0013907916
19/11/2019,0.06,-0.00021287995,-0.00030850677,-0.0008137836,-0.00030780447,-0.0007359091,0.015510417,0.011065837,0.012491801,0.017656263,0.024867902,0.09121328,-0.0058256555,0.0058146934,-0.07556105,-0.5148777,0.030997679,-0.06641215,-8.589715e-05,0.0015666914,0.031417865,-0.074417084,0.023960711,-0.0064744907,0.009311196,-0.014848375,0.008856391,-0.0029228793,0.025568943,0.0037440849,0.00026960208
20/11/2019,-0.14,-0.00013598076,-0.0010415475,-0.0007899728,-0.00030780447,-0.00066117046,0.01994913,0.011065837,0.0076526674,-0.072060145,0.016602227,0.05077294,-0.029389143,-0.09217445,-0.08650851,-0.66757023,0.030936165,-0.065399796,4.5902336e-05,0.0015177507,0.012992742,-0.07825691,0.023686642,-0.006473506,0.009313943,-0.014848265,0.008856391,-0.002921121,0.02549986,0.0037440849,0.0018131246
21/11/2019,0.2200000000000006,6.4070305e-06,-0.0001783637,-0.0005464006,-0.00030780447,-0.00051981467,0.018974615,0.02625147,0.031562544,-0.010667497,0.029075732,-0.037057426,0.015536804,-0.13739243,-0.061176468,-0.74900484,0.02912618,-0.05624813,0.00039837987,0.001881027,0.015713971,-0.024242051,0.02426133,-0.0064724744,0.009282934,-0.014848392,0.008856391,-0.0029211435,0.02556077,0.0037440846,0.0025269606
22/11/2019,-0.01,-0.0002085701,-0.0014195392,-0.0009477123,-0.00030780447,-0.0005824739,0.01917653,0.0078186095,0.035845205,-0.019817771,0.0011750107,0.08329733,-0.03484976,0.067458995,-0.0703688,-0.6032446,0.031344317,-0.07150622,-0.0006413072,0.0010884128,0.027177019,-0.07338038,0.023008281,-0.0064726267,0.009228659,-0.014848321,0.008856391,-0.0029228772,0.025462229,0.003744085,-0.00017196189
25/11/2019,-0.04,-0.00027713628,-0.0011611164,-0.0009560154,-0.00030780447,-0.0006297196,0.0056555034,0.011065837,0.005596263,-4.3714765e-05,-0.014062875,0.032821808,-0.02209276,-0.0783036,-0.08779432,-0.616156,0.030951641,-0.0673682,-0.00011033216,0.0013635586,0.018637223,-0.04720119,0.02175766,-0.006475352,0.009202114,-0.014848284,0.008856391,-0.0029213997,0.025509194,0.0037440849,0.001992579
26/11/2019,0.01,-0.00052873144,-0.0007906112,-0.0010486923,-0.00030780447,-0.0006762327,0.0002984428,0.029059578,0.013418427,-0.013094582,-0.0066966475,0.087560095,-0.00400116,-0.1474686,-0.06323133,-0.5151819,0.033203557,-0.056447625,0.00048842427,0.0014453308,0.026766175,-0.08106381,0.023979673,-0.00646919,0.009169951,-0.014848032,0.0088564,-0.002900687,0.025466943,0.0037440849,0.0032549042
27/11/2019,0.0,-0.00072585803,-0.00084192486,-0.0008795219,-0.00030780447,-0.0007359091,0.010208649,0.015160841,0.021903057,0.016882187,0.02015131,0.18801384,0.001008365,-0.01610903,-0.06356643,-0.4523367,0.03046825,-0.06530368,-9.665631e-05,0.0016098353,0.03904206,-0.018181937,0.025738943,-0.0064670593,0.009120374,-0.014847771,0.008856391,-0.002923235,0.02558327,0.0037440849,0.002586083
28/11/2019,0.1500000000000003,-0.00013154263,0.0004307373,-0.0006781575,-0.00030780447,-0.0007359091,0.018380977,0.015160841,0.11244798,0.02535371,0.024867902,-0.06971231,0.027439566,-0.09807469,-0.077103145,-0.75381565,0.029514683,-0.06240117,0.00085042545,0.0024023638,0.088732585,-0.022190964,0.024507018,-0.0064743566,0.009102839,-0.0148475235,0.008856391,-0.0029256716,0.025725981,0.0037440844,0.016524771
29/11/2019,-0.19,-0.000210092,-0.0009251994,-0.00075201504,-0.00030780447,-0.0005824739,0.037743334,-0.027177507,-0.0070428113,-0.06299171,-0.0019164664,0.057283387,-0.051416557,-0.1541447,-0.098750934,-0.769906,0.031120649,-0.075961426,-0.00031570456,0.001091891,0.032271788,-0.07415668,0.021888232,-0.0064716986,0.009036178,-0.014847647,0.008856391,-0.002923112,0.025492115,0.003744085,0.0032594153
2/12/2019,0.1099999999999994,-0.00057205965,-0.00037577056,-0.00080305507,-0.00030780447,-0.0007509714,0.0006022391,-0.027177507,0.018729476,0.006371276,0.000652972,-0.019518588,0.034004334,-0.3043663,-0.051035043,-0.5582421,0.033429384,-0.050335787,0.00079262967,0.0018288288,0.03602482,-0.086006954,0.021080133,-0.006466427,0.009033059,-0.014847866,0.0088564,-0.002901001,0.025531668,0.0037440849,0.0066272463
3/12/2019,0.2,-0.00043299035,-0.0006099502,-0.0009591563,-0.00030780447,-0.0006139247,0.022030203,-0.027177507,0.03396614,0.0035038367,0.034773428,0.10409165,-0.0066178283,-0.050307743,-0.062202215,-0.57557416,0.030623902,-0.06721593,-0.0003637388,0.00137233,0.03551944,-0.07577897,0.022386927,-0.0064690183,0.00899863,-0.014847494,0.008856391,-0.0029233315,0.025519859,0.0037440849,0.002609813
4/12/2019,0.02,2.1334065e-05,-0.000932016,-0.00031175747,-0.00030780447,-0.0005824739,0.02822532,0.0078186095,0.01005756,0.03419671,0.008955794,0.0006142039,-0.05322311,-0.065820314,-0.09807613,-0.656376,0.031958185,-0.081029706,-0.0012062924,0.0006250306,0.038342036,-0.085884355,0.019732833,-0.006475797,0.008952323,-0.014847322,0.008856391,-0.002926034,0.025398431,0.0037440856,0.0021974735
5/12/2019,0.1,0.00030905916,-0.0003540429,-0.0005271805,-0.00030780447,-0.0006447818,0.02816674,0.0078186095,-0.0049402257,0.086565554,0.019786932,-0.005503859,-0.010563219,-0.16289017,-0.05281287,-0.27184835,0.03786446,-0.07169955,-0.00019240762,0.000547028,0.03938936,-0.049553208,0.018055804,-0.0064689494,0.008941438,-0.014847284,0.0088564,-0.002892133,0.02536663,0.0037440856,0.004538145
6/12/2019,0.2,-0.00032984698,-0.00037369475,0.00019414716,-0.00030780447,-0.00074352336,0.02722527,-0.0047404477,0.04041742,0.113274366,-0.0037645244,0.07464815,-0.030072128,-0.10918722,-0.05031263,-0.5072005,0.03200971,-0.08240795,-0.0012742882,0.0004600953,0.03963292,-0.024836168,0.019778222,-0.0064697694,0.008932604,-0.0148471575,0.008856391,-0.0029243645,0.025395524,0.0037440856,0.0028290658
9/12/2019,0.08,-0.00054651365,-0.0022593818,-0.000889073,-0.00030780447,-0.0008168865,-0.0010396474,-0.030848589,0.015858425,0.008708333,-0.011980552,0.036104012,-0.044623874,-0.15514025,-0.04148785,-0.739725,0.033858757,-0.09128406,-0.0017914652,-4.9383925e-05,0.045048278,-0.10008917,0.02081399,-0.006478047,0.008921481,-0.014846976,0.008856391,-0.0029246667,0.025312753,0.0037440858,0.0006777731
10/12/2019,-0.04,0.00019358611,-0.00043962797,-0.0011508461,-0.00030780447,-0.0008168865,-0.006314459,0.018762374,0.038342547,0.010302719,0.020015424,0.048213422,-0.05501491,-0.22897306,-0.060602922,-0.8049506,0.033301953,-0.09086507,-0.0015477418,-0.00012127027,0.029698355,-0.095746845,0.021014897,-0.006478128,0.008914941,-0.014846758,0.008856391,-0.0029227657,0.025312163,0.003744086,-0.0014570524
11/12/2019,0.1,-0.00021792256,-0.0006925014,-0.0011355467,-0.00030780447,-0.000718145,-0.005289755,0.020084813,0.030276714,-0.0122688385,0.020255277,0.011405514,-0.058783967,-0.26365423,-0.07463877,-0.9320309,0.033928014,-0.08646974,-0.0014899707,9.798438e-06,0.027051356,-0.09599883,0.021074207,-0.006477454,0.008915559,-0.014846701,0.008856391,-0.002922442,0.025274655,0.0037440858,-0.0013446497
12/12/2019,-0.02,-0.0007720586,-0.0023076488,-0.0011688723,-0.00030780447,-0.00077020796,-0.007031763,-0.019563107,-0.0082287695,-0.047725536,-0.0068452703,-0.04673707,-0.07934317,-0.03999995,-0.09487413,-0.7088619,0.029065078,-0.103574,-0.0028066817,-0.00043007464,0.032403924,-0.09048565,0.01979985,-0.006479983,0.0088972375,-0.014846482,0.008856381,-0.0029417863,0.02527361,0.003744086,-0.003372805
13/12/2019,-0.21,-3.3782107e-05,0.00015862093,-0.0015044708,-0.00030780447,-0.0006714664,-0.000946723,-0.0037568177,-0.015474054,-0.050398335,-0.005475029,0.06069873,-0.045804236,-0.116491556,-0.05844819,-0.8292111,0.035080243,-0.093612775,-0.0020122193,-0.00028808496,0.050461527,-0.093715854,0.017531745,-0.006479937,0.008880368,-0.014846318,0.008856391,-0.0029237077,0.025237933,0.003744086,0.0008182819
16/12/2019,-0.02,-0.00021284839,-0.0006292998,-0.00085284055,-0.00030780447,-0.0006447818,0.02214594,-0.0037568177,0.02988656,-0.0034311013,0.018206922,-0.17241445,-0.042299658,-0.07170156,-0.08142686,-0.8828978,0.034213353,-0.08398184,-0.0016220348,4.9674098e-05,0.045931026,-0.106041744,0.015504407,-0.0064758235,0.008828164,-0.014846133,0.008856391,-0.0029246153,0.025261754,0.0037440858,0.002786104
17/12/2019,0.1600000000000001,1.7331953e-05,9.3836716e-05,1.1522728e-05,-0.00030780447,-0.0006447818,0.011703338,0.019404138,0.015470479,0.057445027,0.0051202145,-0.049280882,0.0041852766,-0.08821257,-0.07350556,-0.6449527,0.036484253,-0.06985756,-0.0008743217,0.00034193418,0.03359839,-0.10125732,0.017618991,-0.006477267,0.008810852,-0.014846058,0.0088564,-0.0029061239,0.025272436,0.0037440856,0.00012381493
18/12/2019,0.12,0.00022050021,-0.00038838343,-0.0006764583,-0.00030780447,-0.0005824739,0.017879961,0.019404138,0.01628958,-0.0105303805,0.009442787,-0.19061436,-0.052018184,-0.076627836,-0.13302794,-0.69724196,0.028349707,-0.079672836,-0.0019293627,0.00039309083,0.015559991,-0.10267903,0.019762449,-0.0064835055,0.008787877,-0.014845955,0.008856381,-0.0029385546,0.025319455,0.0037440856,-0.0016937305
19/12/2019,-0.01,6.657592e-05,0.00032416408,-0.0006313394,-0.00030780447,-0.0005824739,0.04262996,0.019404138,0.049885485,0.057650026,0.027781112,-0.009695494,-0.048507854,-0.051020112,-0.11381337,-0.6506931,0.0343299,-0.08210959,-0.0017742083,0.00013446157,0.0324672,-0.10554581,0.01821265,-0.006487076,0.008775103,-0.014845534,0.008856391,-0.0029230432,0.025307355,0.0037440858,-0.0015299118
20/12/2019,-0.09,-0.00015327975,0.00022124047,-0.0007410104,-0.00030780447,-0.0006447818,0.02215971,0.019404138,0.0572824,0.057341453,0.01973474,-0.049936347,-0.03227539,-0.10199408,-0.1080326,-0.6566307,0.033562467,-0.07984946,-0.0015463703,0.0003245005,0.033727884,-0.09981241,0.015574887,-0.0064864117,0.00871641,-0.01484516,0.008856391,-0.0029233573,0.025327196,0.0037440858,0.0008323317
23/12/2019,-0.08,-0.0004657022,-0.00020330172,-0.00066024816,-0.00030780447,-0.0007359091,0.009443599,0.017080821,0.015583824,0.07864645,0.018144947,-0.01209958,0.009312647,-0.24006592,-0.09443807,-0.61724514,0.031080639,-0.06712519,-0.00078044983,0.0009697546,0.031494427,-0.08933674,0.015830029,-0.0064866273,0.008673603,-0.014845095,0.008856391,-0.0029218432,0.025438668,0.003744085,0.0013602454
24/12/2019,0.07,0.00022240735,-0.0003564935,-0.0010826779,-0.00039142877,-0.0007382758,0.016624141,-0.0048166933,0.00872568,-0.010956233,0.013464772,-0.035995167,0.012529133,-0.27562055,-0.11092427,-0.5894565,0.029924778,-0.057638783,-0.00021236794,0.0015614367,0.033283334,-0.09184407,0.017647846,-0.0064857276,0.008606132,-0.014845115,0.008856391,-0.0029219063,0.025505522,0.0037440849,0.004075457
26/12/2019,0.1,-0.00020998943,-0.000605573,-0.00083595683,0.0034215907,-0.0003812642,0.016978186,0.059556838,-0.00033273976,-0.0049421084,0.031682007,0.05303038,-0.025048051,-0.15777601,-0.13621005,-0.4801305,0.030924158,-0.0640054,-0.0006815,0.0010870778,0.045915905,-0.095897526,0.0169437,-0.0064862035,0.008547913,-0.014845032,0.008856391,-0.0029221603,0.025422102,0.003744085,0.0020087035
27/12/2019,-0.01,0.00028628827,0.0011220716,-0.00041193314,-0.00030780447,-0.0007509714,0.016788002,0.020886304,0.0171307,0.019960389,0.04717669,-0.1420518,-0.031101355,-0.09648201,-0.15226421,-0.4820622,0.025415652,-0.07270095,-0.0016445186,0.000976593,0.03478484,-0.0979116,0.015365725,-0.006488221,0.008482256,-0.014845051,0.008856381,-0.0029410287,0.025426602,0.003744085,0.001573862
30/12/2019,-0.11,0.000862432,0.00064337073,-0.0008250978,-0.00030780447,-0.0007359091,0.014481187,0.00042855056,0.012189231,0.020519719,0.0076202983,-0.03906886,-0.0033912358,-0.1700039,-0.11466538,-0.4953838,0.030425142,-0.06585134,-0.00088246097,0.0010867048,0.04469862,-0.032742657,0.013167595,-0.006487298,0.008415947,-0.014845076,0.008856391,-0.0029241105,0.025438791,0.003744085,0.003260684
31/12/2019,-0.29,0.00052637444,3.3365388e-05,-0.0008554576,-0.00030780447,-0.0006996522,0.0070814854,-0.009885178,-0.002564639,-0.0009977277,0.02365211,-0.089066885,0.019477515,-0.2385767,-0.09448744,-0.61162347,0.028574426,-0.056642782,-0.00033891053,0.0014454422,0.04037053,-0.02886359,0.012739286,-0.006486066,0.008338441,-0.014845171,0.008856391,-0.002922498,0.025484733,0.0037440849,0.0053466046
2/1/2020,0.1799999999999997,-0.00023089834,0.0006546213,3.2982502e-08,-0.00030780447,-0.0007509714,0.0122342715,0.11855303,0.046054564,0.103058584,0.09932265,-0.17139003,0.0049175723,0.09909946,-0.08150477,-0.6076096,0.028305547,-0.052422658,-0.00039999484,0.001607705,0.061439943,-0.109457776,0.009367785,-0.0064866915,0.008226558,-0.014845256,0.008856391,-0.0029249173,0.025492784,0.0037440849,0.00831445
3/1/2020,0.4199999999999999,-0.00046168535,0.0003672009,0.000106196385,-0.00046248955,-0.0006483915,0.005295397,0.10726754,0.037780177,0.19931082,0.085408606,0.08709192,-0.031400964,0.099746644,-0.13411672,-0.52643514,0.028678555,-0.05544777,-0.00046182494,0.0015524081,0.05223016,-0.09484729,0.008913571,-0.006490018,0.00812456,-0.014845449,0.008856391,-0.002922981,0.025522133,0.0037440849,-0.0006912327
6/1/2020,-0.14,-3.2437867e-05,0.00075692334,-0.00046622488,-0.00030780447,-0.0013091674,0.011998592,-0.021028109,0.0016971135,-0.0346057,0.017256385,0.05385595,-0.098573856,0.06389789,-0.12808515,-0.56248885,0.030339574,-0.080691986,-0.0019028607,-2.0405656e-05,0.029486375,-0.04818887,0.011645072,-0.0064923805,0.008062859,-0.014845514,0.008856391,-0.0029240826,0.02523743,0.0037440858,-0.0027362215
7/1/2020,-0.12,-0.001034553,-0.00040249337,-0.0005794977,-0.00030780447,-0.0013669583,-0.008057293,0.029905297,-0.0014918052,0.029341754,-0.0072579626,-0.06797749,0.001992272,-0.2845878,-0.07557759,-0.61455745,0.030432904,-0.06344669,-0.0010183066,0.0006855695,0.0069911657,-0.09923622,0.012131166,-0.006492149,0.007995906,-0.01484583,0.008856391,-0.002921182,0.025302919,0.0037440856,-0.0015175293
8/1/2020,0.2400000000000002,-0.00013632682,0.0003514859,-0.00047757683,-0.00030780447,-0.0010359302,-0.0021091532,0.029905297,0.019458244,0.05975753,0.0064878357,-0.051304303,0.021883873,-0.08912028,-0.033740625,-0.55708486,0.028764784,-0.058833737,-0.0009668263,0.0007272003,0.01949296,-0.06787831,0.013837802,-0.006492411,0.007920255,-0.0148460595,0.008856391,-0.0029212849,0.025333213,0.0037440856,-0.004287247
9/1/2020,0.3599999999999994,0.00096962095,0.0016995333,0.00020411712,-0.00030780447,-0.00044431636,0.02450299,0.10726754,0.035618104,0.09675275,0.07273832,-0.25865066,-0.11240855,-0.012765465,-0.123185895,-0.38247484,0.026779268,-0.07897488,-0.0020015533,0.00013228638,0.018178364,-0.09573127,0.010645109,-0.0064945454,0.007843922,-0.014846458,0.00885639,-0.002934921,0.02524028,0.0037440858,-0.003077671
10/1/2020,0.09,0.00061459007,-0.00023004692,-0.0006688311,-0.00030780447,-0.0005944402,0.018524002,-0.030848589,0.019506793,-0.032825973,-0.00913492,-0.15565655,-0.14753798,-0.1811357,-0.12805651,-0.84381527,0.020314233,-0.11720642,-0.004714937,-0.001146735,0.033443913,-0.10965741,0.006165512,-0.0064992704,0.0077080987,-0.014847116,0.008856368,-0.0029798823,0.025103057,0.0037440865,-0.011067894
13/1/2020,0.1600000000000001,0.00011941815,-6.1664156e-05,0.00013930775,-0.00030780447,-0.000718145,0.0149054155,0.020084813,0.0402381,0.0021042116,0.0012471543,-0.10363206,-0.055553127,-0.113019444,-0.027212625,-0.58507353,0.03509752,-0.10527879,-0.0028982016,-0.0014985654,0.03623357,-0.11122173,0.007319641,-0.0064969645,0.0076520992,-0.014847124,0.008856401,-0.0029167288,0.02500147,0.0037440865,-0.006678923
14/1/2020,0.1999999999999993,0.00044626908,0.00018961154,-0.000237683,-0.00030780447,-0.0005454841,0.02333573,0.0037518505,0.025651837,0.1821179,0.027645707,-0.1714561,-0.07127531,-0.14243029,-0.005022038,-0.9740532,0.0323144,-0.11714429,-0.0035361564,-0.0018714769,0.04112887,-0.1089479,0.009799789,-0.006493569,0.0075887507,-0.014847247,0.008856391,-0.002934081,0.02496275,0.0037440867,-0.007767327
15/1/2020,-0.09,-3.5983823e-05,-0.0012953191,-0.000415062,-0.00030780447,-0.00069684477,-0.049291868,-0.043263312,-0.016884,-0.0106452415,-0.0036097455,0.06126105,-0.08414627,-0.119830295,-0.036109094,-0.880589,0.032121323,-0.120173804,-0.003216909,-0.0021014148,0.02417991,-0.10778006,0.013708328,-0.006494749,0.0075498996,-0.014846739,0.008856391,-0.0029224807,0.024963712,0.0037440872,-0.010988653
16/1/2020,0.02,-0.0003688319,-0.0016633985,-0.0006616339,-0.00030780447,-0.0007741053,0.0014611243,0.020084813,-0.053241316,-0.046177212,-0.037261754,0.03629338,-0.066462524,-0.23714897,-0.06187452,-0.90109634,0.033899277,-0.11132688,-0.0025998007,-0.001766727,0.015477149,-0.10200588,0.0164864,-0.0064927917,0.0075381855,-0.014860542,0.0088564,-0.0029076561,0.024982423,0.0037440867,-0.009195943
17/1/2020,0.0,0.00016491453,-0.0010664812,-0.0011381811,-0.00045274862,-0.0006728141,0.0010058234,0.0032167335,-0.00028390752,0.018202698,-0.02584523,-0.05520036,-0.075641766,-0.011875724,-0.070989564,-0.7574605,0.031059606,-0.12390232,-0.0036443996,-0.0019226806,0.0441999,-0.09639132,0.01154878,-0.006494816,0.007518628,-0.014860282,0.008856391,-0.0029357215,0.025035381,0.0037440872,-0.009429283
20/1/2020,0.1000000000000014,0.0011370942,0.00278796,-0.00034773943,-0.00045274862,-0.0006728141,0.02374667,0.0032167335,0.040235538,0.10196197,0.02355641,-0.14623354,-0.0068272264,-0.007168335,-0.04933968,-1.0448798,0.034092583,-0.10798373,-0.0025310046,-0.0010907715,0.06540056,-0.08577439,0.011116468,-0.0064936974,0.0075282133,-0.014859271,0.008856391,-0.0029255645,0.025140913,0.0037440865,0.0009053646
21/1/2020,0.1099999999999994,0.00020301204,-9.923809e-05,-0.00015117992,-0.00045274862,-0.0007715556,-0.02143731,0.02279916,0.017567404,0.05947893,-0.004225433,0.092974074,-0.034050178,-0.0010754787,-0.053022537,-0.865111,0.035368897,-0.11279831,-0.0025447265,-0.001877276,0.034263816,-0.08705991,0.014595686,-0.00648399,0.0075662155,-0.014858806,0.0088564,-0.002907115,0.0250033,0.0037440867,-0.0070129856
22/1/2020,-0.09,-0.0015207964,-0.0013844558,-0.0014075651,-0.00076618826,-0.00067358685,-0.008146227,0.05549214,0.029117374,0.06679482,-2.5825637e-05,-0.12624817,-0.09064723,-0.09971535,-0.06471005,-1.0694648,0.030136826,-0.12861964,-0.0032832609,-0.0021397925,0.027665166,-0.088068,0.009328932,-0.0064870073,0.007552392,-0.014858477,0.008856391,-0.0029256095,0.025013363,0.0037440872,-0.009651039
23/1/2020,-0.18,-0.00016069293,0.0009831991,-0.00051965716,-0.000951988,-0.00060022366,0.0020923493,-0.039495304,0.0015620732,-0.09150617,-0.01318967,-0.11129447,-0.039205845,-0.19502747,-0.039361387,-1.0185169,0.03335904,-0.11236596,-0.0030126993,-0.0018116002,0.03648279,-0.0888628,0.0065145455,-0.006494681,0.007542296,-0.014858232,0.008856391,-0.0029216278,0.024982058,0.0037440867,-0.0051879548
24/1/2020,-0.18,-0.00085238507,-4.813911e-05,-0.0008053027,-0.0006385487,-0.00074725354,0.014402003,0.015038942,0.0075050327,-0.03199661,-0.025701622,-0.14566877,-0.038482543,-0.1032161,-0.090367936,-0.86820114,0.032736145,-0.0939159,-0.0026626808,-0.0013157657,0.03570855,-0.100716226,0.008552609,-0.0064954134,0.007480373,-0.014857997,0.008856391,-0.0029213384,0.024980651,0.0037440865,-0.0072973794
27/1/2020,0.3299999999999983,-0.0001400652,0.00015199614,0.0002539829,-0.00045274862,-0.00085344305,0.014983322,0.17792818,0.0134501755,0.11664492,0.067770906,-0.022212908,-0.028379235,-0.11093471,-0.09518906,-0.8301404,0.031036802,-0.07777842,-0.0021544243,-0.00065907626,0.0143396845,-0.1095603,0.0096745575,-0.0064963903,0.007429475,-0.01485775,0.008856391,-0.0029212013,0.025031965,0.0037440863,-0.009166085
28/1/2020,-0.05,5.7515637e-05,0.0011489139,-0.0008767751,-0.00038642442,-0.00072608516,0.028902145,0.07905163,0.031497773,0.024186706,0.0031412188,-0.075668335,-0.08943138,0.17154232,-0.11617455,-0.5976927,0.03425534,-0.09493762,-0.0027393077,-0.0016192339,0.0359574,-0.10993024,0.0089692855,-0.0064977026,0.007387954,-0.014857459,0.0088564,-0.0029107584,0.024931237,0.0037440867,-0.008404338
29/1/2020,0.1,-5.2018033e-05,0.0013065515,-0.00017991383,-0.00060978445,-0.0007348146,0.017110815,0.05658366,0.019747954,-0.0023388185,0.026552819,-0.11151973,-0.030470386,-0.19435145,-0.058403514,-0.7401529,0.031501666,-0.086202696,-0.002595713,-0.0011177869,0.0054437704,-0.11406591,0.00706221,-0.0064996183,0.007346941,-0.014857545,0.008856391,-0.0029225354,0.024943607,0.0037440865,-0.010995622
30/1/2020,0.02,0.00088246824,0.0005970105,8.9220746e-05,-0.00060978445,-0.0006167643,0.0057392223,0.003944566,0.043015506,0.099856205,0.0047794655,0.022581592,0.030544689,-0.043780334,0.0048306705,-0.44102237,0.03447265,-0.08632787,-0.0024201758,-0.0013109696,0.02159603,-0.10795605,0.0072731026,-0.006498528,0.007330515,-0.014857518,0.0088564,-0.0029077441,0.024956666,0.0037440865,-0.011512944
31/1/2020,0.2800000000000011,0.00058288884,0.00020566859,-7.941351e-05,-0.00060978445,-0.0006167643,0.01748256,0.02525968,0.03124964,0.090175636,0.020522105,0.04369793,0.04031978,-0.08253832,0.0022432662,-0.41873643,0.034347504,-0.082523495,-0.0022861895,-0.0011215693,0.019584484,-0.100852765,0.0079029575,-0.0064964793,0.0073193787,-0.01485851,0.0088564,-0.0029077216,0.024981307,0.0037440865,-0.011061533
3/2/2020,-0.18,0.00090840866,0.00033947284,-8.7671186e-05,-0.0005434603,-0.00054683164,0.04445939,0.00063372153,0.10314415,0.024078706,0.026507143,0.0690451,-0.04788218,0.017636834,-0.048528347,-0.68269014,0.032230575,-0.10606988,-0.0033481235,-0.0017168904,0.034902424,-0.09752595,0.008339706,-0.006497815,0.007299662,-0.014861109,0.008856391,-0.0029264872,0.024960639,0.0037440867,-0.010206015
4/2/2020,0.02,0.0009751806,0.00038374562,-0.00036829698,-0.0007955843,-0.0006167643,0.020726617,0.011919205,0.031484433,-0.036231183,0.008330948,0.24173586,-0.020101309,-0.08114413,-0.03660899,-0.66532046,0.030556157,-0.0981385,-0.0030596673,-0.0015971734,0.034519345,-0.09752439,0.010076533,-0.0064991163,0.007233443,-0.014872286,0.008856391,-0.002926468,0.02489744,0.0037440865,-0.007441938
5/2/2020,0.01,0.0005525291,0.000117639414,-7.618718e-05,-0.0007955843,-0.00065302115,0.01442589,0.011919205,0.015871368,0.022147791,0.017397212,0.092295624,0.022959717,0.013108843,-0.010146301,-0.41418386,0.032793213,-0.09067371,-0.0029870342,-0.0013875171,0.025469054,-0.09554545,0.009876219,-0.006500224,0.0072685196,-0.01484303,0.008856391,-0.0029229135,0.024915688,0.0037440865,-0.010188133
6/2/2020,0.1799999999999997,0.00045946945,0.00064287736,0.00032050928,-0.0007955843,-0.0006693835,0.01442589,0.011919205,0.035495583,0.06926547,0.027777562,0.10175482,0.017549878,0.018562596,-0.021731062,-0.50330967,0.032542385,-0.089131996,-0.0029058706,-0.0013111625,0.030542104,-0.09555733,0.007220705,-0.006499935,0.007266522,-0.01484331,0.008856391,-0.0029229168,0.024913955,0.0037440865,-0.0099060675
7/2/2020,0.1199999999999992,0.0015416984,0.0012332926,0.0006733159,-0.0007955843,-0.00054683164,0.038487744,0.00063372153,0.080855146,0.09507378,0.030607332,0.04304502,-0.016786778,0.012392735,-0.032963958,-0.6161527,0.03417326,-0.10239976,-0.0032335809,-0.0017426733,0.03212129,-0.09752634,0.0060545066,-0.00649817,0.0072533935,-0.014843759,0.008856391,-0.0029231152,0.024893712,0.0037440867,-0.009262868
10/2/2020,0.37,-0.0013592268,0.0014586013,-0.00054917694,-0.0011072753,0.00010614289,0.037693378,0.08049313,0.05710287,-0.028015882,0.011437655,-0.012317142,-0.040458743,-0.014726241,-0.052227672,-0.61932915,0.02520523,-0.118970774,-0.004305545,-0.0019314028,0.018015273,-0.09070093,0.0070452113,-0.006498049,0.007232293,-0.014843792,0.008856376,-0.0029478993,0.024899242,0.0037440867,-0.0081744045
11/2/2020,0.3699999999999992,-0.0015336765,0.0013472174,-0.00037592248,-0.001535458,-0.00013496005,-0.054446984,0.14466698,0.00074441265,-0.0031390586,0.06549631,0.214274,-0.075831,0.07454637,-0.01711268,-0.7980271,0.030853402,-0.14148638,-0.0044796006,-0.002861515,0.036380634,-0.09019309,0.009638906,-0.0064994,0.0072157593,-0.014843662,0.008856391,-0.0029332656,0.024861578,0.0037440874,-0.01264164
12/2/2020,-0.62,-0.07008044,-0.08246069,-0.030952191,-0.060013223,-0.044266697,-0.44984353,-0.35641107,-0.53911203,-0.4819802,-0.4002814,0.068841234,-0.103448205,0.0131626595,0.0079260655,-1.076388,0.025399618,-0.167192,-0.0055201203,-0.0034890524,0.03988089,-0.0909761,0.008349688,-0.006501354,0.0072217444,-0.014843316,0.008856382,-0.0029540532,0.02488373,0.0037440879,-0.016649514
13/2/2020,-0.1,-0.0028417185,-0.0034636522,-0.0023518256,-0.001677486,-0.0011739278,0.0032518418,-0.027867882,-0.07110738,-0.13917725,-0.042501543,-0.077665076,0.009446806,-0.3048217,0.010582189,-0.88614064,0.032454647,-0.12426892,-0.0034757322,-0.0024944518,0.055517506,-0.09969617,0.010893514,-0.006503236,0.0072178887,-0.01484323,0.008856391,-0.0029243538,0.024770645,0.0037440874,-0.0043385453
14/2/2020,0.0,-0.0017502136,-0.002926337,-0.0022324922,-0.0017438104,-0.0012742102,-0.05559854,0.054454025,0.0053153983,-0.07850749,-0.031142784,-0.12681873,0.07694733,-0.012024452,0.04046617,-0.6119378,0.034402452,-0.11170754,-0.0035696405,-0.0025192145,0.03951687,-0.098770045,0.014877677,-0.006504532,0.007198842,-0.014842565,0.008856391,-0.0029212881,0.024705362,0.0037440872,-0.010200171
17/2/2020,0.2199999999999988,-0.0021464326,-0.00089552865,-0.0021897734,-0.0015867746,-0.0012012238,-0.027011614,0.056997783,0.016370818,-0.04399063,0.06530344,-0.33400604,0.08956224,0.038021464,0.035689984,-0.70587,0.03443836,-0.105859846,-0.0030586794,-0.0018063047,0.07302691,-0.093588606,0.014479079,-0.0065039527,0.007185497,-0.014841438,0.008856391,-0.0029250085,0.024823554,0.0037440867,-0.0018648548
18/2/2020,0.3000000000000007,0.0017146731,0.0052279085,0.0011872647,-0.0011738853,-0.0010493974,0.056664743,0.17898571,0.07784005,0.110001065,0.07453583,0.13964115,0.11576833,1.0860006,0.018898284,-0.9592277,0.014146688,-0.14933152,-0.006865217,-0.0029669013,0.043989737,-0.08638192,0.018078359,-0.006503349,0.007062728,-0.01484108,0.008856344,-0.0030235318,0.02479193,0.0037440874,-0.014967011
19/2/2020,-0.18,-0.002737705,0.00090108934,-0.001107052,-0.0017591742,-0.0023177695,0.013759023,0.06628787,-0.039123546,-0.12033937,0.013499682,0.03601049,0.11928195,0.4354072,0.015202845,-0.7960051,0.027225615,-0.13766576,-0.0049266014,-0.002786748,0.04972993,-0.0686091,0.021138508,-0.006503493,0.0069777225,-0.014840648,0.008856379,-0.0029536749,0.024740985,0.0037440874,-0.009944651
20/2/2020,0.1899999999999995,-0.0011321107,-0.006300038,-0.004467286,-0.0014203007,-0.0038011698,-0.030331923,-0.19594584,-0.093759365,-0.14528647,-0.11558663,0.021129362,0.13188669,-0.25237963,0.05339101,-0.6958917,0.034275826,-0.109840766,-0.0030701188,-0.0018615632,0.06326436,-0.06364975,0.021144407,-0.00650412,0.006912443,-0.014840401,0.008856391,-0.0029225042,0.024803044,0.0037440867,-0.0028635636
21/2/2020,-0.32,-0.005390365,-0.0066390163,-0.004535233,-0.0031109191,-0.0034892987,-0.049822118,-0.09446969,-0.094069146,-0.18267491,-0.09485837,0.15397148,0.10219,-0.056445993,0.05704614,-0.46609968,0.036037777,-0.11871906,-0.0036612267,-0.0023248016,0.07805468,-0.061469592,0.019108238,-0.006504305,0.006826601,-0.014840067,0.008856391,-0.002922875,0.02479561,0.0037440872,-0.0056966343
24/2/2020,-0.12,-0.0049131378,-0.006638383,-0.004903627,-0.0036023404,-0.0034547173,-0.04425731,-0.09446969,-0.10149458,-0.1365819,-0.037273813,0.05631916,0.12924062,-0.24154833,0.021672718,-0.53184456,0.0333677,-0.09549989,-0.0027200845,-0.0014717967,0.052499086,-0.06703366,0.016820014,-0.006504379,0.0067168525,-0.014839715,0.008856391,-0.002921135,0.024827827,0.0037440867,-0.00080827944
25/2/2020,-0.36,-0.0099355215,-0.011913727,-0.0067999396,-0.0039136964,-0.0035192126,-0.09592715,-0.16064125,-0.08437815,-0.22931875,-0.16639538,0.022640174,0.11240851,0.14429195,-0.03444686,-0.41893587,0.033281393,-0.09017427,-0.00274453,-0.0014847192,0.06131405,-0.07749745,0.016149573,-0.0065042884,0.006593372,-0.014839458,0.008856391,-0.0029214027,0.024832187,0.0037440865,-0.006649898
26/2/2020,-0.4,-0.010615946,-0.016881555,-0.006751157,-0.002150785,-0.0060868817,-0.04572016,-0.18811171,-0.1699955,-0.24663685,-0.17151724,-0.09586848,0.120764725,0.06784859,-0.03777173,-0.18276662,0.03110033,-0.07903521,-0.0016271868,-0.00033980524,0.067963205,-0.09013395,0.014948792,-0.0065029575,0.006456671,-0.014839258,0.008856391,-0.0029216052,0.025032183,0.003744086,0.011903741
27/2/2020,-0.25,-0.010042889,-0.02691388,-0.007274616,-0.00017646555,-0.0059637204,-0.054754294,-0.087667935,-0.05953971,-0.11070729,-0.07130045,-0.21016411,0.096964985,0.33901933,-0.04569094,-0.17555128,0.030199077,-0.072446845,-0.0010762878,0.0002647245,0.086365655,-0.09870111,0.015731243,-0.006498814,0.0063519687,-0.014839094,0.008856391,-0.00292199,0.025168706,0.0037440858,0.02154163
28/2/2020,-0.33,-0.0073694563,-0.010746372,-0.0053945538,-0.0030793143,-0.003642836,-0.038260307,-0.21617608,-0.07770022,-0.20283087,-0.11319619,-0.23710668,-0.041181937,0.66455734,-0.14633977,-0.30895817,0.024497956,-0.08262932,-0.0022591045,-5.525373e-05,0.088405184,-0.107498676,0.009901095,-0.006498782,0.0062340596,-0.014839272,0.008856381,-0.0029415302,0.025148919,0.003744086,0.01847086
2/3/2020,-0.05,-0.0065647527,-0.008066546,-0.0048829266,-0.0032624062,-0.0034194565,0.008461005,0.0022421104,-0.037134685,-0.05483795,-0.043320384,-0.4169302,-0.029013868,0.26578093,-0.15253396,-0.35297728,0.01723594,-0.07379018,-0.0009208879,0.0012801148,0.10353286,-0.11598961,0.004813434,-0.006501437,0.0060907057,-0.0148399295,0.008856376,-0.002948223,0.025380036,0.003744085,0.037479922
3/3/2020,-0.29,-0.003905811,-0.0055842446,-0.0043405,-0.0024685003,-0.0030017083,-0.03569416,-0.045810778,-0.03883997,-0.06956509,-0.09585642,-0.0013422259,-0.0042446014,0.2524292,-0.09868729,-0.22284582,0.028492367,-0.058809623,0.00059988623,0.0019820547,0.14535952,-0.13549834,0.006215004,-0.006501571,0.005930624,-0.014840603,0.008856391,-0.0029231461,0.025504287,0.0037440849,0.04343267
4/3/2020,-0.05,-0.001556901,-0.0049371454,-0.004368599,-0.0024685003,-0.0031495718,-0.023427693,-0.022025568,-0.05492612,-0.06712248,-0.047314264,-0.08297135,0.005362743,0.14201227,-0.12255282,-0.06490221,0.027432878,-0.052832358,0.0023541271,0.0032500287,0.15636204,-0.12731923,0.0052855257,-0.006501946,0.005732723,-0.014841278,0.008856391,-0.0029247825,0.02574019,0.0037440844,0.056035884
5/3/2020,-0.4,-0.0047124443,-0.00835469,-0.0053696833,-0.0019085923,-0.0032498662,-0.07751912,-0.2012434,-0.10472964,-0.19122298,-0.11334466,-0.027264977,-0.024912894,0.018393088,-0.15134941,-0.00040833396,0.026869081,-0.047966283,0.0029894663,0.0037647863,0.141983,-0.13587202,0.0053521576,-0.006501713,0.005538125,-0.0148425335,0.008856391,-0.0029249592,0.025826871,0.0037440842,0.06145263
6/3/2020,-0.41,0.022519976,0.02983223,0.0026492472,0.036462735,-0.012893008,0.0138563365,-0.15206556,-0.056043386,-0.11610749,-0.120636754,-0.026682753,-0.040502712,0.040933367,-0.17980227,-0.015719915,0.02412458,-0.050834026,0.00546339,0.004887601,0.1778681,-0.12007467,0.007108915,-0.006501426,0.0053203013,-0.014844612,0.008856391,-0.0029436883,0.026053084,0.0037440837,0.07397887
9/3/2020,-0.02,-0.0026807038,-0.012602389,-0.006818581,-0.0021973497,-0.0050863065,-0.10347575,-0.13092153,-0.06916329,-0.09390526,-0.09163408,-0.16275549,-0.13257354,0.5456309,-0.2045571,0.33218786,0.020729396,-0.07079098,0.0054943594,0.004730822,0.20697457,-0.11573666,0.0059481515,-0.0064998074,0.0051277387,-0.014846312,0.008856391,-0.0029696203,0.026138168,0.0037440837,0.07447788
10/3/2020,-0.33,-0.0052577313,-0.018749308,-0.009874398,-0.0029343565,-0.008038205,-0.14921664,-0.14410006,-0.20887777,-0.2873986,-0.13800934,-0.0070080804,-0.08155827,0.4294348,-0.15159085,0.35837743,0.02384476,-0.05751012,0.0065592797,0.004927155,0.1850305,-0.10997662,0.008088652,-0.0064995578,0.0049073105,-0.014848235,0.008856391,-0.002951595,0.026116613,0.0037440837,0.07326026
11/3/2020,-0.64,-0.0075083016,-0.016623164,-0.013203684,-0.0024998311,-0.008971295,-0.17624578,-0.28257906,-0.30297714,-0.39996526,-0.27946088,-0.1088051,-0.051494583,0.21708794,-0.13462375,0.38495836,0.022599144,-0.048260137,0.008569271,0.006030022,0.18606235,-0.10379232,0.01693218,-0.006500742,0.004694552,-0.014851802,0.008856391,-0.002950409,0.026325477,0.003744083,0.08200543
12/3/2020,0.08,0.00018117511,-0.005134129,-0.007037718,-0.0024998311,-0.0033719023,-0.06800459,-0.087436214,-0.115080595,-0.026073469,-0.10541114,-0.47958884,-0.0774615,0.052848753,-0.09354383,0.41286102,0.013252275,-0.060843404,0.0107443,0.0072417026,0.23791873,-0.10231984,0.018259814,-0.0064984877,0.004430036,-0.014875381,0.008856382,-0.0029962766,0.02661516,0.0037440823,0.10570365
13/3/2020,-0.61,-0.0044490825,-0.0133861145,-0.011548818,-0.0021058824,-0.0075504556,-0.12975061,-0.27773705,-0.21912356,-0.251183,-0.22592074,-0.06279488,-0.003855484,0.2537566,-0.009754728,0.44393206,0.020692429,-0.057532288,0.011312087,0.0070509072,0.22538956,-0.09379566,0.023181655,-0.0064976,0.0042007095,-0.01487687,0.008856391,-0.002966875,0.02655117,0.0037440825,0.09706976
16/3/2020,-0.2,-0.004381263,-0.0071547297,-0.005601108,-0.0023108586,-0.004393211,-0.0959632,-0.14587058,-0.12128088,-0.15387265,-0.15092947,-0.23389246,0.008691949,0.24436015,-0.0346201,0.4475642,0.011841276,-0.056415103,0.01459044,0.008689443,0.24010234,-0.087313205,0.035672914,-0.0064991014,0.003975908,-0.014899124,0.008856389,-0.0030003279,0.026889557,0.0037440818,0.11118439
17/3/2020,-0.22,-0.0061351345,-0.009002496,-0.006023623,-0.0030585944,-0.004911462,-0.09295752,-0.10513265,-0.18175557,-0.3027401,-0.119260825,-0.09295378,0.027460739,0.188736,0.0010934747,0.63582635,0.01068641,-0.04797351,0.016909769,0.009525548,0.2159818,-0.08281584,0.042758856,-0.0064981626,0.0037393994,-0.014923183,0.00885639,-0.0029986382,0.026998343,0.0037440811,0.11039197
18/3/2020,-0.08,0.028151205,0.0487069,0.0132304495,0.052081104,0.0029314903,0.11344395,0.05173939,0.04642745,0.023379643,0.08834266,0.027569447,0.039007165,0.33248496,0.045419145,0.6785006,0.0116071915,-0.052273426,0.01789535,0.009904141,0.25187615,-0.074918814,0.0467061,-0.006495141,0.003524839,-0.014924693,0.008856391,-0.0030006033,0.02709361,0.0037440811,0.11533492
19/3/2020,0.3200000000000003,0.028954513,0.04254297,0.013599101,0.050254904,0.019136013,0.11267207,0.19550057,0.21519558,0.11412675,0.17405698,-0.16869183,0.016995823,0.17673756,0.020390902,0.5709257,0.009267379,-0.047831014,0.019471241,0.010589092,0.24049464,-0.07091338,0.048815593,-0.0064925384,0.0032914586,-0.01507588,0.008856391,-0.0030040396,0.027210206,0.003744081,0.115425766
20/3/2020,0.13,0.0006505533,0.0010340771,-0.00154627,-0.0038316778,0.0008433084,-0.054221824,0.004017524,0.1387791,0.0626458,0.027739977,-0.17915902,-0.023057075,0.28843677,0.0007901909,0.45288756,0.01382479,-0.05362022,0.016655318,0.009570157,0.2524094,-0.06852803,0.048757456,-0.0064874594,0.0030629712,-0.017326217,0.008856391,-0.0029881469,0.027067062,0.0037440811,0.1095982
23/3/2020,0.2300000000000004,-0.0026898952,-0.003315648,-0.0041300924,-0.0021058824,-0.001117253,-0.002661067,0.004017524,0.011169207,-0.07611997,0.043133553,-0.060263053,-0.017190445,0.29214084,0.014592746,0.47859955,0.01666153,-0.056208216,0.014456622,0.008991309,0.24512766,-0.06668628,0.049455833,-0.0064825066,0.0029200793,-0.019570973,0.008856391,-0.0029785815,0.027010951,0.0037440814,0.101294555
24/3/2020,0.1400000000000005,-0.004485857,-0.0022835834,-0.0017374961,-0.0016737634,-0.0009512259,-0.021744885,0.004017524,0.025914421,0.03210079,0.043892592,0.11243202,0.005938005,0.39518547,0.020759799,0.45958143,0.011461228,-0.06380121,0.011103745,0.008264219,0.23148328,-0.06490349,0.04957398,-0.0064831227,0.0027409706,-0.021828968,0.008856382,-0.0029939695,0.026820496,0.003744082,0.09901174
25/3/2020,-0.08,-0.0071043125,-0.0068945987,-0.004118843,-0.0017400875,-0.0009512259,-0.083114184,-0.06862057,-0.18059078,-0.073315695,-0.05924576,0.058987122,-0.020641781,0.48709217,0.06471055,0.56384426,0.021765929,-0.056749232,0.009630999,0.0070477226,0.20571302,-0.06420179,0.05078817,-0.006479333,0.0025541906,-0.024087409,0.0088564,-0.002958802,0.026562009,0.0037440825,0.08628054
26/3/2020,-0.23,-0.009044425,-0.013060215,-0.0069220965,-0.0058793714,-0.0019685999,-0.18984371,-0.11962195,-0.16990335,-0.21097103,-0.14365622,0.03295225,-0.073306516,0.37119034,0.01327155,0.19493207,0.01711217,-0.058109436,0.007853648,0.006731004,0.1271325,-0.063976996,0.05199115,-0.006478763,0.0023909323,-0.026345417,0.008856389,-0.0029807952,0.026477888,0.0037440825,0.06754312
27/3/2020,-0.37,-0.007442264,-0.010377586,-0.0064832866,-0.0058793714,-0.0019871765,-0.19293393,-0.12327776,-0.19327332,-0.2716591,-0.16090189,-0.0066633155,-0.028026577,0.53897005,0.062475894,0.40262166,0.019220332,-0.058140542,0.007914407,0.0067124795,0.1213543,-0.06464936,0.052771922,-0.006476794,0.0022468055,-0.028603556,0.008856386,-0.0029736664,0.026509946,0.0037440825,0.06309415
30/3/2020,-0.31,-0.0072595547,-0.011960301,-0.006284156,-0.005137772,-0.0015370983,-0.13421786,-0.06545581,-0.18164937,-0.2549312,-0.086996205,-0.06393523,0.016666686,0.7172751,0.14106704,0.110109776,0.018161474,-0.06857372,0.0068732724,0.006381229,0.15767016,-0.06383286,0.055354513,-0.0064781005,0.002162028,-0.030861918,0.008856386,-0.0029855913,0.026465062,0.0037440828,0.06393273
31/3/2020,-0.38,-0.0041092406,-0.00632181,-0.0038969181,-0.0031025182,-0.0019296563,-0.07638762,-0.16067617,-0.18755281,-0.16202462,-0.0860062,0.09974871,0.039518565,0.69153637,0.16023217,-0.03333574,0.01887253,-0.063331716,0.0081949625,0.0069454717,0.17928635,-0.060689434,0.058949027,-0.0064859325,0.0021026144,-0.03311966,0.008856391,-0.0029742953,0.026568342,0.0037440825,0.07652452
1/4/2020,0.25,0.008978323,0.010680553,0.0046178107,0.0059455107,0.003627692,0.08487672,0.09457119,0.092620485,0.20335175,0.107077055,-0.32064283,0.10810463,0.66259414,0.20002472,0.059955478,0.015300817,-0.059496813,0.009281733,0.007712609,0.2045969,-0.056809444,0.06302726,-0.006487428,0.002061857,-0.035359573,0.00885639,-0.0029794043,0.026747428,0.003744082,0.08896954
2/4/2020,0.02,0.013341663,0.019440284,0.003149567,0.0056329407,0.0016679674,-0.03254292,0.028136997,-0.0562533,-0.08597006,-0.042552374,-0.37770024,0.08225061,0.68092537,0.23744246,-0.14556661,0.019728046,-0.06928187,0.0076254965,0.006906734,0.19252633,-0.050685663,0.06281692,-0.0064901207,0.0020592858,-0.03762424,0.008856391,-0.002987238,0.02659072,0.0037440825,0.075538
3/4/2020,0.1399999999999988,0.018746752,0.019351974,0.0046252003,0.020922964,0.00321174,0.040566035,0.049595103,-0.034268856,0.14130275,0.008464788,-0.19372351,0.14130381,0.46694788,0.24097072,0.0688984,0.020364465,-0.056577843,0.00914695,0.0075778547,0.15896869,-0.046336178,0.06481725,-0.0064828405,0.0020735783,-0.03832773,0.0088564,-0.0029610845,0.026697002,0.0037440823,0.07170521
6/4/2020,-0.07,0.0019766325,-0.001501644,-0.00053321087,0.00053582346,0.00033557494,-0.034989487,0.062269114,-0.096009575,-0.12282541,0.034562528,-0.0037875958,0.108158134,0.43021914,0.18134432,-0.040162165,0.02036882,-0.058067355,0.008337573,0.007539648,0.14647146,-0.046115633,0.0652484,-0.0064727045,0.002122871,-0.038344696,0.008856391,-0.0029635157,0.02670976,0.003744082,0.066951804
7/4/2020,-0.01,0.0002849583,-0.0022035833,-0.0016461633,-0.0009849969,-0.0010155624,-0.01673413,-0.014838824,-0.054107778,-0.1510292,-0.027512353,0.12233466,0.06848809,0.26575527,0.12514466,0.10236349,0.026725005,-0.046142884,0.009033967,0.0077570644,0.14650397,-0.046799652,0.06512289,-0.0064676777,0.0021815235,-0.040709004,0.0088564,-0.0029331776,0.026730357,0.003744082,0.07049823
8/4/2020,0.06,9.2319926e-05,-0.0018902812,-0.00089826446,-0.0009849969,-0.00077771576,0.01256687,-0.014838824,-0.072315164,-0.021982139,-0.020133365,0.2300495,0.0161417,0.60375994,0.06766804,0.18916635,0.019143427,-0.05980793,0.007776785,0.0075410884,0.14567773,-0.050963264,0.06348397,-0.0064697876,0.0022555916,-0.04266934,0.008856381,-0.0029606281,0.02674965,0.003744082,0.06714491
9/4/2020,-0.26,-0.00091595924,-0.0066439467,-0.0015324323,-0.0006965382,-0.0008998437,-0.002441279,-0.107412934,-0.055318136,-0.12342279,-0.023474798,0.44119763,-0.021753957,0.723549,0.06094675,0.14852567,0.024960786,-0.06099877,0.007097619,0.00680807,0.13810058,-0.053158935,0.061021533,-0.006474238,0.0023600485,-0.04267773,0.008856391,-0.0029414638,0.026626647,0.0037440823,0.05920849
13/4/2020,-0.12,0.00058253465,-0.00016843958,0.00066139136,-0.00024241226,-0.0006671861,0.021490717,-0.00027742123,-0.015977558,0.060275484,0.031843785,0.12289466,0.04927478,0.5508109,0.122804865,0.0390423,0.02358535,-0.054178923,0.0077576134,0.007167178,0.12471995,-0.053448427,0.0634093,-0.006472673,0.0025112235,-0.042686906,0.008856391,-0.002936522,0.02670462,0.0037440823,0.05993146
14/4/2020,0.1099999999999994,0.0015317745,0.0013357023,0.0013427561,0.0005494368,3.5128272e-05,0.03750364,0.03581106,0.023564046,0.0681738,0.029800862,0.22184578,0.09819602,0.60354584,0.20247787,-0.03130365,0.029792361,-0.04751593,0.008146201,0.0069616344,0.14984608,-0.053217012,0.06688511,-0.006466379,0.0026551127,-0.04269055,0.0088564,-0.0029132732,0.02661358,0.0037440823,0.07088135
15/4/2020,0.0,0.002837387,0.002884113,0.002462012,0.0016918998,0.00032167716,0.044226244,0.024642546,0.06938097,0.027596686,0.019865539,0.25579253,0.13373934,1.1994867,0.21600452,-0.45749384,0.024213737,-0.0688254,0.005568104,0.0061824485,0.17382815,-0.049179573,0.06928043,-0.0064604953,0.0028042782,-0.04044192,0.008856377,-0.0029628214,0.026542826,0.0037440825,0.063756764
16/4/2020,0.21,0.0034414486,0.004179955,0.002177632,0.0019305161,0.0014050354,0.07516091,0.09429323,0.0952196,0.095243216,0.024563408,0.14793763,0.123888075,0.55977076,0.19202511,-0.51795167,0.028554643,-0.048819065,0.0066094697,0.0064281444,0.14304075,-0.04559193,0.06824856,-0.006463096,0.0030318548,-0.040455554,0.008856391,-0.0029281147,0.026468873,0.0037440825,0.06722189
17/4/2020,-0.31,0.0013521311,0.0010844355,-0.00028539915,0.0014534235,-5.393336e-05,0.05541868,-0.026687857,0.0057900874,0.0007360152,0.053224344,0.18612632,0.09950768,0.41411823,0.21012874,-0.18484333,0.029630719,-0.053359453,0.0060517997,0.0061001554,0.16584651,-0.041449357,0.06735334,-0.0064679007,0.0032674472,-0.038245264,0.008856391,-0.002924718,0.02645283,0.0037440828,0.06932544
20/4/2020,-0.31,0.0074074855,0.0065004877,0.0021560718,0.002245273,0.00087696366,0.07078291,-0.026687857,0.08764416,0.0037294158,0.10752093,0.067102306,0.14017844,0.22185859,0.19711119,-0.33975342,0.027470354,-0.04196592,0.0074270377,0.0069716466,0.13450795,-0.040193513,0.06712887,-0.0064711557,0.0034944378,-0.038293153,0.008856391,-0.0029230465,0.02660782,0.0037440823,0.073131666
21/4/2020,0.08,0.0031171164,0.005144526,0.0020349717,0.002617396,0.001711495,0.052191425,0.018866217,0.08624194,-0.02948615,0.139324,0.11863474,0.10006475,0.5086651,0.18094742,0.042250786,0.030861208,-0.041093584,0.008769355,0.0073422953,0.16818073,-0.044041242,0.06941912,-0.006469766,0.0036922912,-0.03840718,0.0088564,-0.0029097104,0.026672533,0.003744082,0.084334426
22/4/2020,0.01,0.006327183,0.0050976877,0.0045168493,0.0074519473,0.0020361457,0.08645841,0.13111222,0.04188908,0.08947809,0.070770405,0.33816132,0.044311497,0.6212904,0.16808803,0.058317408,0.029379139,-0.05178165,0.007351581,0.0066398988,0.1820991,-0.046832535,0.069754116,-0.006473692,0.0038887847,-0.036522824,0.008856391,-0.002927235,0.026557487,0.0037440823,0.08271781
23/4/2020,-0.11,0.008696159,0.011315722,0.0064688865,0.011175501,0.0052102692,0.09792133,0.043870065,0.046491776,0.013045713,0.11620179,0.41996467,0.06545479,0.552454,0.1566815,0.07366247,0.027745666,-0.05006522,0.00749431,0.006815869,0.19009103,-0.049766894,0.06905366,-0.006477952,0.004080345,-0.03481768,0.008856391,-0.002932388,0.026601302,0.0037440823,0.08238185
24/4/2020,-0.52,0.008395004,0.011634726,0.0072918623,0.010860742,0.008299034,0.11828543,0.09018542,0.108302884,0.0036344011,0.1845134,0.23983015,0.13088597,0.5768546,0.20426573,0.21091214,0.03156052,-0.04347263,0.009018777,0.0072764307,0.18221991,-0.05133166,0.070606716,-0.006465638,0.004269014,-0.032866854,0.0088564,-0.002910544,0.02670873,0.003744082,0.083622165
27/4/2020,0.13,0.013690063,0.014259096,0.00970944,0.008694831,0.011122037,0.11908898,0.09635547,0.13086969,0.13893953,0.1724288,0.02685145,0.14124824,0.5471959,0.21071438,0.09346781,0.0262173,-0.045438133,0.010792688,0.008353109,0.22791073,-0.05266972,0.07078927,-0.0064653344,0.004437857,-0.032864593,0.008856391,-0.0029280141,0.026938297,0.0037440814,0.10856548
28/4/2020,0.4199999999999999,0.028931616,0.03359393,0.018966682,0.02010433,0.023687674,0.26167348,0.38348842,0.37715462,0.53861827,0.28192925,0.14895013,0.11876439,0.6022216,0.19516091,0.12622666,0.026654577,-0.04553641,0.010766401,0.00835936,0.22783181,-0.050596956,0.070650175,-0.0064754756,0.004623724,-0.030608276,0.008856391,-0.002927445,0.026942901,0.0037440814,0.106717296
29/4/2020,0.6099999999999994,0.022479521,0.04587978,0.021837998,0.021609377,0.028878309,0.37556815,0.44769812,0.50465274,0.45308208,0.456635,0.13749656,0.06453506,0.6111644,0.16326827,0.1774669,0.02795081,-0.05445069,0.009266631,0.0074845226,0.2333072,-0.04713441,0.07054117,-0.006475869,0.004852328,-0.028351923,0.008856391,-0.0029288917,0.02678239,0.003744082,0.10487441
30/4/2020,0.6000000000000014,0.018763242,0.021438535,0.008671134,0.0021515253,0.013726015,0.2545616,0.27756965,0.2999328,0.18006091,0.21775179,-0.096872956,-0.13504404,0.6393937,0.090373226,-0.110963635,0.029002529,-0.07452194,0.0048824833,0.0051133516,0.24482563,-0.044370335,0.063689485,-0.006482734,0.0051031895,-0.02835033,0.008856388,-0.0029438275,0.026245628,0.0037440832,0.093163915
1/5/2020,-0.57,0.010423391,-0.003277317,-0.003287824,0.0013596761,-0.00012542678,-0.19250284,-0.33191013,-0.17173836,-0.34047675,-0.20057774,0.0974235,-0.1255988,0.5740539,0.11087377,-0.28349066,0.024193987,-0.09732201,0.0032854725,0.0037228833,0.21524276,-0.035782166,0.060605448,-0.006490346,0.0054697664,-0.028350957,0.00885639,-0.002959849,0.026071548,0.003744084,0.08326992
4/5/2020,0.38,0.016529694,0.017319862,0.0031656816,0.0028804971,0.0037921167,0.1517958,0.14102884,0.18472686,0.2908663,0.21212374,0.13681097,0.002190641,0.49119195,0.17624444,-0.28081918,0.027435452,-0.084162146,0.0041250535,0.0044318796,0.23754612,-0.03570232,0.06585106,-0.0064906096,0.00576544,-0.028351964,0.008856391,-0.002944539,0.026166746,0.0037440837,0.09299461
5/5/2020,-0.51,0.004844792,-0.0014103776,-0.003576746,0.001293352,-0.0009072774,0.0018090898,-0.1763517,-0.14346695,-0.19090466,-0.018733032,0.047377992,-0.115011215,0.7214531,0.13661334,-0.27486336,0.024852976,-0.10642945,0.0023879283,0.0030502689,0.20668244,-0.036534064,0.06327575,-0.0064916117,0.0061350754,-0.030619917,0.008856386,-0.0029551557,0.025983844,0.0037440844,0.061726186
6/5/2020,0.06,0.010851594,0.0087424265,0.0009813459,0.0028804971,0.003793464,0.045493506,0.10457708,0.0070047663,0.23796542,0.16959926,0.11883583,0.01622005,0.68435115,0.17332315,-0.27586374,0.028548524,-0.082036324,0.00405336,0.0041655293,0.19489528,-0.03696888,0.06255603,-0.0064861034,0.0064622527,-0.030632138,0.008856391,-0.0029374177,0.026106896,0.003744084,0.0745857
7/5/2020,-0.04,0.0050035715,0.006803922,0.0012006849,0.001293352,0.00055522163,0.05373808,0.057244983,0.055722337,0.011072368,0.07426152,0.02178611,-0.008314151,0.83057326,0.19771968,-0.25656605,0.029747646,-0.08648383,0.0033865944,0.0035888015,0.1877796,-0.038821742,0.06372145,-0.00648218,0.0068008373,-0.03288874,0.008856391,-0.002939068,0.025995633,0.0037440842,0.059698425
8/5/2020,-0.17,0.006983508,0.007931285,0.0030012417,0.001293352,0.001188669,0.10131323,0.106358506,0.07756894,0.05117465,0.080933385,0.05899776,0.05663959,0.77274686,0.22016293,-0.35391983,0.028951552,-0.080268934,0.003857683,0.0039609885,0.1767473,-0.040221475,0.06309636,-0.0064797057,0.0071655046,-0.032903038,0.008856391,-0.0029344207,0.02606782,0.003744084,0.05753511
11/5/2020,0.1300000000000007,0.00852432,0.008131423,0.0027346264,0.001293352,0.0010860303,0.08691305,0.2285531,0.07920695,0.092351235,0.08549234,-0.20344459,0.0416481,0.6866087,0.19796938,-0.5998385,0.02654214,-0.0754372,0.004537753,0.004076203,0.17260166,-0.03694462,0.06469164,-0.006477997,0.0075433296,-0.032902364,0.008856391,-0.002931023,0.026087886,0.0037440837,0.051513113
12/5/2020,0.01,0.005999889,0.006743387,0.0014033696,0.0020852012,0.00064693135,0.081936195,0.061504114,0.08142587,0.06229636,0.08857561,-0.013418411,0.010860403,0.6728998,0.16704635,-0.5896619,0.027986847,-0.0715915,0.0048978273,0.0043977005,0.15656437,-0.033880804,0.064204894,-0.006475974,0.007946957,-0.032906562,0.008856391,-0.0029276456,0.026133418,0.0037440837,0.056970183
13/5/2020,0.2,0.006852017,0.0089449305,0.0030454493,0.001293352,0.0005026025,0.10327157,0.061504114,0.13898513,0.036167808,0.116426036,0.13893859,0.015776241,0.74685615,0.13011487,-0.43773866,0.030391954,-0.06408801,0.0048897653,0.004664287,0.17163374,-0.03307429,0.063614964,-0.006466001,0.008302235,-0.032906637,0.008856391,-0.0029271515,0.026161997,0.0037440832,0.062149163
14/5/2020,-0.08,0.0064600958,0.006772856,0.0019826575,0.001293352,0.000106348525,0.06573183,0.036277827,0.07195012,0.021009184,0.09167221,0.11571797,-0.04751315,0.58406615,0.0907737,-0.4338751,0.030512217,-0.06287402,0.0046625314,0.004426715,0.14330144,-0.036014453,0.060860127,-0.006464396,0.008636181,-0.032908197,0.008856391,-0.002924312,0.026070887,0.0037440837,0.06240673
15/5/2020,0.4199999999999999,0.0059501156,0.01109197,0.0038820494,0.0017529828,0.0024441613,0.09233416,0.18641496,0.12746766,0.12336432,0.17241603,0.0077949683,-0.050724804,0.6116509,0.06066848,-0.10488418,0.028835345,-0.06346821,0.0049015777,0.004731859,0.15875478,-0.045057688,0.05584462,-0.006473165,0.008879166,-0.032909524,0.008856391,-0.0029334896,0.026209608,0.0037440832,0.05626459
18/5/2020,0.05,0.0071915495,0.010929339,0.003461137,0.0017529828,0.001688322,0.09895252,0.16490242,0.14539847,0.08729939,0.11374554,0.24070328,-0.050571874,0.8231262,0.090476446,-0.2226807,0.031153413,-0.07923772,0.0037599578,0.0036083225,0.1454188,-0.04717976,0.05555338,-0.0064769867,0.0092466995,-0.03291174,0.008856391,-0.0029253846,0.026040073,0.003744084,0.052522548
19/5/2020,0.3399999999999998,0.008040822,0.011147727,0.0045033214,0.0017529828,0.0022749223,0.10428625,0.16633785,0.14586127,0.2704195,0.19858193,0.20776127,-0.0154078575,0.6239347,0.120408304,-0.024779055,0.032828838,-0.06781315,0.0043399516,0.0037608086,0.14736086,-0.049574424,0.058244705,-0.006470158,0.009612034,-0.032916207,0.0088564,-0.0029088757,0.026027214,0.003744084,0.055259056
20/5/2020,-0.21,0.006907793,0.00655965,0.0032636486,0.0017529828,0.0021905603,0.10209026,0.09068422,0.16523743,0.11411997,0.095853284,0.30921176,-0.086046875,0.690854,0.09981164,-0.42650893,0.0299041,-0.10122186,0.002879901,0.0025630023,0.1399244,-0.04281457,0.057462364,-0.006473489,0.009969868,-0.030659169,0.008856391,-0.002924267,0.025924401,0.0037440846,0.044741336
21/5/2020,-0.05,0.004931825,0.0045127985,0.0011389722,0.001293352,0.0007883772,0.045086145,0.08475367,0.10736868,0.06511413,0.053402655,0.13227198,0.006858341,0.42127153,0.13589686,-0.48949564,0.03192648,-0.08546256,0.0029162022,0.0028158668,0.1240908,-0.035221614,0.058466054,-0.006481011,0.010261432,-0.028402729,0.008856391,-0.0029221368,0.025879212,0.0037440844,0.040161267
22/5/2020,0.0,0.004878992,0.005719442,0.0013193381,0.001293352,0.00027009327,0.04878717,0.051049016,0.09157433,0.078340456,0.044115406,0.10864127,0.011556996,0.47021502,0.14001355,-0.49861014,0.032785133,-0.08475585,0.002934611,0.002896814,0.105765104,-0.037278593,0.05979952,-0.006478319,0.010570226,-0.02614474,0.008856391,-0.0029218711,0.025896123,0.0037440844,0.03610748
25/5/2020,0.12,0.0057398723,0.00787069,0.002348942,0.001293352,0.00055522163,0.09018965,0.051049016,0.117111914,0.19263157,0.094119534,-0.03158712,0.018544866,0.56024724,0.113940455,-0.70898354,0.032115873,-0.08807918,0.0031963303,0.003127665,0.15232004,-0.020233281,0.059206247,-0.0064748577,0.010920877,-0.023886153,0.008856391,-0.0029254532,0.025956826,0.0037440844,0.046208113
26/5/2020,-0.25,0.0041346936,0.0020458146,0.0011033156,0.001293352,0.0002172038,0.0457305,-0.022195805,0.072764084,-0.013303938,0.033839915,0.08592409,-0.0246769,0.4063923,0.0734196,-0.6668678,0.03237634,-0.08383717,0.0026001104,0.0027028555,0.09869016,-0.036229752,0.05761504,-0.006474641,0.011273298,-0.021629622,0.008856391,-0.0029212774,0.025827643,0.0037440844,0.03597487
27/5/2020,0.0,0.0049063074,0.004121035,0.0016567055,0.001293352,0.00055522163,0.0457305,0.051049016,0.08405441,0.039260752,0.048817486,0.014471193,0.016357796,0.38721827,0.09445993,-0.6220767,0.033245135,-0.07377739,0.0031736356,0.003293987,0.10238181,-0.039320216,0.055957284,-0.006474756,0.0116134435,-0.019373573,0.008856391,-0.0029215538,0.025898304,0.0037440842,0.041065402
28/5/2020,0.1099999999999994,0.008024331,0.008048883,0.0023110064,0.001293352,0.0012722006,0.09364165,0.09785882,0.14736906,0.20326826,0.106587246,0.13083678,0.023093738,0.6220512,0.100159675,-0.34044343,0.033510562,-0.07397209,0.0031216773,0.0033522476,0.11805279,-0.03818332,0.055341665,-0.006474977,0.011948838,-0.017117271,0.008856391,-0.0029230958,0.025937762,0.0037440842,0.04188539
29/5/2020,0.09,0.008731037,0.009830414,0.003664739,0.0017529828,0.0019609765,0.09733021,0.09785882,0.11613718,0.1957607,0.08958018,0.16316488,-0.0058357962,0.54884,0.06016214,-0.29645154,0.036415506,-0.069627315,0.0036539393,0.0032916788,0.113171734,-0.032746352,0.05582164,-0.006469254,0.012336451,-0.014859067,0.0088564,-0.002906051,0.025915353,0.0037440842,0.041497894
1/6/2020,0.2200000000000006,0.0067016105,0.00804986,0.003238459,0.0017529828,0.0017874074,0.10197311,0.10874869,0.14200233,0.18363762,0.08732254,0.2107279,-0.0171924,0.5901215,0.04417467,-0.29340464,0.032588508,-0.072430894,0.00294868,0.0032839358,0.11214887,-0.045266036,0.05458253,-0.00646741,0.012637966,-0.01485439,0.008856391,-0.0029229608,0.025932338,0.0037440842,0.042132743
2/6/2020,0.3999999999999986,0.0074036308,0.009958892,0.0035251772,0.0017529828,0.0023559148,0.09815307,0.13467781,0.1534955,0.14876877,0.08719699,0.24788138,-0.0371924,0.5795475,0.042760123,-0.28558847,0.033639345,-0.08071203,0.0023571649,0.0028106056,0.11257357,-0.045424048,0.051719736,-0.006472594,0.012920837,-0.014853933,0.008856391,-0.0029229661,0.025875654,0.0037440844,0.039668083
3/6/2020,0.1100000000000012,0.006640868,0.0070511587,0.0028597538,0.0010565667,0.0018357114,0.0831731,0.06301932,0.111897446,0.10814225,0.07379569,0.32488406,-0.08156033,0.50816524,0.04386633,-0.27862716,0.03381977,-0.095005624,0.0016053199,0.0020096935,0.11358507,-0.04123492,0.052050203,-0.006478429,0.0131631885,-0.014852762,0.008856391,-0.0029245391,0.025786692,0.0037440846,0.038199738
4/6/2020,0.2899999999999991,0.006789495,0.006804276,0.002981915,0.0005969363,0.0012650798,0.060581,0.09634993,0.16631234,-0.048081987,0.08333388,0.1659502,-0.075027965,0.218491,0.02715043,-0.54812455,0.03152114,-0.09463491,0.0017498544,0.001972769,0.08206324,-0.039172508,0.052330546,-0.0064848764,0.013294351,-0.014852561,0.008856391,-0.0029229468,0.025798049,0.0037440849,0.026496075
5/6/2020,-0.08,0.0028543775,0.0011293218,0.0002456299,0.0005969363,-0.0005636875,0.0096206395,0.02469385,0.026191704,-0.023158964,-0.018221645,0.22485682,-0.079438135,0.3688986,0.064322405,-0.62870604,0.029588765,-0.1176699,0.00021725603,0.0009063354,0.093947776,-0.012301322,0.051647414,-0.0064876135,0.013465944,-0.014852081,0.008856391,-0.0029279145,0.025690472,0.0037440856,0.019546004
8/6/2020,0.06,0.003285968,0.0030339237,0.0015255482,0.0005969363,0.00038321794,0.04987674,0.07838551,0.05919247,0.047201894,0.0521258,0.22600491,-0.034646384,0.23127928,0.08544152,-0.8342103,0.029902257,-0.107412264,0.00079658785,0.0010070371,0.089857966,0.026216311,0.051529355,-0.006486717,0.013540061,-0.0148517825,0.008856391,-0.002922456,0.025664335,0.0037440856,0.018240739
9/6/2020,0.2300000000000004,0.0027916275,0.0036726254,0.0010731725,0.0005969363,0.00031314988,0.03089647,0.06597081,0.04106625,0.11830529,0.063135736,0.18898137,-0.05747156,0.34668067,0.08887393,-0.930801,0.030068055,-0.10961832,0.00051599665,0.0009497385,0.080624096,-0.058975298,0.049261276,-0.0064793243,0.013634172,-0.014851044,0.008856391,-0.0029274237,0.025676552,0.0037440856,0.016758446
10/6/2020,-0.29,0.00095017493,0.0017812535,-0.00049993995,0.0005969363,-0.0005574798,-0.029556202,-0.15589494,-0.081482306,-0.063491605,-0.04491633,0.28779584,-0.07780608,0.50736684,0.067385525,-0.91715074,0.026704993,-0.12968244,-0.00084303855,0.00039502172,0.07645647,-0.06342604,0.047499932,-0.0064766044,0.013728459,-0.014848679,0.008856391,-0.0029443805,0.025662158,0.0037440858,0.0074089183
11/6/2020,-0.07,0.0025656119,0.0016022932,0.0006350403,0.00029021615,0.00013569598,0.011836063,-0.07455521,0.0066581503,0.039100148,-0.013962515,0.18183205,-0.018543202,0.19851257,0.06663869,-0.9978065,0.028246574,-0.10655052,0.00065043214,0.0011463136,0.07089906,-0.0700375,0.049847066,-0.006480554,0.013781674,-0.014848426,0.008856391,-0.0029267615,0.025674732,0.003744085,0.016415957
12/6/2020,0.1699999999999999,0.0028291582,0.0043995455,0.00045844074,0.00029021615,0.00016201325,0.051594306,0.017346,0.0453598,0.13659978,0.061309837,0.12781096,-0.024422329,0.52952707,0.048521094,-0.76325846,0.02948505,-0.108689345,0.00053079653,0.0008369414,0.06757441,-0.06895118,0.05073391,-0.0064851935,0.013795607,-0.014848423,0.008856391,-0.002924071,0.025653323,0.0037440856,0.0058967206
15/6/2020,0.1500000000000003,0.002123407,0.003871589,0.00115286,0.00029021615,0.00026578346,0.10629394,0.055608448,0.0979853,0.051890176,0.026521584,0.08950642,0.028085535,1.0416739,0.04161541,-0.9229269,0.028530417,-0.11537671,5.164677e-05,0.0006985928,0.0846541,-0.053879146,0.052539777,-0.0064818007,0.013804506,-0.014847576,0.00885639,-0.0029349094,0.025661571,0.0037440856,0.0032124976
16/6/2020,-0.08,0.0012003081,0.002062726,0.00043186455,0.00029021615,0.00020737277,0.024427084,0.038143095,0.045379363,-0.116245404,-0.010077656,0.13751234,-0.013229014,0.5692043,0.037863966,-0.8572995,0.028947327,-0.10748118,0.00049546524,0.0008878045,0.06261515,-0.061149582,0.051730357,-0.0064775124,0.013857545,-0.014847035,0.008856391,-0.0029252507,0.02562717,0.0037440856,0.009366334
17/6/2020,-0.22,0.0008128728,0.0005193647,0.00038402196,0.0012631606,0.00019417788,0.059160084,0.016089356,0.061030544,0.1689661,-0.009319097,0.32205048,0.0033607997,0.53502643,0.04593377,-0.35920775,0.030156571,-0.10150193,0.00027568298,0.0010938111,0.10343238,-0.063931726,0.04819873,-0.006482243,0.013898411,-0.014846821,0.008856391,-0.002931069,0.025651673,0.003744085,0.015711645
18/6/2020,0.1600000000000001,0.0008912052,0.0011843871,0.00025435226,0.00066622236,0.0008308294,0.056851447,-0.034587827,0.050422106,0.08125136,-0.03387935,0.123487696,0.033091247,0.36618596,0.052991267,-0.27561834,0.0326119,-0.080074586,0.0014472209,0.001632108,0.08640614,-0.067137145,0.04873455,-0.0064834524,0.014013638,-0.0148467105,0.0088564,-0.002912565,0.025623148,0.0037440849,0.017052634
19/6/2020,-0.13,0.00080955646,-0.0015719736,0.0010980972,0.00787533,-0.0003581235,0.027435958,-0.07960393,0.038657878,0.0013962128,-0.02756103,0.04059804,0.022379749,0.5025968,0.037001073,-0.12452885,0.024589721,-0.087964445,0.00024302186,0.0017620623,0.083850354,-0.07800689,0.04546622,-0.0064860075,0.013946554,-0.01484652,0.008856381,-0.0029435104,0.025701467,0.0037440849,0.014290129
22/6/2020,-0.13,0.00030976266,-0.0026363353,-0.00060938153,0.0034215907,-0.00042791336,0.02676847,-0.058062922,0.022264361,-0.045219,-0.01797788,0.38762462,0.020756027,0.36084837,0.020880632,-0.15765715,0.028432555,-0.074456245,0.0009774588,0.0019653626,0.09394683,-0.06941818,0.04455591,-0.006488286,0.0138711035,-0.014846453,0.008856391,-0.0029331767,0.025690319,0.0037440846,0.01185212
23/6/2020,-0.04,0.0037366922,0.002156013,-0.00010192885,0.0034215907,-0.00013036656,0.033938594,-0.053223446,0.006647934,0.019038368,-0.05603624,0.5798342,0.060166523,0.23990707,-0.001262676,-0.29162136,0.019117838,-0.06656149,0.0010453858,0.0029348938,0.072572514,-0.044182364,0.047953486,-0.0064902036,0.013690675,-0.014846459,0.0088563785,-0.0029527738,0.025833776,0.0037440842,0.012264417
24/6/2020,0.06,0.00030687908,-0.0013029797,-0.00045324108,-0.00039142877,-0.00022679937,0.016017344,-0.026427995,-0.006588937,-0.03923729,-0.00486285,0.36475718,0.042461354,0.23309617,-0.039960776,-0.35496807,0.020222647,-0.06020295,0.0018515323,0.0033376021,0.05693063,-0.057598803,0.04682472,-0.006494179,0.013518386,-0.014846234,0.008856382,-0.0029431975,0.025930557,0.003744084,0.004345532
25/6/2020,-0.26,0.0015479195,0.0031105292,-0.0020494657,0.0032669057,-0.000972345,0.01547733,-0.058062922,-0.09977294,-0.063050985,-0.045500666,0.44223985,0.015979333,0.27271658,-0.027651872,-0.26432803,0.027860707,-0.05627015,0.0024005433,0.003207202,0.07961766,-0.06130366,0.048186634,-0.0064943787,0.013393644,-0.014846305,0.008856391,-0.002929002,0.025927167,0.003744084,0.00889747
26/6/2020,0.1600000000000001,0.043279268,0.036138088,0.010133502,0.036260046,0.010908124,0.27739522,0.11969381,0.365221,0.17778566,0.18039404,0.16059794,0.06275505,0.354802,-0.02091405,-0.14322098,0.030624148,-0.041476436,0.004042066,0.0040735924,0.10152765,-0.053503852,0.051958155,-0.0064931856,0.013270085,-0.014846281,0.0088564,-0.0029071611,0.026077004,0.0037440837,0.020858701
29/6/2020,0.13,0.042455934,0.03441545,0.009511419,0.019340321,0.004330634,0.013417775,0.005938811,0.11750928,0.2990732,0.07255988,0.06382132,0.01933096,0.45490897,-0.05774696,-0.17497797,0.028283892,-0.050074507,0.0035710891,0.0038878184,0.09256749,-0.04627511,0.05094331,-0.006494129,0.013141257,-0.014846303,0.008856391,-0.0029226898,0.026054926,0.0037440837,0.021859778
30/6/2020,0.33,0.027531838,0.03319726,0.007053564,0.020278651,0.0025123504,0.014565173,-0.02049885,0.07984644,0.07591703,0.10622743,0.08036332,0.04386128,0.44652325,-0.025733178,0.115704924,0.031692397,-0.048699014,0.00333823,0.0035380884,0.077071,-0.045104966,0.04813604,-0.0064912913,0.013038953,-0.014846424,0.0088564,-0.0029092184,0.025993623,0.003744084,0.013526277
1/7/2020,0.07,0.00015075272,-0.0007461242,-0.00063883513,-0.00030780447,-0.0009155846,0.009058681,0.00737666,-0.011136373,-0.08608563,-0.0013326111,0.08919282,-0.107694015,0.5374045,-0.11453971,-0.07611284,0.034702197,-0.065497555,0.0008667212,0.0014880031,0.035932817,-0.047997948,0.042125046,-0.0064826845,0.012981709,-0.014846501,0.0088564,-0.002907745,0.02555517,0.0037440849,-0.0015713882
2/7/2020,-0.31,2.0302592e-05,-0.00114985,-0.0014669544,-0.00030780447,-0.0011710444,-0.043004453,-0.09122226,-0.044816803,-0.17191863,-0.0782971,0.1140966,-0.07496885,0.35160187,-0.088077515,-0.24924755,0.033131782,-0.07421904,0.00043611033,0.0013532998,0.0239294,-0.056051422,0.03493681,-0.0064799543,0.01286763,-0.014846703,0.008856391,-0.002921373,0.025560586,0.0037440849,-0.0009874402
6/7/2020,0.25,-0.00011347696,-0.00052260584,-0.00043956563,-0.00030780447,-0.0008350274,-0.0187681,0.017782202,0.023562854,-0.09401049,-0.033784527,0.032120053,-0.012363304,0.2024845,-0.04722059,-0.2687954,0.030715978,-0.059375826,0.0012762123,0.0022069374,0.015241945,-0.06916365,0.03529753,-0.0064809187,0.012745653,-0.014847216,0.008856391,-0.0029214735,0.025691822,0.0037440846,0.00024180034
7/7/2020,-0.1,0.0012910704,-0.0010504243,-0.0009188138,-0.00030780447,-0.0007398933,0.008775519,0.017782202,0.010180555,-0.041625038,0.019989107,0.08288589,-0.096693106,0.5453591,-0.08245387,-0.11186194,0.03341195,-0.0780164,-0.0001395676,0.0010715942,0.031953864,-0.071442224,0.03400596,-0.00648182,0.012638953,-0.014847342,0.008856391,-0.002923625,0.025503442,0.003744085,-0.0031825432
8/7/2020,-0.24,0.00025267206,-0.0013224456,-0.0010623874,-0.00030780447,-0.00034856505,-0.009776284,0.01368183,-0.005540399,-0.044525053,-0.038029,-0.035816062,-0.027338013,-0.037708964,-0.041869644,-0.50502056,0.033042043,-0.06742686,0.0002897328,0.0013484908,0.0031228217,-0.07201675,0.033868942,-0.006481959,0.012487752,-0.014848209,0.008856391,-0.0029216385,0.02549076,0.0037440849,-0.0029057215
9/7/2020,-0.08,0.0007287304,0.0011352634,-0.00020991945,-0.00030780447,-0.0003813915,0.009427032,0.033600923,0.022011368,0.045409836,0.02693135,-0.054279692,0.038706068,0.11368779,0.019621685,-0.34975964,0.03240403,-0.053956013,0.0011588011,0.0017756341,0.020922642,-0.086785346,0.040599994,-0.006473576,0.012345291,-0.014848656,0.0088564,-0.0029059022,0.025566954,0.0037440846,0.000315504
10/7/2020,-0.18,0.00040385537,0.0018835183,-0.00042182513,-0.00030780447,-0.0003813915,0.009427032,0.046015635,0.022011368,0.0756226,0.039294615,-0.107118204,0.037738044,0.13954468,0.022939876,-0.5001705,0.027994696,-0.052804954,0.0010303984,0.002085236,0.019134685,-0.083276935,0.044101704,-0.006473515,0.012179209,-0.014848983,0.008856391,-0.002921407,0.025640253,0.0037440846,-0.004843027
13/7/2020,-0.26,0.0010434767,0.0013968525,6.4326516e-05,-0.00030780447,-0.0003813915,0.0056574633,0.049262863,0.012449863,0.039728943,0.020369586,-0.09557254,0.04327757,0.05330398,-0.030590761,-0.55490047,0.027238214,-0.048518352,0.001628724,0.0025444222,0.033244446,-0.08836916,0.04343598,-0.0064812624,0.012003112,-0.0148491515,0.008856391,-0.0029216588,0.02573425,0.0037440844,-0.0032543545
14/7/2020,0.5,0.001897544,0.0068643037,0.00066752406,-0.00046248955,-7.8230514e-05,-0.0036108019,0.021099735,0.09099676,0.16287039,0.034488313,-0.1711964,0.041935887,0.24070571,-0.029070398,-0.37392104,0.029706918,-0.04145243,0.0025157416,0.0030293656,0.05773453,-0.08997958,0.043850455,-0.0064817267,0.011788491,-0.014849391,0.0088564,-0.0029064529,0.02581387,0.0037440842,0.004241646
15/7/2020,-0.03,-0.00020525846,0.0029192579,-0.0006218706,-0.00039616536,-0.0004171571,0.01074719,0.05627395,0.07605542,-0.06669283,0.080746144,-0.4052703,-0.07183775,0.56773,-0.12149582,-0.19151583,0.02111439,-0.063512206,0.00013830085,0.0020136132,0.0106150145,-0.08504332,0.040965967,-0.0064855567,0.011559523,-0.014849367,0.008856381,-0.0029357162,0.025638212,0.0037440846,-0.0074619795
16/7/2020,-0.06,-0.0008679567,-0.00042371708,-0.00066862174,-0.00046248955,-0.0009168027,-0.006890995,0.01877642,-0.00050741195,0.0020430228,-0.012146122,0.009982368,-0.02866234,0.3110196,-0.10727107,-0.2818899,0.026352042,-0.047831796,0.002094256,0.0029531182,-0.00019197793,-0.08166924,0.03879014,-0.006487364,0.011355835,-0.014849463,0.008856391,-0.0029212206,0.025886435,0.0037440842,-0.008885592
17/7/2020,-0.01,0.00082470576,0.0011134164,-0.0007023198,0.0034215907,-0.00063601334,0.014543391,0.061252434,0.08822874,-0.0046708835,0.032443218,-0.029956257,-0.043676525,0.30263132,-0.10440672,-0.22003633,0.025566641,-0.04301171,0.0027535856,0.003461168,-0.0019104268,-0.07834815,0.039420538,-0.00648465,0.011165411,-0.014849636,0.008856391,-0.0029213298,0.025972582,0.003744084,-0.0019871562
20/7/2020,-0.05,-0.0016203871,-0.00036009934,-0.0011276557,-0.00030780447,-0.0010358085,0.005098097,0.01877642,0.0073709725,-0.007229422,0.006713377,0.038983844,-0.061959244,0.5093086,-0.10969436,-0.16804972,0.025813164,-0.04841878,0.002029819,0.002963512,0.02536869,-0.0753215,0.038248524,-0.0064852885,0.01096238,-0.014849668,0.008856391,-0.0029236604,0.025902629,0.003744084,-0.0050991103
21/7/2020,0.1899999999999995,0.00029041173,0.0012021672,-0.0004170717,-0.00030780447,-0.00019818648,0.0047208504,0.012352732,0.0448609,0.045840282,0.031047147,-0.16638477,-0.012469668,-0.025828268,-0.088148184,-0.4296264,0.013740465,-0.046211172,0.0022998448,0.003861697,-0.026126746,-0.07438909,0.038840562,-0.006483609,0.010700885,-0.01485022,0.008856376,-0.0029457768,0.026072005,0.0037440837,-0.0041642096
22/7/2020,-0.09,-9.01514e-05,-0.0006962755,-0.0006356291,-0.00039142877,-0.00026287712,0.026474372,0.012352732,0.02380141,-0.054395884,0.02214604,0.031024655,-0.042746235,0.21370889,-0.061060436,-0.26330313,0.027344728,-0.05060401,0.0017217408,0.0028322546,0.011099103,-0.074912556,0.040102463,-0.0064795534,0.010506664,-0.0148502095,0.008856391,-0.0029227948,0.025860518,0.0037440842,-0.005745119
23/7/2020,-0.28,-0.00075041695,-0.0013858494,-0.0014973432,-0.00039142877,-0.00041163544,0.012375416,-0.004705303,0.0058738035,-0.013030901,-9.998163e-05,-0.14888316,-0.00032551837,-0.114143044,-0.06266653,-0.51644635,0.025465267,-0.043387968,0.0022517217,0.0031256892,-0.027320972,-0.076684035,0.041036326,-0.006478682,0.010326299,-0.014850554,0.008856391,-0.0029210493,0.025891382,0.003744084,-0.0066372226
24/7/2020,0.63,0.0016492464,0.0032000546,0.0006519607,-0.00030780447,-0.00028463674,-0.00019828933,0.10632809,0.043643624,0.18501653,0.10531227,-0.18832418,0.028602751,-0.020017501,-0.020572415,-0.5264308,0.024461713,-0.041458815,0.0025397653,0.003420133,-0.011524479,-0.07845805,0.04325463,-0.0064798323,0.010176338,-0.014850649,0.008856391,-0.0029210707,0.025968866,0.003744084,-0.0058253235
27/7/2020,-0.11,-0.0009228185,0.0029761821,-0.0007304182,-0.00024148032,-0.00084128836,-0.019445311,0.017972186,0.04782247,-0.0036850541,0.049798474,-0.37386376,-0.08712651,0.26807752,-0.03104531,-0.63211507,0.022325275,-0.07851446,-0.0005196947,0.0013479615,0.029859006,-0.07514277,0.041321255,-0.006485598,0.010083066,-0.014850756,0.008856381,-0.0029463018,0.025540844,0.0037440849,-0.0014055786
28/7/2020,0.0,0.0006693224,0.0034687028,-0.00060238206,-0.00077065505,-0.0007655897,-0.021642957,0.104236975,-0.032369487,-0.0047760005,-0.015729204,-0.2679298,0.0064332974,-0.06939953,0.0041708034,-0.538332,0.03235176,-0.060868207,0.0011114216,0.0015372246,0.034082543,-0.070860356,0.04134579,-0.0064890976,0.010137504,-0.014850648,0.0088564,-0.0029067711,0.025578115,0.0037440849,-0.002539029
29/7/2020,0.1,8.988386e-05,0.0038954758,9.4659496e-05,-0.00077065505,-0.00033516632,-0.02431005,0.018662428,-0.026748579,0.023065872,0.0146978805,-0.10765624,0.03556773,0.0006156462,0.026317334,-0.4501056,0.028510455,-0.06443644,0.0006807059,0.0016680832,0.021726584,-0.067444764,0.04431002,-0.0064875316,0.01017537,-0.014850373,0.008856391,-0.0029211412,0.02561042,0.0037440846,-0.004518375
30/7/2020,0.5300000000000011,0.0004161752,0.0037152465,0.00045983138,-0.00077065505,0.00020446922,0.019813089,0.19936895,0.022429252,0.09919497,0.04202455,-0.28697008,0.006805116,0.18457523,0.002057777,-0.26202723,0.02557377,-0.07551713,-0.00031315433,0.0013963407,0.03457884,-0.063924134,0.041925706,-0.0064884536,0.010148685,-0.014850075,0.008856386,-0.002932177,0.025561545,0.0037440849,-0.0029352698
31/7/2020,0.08,0.0005522632,0.0031720928,-0.00014245544,-0.00024148032,0.0001231346,0.02440583,-0.01234316,0.065756485,0.00697215,0.030976333,-0.35691366,-0.1253229,0.17518844,-0.019993158,-0.64790356,0.027649084,-0.10835939,-0.0017872391,0.00014861426,0.07694985,-0.06096596,0.034191873,-0.0064944336,0.010130758,-0.0148504255,0.008856381,-0.0029509855,0.025433632,0.0037440858,-0.0045647523
3/8/2020,0.06,0.0005345175,0.0021537668,0.00028645256,-0.00030780447,-0.00026708018,-0.005869228,0.033324774,-0.037823003,0.039660726,-0.0040413225,-0.035510592,-0.03205067,0.22974706,-0.023283556,-0.7453123,0.026057456,-0.1065071,-0.0017785555,0.00010826712,0.055864584,-0.04829105,0.030734478,-0.0064977533,0.0101089375,-0.014850111,0.008856382,-0.0029406354,0.02539999,0.0037440858,-0.0011212735
4/8/2020,-0.24,-0.0009378972,0.0003358663,-0.0009515598,-0.00030780447,-0.00095959834,-0.024993226,-0.051629517,-0.033653498,-0.026313236,-0.026739607,0.02151884,-0.008289564,0.21468225,0.032154035,-0.45727062,0.033947553,-0.10083845,-0.00055226363,-6.487172e-05,0.05271944,-0.016349083,0.038686793,-0.006490323,0.010176316,-0.014849571,0.0088564,-0.002903007,0.025418922,0.0037440858,-0.0019714842
5/8/2020,0.4000000000000003,0.0009925748,0.0039616325,0.0011601959,-0.00030780447,0.0003132342,0.02583336,0.03805042,-0.011971571,0.15029877,0.08238001,-0.109329626,0.00924442,-0.009781925,0.03532672,-0.8151024,0.033141475,-0.085449256,-0.0004857231,0.0005459222,0.040949162,-0.05814422,0.04245334,-0.0064876066,0.010122832,-0.0148502365,0.008856391,-0.0029211605,0.02541801,0.0037440856,0.0013990817
6/8/2020,-0.27,-0.00050886447,0.00093789544,-0.0012002755,-0.00030780447,-0.0010279721,-0.021559253,-0.016492147,-0.06628539,-0.109718755,-0.06468495,-0.0100214,-0.033710387,0.26967537,0.008792377,-0.64792395,0.033502724,-0.10218734,-0.0007338236,-0.00021000524,0.04504311,-0.058091875,0.040716987,-0.0064855167,0.010154268,-0.014849728,0.0088564,-0.0029074773,0.02539023,0.003744086,-0.0021023192
7/8/2020,-0.12,0.00027649535,2.1692183e-06,-0.00016882723,-0.00030780447,-0.0002242987,0.0013380074,0.024748301,-0.015645709,0.019617153,-0.024408508,0.008023589,0.014097742,0.0068772756,-0.0045043165,-0.99537617,0.030640412,-0.09490545,-0.00044233823,0.00068559736,0.048117585,-0.049734835,0.040991966,-0.00648536,0.010209428,-0.0149259055,0.008856391,-0.0029240216,0.025511578,0.0037440856,0.007910233
10/8/2020,0.1899999999999995,0.0017503316,0.0025234625,0.0001740759,-0.00030780447,-0.00022852317,0.04033145,0.05840936,0.0099749435,0.096912146,0.061348233,-0.06429345,0.032360453,0.3364339,0.044389885,-0.50985074,0.035212245,-0.08718531,-0.0011663975,0.00023592195,0.041879844,-0.05757362,0.03845278,-0.0064911633,0.010189262,-0.014925265,0.008856391,-0.0029229093,0.025368521,0.0037440856,-0.0034806752
11/8/2020,0.1,0.0013853841,0.001255797,-0.00033450284,-0.00030780447,-0.00021346091,0.026093122,0.09642116,0.040337503,-0.008553808,0.006515441,-0.009371962,0.02161842,0.39609408,0.035026383,-0.40221325,0.037656862,-0.089782745,-0.0008979295,1.1855763e-05,0.042503428,-0.04586002,0.036264945,-0.0064897705,0.0102675175,-0.014924802,0.0088564,-0.002907712,0.0253655,0.0037440858,-0.004552252
12/8/2020,0.2699999999999996,0.0011048722,0.0017197352,-0.00015264706,-0.00030780447,-0.00045807392,0.0349661,0.077582754,0.056726348,0.12009759,0.015162292,-0.008316221,-0.002957034,0.39197788,0.009076571,-0.52525985,0.03366973,-0.09743493,-0.001366242,-6.2375075e-05,0.03439346,-0.053929325,0.034840316,-0.0064867516,0.010298729,-0.014924131,0.008856391,-0.0029232663,0.025402652,0.0037440858,-0.005516757
13/8/2020,-0.01,4.9692273e-05,0.0005332505,-0.00095673476,-0.00030780447,-0.0006442256,0.01932593,-0.022550993,-0.02036904,-0.022935545,-0.036353175,0.0018594852,-0.03519398,0.3962739,-0.00067350967,-0.5822525,0.03284191,-0.10949704,-0.0019534526,-0.00061746046,0.027698234,-0.07260592,0.029846322,-0.006488577,0.010362646,-0.014923567,0.008856391,-0.0029229994,0.02533613,0.0037440863,-0.008824219
14/8/2020,-0.04,0.0005441651,0.000289478,-0.0005198977,-0.00030780447,-0.0005454841,0.021821814,0.025787111,-0.026204765,0.016773649,-0.051204536,-0.07237436,0.013278276,0.15931879,0.017732907,-0.36374277,0.036403693,-0.09318674,-0.0010746644,-0.0003130343,0.026144037,-0.0693458,0.02797239,-0.0064904694,0.010451588,-0.014923347,0.0088564,-0.0029060864,0.025311135,0.003744086,-0.0057521607
17/8/2020,-0.17,0.0011074032,0.0022615474,0.00024105523,-0.00030780447,-0.000278875,0.043803822,0.050783664,-0.021296965,0.08050784,0.014397809,0.06364803,0.0028069615,0.07281776,0.0027754405,-0.5271765,0.032608468,-0.08868978,-0.0012160765,6.820288e-05,0.0028766885,-0.07771227,0.029196294,-0.0064900327,0.010559401,-0.014923294,0.008856391,-0.0029212462,0.02535773,0.0037440858,-0.008263928
18/8/2020,0.3499999999999996,0.00037423059,0.0026498262,0.00014865975,-0.00030780447,-0.00029845597,0.027139867,0.07247935,0.013503737,0.024588635,0.036780357,-0.0737708,-0.013376357,0.2189105,-0.05581047,-0.43601555,0.032091886,-0.0824592,-0.0010380623,0.00020624505,0.007970136,-0.080789134,0.028196143,-0.006491167,0.010605354,-0.014924025,0.008856391,-0.0029215475,0.025358506,0.0037440858,-0.008914516
19/8/2020,-0.23,3.8138933e-05,-0.0011410073,-0.0009858379,-0.00030780447,-0.00077020796,0.019422518,-0.023214012,-0.005767712,-0.20089793,-0.04140997,-0.016246872,-0.0612792,0.40418112,-0.07224445,-0.39961907,0.033632316,-0.10254889,-0.0019861844,-0.0005505503,0.017134314,-0.0812138,0.025110036,-0.006492798,0.010690165,-0.01492551,0.008856391,-0.002922993,0.025302164,0.003744086,-0.010418955
20/8/2020,-0.18,-0.00078812684,-0.0007275699,-0.00068673026,-0.00030780447,-0.00064605684,-0.0030173871,0.056089964,0.004955284,-0.039169393,0.005596368,-0.111772746,0.00142097,0.09143667,-0.056175087,-0.4291116,0.03199973,-0.07753198,-0.0009270792,0.0003943831,-0.008228063,-0.09281096,0.02444281,-0.006493731,0.010715876,-0.014929023,0.008856391,-0.0029215678,0.025344953,0.0037440856,-0.0067411447
21/8/2020,-0.12,0.00026015064,0.0004701913,0.00012773932,-0.00030780447,-0.00029845597,0.0028754517,0.07993159,0.020606425,-0.00035862467,-0.0012492867,-0.13926312,0.04311524,0.10914915,-0.012335813,-0.49830195,0.03073071,-0.068909645,-0.00072539714,0.0006977334,-0.005959584,-0.10281873,0.025514815,-0.0064937524,0.010758363,-0.014937672,0.008856391,-0.002921228,0.025382208,0.0037440856,-0.008265958
24/8/2020,0.05,0.00035913853,0.00039687348,0.000149334,-0.00030780447,-0.00029845597,0.0169809,0.038517687,0.032224324,0.038868263,0.029687464,-0.10037078,0.062932864,0.22077172,-0.0017939629,-0.50457364,0.030150931,-0.06401795,-0.000597858,0.0008665219,0.013352088,-0.088538304,0.026347894,-0.0064925617,0.010843727,-0.0149602555,0.008856391,-0.0029213459,0.025418868,0.003744085,-0.009855592
25/8/2020,-0.18,3.1083116e-05,0.00023231136,-0.00048070395,-0.00030780447,-0.00036632916,0.013002452,0.053340334,0.027064018,0.056116953,0.010454814,0.069370225,0.034110837,0.33093452,-0.04576404,-0.29766735,0.030046476,-0.062461827,-0.00077151443,0.0009567999,0.021626491,-0.10251558,0.026862482,-0.006492725,0.010868382,-0.0150456065,0.008856391,-0.002922948,0.02543718,0.003744085,-0.010604169
26/8/2020,0.1899999999999995,9.152747e-05,0.00039458374,0.00039171707,-0.00046248955,-0.0004793641,0.007650598,0.053340334,0.0062337136,0.025188211,0.042323332,-0.025480831,0.030472979,0.12170595,-0.08067196,-0.41790226,0.028490147,-0.04928964,0.00012707879,0.00171912,0.000766238,-0.08234968,0.027321523,-0.006493351,0.010845324,-0.016001556,0.008856391,-0.002921211,0.025555719,0.0037440846,-0.006360334
27/8/2020,-0.17,-8.195595e-05,-0.0001816048,-0.0004850612,-0.00046248955,-0.0004793641,0.014227837,0.0033905678,-0.010919551,-0.054008298,0.013645769,-0.03525551,0.014501893,0.3019327,-0.090839446,-0.2584077,0.029628243,-0.057115532,-0.0002609615,0.0015110966,0.018525623,-0.046708178,0.024791185,-0.0064923195,0.0108552,-0.014845108,0.008856391,-0.0029229373,0.025572086,0.0037440849,-0.009853668
28/8/2020,0.06,-0.00070330873,-0.0005028763,-0.00059046305,-0.00046248955,-0.00032614436,0.0023971223,-0.009544783,-0.01690984,-0.04038433,0.024313845,-0.21063583,0.02415502,0.014152322,-0.13224337,-0.31817764,0.021224,-0.04890221,0.00039853525,0.0024713743,-0.006204547,-0.098720655,0.023009095,-0.0064922124,0.0107582975,-0.01484547,0.008856381,-0.002938365,0.025738355,0.0037440844,-0.0043507437
31/8/2020,-0.06,-0.0017613766,-0.0013719496,-0.0011834685,-0.00054611405,-0.0011254937,0.009892218,0.012352732,0.0025680268,-0.05066096,-0.008892515,0.10907241,0.03515761,0.18014163,-0.094422944,-0.16022493,0.0269533,-0.048934124,0.0006740978,0.0023766067,0.02922416,-0.10026567,0.02520199,-0.0064911535,0.010611116,-0.014845728,0.008856391,-0.0029229415,0.025774423,0.0037440844,-0.0054142913
1/9/2020,-0.16,-0.0016109451,-0.00123331,-0.0010717704,-0.00046248955,-0.0010135574,-0.009522457,-0.037421864,-0.00035047292,-0.114431076,-0.0033766844,0.034142464,-0.0043278546,0.17188938,-0.1112399,-0.39953393,0.025529545,-0.04143103,0.0010778316,0.002548916,0.012083473,-0.096780375,0.026047336,-0.006488791,0.010494885,-0.0148461955,0.008856391,-0.0029213268,0.0257859,0.0037440844,-0.004795553
2/9/2020,-0.37,-0.0007696409,-0.0010820475,-0.0015609944,-0.00046248955,-0.0011401663,0.054823395,-0.035655256,-0.010052666,0.01094716,-0.06455412,-0.040669784,0.050780065,0.30827332,-0.089803085,-0.5752146,0.025273966,-0.044202317,0.0015135943,0.0030027083,0.030711785,-0.099483736,0.025228178,-0.006486501,0.0103175705,-0.014846783,0.008856391,-0.0029272598,0.025860569,0.0037440842,0.0055186423
3/9/2020,-0.14,-0.0011362996,6.900684e-05,0.00028347186,-0.00039616536,-0.0012219597,0.01437413,-0.0017085643,-0.01303617,0.032191645,0.04423577,-0.09166489,-0.03523518,0.36844715,-0.11891823,-0.28237298,0.026280653,-0.045232944,0.0018134139,0.0031010506,0.09390998,-0.102582164,0.022475118,-0.006489367,0.010070317,-0.014847288,0.008856391,-0.0029253834,0.025871426,0.0037440842,0.024606273
4/9/2020,0.0,-0.00026299813,-0.00091218704,-7.378175e-05,-0.00046248955,-0.0010802484,0.0008343476,-0.02923158,0.013448819,-0.026902461,0.03249441,0.09891195,-0.026268275,0.19412677,-0.110009156,-0.19790672,0.026127256,-0.043027032,0.0024745031,0.0035842068,0.0686454,-0.103947386,0.025201594,-0.006496218,0.009846601,-0.014847763,0.008856391,-0.002922514,0.025969306,0.003744084,0.01935412
7/9/2020,0.1099999999999994,0.0017685042,0.00024619143,0.00022705628,-0.00046248955,-0.00015606204,0.043640766,0.06741586,0.097194105,0.111275055,0.07356034,-0.15820354,0.10899515,0.023926107,0.026835985,-0.49802428,0.024679506,-0.041921098,0.0031277721,0.004386576,0.10595711,-0.09741315,0.033691823,-0.0064948443,0.009547764,-0.014847823,0.008856391,-0.0029250481,0.026186025,0.0037440837,0.019831333
8/9/2020,-0.01,0.0012162939,0.0008851403,0.000568835,-0.00046248955,-0.00022612992,0.032031592,0.06741586,0.04629285,0.12653819,0.043702804,0.12119289,0.056633677,0.028444111,-0.0019463421,-0.37483495,0.025391683,-0.044532638,0.0022788418,0.0036545973,0.049794234,-0.0924782,0.036772925,-0.0064874636,0.009296236,-0.014848217,0.008856391,-0.002922948,0.026058938,0.003744084,0.0015715283
9/9/2020,-0.12,0.001524806,0.0014074974,0.00016622663,-0.00046248955,-0.00015606204,0.02878164,0.03456552,0.038382642,-0.022432825,0.05851258,0.06856731,0.04526282,-0.24119443,-0.026702795,-0.5889912,0.024932232,-0.038888607,0.0027692255,0.0038785262,0.004424538,-0.08383888,0.036818184,-0.0064796554,0.008976804,-0.014848634,0.008856391,-0.0029214371,0.026074557,0.0037440837,-0.003377078
10/9/2020,0.01,0.0021545666,0.001200364,-3.008273e-05,-0.00046248955,-0.00015606204,0.02878164,0.03456552,0.06318142,0.09010167,0.057160664,0.15588051,0.08395525,-0.26870897,-0.015736228,-0.5090807,0.02489688,-0.03756741,0.003715464,0.0044803875,0.00095193734,-0.08227706,0.039444488,-0.00647538,0.008677695,-0.014849049,0.008856391,-0.0029212034,0.026215767,0.0037440832,-0.0008525891
11/9/2020,-0.16,0.0018807296,0.0016674597,0.00033281217,-0.00046248955,-0.00015606204,0.04376454,0.060992185,0.08931594,0.12364891,0.052374586,0.32500836,0.06273814,0.011667508,-0.022879858,-0.289365,0.025595166,-0.04660124,0.002704151,0.00393767,0.030310264,-0.08687736,0.04224832,-0.0064748987,0.008408901,-0.014849231,0.008856391,-0.0029262826,0.02614586,0.0037440837,-0.0011471637
14/9/2020,0.3200000000000003,0.0021765465,0.0015246449,0.0006518719,-0.00046248955,-0.00015606204,0.03636483,0.03456552,0.08585239,0.18106836,0.058777396,0.16657291,0.07141915,-0.1365627,-0.023394635,-0.46437383,0.02573526,-0.038110916,0.0037836558,0.00448411,0.021618463,-0.08884857,0.041856382,-0.0064734733,0.008068268,-0.014849806,0.008856391,-0.002921257,0.026196899,0.0037440832,0.011560196
15/9/2020,0.2699999999999996,0.0010507304,0.0028631801,0.0003961853,-0.00046248955,-0.00033060586,0.066282354,0.060992185,0.05972848,0.10950887,0.1116737,0.20628524,0.10454922,0.6431164,0.035019957,-0.62532413,0.023254203,-0.06379814,0.0010454705,0.0030547865,0.0290973,-0.08374834,0.043006223,-0.006469499,0.0077778758,-0.014849866,0.0088563785,-0.002952731,0.02599612,0.0037440842,-0.005302807
16/9/2020,0.2699999999999996,0.0039817444,0.004737079,0.0035416451,-0.00046248955,5.799682e-05,0.01582764,0.06741586,-0.04073806,0.045121804,0.016268386,0.4828251,0.06809961,0.6589897,0.025312228,-0.745272,0.012601685,-0.07924134,-0.0014227905,0.0021469148,0.022281988,-0.077885665,0.04969185,-0.0064701145,0.0074731093,-0.014849899,0.00885635,-0.0030127212,0.025835155,0.0037440844,-0.011516859
17/9/2020,0.1500000000000003,0.0016101758,0.0008873974,-4.1636936e-06,-0.00030780447,-0.00019783147,0.036741186,0.046448648,0.048550382,0.11040702,0.04018347,0.053200275,0.03249113,0.1277654,0.07600314,-0.3531598,0.031854376,-0.06324908,6.12294e-05,0.0015948983,0.051923875,-0.06842716,0.051648185,-0.0064817914,0.00729399,-0.014849477,0.008856391,-0.0029229275,0.025587069,0.0037440849,-0.0027408462
18/9/2020,-0.22,8.648509e-05,0.00080656476,-0.0005691274,-0.00030780447,-0.0005925742,-0.08096429,-0.16612172,0.008242172,-0.011328049,-0.05583451,0.035387106,0.06522443,0.08428372,0.110373504,-0.434056,0.031122044,-0.072840296,-0.00023491708,0.0011353863,0.06515713,-0.056514483,0.047644503,-0.0064903866,0.0071831536,-0.014848816,0.008856391,-0.0029229715,0.025533209,0.003744085,0.00044219874
21/9/2020,0.3399999999999998,0.0012409786,0.0014461488,-0.000236948,-0.00030780447,-0.00026013958,0.011730638,-0.0117448475,0.0045294766,0.13597374,0.015508396,-0.008012611,0.08019317,-0.18974386,0.092249334,-0.58672595,0.03179253,-0.063632555,0.00014875463,0.0014347913,0.01867457,-0.054156214,0.04779706,-0.0064893323,0.007109498,-0.014871248,0.008856391,-0.002921195,0.025520032,0.0037440849,-0.00043136475
22/9/2020,-0.07,0.0003403942,0.0025557175,-0.0002628291,-0.00030780447,-0.00028316112,-0.009668822,-0.020692792,-0.0051110685,-0.029679073,-0.009615459,0.14697665,0.078378595,0.31996438,0.11099956,-0.558797,0.033025667,-0.09327369,-0.0012688801,0.00013891268,0.06093113,-0.053031363,0.04853823,-0.0064870194,0.0070004715,-0.01486998,0.008856391,-0.00292581,0.025397008,0.0037440858,-0.0023997484
23/9/2020,0.02,0.00088233105,0.0017684784,-0.00062329334,-0.00039142877,-0.00046050144,0.0040328545,0.026425987,0.010052346,0.014254706,0.013954675,0.17067152,0.09300175,-0.08388899,0.10403382,-0.5741065,0.032881327,-0.08541626,-0.00063231285,0.00052897923,0.04370041,-0.053609207,0.048927374,-0.0064879167,0.006967594,-0.014869215,0.008856391,-0.002921513,0.025450848,0.0037440856,-0.0013090023
24/9/2020,0.1600000000000001,0.0008190717,0.0017052111,-9.6146374e-05,0.0034215907,0.00025361104,0.07711409,0.06890201,0.076478705,0.12431876,0.07765497,0.20446388,0.10400032,0.056541763,0.1380975,-0.51585996,0.032238554,-0.094309054,-0.00094422145,0.0002444663,0.07131093,-0.055565875,0.04885948,-0.00648873,0.0069207246,-0.014868278,0.008856391,-0.0029242015,0.025435919,0.0037440858,0.00028364974
25/9/2020,-0.41,-0.00042989108,-0.0012799863,-0.0012283592,-0.00039142877,-0.000559243,-0.069196776,-0.19651605,-0.025901828,-0.15170772,-0.045675512,0.19750226,0.09814063,0.06731124,0.1493857,-0.59108746,0.030825825,-0.10111604,-0.0011730174,-5.931937e-07,0.08976933,-0.048090175,0.04837745,-0.006488914,0.006903772,-0.0148675935,0.008856391,-0.0029252453,0.025418924,0.0037440858,0.0015308576
28/9/2020,0.4000000000000003,0.005136617,0.010759467,0.0038564017,0.0046381783,0.0021429656,0.11324687,0.23988536,0.14691794,0.2702151,0.13697831,-0.08894329,0.16888925,-0.2472427,0.1404995,-0.7924448,0.031738378,-0.080839634,-0.0001912868,0.00090403593,0.034340084,-0.0464584,0.04996941,-0.0064930483,0.006906935,-0.014866803,0.008856391,-0.002921662,0.025462434,0.0037440856,0.0053678337
29/9/2020,0.5199999999999996,0.010220874,0.014914543,0.004725569,0.0046381783,0.0022052736,0.1466346,0.263727,0.14021666,0.14061792,0.12477991,-0.08862699,0.090329215,0.11099085,0.080796964,-0.47184643,0.03503403,-0.08849747,-0.00033856442,0.00022299726,0.057247184,-0.038051806,0.05136167,-0.006495618,0.0069801784,-0.01486506,0.0088564,-0.002906934,0.025392225,0.0037440856,0.0042615207
30/9/2020,0.07,0.0008379746,0.0023170025,-0.00030157005,-0.00024148032,-0.00032132425,0.023198586,0.08688264,-0.065167144,-0.051761243,-0.019032486,-0.15850855,-0.044986963,0.10485161,-0.018620567,-0.78093827,0.030617142,-0.10968479,-0.0019559674,-0.0009293487,0.02309704,-0.0067012687,0.043830395,-0.006495322,0.007066733,-0.017125428,0.008856391,-0.002922411,0.025189765,0.0037440863,-0.008255067
1/10/2020,-0.03,0.0007307645,0.00077557185,-0.00013645788,-0.00030780447,-0.00038291246,0.016501412,0.045438245,-0.008185378,-0.043406177,0.035110176,0.023451146,0.009584701,0.37480846,0.013276354,-0.70039,0.024631463,-0.12376199,-0.0032562297,-0.0013138477,0.042240307,-0.010008546,0.03262847,-0.006496635,0.0071493117,-0.01712448,0.008856382,-0.0029404748,0.025165617,0.0037440865,-0.007518561
2/10/2020,0.06,0.0006891962,0.0022305138,0.00016801171,-0.00030780447,-0.00040959712,-0.011575332,-0.032048482,-0.021342425,0.0066326787,-0.02945961,-0.0033978443,0.015444034,0.3709318,0.033042923,-0.5209368,0.032045968,-0.11622842,-0.0026778546,-0.0013617747,0.035420917,-0.019385926,0.030241998,-0.0064979107,0.007237983,-0.01712378,0.008856391,-0.0029234847,0.025162283,0.0037440865,-0.008058044
5/10/2020,0.2700000000000013,0.00106775,0.0028007433,0.00082218467,-0.00030780447,-0.0001608416,0.03795537,0.12861177,0.020101342,0.0844133,0.114821,0.09663267,0.009359171,0.30206698,0.025433062,-0.56395006,0.03053052,-0.11452658,-0.002494274,-0.0012050859,0.034671657,-0.06670355,0.030663397,-0.0064954106,0.007359147,-0.017124405,0.008856391,-0.0029230851,0.025221162,0.0037440865,-0.01103844
6/10/2020,0.2599999999999998,0.0014534073,0.0031471986,0.0013635142,-0.00030780447,-0.0001989255,0.020107418,0.038168356,0.0054081567,0.14250465,0.045909856,0.13660105,-0.024131626,0.46582362,0.004418745,-0.37909544,0.034143858,-0.11670477,-0.0021885084,-0.0016024389,0.02986433,-0.07029118,0.028215155,-0.006486557,0.0075901696,-0.017127138,0.0088564,-0.0029022708,0.025168154,0.0037440867,-0.009743914
7/10/2020,0.03,0.0005658337,0.0012538803,0.00020729014,-0.00030780447,-0.0005461773,0.013556854,0.042337883,0.002986167,0.054662596,0.0007817826,0.08263008,-0.062483296,0.44878602,0.00079746865,-0.74384815,0.027623074,-0.14031363,-0.0035030914,-0.0020566895,0.027370313,-0.067709,0.024425752,-0.0064882785,0.007851621,-0.01718608,0.008856391,-0.0029260232,0.025156878,0.0037440872,-0.014541493
8/10/2020,0.06,0.00067634584,0.0005802886,-0.00041076326,-0.00030780447,-0.00069526053,0.002761526,-0.0033245583,0.0073789936,-0.008482818,0.016879886,0.147035,-0.017117603,0.25439528,0.015568963,-0.7796768,0.025847131,-0.13429494,-0.0030985046,-0.0017849685,0.024387797,-0.065203875,0.023492534,-0.006495888,0.008113932,-0.017271906,0.008856391,-0.0029257843,0.025201794,0.0037440867,-0.013989954
9/10/2020,-0.39,-0.0010916806,-0.0016537157,-0.0022096462,-0.00030780447,-0.00082022767,-0.014005846,-0.047552954,-0.044602875,-0.105221406,-0.0885075,-0.12739839,-0.020196835,0.114153415,-0.021690395,-0.70107573,0.023976907,-0.13112433,-0.003063004,-0.0016538441,0.00801559,-0.06377024,0.024247315,-0.0064963084,0.008328598,-0.017146744,0.00885639,-0.0029246944,0.02516583,0.0037440867,-0.012971522
12/10/2020,0.1699999999999999,0.0011985168,0.0055199903,0.0011872022,-0.00024148032,-0.00027854284,0.05615442,0.11686362,0.08936171,0.113703296,0.071308926,-0.13703121,0.031658947,0.11360002,-0.03542699,-1.1642177,0.011103121,-0.13204746,-0.0037133424,-0.0010987951,0.024657898,-0.061919186,0.02371715,-0.006498685,0.00851046,-0.019407261,0.008856372,-0.0029582193,0.025225474,0.0037440865,-0.0014872309
13/10/2020,0.1899999999999995,0.0012907281,0.0037755256,0.0012287511,-0.00030780447,-0.00017590394,0.0470903,0.064141035,0.053851347,0.17345703,0.047856994,0.18419205,0.030479765,0.36089054,0.029363822,-0.517904,0.03332394,-0.11607327,-0.0026349658,-0.0017086418,0.03308362,-0.058978993,0.023524653,-0.0064982236,0.0087713385,-0.019406958,0.0088564,-0.002908674,0.025086097,0.0037440867,-0.009712916
14/10/2020,-0.02,0.0018649661,0.001889055,0.00062550505,-0.00030780447,-9.853368e-05,0.04688359,0.03755616,0.062052187,0.15313019,0.088798456,0.14050524,0.015356996,0.3471914,-0.008291672,-0.5808043,0.03177763,-0.11665047,-0.003161567,-0.0015551568,0.039837874,-0.05664566,0.021751205,-0.006497537,0.009017072,-0.019407442,0.008856391,-0.0029247846,0.025105154,0.0037440867,-0.007359396
15/10/2020,0.25,0.0022482867,0.0052401084,0.001633898,-0.00030780447,-0.00017590394,0.06150501,0.12455313,0.070301056,0.19636947,0.08730075,-0.06738574,-0.0089206435,0.068121076,-0.023423905,-0.790635,0.031142164,-0.110989116,-0.0027809984,-0.0013999188,0.0085045295,-0.058544744,0.019076727,-0.006500323,0.009251489,-0.019408833,0.008856391,-0.0029233743,0.025062278,0.0037440865,-0.008361184
16/10/2020,0.2900000000000009,0.002562116,0.004674363,0.0024432065,-0.00030780447,-0.0001828494,0.04767428,0.09583262,0.07128143,0.12831393,0.06334405,0.10242074,0.03211009,0.20467727,0.014390014,-0.5996472,0.030950377,-0.11801991,-0.003169747,-0.0014867123,0.041730877,-0.054175932,0.018783111,-0.0065005957,0.009524994,-0.019410841,0.008856391,-0.0029248327,0.025128214,0.0037440867,-0.009553036
19/10/2020,-0.18,0.00140969,0.0007544436,-0.0008292074,-0.00060978445,-0.0005034253,-0.025899861,0.0114440825,-0.0365931,-0.018036945,-0.033223424,0.08114775,-0.019777993,0.058189824,-0.021958387,-0.6873873,0.027959049,-0.12973146,-0.0034285788,-0.0019961677,0.018927239,-0.055202432,0.018770032,-0.006500662,0.00977132,-0.019413613,0.008856391,-0.0029231964,0.025060475,0.0037440872,-0.014494972
20/10/2020,-0.04,0.0016478929,0.0008789819,0.0001557328,-0.00060978445,-0.0004068022,0.024922874,0.043162365,0.056647424,0.047171257,0.013872225,0.14574581,0.016491814,-0.112745605,-0.033170097,-0.6644115,0.029244453,-0.108062305,-0.0028556492,-0.0013140255,0.009344115,-0.061436143,0.017301401,-0.006500893,0.010001153,-0.017151145,0.008856391,-0.0029227035,0.02507039,0.0037440865,-0.011053754
21/10/2020,0.2799999999999993,0.0015116369,0.0025530302,0.00071782107,-0.00045274862,-0.00039368815,0.030298164,0.042997308,0.03650161,0.18478876,-0.0007984833,0.111246124,0.013067629,0.24832582,-0.02784458,-0.41910237,0.0312849,-0.111355945,-0.003368179,-0.0017440235,0.021867203,-0.0649032,0.014282081,-0.0065002814,0.010085322,-0.017156295,0.008856391,-0.0029240784,0.024970066,0.0037440867,-0.013050138
22/10/2020,-0.06,0.00043718834,0.0002514904,-0.00086660305,-0.00060978445,-0.0005186553,0.035947297,-0.03351586,0.03632275,0.025206698,-0.000646476,0.07785667,-0.030536417,0.24837367,-0.044597894,-0.32910264,0.034228966,-0.123307444,-0.003400477,-0.0023381915,0.025835184,-0.07218485,0.010228561,-0.006500302,0.010160606,-0.017168162,0.0088564,-0.002908823,0.024905756,0.0037440872,-0.013433857
23/10/2020,0.05,0.0008643078,0.0008705512,-0.00017674736,-0.0009037082,-0.0005317693,0.028935643,-0.01888329,0.02773417,0.07598568,-0.010844658,0.12324041,-0.009579121,0.066204436,-0.09694539,-0.6410308,0.023048356,-0.116707884,-0.0036556153,-0.001633018,0.0026083062,-0.07939876,0.010151146,-0.006500496,0.010200187,-0.017206121,0.008856382,-0.0029385858,0.024960445,0.0037440867,-0.012958743
26/10/2020,0.06,-7.03577e-05,0.0015955654,0.00019726511,-0.0009037082,-0.0006664579,0.034788586,0.043494124,0.05432084,0.11434166,0.018511007,-0.03264222,-0.04832403,0.2587596,-0.102977864,-0.61460364,0.02931609,-0.122301586,-0.003508116,-0.0021490033,0.020058539,-0.079233386,0.010686839,-0.0065009906,0.010244595,-0.017473748,0.008856391,-0.0029238297,0.024977276,0.0037440872,-0.015319289
27/10/2020,0.06,0.00049178785,0.0021300854,-0.0004907324,-0.000951988,-0.0005476044,0.050409358,-0.007392627,0.034208268,0.061687183,0.013080879,0.012631786,-0.008024982,0.12869574,-0.035017144,-0.59077406,0.030763486,-0.12276461,-0.0036005925,-0.0022671025,0.016528407,-0.078190185,0.009319434,-0.006500505,0.010265673,-0.01710341,0.008856391,-0.002923728,0.02491898,0.0037440872,-0.014764277
28/10/2020,-0.49,0.0004051956,0.00030664855,-0.0016288416,-0.0010601118,-0.00058149395,-0.0050108996,-0.007392627,0.034972496,-0.07820867,0.0018436724,0.043374013,-0.021392258,0.14210044,-0.04935679,-0.5858965,0.031707127,-0.12047445,-0.0035816361,-0.002163934,0.023007106,-0.080908015,0.00767825,-0.0064993287,0.010270432,-0.017106187,0.008856391,-0.0029235983,0.024911778,0.0037440872,-0.013362507
29/10/2020,-0.04,-0.0006096382,0.002641117,-0.000550351,-0.00083675224,-0.0007794772,0.0327488,-0.00019438946,0.037368596,0.08723492,-0.0005712261,-0.2011433,-0.022788227,0.06418214,-0.107052244,-0.6635759,0.03021782,-0.09632353,-0.0024489923,-0.0012489862,0.03051288,-0.09160545,0.0073468275,-0.0065000462,0.010196814,-0.01710405,0.008856391,-0.0029222053,0.024946023,0.0037440865,-0.004778337
30/10/2020,0.6100000000000012,0.0013335402,0.0055939285,0.0028254706,-0.00057222456,-0.00085344305,0.023262981,0.1836465,0.0757945,0.21250421,0.087482296,-0.04537838,-0.018422207,0.45578113,-0.09706874,-0.5146396,0.031311035,-0.09215069,-0.0028570422,-0.0013879114,0.050743263,-0.10317173,0.007304481,-0.006501204,0.010101389,-0.014839741,0.008856391,-0.0029231012,0.024908328,0.0037440865,-0.009817534
2/11/2020,-0.25,0.00026015614,0.0014971154,-0.0014272984,-0.0009937879,-0.0009893096,0.032695353,-0.04932215,0.013432714,-0.09331179,-0.0065125697,-0.062677756,-0.10937445,0.4264236,-0.13596904,-0.34386727,0.030421464,-0.123642154,-0.003913858,-0.00248352,0.036373794,-0.101596996,0.006727723,-0.0065020965,0.010021153,-0.014839762,0.008856391,-0.0029280633,0.024806457,0.0037440872,-0.012421541
3/11/2020,-0.07,0.0011855732,0.00074990286,-0.00043012312,-0.0009940595,-0.0005892426,0.00058394205,-0.037232593,0.03619915,0.014822606,0.009150863,-0.14127721,0.0110741155,0.2311504,-0.07452208,-0.47103208,0.03505269,-0.10304418,-0.0027299693,-0.0021081634,0.04272957,-0.10636295,0.00838723,-0.0065034204,0.0098963985,-0.014840025,0.0088564,-0.0029064293,0.024793904,0.0037440872,-0.008855351
4/11/2020,-0.17,0.0010985378,0.002272601,0.0006003147,-0.0009037082,-0.00060170196,0.0051353024,0.007887388,0.045605086,0.041215025,0.008489289,0.028940067,0.045077756,0.2515729,-0.006192968,-0.21237467,0.0344315,-0.08992075,-0.0025382084,-0.0015732056,0.03675699,-0.09497617,0.010732803,-0.0065026935,0.009837568,-0.014839931,0.0088564,-0.0029077763,0.024871588,0.0037440865,-0.010228491
5/11/2020,0.4299999999999997,0.0011711972,0.0034300832,0.0009922847,-0.0009037082,-0.0006379589,0.014463281,0.057491638,0.029411403,0.07834945,0.058615956,0.03251703,0.032865673,0.030467061,-0.054193232,-0.18895084,0.033751518,-0.06938051,-0.0016385556,-0.00082473806,0.03818922,-0.089173436,0.01284312,-0.006501961,0.0097056385,-0.014840304,0.0088564,-0.0029008007,0.024942394,0.0037440863,-0.00548801
6/11/2020,-0.03,0.0016938179,0.003005549,0.0003086874,-0.000837384,-0.0005159745,0.02919969,-0.030667858,0.0786271,0.012151564,0.07746939,0.09439328,-0.06899894,0.41116548,-0.11167751,-0.33849996,0.03180092,-0.10235146,-0.003266498,-0.0019301234,0.035573054,-0.0882552,0.012786946,-0.0065022665,0.009563666,-0.014840252,0.008856391,-0.0029238642,0.024832167,0.0037440867,-0.009374125
9/11/2020,-0.2,0.0008359751,0.0008060229,-0.0002577822,-0.0009037082,-0.0010044338,-0.0016343506,-0.019382374,0.005758922,0.0505381,-0.0013095209,0.031903032,-0.01419089,0.20148148,-0.095175706,-0.195394,0.03560362,-0.0873795,-0.0024278641,-0.0017454636,0.038178753,-0.0871506,0.010654419,-0.006501667,0.009391519,-0.014840092,0.0088564,-0.002900897,0.024798675,0.0037440867,-0.007320402
10/11/2020,-0.19,0.0012638575,0.0017029345,5.7759127e-05,-0.0009037082,-0.0007016563,0.012336942,-0.019382374,0.009657024,0.013693997,0.031712607,-0.010664194,0.03239366,0.118928134,-0.045691125,-0.20360358,0.034286138,-0.077595286,-0.0021913992,-0.0012604151,0.036468484,-0.090597324,0.010197178,-0.0065010674,0.009202333,-0.01484028,0.0088564,-0.0029061593,0.024874853,0.0037440865,-0.006853035
11/11/2020,0.4299999999999997,0.0012638575,0.0032342025,0.0015921353,-0.0006385487,-0.00045891915,0.018870907,0.17490901,0.03435287,0.13723727,0.04945273,0.039449487,0.041671135,0.035171926,-0.048106708,-0.3761376,0.030210301,-0.066362895,-0.0019310279,-0.00045149654,0.029587591,-0.089904845,0.011155412,-0.0065018022,0.0089777205,-0.014840729,0.008856391,-0.002921315,0.025018131,0.003744086,-0.004579846
12/11/2020,0.04,0.0010673588,0.0038189031,2.5552756e-05,-0.0008845473,-0.00031026613,0.036480993,-0.030667858,0.06733678,0.118302986,0.0922706,-0.21826904,-0.07657789,0.2638879,-0.114744276,-0.37243882,0.024127465,-0.108175695,-0.0042050863,-0.0018349829,0.0202714,-0.09000269,0.009856434,-0.006502548,0.008789211,-0.014840771,0.008856376,-0.0029483044,0.024829997,0.0037440867,-0.009602467
13/11/2020,0.5099999999999998,0.0014577718,0.0022945143,6.3699415e-05,-0.0009508715,-0.00017071932,0.017836489,0.10821154,0.027489554,0.1560232,0.04953093,-0.044656865,-0.0336554,0.15734793,-0.08725509,-0.37536445,0.03273343,-0.09955728,-0.00324007,-0.0018751607,0.029690413,-0.08473923,0.0066462276,-0.0065035834,0.008671063,-0.014840859,0.008856391,-0.0029230486,0.02482454,0.0037440867,-0.008921269
16/11/2020,-0.16,0.0007809453,-1.3905567e-05,-0.0008636922,-0.0011490751,-0.00037439793,-0.00095240877,-0.03700519,0.022904765,-0.08391144,0.014117081,-0.14493953,-0.0638045,0.127661,-0.056096114,-0.37658143,0.03354641,-0.12828748,-0.0041598273,-0.0027732255,0.03512167,-0.07607879,0.0058267564,-0.006503833,0.00848612,-0.014840979,0.008856391,-0.0029271108,0.02473741,0.0037440874,-0.010507816
17/11/2020,0.1399999999999988,-0.00011365283,-0.0006214957,-0.0014238145,-0.0013720741,-0.0002947321,-0.008090861,0.04656601,-0.002386688,-0.03526142,0.002496538,-0.19124053,-0.017100114,-0.27967942,-0.060114022,-0.62981915,0.034008823,-0.11948162,-0.0036775407,-0.0026658955,0.009224627,-0.071831085,0.009347075,-0.00650363,0.00831851,-0.01709892,0.008856391,-0.0029228579,0.024710052,0.0037440874,-0.010019807
18/11/2020,-0.17,-0.0013113837,-0.0018717131,-0.0017011061,-0.002362246,-0.0009708959,-0.012660239,-0.06856561,-0.030486478,-0.07323899,-0.023927445,0.07100269,0.0015377075,-0.18988557,-0.034886345,-0.5647467,0.034165677,-0.12044632,-0.003682895,-0.0026838842,0.019172592,-0.06944017,0.01408985,-0.0065040966,0.008201824,-0.017214434,0.008856391,-0.0029214586,0.024748899,0.0037440874,-0.009845478
19/11/2020,-0.07,-0.00024838015,0.0019932804,-0.0012913628,-0.0028536662,-0.0012863,0.02562392,-0.05460913,-0.011988818,0.035052627,0.01792031,0.08205441,0.017567404,-0.2089546,-0.045165315,-0.5805814,0.03409254,-0.11288316,-0.0035202014,-0.002436118,0.0169596,-0.06871213,0.015408106,-0.006504251,0.00804014,-0.017232435,0.008856391,-0.0029214562,0.024761569,0.0037440872,-0.01038049
20/11/2020,-0.06,-0.0005882887,-0.0013566084,-0.0018884544,-0.0028361874,-0.001252694,-0.010282044,-0.033639293,-0.00053063506,0.00176067,-0.012929416,-0.09547974,0.012895949,-0.043395933,-0.045027334,-0.57540286,0.03462973,-0.10648493,-0.0034890715,-0.0024046667,0.026421912,-0.07563571,0.013273615,-0.006503871,0.007867887,-0.017243769,0.008856391,-0.0029214649,0.024701536,0.0037440872,-0.011500049
23/11/2020,-0.11,-0.001599065,-0.0027646115,-0.0016591065,-0.003355332,-0.0016112009,0.0058373217,-0.019545957,-0.010101833,-0.05797772,-0.008304958,-0.1428512,0.025806136,0.035545625,-0.026308568,-0.42293411,0.032954484,-0.10762938,-0.0035177509,-0.0022997968,0.02674019,-0.08434916,0.009906281,-0.0065029985,0.0077159186,-0.017243229,0.008856391,-0.002925723,0.02474579,0.0037440872,-0.010825637
24/11/2020,-0.27,-0.0015071011,-0.0015682449,-0.0013879528,-0.003355332,-0.0016112009,0.017446717,-0.073865995,0.004611791,0.009839918,-0.02058944,-0.081839785,0.04482379,-0.109688714,-0.016041402,-0.60318726,0.032793224,-0.09219173,-0.002915989,-0.0017713709,0.013301413,-0.09281337,0.009944924,-0.006502799,0.0076048896,-0.017243017,0.008856391,-0.0029213405,0.024760725,0.0037440867,-0.011295506
25/11/2020,0.0,-0.0027558012,-0.002574237,-0.0026950568,-0.0035371832,-0.002174695,0.014319678,0.011542562,-0.01265115,-0.05279628,-0.028411606,-0.15517017,0.020651141,-0.012095691,-0.087671556,-0.6245612,0.03072462,-0.082435355,-0.0027196805,-0.0014935656,0.04266756,-0.09827034,0.010963823,-0.0065035564,0.007421069,-0.017243242,0.008856391,-0.0029214188,0.024813728,0.0037440865,-0.009864371
26/11/2020,0.05,-0.0037722373,-0.0029599806,-0.0021643196,-0.0025236995,-0.0035242052,0.004750022,-0.019465555,0.03702556,0.029398266,-0.023489898,-0.54096675,0.0095482925,0.22364707,-0.11672469,-0.65979075,0.022667684,-0.0775114,-0.0025648873,-0.0005182717,0.07315739,-0.09208477,0.010738589,-0.006503351,0.007286953,-0.017243814,0.008856381,-0.0029422224,0.025009917,0.003744086,-0.00093007303
27/11/2020,-0.31,-0.0043961937,-0.0062617925,-0.0044616386,-0.003326841,-0.0034719761,-0.029755041,-0.1599819,-0.06956208,-0.09464943,-0.059964642,-0.32850406,-0.025821527,0.121132486,-0.15596667,-0.25345632,0.026268875,-0.06951586,-0.002230829,-0.0007674651,0.034154084,-0.08432094,0.008400371,-0.006502969,0.007114416,-0.017246148,0.00885639,-0.0029231366,0.024934834,0.003744086,-0.008137405
30/11/2020,0.0,-0.004947957,-0.004354577,-0.0027373508,-0.0037207901,-0.0019664513,-0.013778894,-0.03299673,-0.042385228,0.010425401,0.015802922,-0.09997002,0.027564686,0.04714485,-0.12157561,-0.4357152,0.028133197,-0.05826106,-0.0010268852,0.00039383018,0.046434026,-0.088296056,0.007108491,-0.006503394,0.0069056717,-0.017250989,0.008856391,-0.0029211466,0.025176628,0.0037440856,0.0037780346
1/12/2020,0.09,-0.003869162,-0.0033496022,-0.0006290085,-0.003002989,-0.002092464,-0.02073126,-0.03299673,-0.053616874,0.10079521,-0.014476095,0.018225998,0.0029051926,0.30597472,-0.11354766,-0.24199717,0.028154112,-0.06495987,-0.0015384314,8.827893e-05,0.056980547,-0.091415524,0.0069000414,-0.006503231,0.006691996,-0.017260777,0.008856391,-0.0029228632,0.025146715,0.0037440858,0.0011017876
2/12/2020,0.1100000000000012,-0.002744828,-0.002627231,-0.0004896136,-0.0026077258,-0.0019884643,-0.008416957,0.026711725,-0.022242906,-0.06375662,-0.0025339266,-0.0014883645,-0.012307298,0.29511538,-0.13549082,-0.14982837,0.027572231,-0.062661916,-0.0012851265,0.00026015769,0.058893267,-0.10443653,0.0046439706,-0.006502647,0.0065356027,-0.017283149,0.008856391,-0.0029232104,0.02520687,0.0037440856,0.0019558324
3/12/2020,-0.27,-0.0028337813,-0.0015018441,-0.0018347978,-0.002500317,-0.0019247668,-0.014718969,-0.059881188,-0.0008491322,-0.11259145,0.00047855458,0.0866124,-0.019035494,0.13893723,-0.15870604,-0.027761884,0.024765443,-0.059455033,-0.0015119058,0.00016258906,0.046042293,-0.11383486,0.00457076,-0.006502247,0.006413515,-0.017342351,0.008856391,-0.0029180746,0.025143566,0.0037440858,-0.0011138436
4/12/2020,0.01,-0.0021331653,-0.002182133,-0.0018427811,-0.002503959,-0.0017034425,-0.025779223,0.011103291,-0.039743032,-0.02692057,-0.03872014,-0.12586614,0.015453611,-0.068150476,-0.12093648,-0.048642866,0.029389808,-0.047218844,-0.00012995067,0.00075342046,0.051346984,-0.09127223,0.005950273,-0.006502006,0.006216074,-0.017567357,0.0088564,-0.002902188,0.02527233,0.003744085,0.00415493
7/12/2020,-0.06,-0.0014018582,-0.00031384177,-0.0010178003,-0.002012538,-0.0012456407,0.022464953,0.039296556,0.04015429,0.05457237,0.036236595,-0.026815537,0.07211383,-0.112318695,-0.028187001,-0.24489833,0.025994156,-0.05594346,-0.00104516,0.00069236296,0.04419126,-0.13676962,0.008559634,-0.00650118,0.0060584,-0.016449707,0.008856391,-0.0029228537,0.025326034,0.0037440856,-0.0053036246
8/12/2020,0.5800000000000001,0.00062062516,0.00394445,0.0029438585,-0.0015749779,0.0004250804,0.0788598,0.1693501,0.095966615,0.12565568,0.100709766,-0.036578827,0.061483707,-0.33790877,-0.061576173,-0.37502483,0.02536985,-0.04852194,-0.0004679819,0.0011289807,0.0129392035,-0.13073109,0.0122179855,-0.006500497,0.005895992,-0.014949657,0.008856391,-0.0029210877,0.025376523,0.003744085,-0.005690139
9/12/2020,-0.31,-0.0019982536,-0.0022435216,-0.0020125648,-0.002132666,-0.0021606137,-0.00095526705,-0.09496833,-0.027460122,-0.01885201,-0.04704868,-0.2565591,-0.07036992,-0.08815564,-0.116651334,-0.44336852,0.021969985,-0.08107982,-0.0032958898,-0.0008449705,0.025324758,-0.11481572,0.012531161,-0.006501796,0.005802038,-0.017110739,0.008856381,-0.0029429842,0.024991786,0.0037440863,-0.012348812
10/12/2020,-0.23,-0.0016963442,-0.0013448726,-0.0021887566,-0.0024945824,-0.0020984977,-0.014604731,-0.048537854,-0.056382105,0.03137617,-0.031301,-0.14313851,0.0679795,-0.3329225,0.0035424666,-0.4828658,0.025810268,-0.060284663,-0.0017555199,-0.0002773869,0.013483435,-0.10051841,0.014778668,-0.006503343,0.0057045436,-0.019311154,0.008856391,-0.0029211938,0.025086304,0.0037440858,-0.0102292625
11/12/2020,-0.31,-0.0016696225,-0.0022378727,-0.001199812,-0.0019051739,-0.0017843173,0.0004531812,-0.046771247,-0.026406176,0.037133977,0.010866404,-0.100674815,0.10749679,-0.40855664,0.055791054,-0.5230336,0.025782108,-0.05527423,-0.001416536,0.00021199485,-0.0086094905,-0.09735168,0.018373318,-0.00650302,0.005589532,-0.021551508,0.008856391,-0.00292106,0.02518367,0.0037440858,-0.009346848
14/12/2020,0.09,-0.0029933872,-0.0018647633,-0.00032841382,-0.0017602297,-0.0011792927,-0.0010306874,-0.041352082,-0.0065247943,0.03317805,0.065038145,-0.11461352,0.05886532,-0.2514005,-0.03148381,-0.5767082,0.025201917,-0.0514085,-0.0010069527,0.0006611216,0.010186225,-0.089418426,0.018801114,-0.0065029855,0.005485367,-0.023811301,0.008856391,-0.0029211168,0.025274584,0.0037440856,-0.0064540887
15/12/2020,0.2799999999999993,-0.001339932,0.0013030991,0.0001401994,-0.0012688087,-0.0005712136,0.031025851,0.05820115,0.062493373,0.08859951,0.015605987,0.016484061,0.04590029,-0.004680781,-0.025324535,-0.35272595,0.026456645,-0.057989858,-0.0014907658,0.00036884012,0.025115335,-0.104124576,0.018418143,-0.006503292,0.005407671,-0.023811022,0.008856391,-0.0029228644,0.02527689,0.0037440856,-0.01143946
16/12/2020,0.1899999999999995,-0.0012370987,0.0016225962,-0.00066867506,-0.0012688087,-0.0005481941,0.024317034,0.047674883,0.06318728,0.045307335,0.052762616,-0.07876632,0.017670369,-0.037552506,-0.035647515,-0.20347708,0.030297283,-0.056924306,-0.001458633,-0.00022325998,0.017230764,-0.09914129,0.017238302,-0.006502194,0.005313545,-0.023810564,0.0088564,-0.0029020533,0.025126511,0.0037440858,-0.011763511
17/12/2020,-0.24,-0.0009917086,-0.0012316484,-0.0011783042,-0.0014258445,-0.0013261017,0.023837732,-0.06086954,0.011793331,0.019199338,-0.005811853,-0.06140425,0.017117102,-0.18211177,-0.023273466,-0.4303391,0.027916892,-0.06602632,-0.0022858572,-0.00047489218,0.027638305,-0.095287286,0.017254991,-0.0065013664,0.0052158074,-0.02381015,0.008856391,-0.0029228418,0.025082638,0.003744086,-0.012190297
18/12/2020,0.09,-0.0014222556,-0.0023451322,-0.0007682213,-0.0004995528,-0.00073757407,0.023370948,-0.012526028,-0.022959258,0.05245748,0.023893114,-0.011733119,0.07039495,-0.33883163,-0.041138265,-0.60355115,0.019686162,-0.06336059,-0.002381376,-6.531574e-06,0.00933043,-0.09578835,0.019137204,-0.0065019396,0.005103199,-0.023809973,0.008856382,-0.0029377863,0.025133327,0.0037440858,-0.009615806
21/12/2020,0.01,-0.0013020876,-0.001241228,-0.000838265,-0.00030780447,-0.00077108503,-0.009179023,0.016372526,-0.0021302425,0.055590726,0.03884626,-0.073525704,0.008187893,-0.3305093,-0.03869716,-0.5761221,0.02685217,-0.058354143,-0.0017658268,-0.00014379583,-0.011143539,-0.097644724,0.02000002,-0.0065015,0.005008283,-0.026072577,0.008856391,-0.0029211198,0.025098938,0.0037440858,-0.012762006
22/12/2020,0.2900000000000009,0.0002009911,-0.00029451164,0.00010328075,-0.0005363731,-0.0008618267,0.0032058766,0.016372526,0.0098370705,0.11005348,0.034797397,-0.010587841,0.02155489,-0.18134756,-0.06835991,-0.44989982,0.026896287,-0.06437286,-0.0020806573,-0.00029798585,0.019375328,-0.103662364,0.017939935,-0.00650017,0.0048897252,-0.026074685,0.008856391,-0.002922875,0.025114227,0.003744086,-0.011499261
23/12/2020,0.07,-0.0007628842,-0.0023430882,-0.001186977,-0.00060978445,-0.00085792504,-0.000613951,0.016372526,0.016127555,0.04673376,0.022062616,0.07984536,-0.024800606,-0.08599812,-0.06809603,-0.39815208,0.029058248,-0.0798776,-0.0028092244,-0.0011464565,0.023795104,-0.105630726,0.016706688,-0.006499919,0.004778475,-0.026081711,0.008856391,-0.0029228826,0.02497856,0.0037440863,-0.012785441
24/12/2020,0.08,8.0440834e-05,-0.00014019768,-0.00058517355,0.0027785236,-0.00025382685,0.03804485,0.032953434,0.099961355,0.014878126,0.06479077,0.050674666,0.060562834,-0.17884064,0.02140274,-0.4006396,0.029349808,-0.08609125,-0.0029157992,-0.001368999,0.028039278,-0.099481866,0.018143352,-0.0065004835,0.004723528,-0.026249103,0.008856391,-0.002922902,0.024921024,0.0037440865,-0.010390602
28/12/2020,0.06,0.00053550914,0.0020598564,0.0007680712,0.0027785236,-0.00025382685,0.05710872,0.04629391,0.09072743,0.024566602,0.10543616,0.0037542896,0.060247917,-0.20129693,0.031212348,-0.4782174,0.031890806,-0.095343836,-0.0031154572,-0.0016362882,0.035281528,-0.08671046,0.018691586,-0.006500994,0.0046964823,-0.028522937,0.008856391,-0.0029231461,0.024897125,0.0037440867,-0.01001737
29/12/2020,0.2400000000000002,-0.00027681878,0.00015224253,9.690203e-05,-0.0016003142,-0.00039341123,-0.023225367,0.025322264,-0.12051076,0.045365065,0.069921345,0.061032146,0.054248158,-0.17116168,0.024301454,-0.5802794,0.031643055,-0.10152354,-0.0032975925,-0.0018675165,0.03612687,-0.060101334,0.018345073,-0.006500928,0.0046641985,-0.030797713,0.008856391,-0.0029233904,0.024878858,0.0037440867,-0.010193942
30/12/2020,0.2100000000000008,-0.00015749564,-0.00036094335,9.633165e-06,-0.002214885,-0.00039946297,0.007121056,0.025443891,-0.050550908,-0.048174735,0.00026198616,-0.029756345,0.009285639,-0.31173235,0.02008888,-0.64611596,0.035310537,-0.10606408,-0.0028939305,-0.002268176,0.020642212,-0.069385424,0.018510114,-0.0065006856,0.0047008456,-0.030813722,0.0088564,-0.002906457,0.024785997,0.0037440872,-0.009625101
31/12/2020,0.2699999999999996,-0.0010316736,-0.001106772,-0.0007587283,-0.002214885,-0.0007064232,-0.042632733,0.036787033,-0.08733389,-0.086901434,-0.060830396,-0.0020854427,-0.003481291,-0.16212918,0.0037052096,-0.6870445,0.03332496,-0.12192855,-0.0036747227,-0.0027368453,0.01805909,-0.060388774,0.01644174,-0.0065020053,0.004738538,-0.030820774,0.008856391,-0.0029216234,0.0247796,0.0037440874,-0.009732426
4/1/2021,0.3600000000000012,0.000115009854,-0.0012367951,-0.0005010294,-0.0021485612,-0.00026694016,0.060797997,0.07696683,0.08332768,0.05786829,-0.061830647,-0.08089265,-0.037969194,-0.17697632,0.0190083,-0.85605127,0.03230761,-0.14301194,-0.004101896,-0.0034159038,0.026567973,-0.0640844,0.013092828,-0.0065041888,0.00477646,-0.03082369,0.008856391,-0.002922082,0.024702476,0.0037440879,-0.009170694
5/1/2021,0.13,-0.001001328,-0.0031179201,-0.0022589276,-0.0023569134,-0.0015006725,-0.040429737,-0.048727524,-0.022165358,-0.037691616,-0.04119981,-0.0018584257,-0.07612108,0.027719634,-0.0018808934,-0.73731834,0.027857378,-0.17296182,-0.005251935,-0.0039074137,0.043710615,-0.06571627,0.010423287,-0.0065045534,0.004884389,-0.03082306,0.008856391,-0.0029345772,0.024777494,0.003744088,-0.013919339
6/1/2021,-0.65,-0.0065070107,-0.01520798,-0.0085792085,-0.0028639107,-0.0028138442,-0.14220695,-0.42447242,-0.20409773,-0.36306676,-0.34232858,0.11699478,-0.014229418,-0.019227337,0.015211152,-0.8026178,0.027596505,-0.16934983,-0.0052508903,-0.0036919923,0.02513002,-0.06825969,0.009702751,-0.0065047024,0.005036295,-0.033089418,0.008856391,-0.0029356882,0.024821151,0.0037440879,-0.01618028
7/1/2021,0.0,-0.002211789,-0.003827362,-0.0017251498,-0.0032890078,-0.0015616451,0.009571986,-0.05600219,0.015141512,0.09701339,-0.017395446,-0.27267358,0.015853243,-0.148468,-0.0064347167,-0.86109656,0.03227621,-0.14982724,-0.003911567,-0.0031594047,0.043253813,-0.07718856,0.009543806,-0.0065044817,0.005147544,-0.035359208,0.008856391,-0.0029241093,0.024758134,0.0037440876,0.000355909
8/1/2021,0.07,0.00057505,-0.0010770896,-0.0011269107,-0.003355332,-0.0015463707,0.017808063,0.0022296314,0.04320017,0.047409613,-0.013256487,-0.03401884,0.055328537,0.15019727,0.043201454,-0.5449165,0.03554006,-0.14178592,-0.004406765,-0.0034105503,0.03231347,-0.07631221,0.0069088964,-0.0065041063,0.0052535515,-0.037635926,0.008856391,-0.0029241673,0.024694255,0.0037440876,-0.010296984
11/1/2021,-0.21,-0.0013524721,-0.0011302377,-0.0015421272,-0.0028639107,-0.0018640672,0.02763096,-0.073667936,0.03796773,0.0578749,-0.0059480174,-0.184696,-0.030348172,0.12828621,-0.017657276,-0.60178393,0.033130754,-0.14825696,-0.0049486277,-0.0035435157,0.03147134,-0.08184948,0.0021207868,-0.0065027596,0.005366009,-0.03993979,0.008856382,-0.002943967,0.024684876,0.0037440876,-0.009942078
12/1/2021,0.38,0.0009247368,0.0015784793,9.8267556e-05,-0.0032890078,-0.0016100683,0.028394595,0.16638052,0.058207355,0.12114143,0.013721316,-0.10398924,0.08687104,-0.023835244,0.031168643,-0.5408207,0.03797842,-0.11957469,-0.003384042,-0.0028770154,0.021402752,-0.08665218,0.004255209,-0.0065029566,0.0054858117,-0.04005973,0.0088564,-0.0029068922,0.024667755,0.0037440874,-0.008576759
13/1/2021,0.8300000000000018,0.0037089807,0.010128437,0.0018005176,-0.0027975866,-0.0007449782,0.059585664,0.38093084,0.08890269,0.36960235,0.2039683,-0.049366925,0.06605459,0.08983488,0.03658937,-0.57861286,0.036866568,-0.13544136,-0.0041944,-0.003119557,0.06382649,-0.07716285,0.008672405,-0.0065042507,0.005603021,-0.04057747,0.008856391,-0.0029239208,0.024705073,0.0037440876,-0.009000639
14/1/2021,-0.22,-0.002021121,-0.0024641794,-0.00219797,-0.0029934158,-0.0017602296,-0.030988382,-0.037813835,-0.040442135,-0.069674835,-0.004635891,-0.124661945,-0.017272424,0.10130178,0.011205045,-0.6621406,0.028678514,-0.18758492,-0.005419264,-0.0039457465,0.04713293,-0.07093517,0.0068719457,-0.0064997165,0.0057061203,-0.041861985,0.008856391,-0.0029407684,0.024828825,0.003744088,-0.014613013
15/1/2021,0.0,-0.0020946339,-0.002097469,-0.0013618208,-0.0034848368,-0.0017219749,-0.037176248,-0.03113454,-0.0067559583,-0.090108745,-0.04762485,0.0902139,0.02062745,-0.05661838,-0.026215063,-0.63630724,0.033514924,-0.1664763,-0.004539814,-0.003757711,0.033053786,-0.068771556,0.0065868734,-0.006496642,0.005759335,-0.04194164,0.008856391,-0.002922666,0.024771987,0.003744088,-0.00755973
18/1/2021,-0.35,-0.00076422014,0.0012389467,0.0003686695,-0.00283638,-0.0014604892,-0.021174872,-0.1259752,-0.030135853,-0.13152091,0.010350193,-0.01776319,0.0335782,0.13342866,-0.013926356,-0.70601934,0.0339503,-0.16222511,-0.0044128373,-0.0033381304,0.054142527,-0.06390197,0.007124808,-0.0064985864,0.0058473046,-0.041944515,0.008856391,-0.00292653,0.024832241,0.0037440879,-0.005947642
19/1/2021,0.1699999999999981,-0.0024729695,0.000798038,-0.0004925721,-0.0034848368,-0.0017225014,0.007522548,0.037313823,0.025786974,0.08002669,-0.0007523427,0.07364814,0.043766182,0.046194192,-0.033408154,-0.2650397,0.037638094,-0.13889894,-0.0036745383,-0.0032094577,0.030165287,-0.07273927,0.0059267725,-0.006499991,0.0059082615,-0.04194778,0.008856401,-0.0029073337,0.02468833,0.0037440876,-0.0076600355
20/1/2021,-0.22,-0.0025225843,-0.00021443533,-0.0012571584,-0.0031752675,-0.0021216609,0.0017492041,0.0032191921,0.02737607,-0.0528858,-0.042622454,0.17656334,-0.021290243,0.57047075,-0.11214343,-0.35241276,0.03272478,-0.15038332,-0.0048248894,-0.003424643,0.022381242,-0.079503,0.004032144,-0.0065019783,0.0059547666,-0.0419485,0.008856389,-0.0029379472,0.024696017,0.0037440876,-0.014662479
21/1/2021,-0.18,-0.0018505341,-0.0013765856,-0.0021030915,-0.003666688,-0.0019537976,0.02746437,-0.013854618,-0.02591892,-0.03052737,-0.03791618,-0.055513855,-0.0073476043,0.23204918,-0.08727857,-0.50071347,0.0323754,-0.13721664,-0.0042927302,-0.0029839857,0.0138215,-0.082637504,0.0032047096,-0.0065030786,0.0060117682,-0.041949354,0.008856391,-0.0029356368,0.024716621,0.0037440876,-0.013770849
22/1/2021,-0.13,-0.003171152,-0.0045155156,-0.0019801438,-0.003666688,-0.0018816025,-0.0023485697,-0.02211133,0.01514276,-0.1184902,-0.054034073,-0.08629116,0.08561346,0.07616345,-0.002893277,-0.48019254,0.03365893,-0.11662507,-0.0037218,-0.0025326835,0.053204928,-0.08738989,0.002808709,-0.006502366,0.0060509136,-0.039689656,0.008856391,-0.002927234,0.024707645,0.0037440872,-0.009830618
25/1/2021,0.0,-0.003653075,-0.0029764383,-0.0014526127,-0.0038213732,-0.001607889,-0.030445982,0.019849448,-0.018380452,-0.07803575,-0.02107843,-0.25037476,0.12830758,-0.084239796,-0.01132862,-0.52097183,0.027258316,-0.10516821,-0.0034638748,-0.0016750195,0.04383029,-0.081063755,0.0049420814,-0.0065020747,0.0060871206,-0.037432864,0.008856381,-0.0029412152,0.02483435,0.0037440867,-0.008286908
26/1/2021,0.06,-0.0021959974,-0.0018993332,-0.0015573284,-0.003329953,-0.0023272403,-0.015843604,-0.019108295,-0.015901996,-0.07497893,-0.019879768,-0.0965393,0.09518661,-0.04983985,-0.0271276,-0.46160558,0.03477565,-0.102051534,-0.0029706408,-0.0016953764,0.07705443,-0.080374226,0.0034933866,-0.006502237,0.0061044577,-0.035181113,0.008856391,-0.0029273187,0.024826247,0.0037440867,-0.0031657545
27/1/2021,-0.21,-0.0031548925,-0.0028897505,-0.0013234777,-0.0035681804,-0.0013980372,-0.013415648,-0.017806306,-0.01980156,-0.089779824,0.016169813,-0.06450557,0.03649799,-0.12418131,-0.10009395,-0.44591102,0.035139132,-0.09472124,-0.002820918,-0.0015452667,0.040515188,-0.075869575,0.00074026216,-0.0065023773,0.006105778,-0.032938696,0.008856391,-0.0029216674,0.024845665,0.0037440865,-0.006992847
28/1/2021,0.2400000000000002,-0.0032379322,-0.00038529723,-0.000835296,-0.0038213732,-0.0013811575,-0.004858763,0.011103291,-0.027247,0.009326153,0.006560295,-0.004742263,0.083520405,-0.06934576,-0.09488026,-0.17920442,0.034320757,-0.08467738,-0.0020536517,-0.0005532355,0.06590054,-0.080877855,0.0009309204,-0.0065027988,0.0060815895,-0.030720051,0.008856391,-0.0029229554,0.025070736,0.003744086,0.0025129986
29/1/2021,0.3199999999999985,-0.0031639992,0.0012027972,-9.922019e-05,-0.003329953,-0.0014798307,-0.019339807,0.008246155,-0.0057574585,0.07122098,0.038856506,-0.16090815,-0.039952505,0.15347527,-0.17710786,-0.1216358,0.029030621,-0.095409125,-0.0030630575,-0.0010055169,0.048663583,-0.08400249,-0.0010524346,-0.006502276,0.0060274126,-0.028549446,0.008856381,-0.0029402208,0.024978148,0.0037440863,-0.0019501867
1/2/2021,0.1400000000000005,-0.00035513326,0.0024502794,-0.00014536676,-0.0031481008,-0.0006558868,0.0024217225,0.07030297,0.022377292,0.14120632,0.041551728,0.03307753,-0.020454312,0.077060536,-0.11249346,-0.061874602,0.03132215,-0.10803414,-0.0038960618,-0.0018068105,0.039388854,-0.08495295,-0.001185372,-0.0065021636,0.005960772,-0.026542982,0.008856381,-0.0029400408,0.024840016,0.0037440867,-0.003581872
2/2/2021,-0.25,-0.0027664318,-0.0007903115,-0.0010234646,-0.0029934158,-0.0012187504,0.0104458025,-0.04735549,-0.022710865,-0.019751275,-0.00096560636,0.18972108,-0.008770522,-0.018593164,-0.07101818,-0.14955445,0.03797097,-0.10737767,-0.0035456298,-0.0021413676,0.039870013,-0.085547365,6.0509337e-05,-0.0065027075,0.0058885543,-0.027411928,0.008856391,-0.002922889,0.024759404,0.0037440872,-0.0028544534
3/2/2021,0.01,-0.0025235706,5.638739e-05,-0.0015503803,-0.0034848368,-0.00073472783,-0.016915303,0.07030297,0.028200014,0.0189717,0.03819736,0.08075131,0.031560577,-0.17553599,-0.024658287,-0.2736907,0.0364789,-0.09385153,-0.0028036612,-0.00151011,0.024051117,-0.08721126,0.00064877985,-0.00650361,0.005769556,-0.028354654,0.008856391,-0.002921152,0.02483857,0.0037440865,-0.001886131
4/2/2021,0.37,-0.0022745668,-0.0010514628,-0.0015675363,-0.0034848368,-0.0013604251,-0.001660249,0.05357053,-0.026137022,0.037673462,-0.011512196,0.14390752,0.016137194,0.14329131,-0.025528753,-0.21398543,0.03542442,-0.09766447,-0.0032036908,-0.0018237705,0.040940307,-0.08992316,0.000111415255,-0.006504397,0.005656528,-0.02614232,0.008856391,-0.002923144,0.024807442,0.0037440867,-0.0061681475
5/2/2021,-0.15,-0.0009222803,-0.0022322366,-0.0013948659,-0.0029934158,-0.0013019312,0.017790748,-0.052167147,0.008671944,-0.028035048,-0.022298843,0.05270535,-0.07679839,0.012099811,-0.06433358,-0.20493066,0.04017734,-0.12858644,-0.0038269304,-0.0030728814,0.04821561,-0.091832474,-0.0041423645,-0.0065043606,0.0055660694,-0.023896793,0.0088564,-0.002909841,0.02469049,0.0037440876,-0.008919361
8/2/2021,0.1700000000000017,-0.00040249474,0.00016979626,-0.00043447572,-0.0034848368,-0.0011310991,0.004732994,0.002300684,-0.014614525,-0.022418711,0.006650287,0.04485875,0.082088046,-0.47599086,0.046783406,-0.7924243,0.038979053,-0.11395312,-0.003580015,-0.0024570127,0.022969512,-0.097035125,-0.0006558767,-0.006504666,0.00546369,-0.023895476,0.008856391,-0.0029210984,0.024725877,0.0037440872,-0.006508672
9/2/2021,0.2699999999999996,-0.0005980449,0.0027721631,-3.5340767e-05,-0.0029934158,-0.00086961326,0.0139910355,0.053546898,0.017549468,0.08845917,0.009326402,0.08290025,0.051953595,-0.26153612,0.05029367,-0.6833068,0.03928002,-0.14181283,-0.004489797,-0.003391038,0.027727194,-0.09453797,0.0058022873,-0.006504757,0.0053427587,-0.021634538,0.008856391,-0.002923114,0.024716299,0.0037440876,-0.010900693
10/2/2021,-0.16,-0.0024926949,0.0017949168,-0.000120655444,-0.0031568,-0.0007803163,0.011189322,-0.047700807,0.02603407,-0.11021352,0.025742259,0.03584467,0.023649547,-0.29526374,0.05449566,-0.7745922,0.03807506,-0.16063638,-0.0049835113,-0.0038181257,0.032289047,-0.09107216,0.005975578,-0.0065044006,0.0052686827,-0.021249782,0.008856391,-0.0029266414,0.024733413,0.0037440879,-0.0096954405
11/2/2021,-0.17,-0.0021650905,-0.00061333476,-0.00058805884,-0.0036482213,-0.0009617494,-0.016107291,-0.06260539,-0.043909173,-0.060393356,-0.023864653,-0.020296887,0.0785136,-0.47836864,0.048816875,-0.91527694,0.039097674,-0.13649663,-0.0040515508,-0.0030426194,0.016176531,-0.08995268,0.0076606767,-0.0065046465,0.0052045546,-0.02351108,0.008856391,-0.002921362,0.024749074,0.0037440876,-0.00760233
12/2/2021,0.0,0.0010399774,0.003351496,0.0010017435,-0.0034848368,-0.0002919603,0.007689027,0.09419474,0.079849616,0.13506621,0.08340418,0.016906686,0.11394308,-0.39739847,0.058312286,-0.5558023,0.042689774,-0.11765177,-0.003380913,-0.002676422,0.028110307,-0.08684955,0.00864593,-0.0065048733,0.005142016,-0.025771856,0.0088564,-0.0029057413,0.024721242,0.0037440874,-0.007033172
15/2/2021,0.3500000000000014,0.0017096794,0.009752787,0.0025755605,-0.00283638,-6.192547e-05,0.03687022,0.15256147,0.06788762,0.21904978,0.08786007,-0.22071579,0.11647893,-0.23229904,0.045361087,-0.7544241,0.03900104,-0.11824297,-0.0033569143,-0.0020462335,0.07153735,-0.077799805,0.0074714157,-0.006503571,0.0050672144,-0.025772348,0.008856391,-0.0029248917,0.024874596,0.0037440872,-0.0005225921
16/2/2021,0.2300000000000004,0.0029680668,0.007255487,0.003126971,-0.0029934158,0.00020608678,0.08997731,0.1466874,0.2105033,0.2460573,0.1398407,-0.053638913,0.21666797,1.055031,0.04859798,-1.0211043,0.016577998,-0.15834408,-0.006745356,-0.003232714,0.05470404,-0.069661945,0.009106179,-0.0065031205,0.0049541723,-0.025773669,0.008856336,-0.0030097328,0.02482285,0.0037440876,-0.015122865
17/2/2021,0.5500000000000007,0.002644239,0.012050402,0.0048288135,-0.0031568,-0.0004722309,0.06638874,0.23085862,0.10893094,0.28418395,0.11688938,0.058179203,0.08295261,0.13617866,0.022741057,-0.7081908,0.037696276,-0.15905583,-0.00507012,-0.0034756477,0.06196564,-0.06530576,0.009311757,-0.0065028067,0.004847006,-0.025775973,0.008856391,-0.0029347346,0.024795465,0.0037440879,-0.009306477
18/2/2021,0.2799999999999976,-0.0006293826,0.0076757045,0.0013829828,-0.0031568,-0.0007220047,0.0652643,0.17079729,-0.05336458,0.39294118,0.122723326,0.12523603,0.032106385,-0.112232596,0.03206496,-0.5862037,0.027303746,-0.19235249,-0.005973848,-0.003900738,0.068937086,-0.058350034,0.006480664,-0.0064989547,0.004811007,-0.027996253,0.008856382,-0.0029442776,0.02490419,0.003744088,-0.005828614
19/2/2021,0.99,0.03274053,0.047183353,0.020218868,0.0010621083,0.015372575,0.45231277,0.78861225,0.5709513,0.56530106,0.4935967,0.4597913,-0.020478142,-0.25998178,0.03804123,-0.5675218,0.024402943,-0.20927899,-0.0059458227,-0.004292187,0.06124083,-0.058066174,0.008805981,-0.006489942,0.0047162417,-0.028009927,0.008856383,-0.0029537873,0.024965705,0.0037440883,-0.01803778
22/2/2021,-0.37,0.022708865,0.028986359,0.0070444252,0.00038069562,0.009000219,0.15270106,0.5142196,0.32790563,0.32521856,0.16631506,0.4131463,-0.109796666,-0.1787041,0.0025143488,-0.68939686,0.0010433531,-0.27667752,-0.011109,-0.005037828,0.08205157,-0.05455202,0.013564864,-0.006447267,0.0047394824,-0.030291708,0.008856367,-0.0030974122,0.025214335,0.0037440886,-0.045193296
23/2/2021,-0.25,-0.041625496,-0.036278084,-0.0154307345,-0.04550946,-0.0104962485,-0.2289513,-0.32068336,-0.2975373,-0.16061828,-0.24515583,0.33632407,0.039111994,-0.38521242,0.04740181,-0.6382652,0.012746726,-0.24238896,-0.007853336,-0.0045580557,0.06702007,-0.050984967,0.0146984495,-0.0064162426,0.004766149,-0.03032511,0.0088564,-0.002987518,0.025110982,0.0037440886,-0.032303132
24/2/2021,-0.32,-0.016072778,-0.010713407,-0.0024205227,-0.004933929,-0.0064441115,-0.05022775,-0.34424895,-0.20854867,-0.32432258,-0.22167647,0.17841586,0.12110514,-0.20921466,0.10175829,-0.8245023,0.016731132,-0.2277591,-0.006437636,-0.0043152226,0.04554557,-0.05334147,0.011402264,-0.0064483304,0.0047727698,-0.03266424,0.008856391,-0.0029480548,0.025046218,0.0037440886,-0.024314666
25/2/2021,-1.39,-0.07882935,-0.11065681,-0.048038065,-0.0030613,-0.030247549,-0.5761316,-0.9583387,-0.79200864,-1.016426,-0.8871658,-0.12159333,0.11535316,-0.1753939,0.056791674,-0.5480288,0.022870658,-0.21335456,-0.0053677945,-0.004062234,0.066411205,-0.051545076,0.007432502,-0.0064636464,0.004793532,-0.034941867,0.008856401,-0.0029230658,0.025047403,0.0037440883,-0.010395935
26/2/2021,-0.24,-0.015498583,-0.025035027,-0.0043030814,-0.0053323414,-0.0050421655,-0.07639421,-0.08897773,-0.036618777,-0.11801273,-0.06371062,-0.5742519,-0.029920386,0.40094215,-0.14204991,-0.49609497,0.0055854493,-0.2222337,-0.008412753,-0.0039784345,0.04246889,-0.062233612,0.003129403,-0.0064122058,0.0047587417,-0.035023488,0.008856349,-0.0030409568,0.025049455,0.003744088,-0.019468082
1/3/2021,0.2199999999999988,-0.0023628555,0.00038757303,4.361064e-06,-0.005323642,-0.0012352538,-0.019410143,-0.014516526,0.07103929,0.14934312,-0.025804317,-0.2968232,0.010307634,0.69362783,-0.09399488,-0.49661145,0.0056750416,-0.20005623,-0.0076587615,-0.003514128,0.03042415,-0.06706571,0.0013490029,-0.006380702,0.0047081662,-0.03734799,0.008856338,-0.0030405796,0.025038868,0.0037440879,-0.015737526
2/3/2021,-0.29,-0.005595727,-0.0031519711,-0.0020248936,-0.004995606,-0.0039759185,-0.030988965,-0.18946505,0.0073344046,-0.23902768,-0.030408345,-0.22062302,-0.023457533,0.45525372,-0.08605231,-0.30180028,0.014752502,-0.18096668,-0.0063542263,-0.0031822259,0.060162395,-0.06691276,0.0011540715,-0.0064010606,0.004667678,-0.0351564,0.008856355,-0.0030128562,0.025004208,0.0037440876,-0.015164038
3/3/2021,0.12,-0.00037433,0.0019702504,-0.00038861617,-0.0046015517,0.00010677792,0.022630585,0.16049212,0.00059688534,-0.012769272,-0.0067473636,-0.38774034,0.04313353,0.029443007,-0.092322186,-0.33940786,0.020123776,-0.14104053,-0.0031911195,-0.0013713435,0.07972518,-0.07109885,-0.000244459,-0.006431312,0.00464747,-0.032894224,0.008856381,-0.0029682808,0.025162809,0.0037440867,0.008211131
4/3/2021,0.14,-0.0042848913,0.0017653087,-0.00087763224,-0.004273515,-0.0014647254,-0.008746792,0.090640806,0.029078215,-0.011848828,-0.0042713974,-0.31773055,0.047543444,0.11488862,-0.09302091,-0.19259587,0.022323905,-0.1235572,-0.0023818186,-0.00063715293,0.096531324,-0.074549936,-0.0022993188,-0.00647356,0.0046170647,-0.030634565,0.008856376,-0.0029565177,0.025224254,0.0037440865,0.020460712
5/3/2021,-0.2,-0.003694821,-0.0013406072,-0.001267799,-0.003985056,-0.001847803,-0.01985079,-0.014996413,-0.06286445,-0.053475525,-0.0830351,0.058588013,0.0033778627,0.0133588165,-0.15154621,-0.05212096,0.03396206,-0.11264649,-0.0007532278,-1.2004914e-05,0.117251344,-0.079915166,-0.00520883,-0.006495022,0.004554853,-0.030637143,0.008856391,-0.002933525,0.02531452,0.003744086,0.03069879
8/3/2021,-0.3,-0.004021914,-0.004020105,-0.0017920854,-0.004223374,-0.0021454506,-0.056740522,-0.14154096,-0.10113217,-0.025342863,-0.10192951,0.21624666,-0.035590783,-0.14660494,-0.23821923,0.15779394,0.032006025,-0.096691445,0.00088461884,0.0014189541,0.10414507,-0.09153204,-0.0069365795,-0.0064970427,0.0044617336,-0.030645384,0.008856391,-0.0029334736,0.02547002,0.0037440856,0.048856325
9/3/2021,0.06,-0.004149286,-0.0029094846,-0.0019797394,-0.0046015517,-0.0023768786,-0.04991612,0.011933633,0.004592131,-0.03279687,-0.045336135,0.2069628,-0.05073083,0.027318172,-0.21772993,0.15408869,0.032803137,-0.09227816,0.0006479944,0.0014557417,0.11818544,-0.09988659,-0.007580368,-0.006498731,0.004378587,-0.030697392,0.008856391,-0.0029322456,0.025449118,0.0037440856,0.055961195
10/3/2021,0.3999999999999986,-0.00062445214,0.002696958,9.7144206e-05,-0.003985056,-0.002203473,-0.027318744,-0.11736774,0.0549157,0.0027734537,-0.04835083,0.033553734,-0.042610038,0.15038328,-0.19057111,0.4145023,0.027332488,-0.10040555,-0.000821037,0.0011817104,0.14913633,-0.102365635,-0.007894992,-0.0064982595,0.0043023266,-0.028464321,0.008856381,-0.0029479722,0.025448069,0.0037440858,0.05740318
11/3/2021,-0.23,-0.0053058313,0.0022256798,-0.00054442865,-0.0034933365,-0.0016737469,-0.007659277,-0.044954605,-0.051513262,-0.17961884,-0.0062133656,0.018446662,-0.10675924,0.0081994245,-0.17653677,0.20600659,0.033532336,-0.1047853,-0.0011865111,4.7145302e-05,0.13613245,-0.10017199,-0.008337472,-0.006495591,0.0042151157,-0.030722873,0.008856391,-0.0029283462,0.025268441,0.003744086,0.043379396
12/3/2021,-0.01,-0.003133905,-0.0014638029,-0.0010966912,-0.0039847577,-0.0015036201,-0.010548794,0.009183705,0.015571365,0.037985004,0.044582,-0.094876215,0.030747306,-0.5827288,-0.076117784,-0.36118805,0.034035847,-0.08534633,-0.0011090217,0.0002927663,0.08966885,-0.11024282,-0.005386523,-0.0064980267,0.0041353423,-0.030721912,0.008856391,-0.0029241974,0.025262544,0.003744086,0.028681874
15/3/2021,0.1799999999999997,-0.0053351414,-0.0018401202,-0.0018004305,-0.0038213732,-0.0023456048,0.024152387,-0.025081888,-0.00984661,0.10895146,-0.005432961,-0.077234596,0.040407382,-0.42814904,-0.046911042,-0.3731354,0.033947103,-0.09249065,-0.0017994534,-0.00027113777,0.08446225,-0.07986798,-0.0011151144,-0.0065024793,0.0040535,-0.03072204,0.008856391,-0.00292599,0.025182871,0.003744086,0.016268905
16/3/2021,-0.31,-0.0043440517,-0.0032122508,-0.002488454,-0.0034933365,-0.0024084249,-0.02147094,-0.025275268,-0.081429504,-0.014049186,-0.104866795,-0.14034995,0.017517835,-0.4412042,-0.067761794,-0.37470433,0.03543452,-0.09769344,-0.002394588,-0.00080464914,0.066493064,-0.07217618,-0.0004080677,-0.0065020556,0.0039805383,-0.030722022,0.008856391,-0.0029240912,0.025118746,0.0037440863,0.0045362613
17/3/2021,-0.1,-0.0029628857,-0.0036052468,-0.0025099926,-0.0038213732,-0.0024822052,-0.019396001,-0.069582306,-0.06555872,-0.08759904,-0.032016274,-0.13657548,-0.008476624,-0.5358081,-0.13487005,-0.57804424,0.033764917,-0.087377414,-0.0017634673,-0.00038101603,0.02633322,-0.073103726,0.0011904775,-0.0065025957,0.0038909463,-0.030721232,0.008856391,-0.0029211745,0.025160128,0.003744086,0.0014601735
18/3/2021,-0.13,-0.0037407011,-0.003476848,-0.0023375975,-0.004085818,-0.0016586946,-0.01568583,0.034767404,-0.04405443,-0.036862727,0.04522634,-0.1297184,0.0043388987,-0.39523473,-0.09772858,-0.3350024,0.03626421,-0.083344705,-0.0012327698,-0.00031585456,0.016800325,-0.07433876,0.0018398335,-0.0065037063,0.0038028979,-0.030721273,0.0088564,-0.0029058883,0.025182797,0.003744086,-0.0029600821
19/3/2021,-0.23,-0.0051537016,-0.005283604,-0.003767724,-0.004085818,-0.0039246557,-0.031704817,-0.01221948,-0.038266912,-0.05748061,-0.05827286,-0.1329326,-0.010663582,-0.28845096,-0.09850109,-0.38789225,0.03586628,-0.08193223,-0.0010372319,-0.00022048045,0.01294907,-0.07906585,0.001552901,-0.006503883,0.0037035847,-0.030724773,0.0088564,-0.0029058936,0.025189718,0.003744086,-0.0035141301
22/3/2021,-0.1,-0.003785443,-0.0021896395,-0.0023206598,-0.004085818,-0.0026706213,0.0056154905,-0.054246157,-0.028400285,-0.010255558,0.024207804,-0.18825258,0.012884296,-0.30421266,-0.09548266,-0.4891379,0.03246576,-0.08212013,-0.0009967271,0.00018436884,0.018529372,-0.087490305,0.0030964045,-0.006503273,0.0036447304,-0.032968704,0.008856391,-0.002921197,0.02528625,0.0037440858,-0.001971122
23/3/2021,0.2,-0.007526574,-0.009539394,-0.0043378146,-0.0048659956,-0.004761658,-0.06276726,-0.055786278,-0.09052489,-0.10333552,-0.06417516,-0.2598279,-0.05523077,0.054743025,-0.12881993,-0.43008456,0.032800224,-0.0944533,-0.0017416939,-0.0003835834,0.059503075,-0.11381499,0.0006665028,-0.0065021617,0.0035496114,-0.035232384,0.008856391,-0.0029258046,0.02520688,0.003744086,-0.00015727345
24/3/2021,-0.54,-0.0061251353,-0.0071549015,-0.0047571063,-0.004086117,-0.0046216263,-0.05952533,-0.14057843,-0.19227277,-0.2868291,-0.13337816,-0.11359351,-0.015329131,-0.0029199857,-0.1297863,-0.23060338,0.03095235,-0.091441095,-0.0019917896,-0.00029186744,0.057382617,-0.11826331,-0.0016645744,-0.0065029813,0.0034407615,-0.037500326,0.008856391,-0.0029242681,0.025190538,0.003744086,-0.0033890621
25/3/2021,0.1,-0.007458561,-0.010888671,-0.004965772,-0.0048659956,-0.004761658,-0.06145818,-0.069034435,-0.14900593,-0.25766894,-0.06280513,-0.35184819,-0.01474593,-0.28179348,-0.10226719,-0.38557756,0.031071546,-0.081727386,-0.00024099047,0.0010026074,0.07350248,-0.12489338,-0.00073007756,-0.006502568,0.0033368147,-0.039777815,0.008856391,-0.0029302365,0.0254274,0.0037440856,0.02141363
26/3/2021,-0.27,-0.0052140327,-0.004327154,-0.004035339,-0.004086117,-0.003935081,-0.024144653,-0.030356722,-0.063351676,-0.121768944,-0.07255062,0.05357301,0.04073112,-0.06491677,-0.04682479,-0.2493939,0.031699475,-0.07580679,-0.00045922864,0.0007664438,0.05936011,-0.12588277,0.0010000636,-0.006502358,0.0031789127,-0.04215073,0.008856391,-0.0029229189,0.025403498,0.0037440856,0.0014528314
29/3/2021,0.0,-0.0053844186,-0.007168293,-0.0028296825,-0.0048659956,-0.004427847,-0.05079002,-0.1125039,-0.13311718,-0.18844342,-0.087776266,0.030563703,0.020760069,-0.26908162,-0.090630226,-0.4212308,0.029879114,-0.065594696,0.0005554652,0.0014701344,0.0578523,-0.11989091,0.0056444905,-0.006503353,0.0030158965,-0.044234153,0.008856391,-0.002921228,0.025482716,0.0037440849,0.01406819
30/3/2021,-0.15,-0.0018970167,-0.0032311426,-0.0014445523,-0.0042127813,-0.0026064587,-0.0014575582,-0.054246157,0.045617282,-0.08676872,-0.010538666,0.098512135,0.09591462,0.13612498,-0.046312686,-0.31171983,0.02987092,-0.07242925,0.00029001568,0.0014934186,0.10440585,-0.10851228,0.008609344,-0.0065031224,0.0028645117,-0.04631447,0.008856391,-0.0029260318,0.025529392,0.0037440849,0.019061843
31/3/2021,-0.06,-0.0029301979,-0.004594941,-0.0014759821,-0.004056106,-0.0024374935,0.008864283,0.042816922,0.010476626,-0.020602727,-1.7082328e-05,0.12291821,0.055422667,-0.16947664,-0.059930246,-0.3825767,0.029523255,-0.066518106,0.0005956044,0.0017629174,0.08420368,-0.09463049,0.009214986,-0.0065029515,0.0027124167,-0.0463139,0.008856391,-0.002922951,0.025561232,0.0037440849,0.02197204
1/4/2021,0.13,0.001909995,0.0052697933,0.0018919996,-0.002397741,-0.0013157108,0.092328995,0.024712885,0.13656864,0.121633016,0.07898897,0.18096784,0.069715194,-0.19127466,-0.030585026,-0.30336264,0.029545464,-0.06262521,0.00076960475,0.0019798323,0.07088054,-0.0874984,0.010293135,-0.00650323,0.0026247504,-0.044485785,0.008856391,-0.0029229436,0.025611596,0.0037440846,0.01862863
5/4/2021,0.3200000000000003,0.00069795304,0.004270528,0.001996098,-0.002215889,-0.00055364345,0.09611682,0.08711063,0.14856128,0.1031091,0.07381206,-0.09054792,0.01982661,-0.27297643,-0.05950744,-0.2957675,0.029491575,-0.06173247,0.00068635173,0.0017481731,0.03588213,-0.08794991,0.009651405,-0.0065027666,0.0025650994,-0.044486236,0.008856391,-0.002922082,0.025532113,0.0037440849,0.007438231
6/4/2021,-0.02,-0.00020833992,0.004643938,-0.00017229971,-0.0026266694,-0.00059748854,0.08051564,0.09849623,0.046074115,-0.028812218,0.053118546,0.04856825,0.01576758,-0.14094405,0.0052944967,-0.3682032,0.030215861,-0.076564334,-0.0012439511,0.0002935635,0.031933255,-0.09099456,0.0071531776,-0.006502675,0.0025240188,-0.044488166,0.008856391,-0.002922936,0.025280146,0.0037440856,-0.0014780414
7/4/2021,0.04,-0.0013947901,0.0017313219,-0.00086630206,-0.0030215725,-0.002186697,0.02975451,0.009417342,-0.08905795,0.041102327,-0.07107967,-0.122294836,0.008455442,-0.44393173,-0.006596105,-0.2891016,0.031115979,-0.06933955,-0.00087939965,0.00025950835,0.028480578,-0.0976306,0.006480004,-0.0065038996,0.0024894434,-0.044491243,0.0088564,-0.002911127,0.025213586,0.0037440858,0.0020769422
8/4/2021,0.2800000000000011,-0.00049934123,0.0047564683,0.0001451437,-0.002783345,0.00025184551,0.02762236,0.07030297,0.0044805007,0.112592004,-0.023460964,0.13001248,0.06191396,-0.3578398,0.05064247,-0.4098469,0.029172372,-0.07424156,-0.0013195085,6.7047775e-05,0.005148116,-0.10377003,0.008649432,-0.006503778,0.0024735956,-0.04449808,0.008856391,-0.0029213063,0.025215853,0.0037440858,9.418088e-05
9/4/2021,-0.11,8.617724e-05,0.004101807,0.0016529816,-0.0027850636,0.00032706224,0.03284715,0.07030297,0.14399022,0.1864448,0.1119358,0.034816187,0.02512931,-0.33799312,0.05677458,-0.6512295,0.03220884,-0.08753871,-0.0022294738,-0.0009165997,0.02197432,-0.09528561,0.013024542,-0.006503096,0.002506292,-0.04451116,0.008856391,-0.0029213084,0.025000108,0.0037440863,0.004691915
12/4/2021,0.08,0.0006677949,0.0055964636,0.0010202922,-0.0032764843,-0.0004153756,0.016912818,0.07030297,0.05389224,0.30756244,0.10935722,0.026602548,0.089744754,-0.5556455,0.08136474,-0.6409659,0.03071886,-0.07714321,-0.0017385394,-0.00033844655,0.011479001,-0.09273703,0.0146809025,-0.006503442,0.0025730077,-0.04453635,0.008856391,-0.0029211799,0.025085649,0.003744086,0.0054090447
13/4/2021,0.4299999999999997,0.0020404644,0.008098946,0.0023092523,-0.0027850636,1.799492e-05,0.019227859,0.14369582,0.10968028,0.31429264,0.14278017,0.20361114,0.06123279,-0.4596918,0.079626635,-0.6478304,0.034283295,-0.09300522,-0.0023756947,-0.0011363906,0.024171121,-0.08125597,0.017216785,-0.006503416,0.0026536349,-0.044584647,0.008856391,-0.002921182,0.024947083,0.0037440865,0.004476697
14/4/2021,0.5199999999999996,0.00599755,0.011492245,0.0030369295,-0.0025892348,0.0007467945,0.060255803,0.26764092,0.14407068,0.4943763,0.1906186,0.095483705,0.034666616,-0.13955946,0.1009141,-0.6168916,0.034641825,-0.11833859,-0.0033693663,-0.002229389,0.05206425,-0.062159404,0.017818261,-0.006504043,0.0027411752,-0.044676233,0.008856391,-0.002923861,0.02485842,0.0037440872,0.006890974
15/4/2021,0.3399999999999998,0.004247132,0.009792768,0.003078576,-0.0025892348,-0.00058487075,0.09741898,0.19274244,0.15480621,0.11688547,0.17751215,-0.19978772,0.19219708,1.1117526,0.13556305,-1.5938562,-0.009256019,-0.18782236,-0.008704687,-0.0033890642,0.044433165,-0.02656358,0.022067184,-0.006503569,0.0028339091,-0.044856,0.008856302,-0.0030733575,0.02493498,0.0037440876,-0.007352427
16/4/2021,-0.43,0.005854677,0.0034874256,0.001176053,-0.002960971,0.0011610842,0.041333295,-0.02919598,0.082891904,-0.019570401,0.11243359,0.06915196,0.051250696,-0.054374337,0.13280468,-0.90243995,0.023411145,-0.17755023,-0.0055200025,-0.0036358745,0.074346736,-0.032419287,0.024768092,-0.006500603,0.0029440264,-0.04525518,0.008856391,-0.0029582065,0.024845477,0.0037440879,-0.012468268
19/4/2021,0.4800000000000004,0.003219709,0.009661822,0.0023871255,-0.003198296,-0.0011150454,0.031605095,0.14036177,0.059847075,0.20531242,0.13032421,-0.3267775,0.12716562,-0.44145015,0.12939653,-1.1200337,0.0275337,-0.14973757,-0.0032136366,-0.0021816313,0.08253159,-0.03259381,0.02194071,-0.0064991554,0.0030631823,-0.045980062,0.008856391,-0.0029323173,0.024985384,0.0037440874,0.006075052
20/4/2021,0.1700000000000017,0.0025465323,0.0071381656,0.0022053123,-0.0027241753,-0.000691189,0.03939765,0.054580316,0.062732436,0.15394826,0.117281124,-0.22720507,0.07917005,-0.077358276,0.12633097,-0.8162552,0.031084036,-0.16618824,-0.0041043395,-0.0031187062,0.08836509,-0.025785306,0.020447701,-0.0065001077,0.0031983769,-0.046397723,0.0088564,-0.0029256793,0.024891365,0.0037440876,-0.0034200998
21/4/2021,-0.02,-0.001605978,0.0025175328,0.0012935996,-0.0029538835,-0.0010509089,-0.027035965,0.040325116,-0.030936567,0.0900843,0.0123567525,-0.11653451,0.08109818,0.0215148,0.102959044,-0.9705415,0.026568042,-0.18207483,-0.005113218,-0.003145944,0.087261446,-0.03316325,0.017075345,-0.006501471,0.0033406536,-0.04648074,0.008856391,-0.0029511515,0.024985898,0.0037440879,-0.005055692
22/4/2021,-0.01,0.00058283686,0.006790592,0.0019496757,-0.0027904992,-0.0010042302,-0.017611573,0.07045817,0.033616453,0.0042064236,0.033802014,-0.42281243,0.10200805,0.046645954,0.08107031,-0.97145057,0.00838585,-0.19617085,-0.006392473,-0.0029722075,0.074706696,-0.03719198,0.015455374,-0.006502739,0.0034839907,-0.04649939,0.008856367,-0.002990651,0.02506276,0.0037440879,-0.0039946595
23/4/2021,0.2600000000000015,0.0018264636,0.00993993,0.004339962,-0.0027904992,-0.0010088701,0.036133543,0.1549782,0.12400594,0.05151174,0.12592496,-0.17367393,0.1601294,-0.055477697,0.15822682,-0.99738365,0.027039377,-0.1829327,-0.004670006,-0.0030956406,0.10376598,-0.038906965,0.0145875,-0.006502675,0.00364081,-0.046500787,0.008856391,-0.0029439123,0.025019618,0.0037440879,-0.00010702758
26/4/2021,0.7699999999999996,0.009953156,0.027722906,0.010270575,-0.002920004,0.0019845318,0.14863592,0.45271978,0.18594208,0.3750172,0.31369516,-0.18571848,0.13407122,-0.20946106,0.13379726,-1.2121193,0.024206195,-0.18668042,-0.0047848113,-0.003117748,0.10327642,-0.04244578,0.013938277,-0.006502747,0.0038146153,-0.046501942,0.008856391,-0.0029493899,0.025044,0.0037440879,-0.0027665757
27/4/2021,-0.64,-0.015621237,-0.016412599,-0.009066382,-0.003764801,-0.011284519,-0.17003979,-0.4652201,-0.4302274,-0.28110486,-0.25820524,-0.19748439,0.07550387,0.04149931,0.14361843,-1.0990694,0.012881086,-0.23898447,-0.007831667,-0.0042439857,0.082373366,-0.041327752,0.01392133,-0.00649369,0.0040354845,-0.046503164,0.008856391,-0.0030087738,0.025159314,0.0037440883,-0.021872498
28/4/2021,-0.22,-0.0029468946,-0.0029718769,-0.00014230788,-0.0030730704,-0.0040866314,-0.040252276,-0.11940157,0.025822308,-0.12711792,-0.0881638,-0.34016183,0.16896968,-0.3142893,0.1310005,-0.9872211,0.023439934,-0.20387633,-0.0043870853,-0.0031519555,0.07490145,-0.043037277,0.014820329,-0.00648277,0.0042044106,-0.046503946,0.0088564,-0.002932375,0.025149196,0.0037440879,-0.0024001533
29/4/2021,-0.1,0.030346138,0.021645328,0.008178382,0.022343261,-0.0047194567,-0.059123464,-0.041706175,0.039940484,-0.022835478,-0.1107495,-0.39382413,0.13335691,-0.06040738,0.059411447,-0.8843177,0.026650056,-0.18992244,-0.004529421,-0.0030822915,0.057061356,-0.042927664,0.015441478,-0.0064779515,0.0043765903,-0.04650501,0.008856391,-0.0029415507,0.025076887,0.0037440879,0.0033745526
30/4/2021,-0.25,-0.0022262768,-0.0025564507,-0.0010747149,-0.0030182318,-0.0030318042,-0.028932067,-0.06958756,0.012356116,-0.10344644,-0.037189372,-0.1323944,0.03458971,0.31912053,-0.031136604,-0.79305136,0.031385045,-0.18051112,-0.0051010605,-0.0036606395,0.051809814,-0.049814377,0.008342526,-0.0064850035,0.0045150635,-0.04650658,0.008856391,-0.0029349457,0.024891367,0.003744088,-0.006862666
3/5/2021,0.3900000000000005,0.0007246892,0.0044105942,0.002654328,-0.0035096526,-0.0018740313,0.019702315,0.15486085,0.097638674,0.13580005,0.011957552,-0.25686792,-0.0018937482,0.12079416,-0.076498404,-0.9057767,0.032030907,-0.17141652,-0.0042710095,-0.0032802918,0.029897591,-0.059380926,0.0025975932,-0.0064914143,0.0046633887,-0.046507105,0.008856391,-0.0029303296,0.02491723,0.0037440879,-0.004245746
4/5/2021,0.4100000000000001,0.004126723,0.009342529,0.0050087767,-0.0030182318,-0.0012461576,0.07581634,0.27722782,0.067783594,0.322166,0.108910486,-0.2262197,0.021546,0.28819308,-0.043530114,-0.7051559,0.032630306,-0.17010477,-0.0048151473,-0.0034403815,0.06357834,-0.060029104,0.0016439075,-0.006492175,0.0048102657,-0.046508357,0.008856391,-0.0029340147,0.024856582,0.0037440879,-0.008643925
5/5/2021,0.02,0.0016637329,0.0054573966,0.0028656852,-0.0030182318,-0.0014599757,0.02578803,-0.08867758,0.069940515,0.05603504,0.059411187,-0.30680883,0.04446486,0.020824168,-0.024313144,-0.8338444,0.031298194,-0.17834227,-0.004615786,-0.0033719114,0.067514576,-0.06346515,-0.0007699468,-0.0064966464,0.0049492316,-0.044270623,0.008856391,-0.0029372196,0.02492027,0.0037440879,-0.009684319
6/5/2021,-0.06,0.0010894526,0.0066601965,0.003408105,-0.0029997644,-0.0007178785,0.0423686,-0.018639706,0.055845194,0.09798779,0.049583282,-0.18667297,0.08256773,-0.24397665,0.012413774,-0.7432999,0.033664126,-0.1764887,-0.004008347,-0.00333444,0.06344483,-0.062476084,-0.0010725707,-0.0064954534,0.0050886245,-0.044270508,0.008856401,-0.00291931,0.024945496,0.0037440879,-0.006372521
7/5/2021,0.0,0.0020312418,0.009012417,0.0033104091,-0.003327801,-0.000979364,0.03662161,0.12382682,0.086916946,0.14575501,0.07564507,-0.07156839,0.049845852,-0.25282076,-0.029659444,-0.8257249,0.031097542,-0.17094003,-0.004232349,-0.0031232494,0.05197283,-0.06364196,-0.0010073878,-0.006496471,0.005214457,-0.04427134,0.008856391,-0.0029302868,0.024940126,0.0037440879,-0.006485894
10/5/2021,0.61,0.0030425712,0.015257232,0.0064862445,-0.00283638,0.0004083133,0.08606116,0.23814468,0.09030045,0.29284766,0.08176523,0.024265358,0.031687547,-0.07174842,-0.059725165,-0.48457673,0.033915926,-0.16300943,-0.0039143283,-0.0032452466,0.06580306,-0.06765158,-0.0028091366,-0.006500124,0.0053132423,-0.044271864,0.008856401,-0.0029155095,0.024896663,0.0037440879,-0.0074739056
11/5/2021,-0.26,0.001218864,-0.0016972296,0.00053818914,-0.0029997644,-0.0017019483,-0.025737854,-0.05445728,-0.029684985,-0.27720487,-0.045135606,0.122711055,-0.09713694,0.38523793,-0.14078394,-0.44599974,0.02431425,-0.2068853,-0.0060018515,-0.004041382,0.057319723,-0.06938281,-0.005597767,-0.006499729,0.005417827,-0.044271525,0.00885639,-0.0029527405,0.02496563,0.0037440883,-0.022870382
12/5/2021,-0.73,-0.059880603,-0.06974819,-0.029159253,-0.05900845,-0.03697745,-0.5202727,-0.611694,-0.6043074,-0.59704626,-0.4695041,0.011368919,-0.015302214,0.032035295,-0.10087104,-0.7232374,0.024736203,-0.19677791,-0.0050850487,-0.0035969375,0.04209685,-0.071665645,-0.005010007,-0.006498412,0.005518511,-0.044270676,0.008856389,-0.0029475298,0.024989815,0.003744088,-0.014049141
13/5/2021,-0.15,-0.0021962784,-0.0016518935,-0.0022125726,-0.003327801,-0.0014640456,0.01071409,0.0059814467,0.037641656,-0.14017917,0.017825896,-0.21739036,0.091645,0.10518075,-0.025392193,-0.68518907,0.023737846,-0.18033403,-0.004291424,-0.0029892512,0.059191726,-0.07718172,-0.0031195998,-0.006496924,0.0055572554,-0.044270102,0.008856391,-0.0029401705,0.02501074,0.0037440879,-0.0072041005
14/5/2021,0.03,-0.0011039032,-0.0035900832,-0.0007841305,-0.0035096526,-0.0015049886,-0.00969386,-0.08361895,0.042885244,0.013497044,0.0046064314,-0.27964845,0.06247079,0.15834291,-0.04705105,-0.5949447,0.03003944,-0.15651995,-0.003792363,-0.0027796612,0.054985844,-0.07614627,-0.003029236,-0.006486919,0.0055752196,-0.04427068,0.008856391,-0.0029300575,0.024968423,0.0037440876,-0.005239992
17/5/2021,0.2200000000000024,0.00064500305,0.0014978306,-0.00020564314,-0.0031729168,-0.001442516,0.021227505,0.06136455,0.094964236,0.08729931,0.095340565,-0.15413326,0.03395898,0.24085025,-0.09264909,-0.5408113,0.03141269,-0.15148754,-0.003870595,-0.002587582,0.08184056,-0.07422872,-0.0038103422,-0.0064780037,0.005588907,-0.044271477,0.008856391,-0.0029304272,0.024974937,0.0037440874,-0.0014480473
18/5/2021,-0.26,-0.0020936464,-0.0042457045,-0.0012027883,-0.0031729168,-0.0023455694,-0.010646645,-0.14042349,0.020927515,0.027418874,-0.051044255,-0.21630557,-0.0030027402,0.20551294,-0.1143863,-0.5700224,0.033750482,-0.14858997,-0.0038670418,-0.0026880137,0.070090726,-0.07311108,-0.0058095343,-0.0064836037,0.0055754506,-0.044269316,0.008856391,-0.0029267978,0.024931995,0.0037440876,-0.003007945
19/5/2021,0.09,-0.002568191,-0.0033411446,-0.0008426504,-0.0036643373,-0.0023859758,-0.014717589,0.020617811,-0.016298903,0.088186234,-0.019305611,-0.37209308,0.06178466,-0.28134236,-0.117448315,-0.74444574,0.033359572,-0.119386956,-0.0021498993,-0.0010460805,0.067434795,-0.06951054,-0.0062952386,-0.006494645,0.00555133,-0.042007487,0.008856391,-0.0029262386,0.025142519,0.0037440865,0.008130456
20/5/2021,-0.37,-0.0025898817,-0.004829714,-0.0023275912,-0.0031729168,-0.002371169,0.0019513675,-0.07523023,-0.025632259,-0.04573076,-0.058555253,-0.16931921,0.04653933,-0.19468781,-0.1273317,-0.55258894,0.03441419,-0.11747854,-0.0021598772,-0.0008871007,0.111354865,-0.068035655,-0.006155165,-0.006499183,0.0054826937,-0.039747927,0.008856391,-0.0029293813,0.025181917,0.0037440865,0.013630175
21/5/2021,0.1599999999999966,-0.0024954507,-0.00248482,-0.001362608,-0.003928782,-0.002275537,-0.0116609195,-0.0076535344,-0.00080763263,0.030849924,-0.031901572,-0.19814251,-0.01936621,-0.12091977,-0.2026016,-0.53244746,0.036837745,-0.09898341,-0.0010211054,-0.00019421313,0.07596537,-0.07395923,-0.007909801,-0.0064983475,0.0053666746,-0.03975632,0.0088564,-0.0029080678,0.02526722,0.0037440863,0.021214705
24/5/2021,0.2100000000000008,-0.002942283,-0.0023714413,-0.0012738736,-0.0031729168,-0.0031279349,-0.006886577,0.040057518,-0.010377288,0.030238772,-0.03211238,-0.08611392,-0.0993405,0.17113928,-0.23756191,-0.42666662,0.034519553,-0.10548063,-0.0019861683,-0.00070411025,0.08474901,-0.074397676,-0.009257113,-0.006497585,0.0052287304,-0.039783776,0.008856391,-0.0029234525,0.025164818,0.0037440863,0.022079647
25/5/2021,-0.26,-0.0024190932,-0.003921625,-0.0021979504,-0.0031729168,-0.002138059,-0.0038190193,-0.13728005,0.001514452,-0.017755896,-0.044039834,-0.18544622,-0.121344306,0.043852072,-0.2513262,-0.42423603,0.033165593,-0.10791511,-0.001821979,-0.00072660367,0.070261054,-0.072050236,-0.009556958,-0.0064979014,0.0050784578,-0.041980416,0.008856391,-0.0029233475,0.025163552,0.0037440865,0.019568807
26/5/2021,0.3399999999999998,-0.0032884972,-0.0038134675,-0.0015569628,-0.0036643373,-0.002275537,-0.0040395,-0.15024152,-0.00012226845,0.041954745,-0.051041942,-0.2762018,-0.05471248,-0.14910439,-0.20731173,-0.5261927,0.03298451,-0.105700895,-0.0016838853,-0.00049152866,0.061129183,-0.07778251,-0.0089278715,-0.006498477,0.0049274173,-0.04198195,0.008856391,-0.0029237752,0.025229767,0.0037440863,0.015706753
27/5/2021,0.2399999999999984,-0.0018083605,-0.0040745214,-0.0015027325,-0.0031729168,-0.0021394484,0.008659612,0.00072770595,0.016190186,0.045285482,-0.055702165,-0.23529507,-0.113487706,0.1584575,-0.1951069,-0.50915307,0.032560926,-0.1175701,-0.0030209082,-0.0016499802,0.074673645,-0.07347313,-0.00922489,-0.0064985547,0.004786121,-0.04198258,0.008856391,-0.0029260607,0.025021503,0.0037440867,-0.0006099234
28/5/2021,0.0,0.001323912,0.004177783,-0.00034615005,-0.0031544494,-0.0011254066,0.022490809,-0.043753725,-0.015661316,0.17323162,0.04457674,-0.27931362,-0.027913934,-0.465664,-0.065762326,-0.91295,0.033541225,-0.12575495,-0.002992831,-0.0019426753,0.028820336,-0.07266169,-0.0072294995,-0.0064996667,0.0046348413,-0.041982096,0.008856391,-0.0029232425,0.025000053,0.0037440872,-0.0016530276
31/5/2021,0.3300000000000018,-0.010913017,-0.012152112,-0.0060863215,0.0007296299,0.0004981749,0.042489547,0.098759174,-0.0629449,0.1773851,0.16270863,-0.21761335,0.03872467,-0.36464748,-0.04699498,-0.5809645,0.03336365,-0.1317254,-0.0031505688,-0.0020530934,0.06134372,-0.0676949,-0.0024769173,-0.0064986898,0.0044648005,-0.041982267,0.008856391,-0.0029255666,0.025031859,0.0037440872,-0.003476522
1/6/2021,-0.01,-0.0005305447,-0.00062835705,-0.00082014996,-0.0029997644,-0.00088219444,0.02310876,0.013854256,-0.00927836,0.0050410293,0.056493018,-0.29417014,-0.026321355,-0.4405643,-0.050479017,-0.7224921,0.035969496,-0.14823347,-0.0033582032,-0.0030164334,0.03097451,-0.061263222,-0.002051694,-0.006497325,0.004332532,-0.041981574,0.0088564,-0.0029086752,0.024898617,0.0037440876,-0.005391004
2/6/2021,-0.25,-0.001739612,-0.0034503709,-0.0022623558,-0.0034911851,-0.0011890846,0.0098022735,-0.058034625,-0.022651855,-0.10118768,0.04971787,-0.24522863,-0.0025104503,-0.5636347,-0.064155154,-0.984234,0.033903528,-0.16120598,-0.0039504804,-0.003206348,0.019046225,-0.062281616,-0.0018329021,-0.006499883,0.004242688,-0.041980196,0.008856391,-0.0029233037,0.024919651,0.0037440879,-0.0074319607
3/6/2021,0.2800000000000011,-0.0009884513,-0.0023885164,-0.0009234996,-0.0034911851,-0.0009985934,0.009789364,0.11243693,-0.02188899,0.041660067,0.0057282224,-0.2766857,0.03225427,-0.5140294,-0.03777341,-0.9276174,0.03320014,-0.15243581,-0.0036771197,-0.0028889007,0.022275342,-0.06667771,-3.235314e-05,-0.0065016816,0.0041627795,-0.041977864,0.008856391,-0.002923594,0.024947258,0.0037440876,-0.0048775366
4/6/2021,-0.33,-0.0012712663,-0.0034022336,-0.0017944156,-0.0029997644,-0.0013800595,0.010376848,-0.058034625,0.007217259,-0.11112223,0.030463954,-0.22178969,-0.0074434667,-0.15199022,-0.025263816,-0.8698452,0.034316536,-0.17704004,-0.0046978826,-0.0037385114,0.046558853,-0.07201259,-0.0016984859,-0.006502044,0.0040972265,-0.04197698,0.008856391,-0.0029255184,0.024917092,0.003744088,-0.009782684
7/6/2021,0.3300000000000018,0.0002804651,0.0019646818,0.00076760567,-0.003327801,-0.0012830384,0.047995817,0.053546898,0.049554307,0.052773006,0.053556014,-0.37503552,0.03332249,-0.4270255,-0.03113339,-1.055237,0.03369044,-0.15443093,-0.0036556013,-0.0028970893,0.031434488,-0.079903044,-0.002985355,-0.006502211,0.00401296,-0.041979525,0.008856391,-0.002923308,0.024924295,0.0037440876,-0.0057700058
8/6/2021,0.02,-0.0003691743,-0.0003516024,-0.00091927365,-0.0029997644,-0.0025068026,0.028166397,0.009812993,-0.0055817575,-0.008861013,0.040387247,-0.36462638,-0.0059433472,-0.031517673,-0.041475326,-0.88330775,0.0297899,-0.17314452,-0.0051548467,-0.0035203772,0.044108976,-0.081662826,-0.0030472248,-0.0065023676,0.003942446,-0.044242743,0.008856381,-0.0029421528,0.024891471,0.003744088,-0.011440502
9/6/2021,-0.07,-0.0013403045,-0.0032391397,-0.0011987756,-0.0029997644,-0.0013329407,0.021184186,-0.030897327,0.001825988,-0.0302044,0.025693705,-0.22608858,0.011005491,-0.121909834,-0.026637612,-1.0969944,0.033390556,-0.17258887,-0.004539617,-0.0034918447,0.04870958,-0.084833115,-0.0055851145,-0.0065032695,0.003857712,-0.046508435,0.008856391,-0.0029287084,0.02493341,0.0037440879,-0.011976977
10/6/2021,-0.12,-0.0022548914,-0.0026634997,-0.0024953145,-0.0029997644,-0.0029589238,0.013986177,-0.030897327,-0.018166741,0.09521137,0.030725114,-0.18507634,0.045548588,-0.18264328,-0.0038577763,-0.9227128,0.033884674,-0.15980344,-0.0040071136,-0.0030466933,0.051298123,-0.09062891,-0.007544322,-0.0065040956,0.0037795473,-0.046497,0.008856391,-0.0029250844,0.024977257,0.0037440876,-0.0077977497
11/6/2021,-0.25,-0.0021722023,-0.0038642075,-0.0026838959,-0.003327801,-0.0033367265,0.015990362,-0.063682266,0.016854186,-0.08070788,0.03528079,-0.10863276,0.088230036,-0.10347469,-0.016129313,-0.7491521,0.029533045,-0.15175201,-0.0038604466,-0.0026638058,0.04986873,-0.093157515,-0.008124203,-0.006504588,0.0037057372,-0.046044834,0.008856391,-0.0029212956,0.024989486,0.0037440876,-0.006296951
14/6/2021,-0.24,-0.0036579464,-0.005206444,-0.0032994463,-0.0035096526,-0.0040031355,-0.019361697,0.067307025,0.01237873,-0.04313215,-0.03586032,-0.4023585,-0.030177457,-0.002339186,-0.1311452,-0.9190105,0.031207222,-0.13281715,-0.0030375617,-0.0020469215,0.04869576,-0.101995535,-0.008877223,-0.006502365,0.0036190248,-0.046045315,0.008856391,-0.0029269971,0.025018377,0.0037440872,-0.00067769294
15/6/2021,-0.01,-0.005335357,-0.006849399,-0.003388358,-0.003774097,-0.0038591204,-0.008589873,0.037200436,-0.021387909,0.08091579,-0.07349134,-0.32200903,-0.0113155395,0.12979494,-0.10182598,-0.8610964,0.027874064,-0.12890813,-0.0029745959,-0.0015145461,0.06197605,-0.11231593,-0.010533382,-0.0064994977,0.0034974378,-0.046033833,0.008856391,-0.0029376952,0.025127036,0.0037440867,-0.003597214
16/6/2021,-0.49,-0.00646236,-0.008256588,-0.003991213,-0.0034373612,-0.0027514058,-0.015307312,-0.08308979,-0.04650159,-0.07111685,-0.077363014,-0.29292986,0.029254306,0.20351632,-0.08941983,-0.4530469,0.028963959,-0.11991098,-0.0026386734,-0.0011619228,0.074801944,-0.115060315,-0.011182438,-0.0064961566,0.003427025,-0.04377144,0.008856391,-0.0029324512,0.025191596,0.0037440865,0.0054608593
17/6/2021,-0.12,-0.0063486053,-0.0070561096,-0.002848935,-0.003928782,-0.0029449074,-0.02770565,-0.05413284,-0.048709307,-0.14716782,-0.028847042,-0.43371248,0.047586456,-0.03989003,-0.13209735,-0.64382464,0.024967814,-0.11087249,-0.0016650811,-2.2347256e-05,0.06797188,-0.11230121,-0.006646038,-0.0064911917,0.0033701828,-0.04377324,0.008856381,-0.002940597,0.025348162,0.003744086,0.02176257
18/6/2021,0.3500000000000014,-0.0067207343,-0.0041827294,-0.0035661913,-0.003928782,-0.002873724,-0.0321275,-0.09054088,-0.06927651,-0.15360175,-0.044529047,-0.26072088,0.07720597,0.021323182,-0.086054794,-0.27382725,0.034684595,-0.09856538,-0.00049522327,0.00017135197,0.10795812,-0.105368674,-0.004830218,-0.006485582,0.0032900833,-0.041512262,0.0088564,-0.0029088082,0.025381872,0.003744086,0.033257674
21/6/2021,-0.35,-0.0029669004,0.0027571016,-0.0011901293,-0.0034373612,-0.0023509187,0.010881312,0.0023356453,0.02939981,-0.16378903,0.028654136,-0.23791087,0.016613906,0.08624167,-0.13157426,-0.39780053,0.032524303,-0.107278146,-0.001898176,-0.0004894713,0.09361056,-0.08204294,-0.004910201,-0.0064806337,0.0032424454,-0.041474298,0.008856391,-0.0029260886,0.02527267,0.0037440863,0.017902398
22/6/2021,0.2600000000000015,-0.003138288,-0.0013345773,-0.0010168348,-0.003928782,-0.0026454541,0.0013151808,-0.032348648,-0.0010268553,0.056305017,0.021615943,-0.25220436,0.065958865,-0.3062024,-0.12425935,-0.45855498,0.0316293,-0.0918996,-0.00024431112,0.00084633654,0.086402774,-0.07270944,-0.0018441145,-0.0064840186,0.0031940935,-0.041482523,0.008856391,-0.0029244996,0.02547714,0.0037440856,0.03484502
23/6/2021,0.2399999999999984,-0.0004857106,0.0012723703,0.0015255024,-0.0028581598,-0.0012289454,0.009482726,0.10521594,-0.012980431,0.06230519,0.016484875,-0.17693432,0.04893398,-0.1590961,-0.104995355,-0.11909363,0.03547022,-0.09493197,-0.00062672916,0.00014598474,0.091728315,-0.06150467,-0.0017473345,-0.006489868,0.0031472547,-0.04148874,0.0088564,-0.0029096492,0.025356375,0.003744086,0.02383537
24/6/2021,-0.03,0.00036862423,-0.0019838987,-0.0006608863,-0.0031729168,-0.0019677372,0.038632236,0.0023356453,0.018773336,0.055141106,0.018318003,-0.34587994,0.08543974,-0.47325388,-0.07550399,-0.48697543,0.024332525,-0.10486495,-0.00207656,0.00013790974,0.05062375,-0.049650915,0.0011410761,-0.006494059,0.0031598322,-0.04151443,0.008856376,-0.002948223,0.025378663,0.003744086,0.015396365
25/6/2021,0.3300000000000018,-0.0013198372,-0.0057874047,-0.0019125828,-0.0036643373,-0.0037489403,-0.036770258,-0.027884834,-0.039269824,-0.04466749,-0.12279171,-0.19917433,0.104237184,-0.6926161,-0.073183246,-0.6780796,0.02632348,-0.097692244,-0.0014504776,0.000457888,0.058118083,-0.04996709,0.0058004186,-0.006498267,0.003166468,-0.041558597,0.008856381,-0.0029408853,0.025421195,0.0037440858,0.01912166
28/6/2021,0.0,0.029319674,0.038253654,0.0069229077,0.022467988,-0.0040488006,0.103740506,-0.05285437,0.039285764,0.17688818,0.14402126,-0.09699404,0.112482436,-0.36608824,0.029388541,-0.4435095,0.03257488,-0.1116893,-0.0022708548,-0.0009598421,0.086875856,-0.037187867,0.005988745,-0.006495879,0.0031879966,-0.04162907,0.008856391,-0.002925977,0.02520243,0.0037440865,0.010607258
