Date,Open,High,Low,Settle,Change,Wave,Volume,Prev. Day Open Interest,EFP Volume,EFS Volume,Block Volume,INR=X_High_Model,INR=X_Low_Model,CNY=X_High_Model,CNY=X_Low_Model,PKR=X_High_Model,PKR=X_Low_Model,CNY=X_Top_1_GT_Diff_Predict,CNY=X_Top_5_GT_Diff_Predict,CNY=X_Top_5_Combined_Diff_Predict,Cotton_Top_1_GT_Diff_Predict,Cotton_Top_5_GT_Diff_Predict,Cotton_Top_5_Combined_Diff_Predict,INR=X_Top_1_GT_Diff_Predict,INR=X_Top_5_GT_Diff_Predict,INR=X_Top_5_GRNN_Diff_Predict,PKR=X_Top_5_RF_Diff_Predict,PKR=X_Top_5_GT_Diff_Predict,PKR=X_Top_1_Combined_Diff_Predict
2015-03-09 00:00:00+00:00,62.75,63.14,62.05,62.25,-0.72,62.4,12350.0,118536.0,38.0,,,62.65063926696777,62.08425888061524,6.249293808937073,6.247531895637512,101.26430053710938,100.8611004638672,0.0036887633614242,0.0028644802514463,0.004337556194514,-0.249508336186409,-0.5889583826065063,-0.5232235789299011,0.0828536748886108,0.0586702898144722,-0.1174200326204299,-0.0312116034328937,-0.1792302578687667,-0.1314425468444824
2015-03-10 00:00:00+00:00,62.2,62.36,60.81,60.87,-1.38,61.45,24345.0,115521.0,338.0,20.0,,63.0870694732666,62.13349922180176,6.249293808937073,6.247531895637512,100.79749946594238,100.31016967773438,-0.0007780321757309,-0.0011334537994116,0.0025832564570009,-1.0953198671340942,-1.009920954704285,-0.6237962245941162,0.0018051404040306,0.0211610309779644,0.131512314081192,-0.0149474861100316,-0.1615929305553436,-0.1164374127984047
2015-03-11 00:00:00+00:00,61.05,61.12,60.28,60.33,-0.54,60.57,19022.0,112492.0,100.0,,,63.12036956787109,62.25660942077637,6.2492498111724855,6.245250010490418,100.65197982788088,100.27671943664552,0.0027606659568846,0.002662640530616,0.0031644385308027,-0.9892634749412536,-0.7781124114990234,-0.4022344648838043,0.0022910421248525,-0.0433135330677032,0.1540161073207855,-0.0394397191703319,-0.2463143616914749,-0.1497847586870193
2015-03-12 00:00:00+00:00,60.34,61.58,60.26,61.22,0.89,60.76,17802.0,108756.0,446.0,40.0,,63.21738945007324,62.10483901977539,6.2492498111724855,6.245250010490418,100.59518013000488,100.25812965393068,0.0032269777730107,0.0024373480118811,0.0030009371694177,-0.9483230710029602,-1.2809534072875977,-0.4861521422863006,-0.0587800033390522,-0.1282200515270233,-0.2413225471973419,-0.0385858975350856,-0.2531337141990661,-0.1624511182308197
2015-03-13 00:00:00+00:00,61.15,61.58,60.42,60.5,-0.72,60.7,12764.0,109371.0,214.0,,,62.74006969451904,62.1767590713501,6.2492498111724855,6.245250010490418,100.5510799407959,100.20776969909669,0.0029766908846795,0.0016486076638102,0.0021472596563398,-1.1237274408340454,-0.912462055683136,-0.3601545393466949,0.3739517331123352,0.355442464351654,0.1543979495763778,-0.0401676855981349,-0.295858085155487,-0.1990817934274673
2015-03-16 00:00:00+00:00,60.7,61.22,60.31,60.49,-0.01,60.61,9747.0,108425.0,48.0,,,63.16790985107422,62.91338012695312,6.249557809829712,6.249022912979126,101.25350143432615,100.32596961975098,0.0058538881130516,0.0037883198820054,0.0027390539180487,-1.5269012451171875,-1.1203458309173584,-0.3974222540855407,-0.2157443463802337,-0.1888546198606491,-0.2447588741779327,-0.0318919047713279,-0.2080976068973541,-0.1124846488237381
2015-03-17 00:00:00+00:00,60.41,60.87,60.19,60.21,-0.28,60.37,10222.0,108552.0,48.0,20.0,,62.93791877746582,62.59795021057129,6.252077818007695,6.234520878791809,101.2995613861084,100.32663970947266,-0.0159652363508939,-0.0117652043700218,-0.0075315628200769,-0.7943035364151001,-0.6983797550201416,-0.314919501543045,-0.0097361374646425,-0.059516042470932,-0.1736349165439605,-0.0320409648120403,-0.2019977271556854,-0.1394871324300766
2015-03-18 00:00:00+00:00,60.2,62.65,59.83,62.48,2.27,61.06,24803.0,107796.0,120.0,,,62.9368692779541,62.15717926025391,6.235620970726013,6.22713987827301,101.41810096740724,100.34898094177248,-0.0161899365484714,-0.0143283354118466,-0.0089915702119469,-0.45856374502182,-0.5740216374397278,-0.3092877864837646,-0.0880622640252113,-0.061368204653263,-0.1884808540344238,-0.0403614602982997,-0.2733842432498932,-0.1904266625642776
2015-03-19 00:00:00+00:00,62.53,63.41,61.72,62.95,0.47,62.77,25893.0,106694.0,18.0,,,62.67907974243164,61.94003913879394,6.213954901695251,6.201843900680542,100.68509071350098,99.96085090637207,-0.0250739064067602,-0.0288194958120584,-0.0125916255638003,-0.7111362218856812,-0.6454116702079773,-0.3487291634082794,-0.1981851160526275,-0.1741867065429687,-0.2595985829830169,-0.0512677803635597,-0.2632949650287628,-0.4048065543174743
2015-03-20 00:00:00+00:00,62.64,63.26,62.3,62.82,-0.13,62.89,12979.0,102395.0,,,,62.62963943481445,62.02141948699951,6.188685960769654,6.171725940704346,101.30800025939942,100.46320098876951,0.0070678475312888,0.0062840478494763,0.0031319274567067,-0.5019446015357971,-0.7243448495864868,-0.3819360435009002,-0.125849962234497,-0.0768979340791702,-0.1229410395026207,-0.0385985448956489,-0.2898550629615783,-0.1993869543075561
2015-03-23 00:00:00+00:00,62.59,64.55,62.36,64.05,1.23,63.91,17273.0,101502.0,,,,62.5048592376709,62.041489372253416,6.197364180882772,6.189635930856068,101.5231420135498,100.27133972167968,0.0028985943645238,0.0031731757335364,0.0029468142893165,-3.430544137954712,-2.825859546661377,-0.8126548528671265,-0.0870048329234123,-0.062697634100914,-0.1279762089252472,-0.0410685017704963,-0.2744452655315399,-0.2178052365779876
2015-03-24 00:00:00+00:00,64.0,64.4,63.61,63.91,-0.14,64.11,14731.0,101366.0,64.0,20.0,,62.4070496749878,61.99820972442627,6.210047585964203,6.200958914756775,101.2585105895996,100.11852989196775,0.0008528259932063,0.0012836065143346,-0.0015788481105118,-1.4975301027297974,-1.1777565479278564,-0.4653135240077972,-0.041484247893095,-0.0256300903856754,-0.0794622376561164,-0.0382338985800743,-0.2847792506217956,-0.2572013437747955
2015-03-25 00:00:00+00:00,63.95,64.09,62.76,63.16,-0.75,63.37,13074.0,99435.0,240.0,,,62.40946937561035,61.92213005065918,6.198141158421834,6.190656910737355,102.4659009552002,101.46480003356932,0.0035023975651711,0.0026219019200652,0.0024478922132402,-0.550507664680481,-0.5346618890762329,-0.313754141330719,0.0158904064446687,-0.0222903974354267,-0.0905409604310989,-0.0264153815805912,-0.0843143314123153,0.0685475915670394
2015-03-26 00:00:00+00:00,63.0,63.48,62.66,63.08,-0.08,62.94,10396.0,97167.0,143.0,,,62.67614044189453,62.22168003082275,6.205974206924439,6.199310960769654,101.29970054626465,100.4798210144043,0.0011691914405673,0.0018192688003182,0.0018420841079205,-0.1235978230834007,-0.2262701690196991,-0.2536596357822418,0.0701736882328987,0.0693999156355857,0.102148950099945,-0.0350026749074459,-0.1965037137269973,-0.1918738037347793
2015-03-27 00:00:00+00:00,62.83,63.94,62.8,63.55,0.47,63.47,7969.0,95507.0,34.0,57.0,,62.94015880584717,62.61897071838379,6.207038013935089,6.197930974960327,101.00260025024414,100.36251022338868,0.0013715617824345,0.001435205922462,0.0017521120607852,-0.0895382538437843,-0.164937287569046,-0.2052510976791381,-0.1410990953445434,-0.1547485291957855,-0.2533304095268249,-0.0222599692642688,-0.2225518226623535,-0.2177754193544387
2015-03-30 00:00:00+00:00,63.55,64.18,62.37,62.52,-1.03,63.25,15974.0,94876.0,13.0,22.0,,62.77294971466065,62.05685928344727,6.210302633047104,6.201379923820496,100.68439811706544,100.30048851013184,0.0016145259141921,0.0018699079519137,-0.0021078092977404,0.2899928689002991,-0.1427616775035858,-0.1455062329769134,-0.069297544658184,-0.0430361554026603,0.0982395634055137,0.1690210998058319,0.6052254438400269,0.1756739318370819
2015-03-31 00:00:00+00:00,62.59,63.94,62.17,63.1,0.58,62.95,19847.0,92049.0,211.0,20.0,500.0,62.70991977691651,62.04884925842285,6.202190495513735,6.188705694811684,101.41220092773438,100.5205411529541,0.0027589173987507,0.0019361112499609,0.0020943153649568,0.071330115199089,-0.1244604960083961,-0.1285821795463562,-0.0330462493002414,-0.0177773665636777,-0.1073711961507797,-0.0382702313363552,-0.3383284211158752,-0.1490325331687927
2015-04-01 00:00:00+00:00,62.95,63.26,62.44,62.58,-0.52,62.7,10144.0,88935.0,540.0,,,62.4353498840332,61.926209983825686,6.19475537220637,6.185502104759216,101.17942008972167,100.27070991516112,0.0039416532963514,0.0031956848688423,0.0029961105901747,-0.0783722698688507,-0.2234569042921066,-0.1462909579277038,-0.0411946959793567,-0.0250429809093475,-0.1156638264656066,0.1761630475521087,0.6085668802261353,0.2216897010803222
2015-04-02 00:00:00+00:00,62.58,63.89,62.58,63.69,1.11,63.47,13402.0,86045.0,147.0,,500.0,62.32249984741211,62.06320053100586,6.193326391379039,6.183144092559815,101.27200004577637,100.18423957824707,0.0046039712615311,0.0032684493344277,0.0029083373956382,-0.3241078555583954,-0.3270928263664245,-0.1745211482048034,0.0269398391246795,0.0367427542805671,0.1175073385238647,-0.0462999865412712,-0.4729966223239898,-0.2427151203155517
2015-04-06 00:00:00+00:00,63.84,65.46,63.75,65.34,,65.1,19028.0,85378.0,19.0,,,62.23058929443359,61.290539894104,6.191286418437958,6.183302092552185,101.48187149047853,100.04061180114746,0.0032789742108434,0.0030862386338412,0.0023299464955925,-1.5002650022506714,-0.9961533546447754,-0.2781773805618286,-0.0188149400055408,-0.042738851159811,-0.0822978094220161,-0.0454183891415596,-0.2527729868888855,-0.3001742362976074
2015-04-07 00:00:00+00:00,65.34,66.66,65.17,66.42,1.08,65.98,23241.0,85022.0,16.0,20.0,,62.251269569396975,61.7603702545166,6.194462389151256,6.18310405254364,101.3214464569092,100.02845184326172,0.0007838293095119,0.0015071260277181,0.0022220492828637,-1.6412023305892944,-1.239691972732544,-0.3176727294921875,0.1378399282693863,0.1343854367733001,0.1438768953084945,-0.0443722121417522,-0.2923249304294586,-0.252995103597641
2015-04-08 00:00:00+00:00,66.42,67.19,66.17,66.73,0.31,66.83,24798.0,84044.0,149.0,,,62.431279296875,61.93691028594971,6.194456479549408,6.186192092895507,101.18150009155272,99.03326065063476,0.0017629057401791,0.0021306346170604,0.002430043881759,0.0113169085234403,-0.335996001958847,-0.1439491212368011,-0.0205449219793081,-0.0168766323477029,-0.0895217508077621,-0.0434149056673049,-0.3432098031044006,-0.2400048077106475
2015-04-09 00:00:00+00:00,66.75,67.13,66.11,66.22,-0.51,66.69,25056.0,79236.0,4086.0,44.0,500.0,62.39010944366455,62.05538017272949,6.2021394089063016,6.187647858460744,101.10290084838869,100.36765975952147,0.001572820241563,0.0023711109533905,0.0029528059531003,-0.0988640859723091,-0.3107512593269348,-0.1484944075345993,0.0214472021907567,0.0664177685976028,0.0952858179807663,-0.0442448854446411,-0.3830835819244385,-0.2470946311950683
2015-04-10 00:00:00+00:00,66.44,66.61,64.81,65.06,-1.16,65.21,28515.0,70573.0,305.0,44.0,500.0,62.41205955505371,61.836739768981936,6.2049699926376345,6.185843636194864,101.11131973266602,100.50329956054688,0.0018785387510433,0.0027333009056746,0.0027158365119248,-0.9077289700508118,-0.54343581199646,-0.2302320152521133,0.0210856795310974,0.0225336495786905,0.0979557260870933,0.1703564226627349,0.701167106628418,0.3088500797748565
2015-04-13 00:00:00+00:00,65.11,65.7,64.58,65.13,0.07,65.15,16799.0,53970.0,45.0,26.0,,62.39513931274414,61.90151992797851,6.203661942481995,6.195369954109192,101.74846176147462,100.2605403137207,0.0070298984646797,0.0044600656256079,0.002901695901528,-0.8036530613899231,-0.7242950201034546,-0.2559978067874908,0.053375955671072,0.0812161937355995,0.1599090993404388,-0.0452381484210491,-0.322857916355133,-0.2438188344240188
2015-04-14 00:00:00+00:00,65.13,65.41,64.43,64.69,-0.44,64.74,16678.0,42134.0,534.0,20.0,,62.49064037322998,61.97140903472901,6.208342217206955,6.198915934562683,101.69616157531738,100.19903007507324,-0.002853543497622,-0.0013013390125706,-0.0029787502717226,-1.039099097251892,-0.5742337107658386,-0.2240575850009918,-0.0346334241330623,-0.0224437694996595,-0.0964860171079635,-0.0463034287095069,-0.3264530301094055,-0.2370057851076126
2015-04-15 00:00:00+00:00,64.64,65.12,64.35,64.59,-0.1,64.57,15850.0,31514.0,184.0,,,62.402269744873045,61.82190971374512,6.208407917022705,6.1988779463768005,101.50830070495606,100.09397972106932,-0.0008227979415096,-0.0011369816493242,-0.0027570286765694,0.525615930557251,-0.2365663051605224,-0.1710956543684005,-0.2489746809005737,-0.2035416066646576,-0.1392458975315094,-0.0469990856945514,-0.3127080500125885,-0.2191834449768066
2015-04-16 00:00:00+00:00,64.72,64.93,63.47,64.01,-0.58,63.9,13043.0,23536.0,225.0,100.0,,62.5150496673584,62.09293926239014,6.20120765431722,6.1891820430755615,100.85206047058104,99.4855909729004,-0.0010679343249648,-0.0014679208397865,-0.0021391897462308,0.7402843832969666,0.3206926882266998,-0.1992990672588348,-0.0553934536874294,-0.0482286289334297,-0.1998731195926666,-0.0514380857348442,-0.6386904120445251,-0.3168917298316955
2015-04-17 00:00:00+00:00,64.36,64.4,63.16,63.29,-0.72,63.45,8209.0,12061.0,266.0,100.0,1000.0,62.388819999694825,62.12280979156494,6.187164597511291,6.184342450380325,101.22182083129884,100.22489822387696,-0.0053005330264568,-0.003450455609709,-0.0028558792546391,-0.207515150308609,-0.2588004469871521,-0.1626843214035034,-0.0026769845280796,-0.0200165510177612,-0.1185770779848098,0.2205667048692703,0.7725324034690857,0.5288944244384766
2015-04-20 00:00:00+00:00,63.3,63.71,62.72,63.04,-0.25,62.98,3357.0,6702.0,22.0,,,62.83647953033447,62.315029335021975,6.185701403617859,6.185472400903702,101.4266207885742,100.3109292602539,0.0038373912684619,0.0039324397221207,0.0032970355823636,-1.0668702125549316,-0.5155450105667114,-0.1985111832618713,0.3299026489257812,0.3721736073493957,0.2336949557065963,0.2066200971603393,0.7317827939987183,0.4106497168540954
2015-04-21 00:00:00+00:00,63.1,63.11,62.51,62.63,-0.41,62.77,2404.0,4750.0,385.0,,,63.23536060333252,62.81483978271484,6.199946510791778,6.187334966659546,101.77569961547852,100.10666015625,-0.0008158448035828,-0.001023074844852,-0.0020206705667078,-0.6912546753883362,-0.3590129315853119,-0.1875384300947189,-0.1844435930252075,-0.1783766746520996,-0.1362690925598144,-0.0458202548325061,-0.3370025753974914,-0.2158904373645782
2015-04-22 00:00:00+00:00,62.81,63.24,62.2,62.49,-0.14,62.53,2122.0,3222.0,56.0,,,63.04814022064209,62.5015295791626,6.201694340705871,6.187483954429626,101.0100601196289,99.89094078063964,-0.003950797021389,-0.0021304637193679,-0.0028695308137685,-0.2772976160049438,-0.2919296026229858,-0.1631664037704467,-0.0932807773351669,-0.0441647507250309,0.0996876209974289,-0.0400942042469978,-0.2897326946258545,-0.1985801458358764
2015-04-23 00:00:00+00:00,62.51,65.49,62.35,64.59,2.1,63.62,1676.0,1472.0,125.0,,,63.26782047271728,62.65626979827881,6.185274415016174,6.185473395109177,101.03432037353517,99.98118003845217,0.0029525428544729,0.0024004087317734,0.0024745112750679,-0.3879748880863189,-0.3325061202049255,-0.1767328381538391,0.2249587476253509,0.1892348080873489,0.1443959176540374,-0.0380724780261516,-0.2505034804344177,-0.1669332683086395
2015-04-24 00:00:00+00:00,64.9,66.89,64.9,66.5,1.91,66.2,191.0,543.0,,,,63.46659957885742,62.98573112487793,6.191383900642395,6.186837038993835,100.57406997680664,99.74568092346192,0.0002962606959044,0.0007978460635058,-0.0019017150625586,-0.713689923286438,-0.4114469885826111,-0.1834690123796463,0.1830843836069107,0.1401360929012298,0.1241208538413047,-0.0492551550269126,-0.6215562224388123,-0.3536520600318908
2015-04-27 00:00:00+00:00,67.09,67.6,66.71,66.39,-0.11,67.24,14.0,355.0,,,,63.7404806137085,63.27572067260742,6.195924873352051,6.181481966972351,101.3014608001709,100.31082885742188,0.0189566127955913,0.0178515948355197,0.0089874677360057,-0.0209507811814546,-0.3084158897399902,-0.1417537927627563,-0.1869664639234542,-0.1722321808338165,-0.1893911063671112,0.2546886801719665,1.1916172504425049,0.6601895689964294
2015-04-28 00:00:00+00:00,66.0,67.12,65.11,66.62,0.23,66.83,36.0,344.0,,,,63.25046001434326,62.84566997528077,6.208751882314682,6.198767075538635,101.81650108337402,100.2883112335205,-0.0059316013939678,-0.006897488143295,-0.0048653413541615,0.4119902551174164,-0.3511811196804046,-0.1552031636238098,-0.0002881253603845,-0.039786547422409,0.1126689687371254,-0.0451028831303119,-0.2918196618556976,-0.2065084427595138
2015-04-29 00:00:00+00:00,67.32,67.32,67.32,67.32,0.7,,1.0,288.0,,,,63.34928066253662,62.81162044525146,6.203293081204097,6.193165178140005,101.58756065368652,100.16949043273924,0.0009443049784749,0.0011326873209327,0.0020719026215374,-0.1727011948823928,-0.2779088616371155,-0.130924254655838,0.1444039195775985,0.1459681242704391,-0.1245232596993446,-0.0465133897960186,-0.2974242568016052,-0.2018019706010818
2015-04-30 00:00:00+00:00,68.1,68.1,68.1,68.12,0.8,68.1,8.0,287.0,,,,63.489520416259765,63.24535015106201,6.199293448925018,6.186669433116913,101.25823989868164,99.21373115539552,0.0022883703932166,0.0031176630873233,0.0037132669240236,-0.414259135723114,-0.3470591306686401,-0.142973244190216,-0.0714379549026489,-0.0797927752137184,-0.1458414793014526,-0.0456933006644248,-0.417079746723175,-0.2813699245452881
2015-05-01 00:00:00+00:00,66.99,67.03,64.64,66.85,-1.27,65.99,9.0,281.0,,,,63.61030044555664,63.25171997070313,6.193168873786926,6.187799062728882,101.69780227661133,100.029369430542,0.0025907387025654,0.0028393133543431,0.0029636202380061,0.1433837860822677,-0.2993516325950622,-0.1445302069187164,-0.0478728860616683,-0.0797867551445961,-0.1956476271152496,-0.0454819910228252,-0.3789325654506683,-0.2797625660896301
2015-05-04 00:00:00+00:00,66.91,66.91,66.91,66.91,0.06,,1.0,279.0,,,,63.61244037628174,63.26199981689453,6.194745917320251,6.188965494632721,101.70470161437989,100.0976692199707,0.0041618887335062,0.0044682510197162,0.0041845655068755,-0.0796229988336563,-0.4095050692558288,-0.1789734959602356,-0.0508399344980716,-0.0745976865291595,-0.1644612252712249,-0.0413690991699695,-0.4075636863708496,-0.2165156304836273
2015-05-05 00:00:00+00:00,67.36,67.36,67.36,66.99,0.08,67.36,1.0,277.0,,,,63.66284091949463,63.23832981109619,6.2049640417099,6.196172919273376,100.32624053955078,99.66525856018066,0.0036070400383323,0.0027506537735462,0.0031393507961183,0.3093844056129455,-0.3710318207740783,-0.1706050485372543,-0.0693265348672866,-0.0960672050714492,-0.1603512316942215,0.3862404525279999,2.260530471801758,19.2227725982666
2015-05-06 00:00:00+00:00,66.33,66.68,65.57,65.86,-0.89,65.96,12665.0,124861.0,210.0,20.0,,63.591099433898925,63.20140018463135,6.199534056981405,6.1904017293453215,101.6422412109375,100.04735961914062,-0.0021093355026096,-0.0015096300048753,-0.0026040484663099,0.2237351238727569,-0.2844657301902771,-0.174623429775238,-0.0114675443619489,0.0655646324157714,-0.153855487704277,-0.3600712418556213,-0.7537580728530884,-0.8373377919197083
2015-05-07 00:00:00+00:00,65.96,66.01,64.96,65.53,-0.33,65.21,15339.0,123989.0,150.0,,,63.80007064819336,63.12942070007324,6.1916875076293945,6.185047874450683,101.64232124328612,99.72239082336426,0.0065090325661003,0.0047739325091242,0.0054837698116898,0.0364186465740203,-0.3120205402374267,-0.1999628990888595,0.3838286995887756,0.3670144081115722,0.1726079881191253,-0.0493241772055625,-0.3683628141880035,-0.7388016581535339
2015-05-08 00:00:00+00:00,65.53,66.22,65.28,66.16,0.63,65.78,9969.0,120563.0,59.0,,,63.80090072631836,63.12922065734863,6.203943553765615,6.190842165788015,101.23820022583008,100.43194984436036,0.001464070752263,0.0010709709022194,0.0024006112944334,-1.2981363534927368,-0.6582680940628052,-0.2913236320018768,-0.2197833210229873,-0.1319662183523178,-0.1908518821001052,-0.0505045168101787,-0.2761459946632385,-0.2778236865997314
2015-05-11 00:00:00+00:00,66.16,66.31,64.65,65.39,-0.77,,15325.0,119991.0,163.0,60.0,,63.80099063873291,63.12599067687988,6.2030060625076295,6.190077924728394,101.50440216064452,100.32880111694335,0.0207454655319452,0.0147287072613835,0.0079724406823515,-0.9848272204399108,-0.7318733930587769,-0.3378490805625915,0.1226962655782699,0.1407282054424286,0.1072117909789085,-0.0470547750592231,-0.2864065170288086,-0.3882411420345306
2015-05-12 00:00:00+00:00,65.39,65.57,64.57,65.02,-0.37,,12718.0,118785.0,,20.0,,63.79891067504883,63.12599067687988,6.203443977038066,6.196904907226562,101.3923999786377,100.20835998535156,0.0069271293468773,0.0036419369280338,0.0042601395398378,-1.3110299110412598,-0.966288447380066,-0.3880051076412201,0.1069622114300727,0.088603563606739,0.1495842933654785,-0.0431479774415493,-0.3701350092887878,-0.2704262733459472
2015-05-13 00:00:00+00:00,65.19,65.8,64.85,65.77,0.75,65.31,12191.0,117042.0,162.0,,,63.79891067504883,63.12599067687988,6.204000973701477,6.196363921165466,100.87010116577147,100.25435890197754,0.0019960685167461,0.0018804054707288,0.0031127810943871,-0.9063816666603088,-0.9743499755859376,-0.3844856023788452,-0.1674693524837494,-0.1447190791368484,-0.2040939629077911,-0.0383012369275093,-0.3289197087287903,-0.5008021593093872
2015-05-14 00:00:00+00:00,65.89,66.73,65.59,66.53,0.76,66.23,13277.0,116319.0,,,,63.79849063873291,63.12072067260742,6.198988427321117,6.190186638434727,101.55279121398924,99.9554313659668,0.0022911615669727,0.0022630870807915,0.0029514872003346,-0.9043124318122864,-0.8937320709228516,-0.3383277952671051,-0.2883800566196441,-0.3072994351387024,-0.1916243433952331,-0.0530261024832725,-0.5126343965530396,-0.2149407863616943
2015-05-15 00:00:00+00:00,66.64,66.87,66.11,66.84,0.31,66.63,8800.0,115864.0,,,,63.485859870910645,63.19625984191895,6.195402913093567,6.188925497531891,101.14090042114258,100.25188972473144,0.0072149904444813,0.0045487037859857,0.0047260364517569,-0.5816434621810913,-0.5695748329162598,-0.2329521924257278,0.0646333619952201,0.1018146499991417,0.1689100861549377,0.2055556327104568,0.9697862863540648,0.5723432898521423
2015-05-18 00:00:00+00:00,66.84,66.93,64.87,64.92,-1.92,65.46,18856.0,116013.0,445.0,,,63.48133964538575,63.13395961761475,6.198483607053756,6.191353499968848,101.7352613067627,99.78995986938476,0.0017189905047416,0.0022906351368874,0.0027464721351861,-0.6294422149658203,-0.6266877055168152,-0.2369937151670456,0.0557455830276012,0.080102801322937,0.1635040640830993,-0.0454859659075737,-0.3050650060176849,-0.1987532675266266
2015-05-19 00:00:00+00:00,64.88,65.24,64.05,64.35,-0.57,64.35,23336.0,111773.0,476.0,40.0,,64.020802192688,63.324550552368166,6.200978039105732,6.191519683678946,101.40239959716796,100.3585800933838,0.0036507796030491,0.0028184908442199,0.0031120651401579,-0.5076795220375061,-0.4172156453132629,-0.1723863035440445,-0.0187303852289915,0.0233698152005672,-0.1145605817437172,-0.1195510625839233,-0.3508219122886657,-0.5784183740615845
2015-05-20 00:00:00+00:00,64.17,64.81,63.71,64.15,-0.2,64.09,19875.0,106751.0,1238.0,,,64.03068214416504,63.33659049987793,6.2033991534709925,6.191567313114804,101.56810028076173,100.19771018981932,-0.0011307985987514,-0.0008932790951803,0.0022683783899992,0.0829988270998001,-0.2045024633407592,-0.1334745734930038,-0.0608829297125339,-0.0461320504546165,-0.1438901871442794,-0.041908673942089,-0.3292422890663147,-0.2250295579433441
2015-05-21 00:00:00+00:00,64.16,64.93,63.62,63.73,-0.42,63.97,19476.0,103504.0,6.0,,,63.69941139221192,63.18256031036377,6.200659534931183,6.192130088806152,101.7152003479004,100.1275106048584,-0.0003468781360425,0.0010480189230293,0.0018340673996135,0.2983271181583404,-0.2478857487440109,-0.1518235206604004,-0.0542905069887638,-0.0376529581844806,-0.0783738642930984,-0.1027332916855812,-0.4253054559230804,-0.5049731135368347
2015-05-22 00:00:00+00:00,63.7,64.12,63.28,63.3,-0.43,63.53,15642.0,102149.0,458.0,,,63.69884124755859,63.29576068878174,6.1892096185684204,6.185276896953583,101.32439910888672,98.85050132751464,0.0008146002073772,0.0024750481825321,0.0019888330716639,1.1424916982650757,0.4967861771583557,-0.2261611521244049,-0.0665755495429039,-0.0475999787449836,-0.0689155831933021,-0.1029682755470275,-0.3829920291900635,-0.4370195269584656
2015-05-26 00:00:00+00:00,63.33,64.66,63.27,63.31,,63.63,17099.0,101682.0,407.0,,,63.79738132476807,63.09598075866699,6.20520490805308,6.188180257081987,100.68222923278807,100.30219009399414,0.0027710164431482,0.0024886804167181,0.0020572098437696,-0.2126695364713668,-0.4762253761291504,-0.3072959780693054,0.2302107661962509,0.1698968559503555,0.2161448001861572,0.1963855177164077,0.943679690361023,0.3755425810813904
2015-05-27 00:00:00+00:00,63.32,63.89,63.03,63.05,-0.26,63.36,16849.0,99464.0,22.0,20.0,,64.19618995666504,63.51064075469971,6.199951955636343,6.1909049232800815,101.38390060424804,100.21086944580078,6.642908942922077e-07,0.0018447209149599,0.0020725431386381,-2.5291121006011963,-2.171703577041626,-0.6822770833969116,0.0324793681502342,0.0426452904939651,0.1035525351762771,-0.0426114723086357,-0.2972214221954345,-0.416860818862915
2015-05-28 00:00:00+00:00,63.04,64.54,63.03,64.33,1.28,63.62,15118.0,98722.0,80.0,,,64.1703907775879,63.44392082214355,6.1941169738769535,6.189717907905578,101.3930909729004,100.81080047607422,0.0030874519143253,0.0027574370615184,0.0023279348388314,1.519174098968506,0.9060697555541992,-0.3211719989776611,-0.0236717946827411,-0.0189110226929187,0.0958190560340881,-0.036891184747219,-0.2125521153211593,-0.3577307760715484
2015-05-29 00:00:00+00:00,64.75,66.59,64.27,64.35,0.02,65.45,36672.0,97197.0,40.0,,,64.05497200012206,63.32128063201904,6.194262995719909,6.189608898162842,101.57640197753906,100.11877166748047,-0.0003250221488997,0.0008094800869002,-0.0033207591623067,0.8993948698043823,0.3894840776920318,-0.2655710875988006,-0.0448949187994003,0.0248874872922897,-0.1248586922883987,-0.0420206002891063,-0.3318697810173034,-0.4636514186859131
2015-06-01 00:00:00+00:00,64.35,65.15,63.69,63.75,-0.6,64.47,18621.0,94670.0,701.0,,500.0,63.8085315322876,63.39437934875488,6.1908419537544255,6.1850079464912415,101.40169128417968,100.91636070251464,0.0038314708508551,0.0026673898100852,0.0020785587839782,-1.752175211906433,-1.1616640090942385,-0.4268083274364471,-0.0607435517013073,-0.0511346161365509,-0.1423746794462204,-0.0353588089346885,-0.2291969358921051,-0.3527709245681762
2015-06-02 00:00:00+00:00,63.6,64.29,63.33,63.6,-0.15,63.67,14174.0,89702.0,7.0,20.0,250.0,63.76091079711914,63.233601036071775,6.194294009208679,6.185920929908752,101.57678077697754,100.26637062072754,0.0012808254687115,0.0022988957352936,0.0031316368840634,-0.5514571070671082,-0.5424930453300476,-0.2755026519298553,0.0927745848894119,0.100998543202877,0.1914696097373962,-0.0338221378624439,-0.2091279774904251,-0.2147945910692215
2015-06-03 00:00:00+00:00,63.74,65.39,63.44,65.24,1.64,64.69,20414.0,88082.0,579.0,,,63.75645122528076,63.187790603637694,6.190918011665344,6.18609099149704,101.74258163452149,99.7421711730957,0.0011480923276394,0.0009491971577517,0.0020027162972837,-1.0725181102752686,-0.6668752431869507,-0.262747198343277,0.2024304717779159,0.1996673494577407,0.2738272249698639,-0.0367083773016929,-0.2192829847335815,-0.3441671431064605
2015-06-04 00:00:00+00:00,65.44,65.95,64.94,65.12,-0.12,65.55,18196.0,85093.0,43.0,,,64.19125946044922,63.60294040679932,6.192015638351441,6.18451101064682,101.74780197143556,99.85105194091796,0.0024650536943227,0.0024785655550658,0.0022015059366822,-1.1670960187911987,-0.7615335583686829,-0.2924137115478515,-0.0359828658401966,-0.0367227271199226,-0.1045785322785377,-0.0411775931715965,-0.2192971408367157,-0.3550116419792175
2015-06-05 00:00:00+00:00,65.12,65.2,63.93,64.01,-1.11,64.31,17786.0,83753.0,115.0,,,64.10018997192383,63.694119682312014,6.192635998725891,6.189757990837097,101.2607000732422,100.24621070861816,0.0197638534009456,0.0141403097659349,0.0051416279748082,-0.8063186407089233,-0.4045042395591736,-0.2254746109247207,0.0027176833245903,0.0248795412480831,-0.1473123133182525,0.0395864285528659,0.0568249709904193,-0.2398993223905563
2015-06-08 00:00:00+00:00,64.41,65.05,64.17,64.8,0.79,64.71,15886.0,76681.0,222.0,11.0,,63.99094139099121,63.42274005889893,6.196510047912597,6.190098469257355,101.47790046691894,100.29524063110352,0.0057987649925053,0.0031741682905703,0.0025016961153596,-0.0890958905220031,-0.0480967536568641,-0.1676661521196365,0.141864389181137,0.1367579102516174,0.1644735932350158,0.0246712993830442,-0.1124141365289688,-0.2905238568782806
2015-06-09 00:00:00+00:00,64.8,65.27,64.48,64.55,-0.25,64.95,17139.0,72021.0,7.0,20.0,500.0,64.09488014221192,63.66778007507324,6.197331305662791,6.191296427249909,101.71808219909668,99.72072105407716,0.0026277140714228,0.0019511936698108,0.0022815885022282,0.4148427546024322,0.4024074673652649,-0.2482847273349762,0.0494915433228015,0.029520159587264,-0.1059958115220069,-0.0400349386036396,-0.2580893337726593,-0.4292442202568054
2015-06-10 00:00:00+00:00,64.72,65.16,64.51,64.89,0.34,64.85,21294.0,66382.0,323.0,2500.0,1000.0,64.20146980285645,63.78197925567627,6.198959346930186,6.190063621203105,101.71290184020997,100.1387809753418,0.0027528568170964,0.0019303995650261,0.0022898209281265,0.2935862839221954,0.1600968092679977,-0.1976353675127029,-0.0156410131603479,-0.0095772938802838,-0.1659769117832183,-0.0331672690808773,-0.2146834433078766,-0.2125242054462433
2015-06-11 00:00:00+00:00,64.96,64.96,63.49,63.53,-1.36,63.87,22576.0,52751.0,199.0,,250.0,64.02204055786133,63.549799880981446,6.199298661470413,6.184807114601134,101.72430122375488,100.18050094604492,0.0022453060373663,0.0014656909042969,0.0022996442858129,0.5090683698654175,0.3087689578533172,-0.2151751071214676,0.0733799487352371,0.0563351325690746,0.1265434920787811,-0.033291071653366,-0.2209492921829223,-0.2221735417842865
2015-06-12 00:00:00+00:00,63.89,64.94,63.52,64.07,0.54,64.34,18918.0,40830.0,81.0,,250.0,64.05934013366699,63.55230079650879,6.199600625832876,6.189197869459787,101.49420120239256,100.29895072937012,0.0004595568752847,0.0016125554684549,0.0021761329844594,0.1469783186912536,0.0997475609183311,-0.1541873961687088,0.0059444177895784,0.0166973322629928,0.0974723622202873,-0.0406364426016807,-0.2693336606025696,-0.2553137242794037
2015-06-15 00:00:00+00:00,64.3,64.32,62.6,63.21,-0.86,63.3,18760.0,30700.0,303.0,388.0,,64.2053490447998,63.60208038330078,6.199901013374329,6.193343551158905,101.7759023284912,100.12285995483398,0.0026712561957538,0.0008389966678805,0.0023222924210131,0.3165503442287445,0.1553022563457489,-0.1666893512010574,-0.0471214279532432,-0.0665139406919479,-0.1560095250606537,-0.0383149161934852,-0.2551289200782776,-0.1934636533260345
2015-06-16 00:00:00+00:00,63.31,65.01,62.73,64.43,1.22,63.86,11963.0,21598.0,224.0,124.0,,64.09075157165528,63.60834003448486,6.2010790713628126,6.196676049232483,101.78870239257812,100.01624076843262,-0.0055124866776168,-0.0034541725181043,-0.0026586735621094,1.0765851736068726,0.5231150388717651,-0.2150644063949585,0.1835178583860397,0.1596380174160003,0.1278820931911468,-0.038334809243679,-0.2876322567462921,-0.2707759141921997
2015-06-17 00:00:00+00:00,64.66,64.71,63.53,63.88,-0.55,64.15,5911.0,17289.0,3784.0,252.0,,64.22465034484863,63.75250988006592,6.200283045768738,6.1943709204196935,101.4215015411377,100.26725051879885,-0.0029857333283871,-0.00208724825643,-0.0022285897284746,0.1164653673768043,0.1127684563398361,-0.1049272641539573,-0.0562078692018985,-0.0636182874441146,-0.1503587961196899,-0.0397857092320919,-0.3465145826339721,-0.3445850908756256
2015-06-18 00:00:00+00:00,64.2,64.43,63.81,64.08,0.2,64.09,3989.0,11207.0,93.0,,,64.11413951873779,63.77893939971924,6.209447064399719,6.19703100681305,101.7671012878418,99.94804969787596,-0.0053222496062517,-0.0040129330009222,-0.0030490446370095,-0.2974702417850494,-0.1579740792512893,-0.1219655498862266,-0.1321973949670791,-0.1129656285047531,-0.0961703732609748,-0.0384918190538883,-0.3003358244895935,-0.3062969446182251
2015-06-19 00:00:00+00:00,64.0,64.0,62.8,63.32,-0.76,63.25,3599.0,8684.0,44.0,,,63.758100814819336,63.23839992523193,6.199707970619202,6.191488267183304,101.177000579834,100.27430030822754,0.017289025709033,0.0126003073528409,0.0063616754487156,-0.9655836224555968,-0.6451968550682068,-0.2421843409538269,-0.0719645619392395,-0.0976752638816833,-0.108233667910099,-0.0364947840571403,-0.4114364683628082,-0.219158336520195
2015-06-22 00:00:00+00:00,63.59,64.13,63.1,64.03,0.71,63.65,4393.0,6048.0,643.0,,,63.64419013977051,63.32780010223389,6.209984064102173,6.197152938842773,100.83196006774902,99.8496900177002,-1.2846987374359742e-05,0.0008342377841472,0.0026188725605607,-0.0239023268222808,-0.09798613935709,-0.1410237848758697,0.0672241225838661,-0.0416598655283451,-0.1343119144439697,0.1777348816394806,0.7237032055854797,0.2703443765640259
2015-06-23 00:00:00+00:00,64.0,64.05,62.98,63.58,-0.45,63.61,3140.0,2428.0,230.0,11.0,,63.647930488586425,63.37033039093018,6.209336061477661,6.1968941102027895,101.42150009155272,100.09295951843262,-0.0010127492714673,-0.0007522349478676,-0.0023034352343529,0.0014728681417182,-0.0423334799706935,-0.1271116286516189,0.0460525341331958,0.0436299070715904,-0.1077676862478256,-0.041517186909914,-0.2718856632709503,-0.3393831253051758
2015-06-24 00:00:00+00:00,63.25,64.34,62.5,63.76,0.18,63.11,159.0,393.0,,,,63.74207088470459,63.406051025390624,6.199468699137369,6.1914541727701815,101.39319999694824,100.09744972229004,0.0017627085326239,0.001573427231051,0.0037391544319689,-0.7592673301696777,-0.4614392220973968,-0.2066019028425216,0.0053163883276283,0.0273531917482614,-0.1042279377579689,-0.0416144616901874,-0.2675046324729919,-0.3193815052509308
2015-06-25 00:00:00+00:00,64.28,65.09,64.28,64.88,1.12,64.68,26.0,291.0,,,,63.70058090209961,63.334300422668456,6.200137684186299,6.189844366947809,101.57700119018554,100.178140335083,0.003971672616899,0.0034357365220785,0.00440518790856,-0.2359268814325332,-0.0934837684035301,-0.1069710478186607,0.0241215229034423,0.0235645677894353,-0.1010706424713134,-0.0425981767475605,-0.2554396688938141,-0.2952747642993927
2015-06-26 00:00:00+00:00,65.57,67.0,65.57,67.16,2.28,66.44,21.0,281.0,,,,63.6268807220459,63.37120037078857,6.207468028068543,6.197027997970581,101.6059016418457,100.13186042785644,0.0032630863133817,0.0022302414290606,0.0028929894324392,-0.2274848520755767,-0.1344262212514877,-0.0990229323506355,0.0211834218353033,0.0469323098659515,0.1021898761391639,-0.0425981767475605,-0.255838930606842,-0.2668358385562897
2015-06-29 00:00:00+00:00,67.1,67.38,66.9,66.8,-0.36,67.17,33.0,271.0,,,,63.583989486694335,63.1161595916748,6.202779072125752,6.19728997707367,101.14420051574707,99.94234077453612,0.0066565913148224,0.0032458826899528,0.0034864323679357,0.0620733797550201,0.0438683331012725,0.0783664435148239,0.1455796509981155,0.2196747362613678,0.2935292422771454,0.0584346167743206,0.326705664396286,0.0787223428487777
2015-06-30 00:00:00+00:00,64.95,65.85,64.95,67.51,0.71,65.67,14.0,212.0,,,,63.84178043365478,63.408419609069824,6.2033931016922,6.196487998962402,101.776001663208,99.89326934814451,-0.020620496943593,-0.0138447852805256,-0.0088446550071239,-0.1589884907007217,0.0549102053046226,0.08877744525671,0.0202557016164064,0.0222962386906147,0.0794018059968948,-0.0243896413594484,-0.1614257097244262,-0.1856544017791748
2015-07-01 00:00:00+00:00,67.01,67.01,67.01,66.09,-1.42,67.01,1.0,22.0,,,,63.70297065734863,63.29938957214355,6.194123029708862,6.1887769651412965,100.78760040283204,100.25634895324708,0.0152083216235041,0.0118109080940485,0.0050537101924419,0.3966765403747558,0.1815249174833297,0.1446119844913482,-0.1085020676255226,-0.1175926327705383,0.0785991996526718,-0.0263566672801971,-0.2943769693374634,-0.2153182923793792
2015-07-02 00:00:00+00:00,67.52,67.53,67.52,66.36,0.27,67.53,3.0,21.0,,,,63.71942035675049,63.3220397567749,6.194444055557251,6.189593029022217,101.4681999206543,100.32797996520996,0.0096630956977605,0.0064217941835522,0.0029769530519843,0.4068986177444458,0.1911258995532989,0.1532396525144577,0.015563947148621,0.0285464636981487,0.0855317711830139,0.0187390409409999,-0.2070143520832061,-0.0721956938505172
2015-07-06 00:00:00+00:00,66.95,66.95,66.94,66.43,,66.94,4.0,18.0,,,,63.735029220581055,63.26599960327148,6.1991471004486085,6.194037990570068,101.40380027770996,100.23601936340332,0.0032851924188435,0.0026677956338971,0.0022890218533575,0.3316690921783447,0.1223829761147499,0.1252986341714859,-0.0246266908943653,-0.029262226074934,0.1199720129370689,-0.0247665457427501,-0.182904839515686,-0.2183281630277633
2015-07-07 00:00:00+00:00,65.38,65.47,65.0,65.53,-0.9,65.28,10.0,14.0,,,,63.72973949432373,63.24080944061279,6.205156006813049,6.197428016662598,101.6317000579834,99.96546005249024,0.0034050391986966,0.0021855162922292,0.0030351139139384,0.1621447950601577,0.0671262592077255,0.1023933961987495,0.0477508045732975,0.0648082792758941,0.1085920184850692,-0.0284382589161396,-0.2323849648237228,-0.2746299505233764
2015-07-08 00:00:00+00:00,64.59,64.59,64.59,64.59,-0.94,,2.0,4.0,,,,63.69415027618408,63.44011032104492,6.20217300415039,6.197270059585572,101.71540069580078,99.88172973632813,0.001622530282475,0.0014298675814643,0.0030829042661935,0.1409061402082443,-0.0706241428852081,-0.088499367237091,0.0160914398729801,0.0180481281131505,-0.0862384289503097,-0.0258984416723251,-0.2405605018138885,-0.2583699226379394
2015-07-09 00:00:00+00:00,65.63,65.94,65.47,65.71,0.24,65.55,24.0,424.0,,,,63.73723079681397,63.32230003356933,6.199458937644959,6.198322997093201,101.71809967041015,99.86113945007324,0.0003482108295429,0.0011169420322403,0.0039601726457476,0.2223981916904449,0.080316923558712,0.0851113498210907,-0.079584851861,-0.0723044723272323,-0.1025741547346115,-0.0220960974693298,-0.1650491058826446,-0.1324378252029419
2015-07-10 00:00:00+00:00,66.17,67.0,65.56,65.51,-0.2,66.44,16.0,410.0,,,,63.72956943511963,63.24507953643799,6.199223008155823,6.197452030181885,101.74210151672364,99.84588851928712,-0.0030808933079242,-0.001814329996705,-0.0030138888396322,0.2600474059581756,0.0890869498252868,-0.0913508236408233,0.0267579369246959,0.0401838645339012,0.0876531153917312,-0.0217320304363966,-0.1520433872938156,-0.110567532479763
2015-07-13 00:00:00+00:00,65.51,65.75,65.3,65.73,0.22,65.49,11.0,406.0,,,,63.75220947265625,63.26332950592041,6.203046011924744,6.19715006351471,100.99290077209471,100.148198928833,-0.0040179826319217,-0.0050106779672205,-0.0040759639814496,-0.1842358708381652,-0.1153008192777633,-0.0923195630311966,0.0608666501939296,0.0819121897220611,0.1173707991838455,-0.0176524799317121,-0.1849299967288971,-0.0865565985441207
2015-07-14 00:00:00+00:00,65.51,66.1,65.5,66.17,0.44,65.53,61.0,406.0,,,,63.731220741271976,63.29919960021973,6.1987819480896,6.196360030174255,100.9173998260498,100.05767982482912,-0.0035548903979361,-0.0018138720188289,-0.0026298677548766,-0.1011437103152275,-0.0716741830110549,-0.0567894726991653,-0.018202356994152,-0.0224899090826511,-0.0790588408708572,0.0289560593664646,-0.0995404496788978,0.0646066069602966
2015-07-15 00:00:00+00:00,65.98,66.17,65.0,65.32,-0.85,65.81,29.0,412.0,,,,63.56909954071045,63.21728897094727,6.199295973777771,6.197732048034668,101.69840141296386,100.1617209625244,-0.0053206570446491,-0.0029828371480107,-0.0027764060068875,-0.0111575331538915,-0.0426358953118324,-0.0631235390901565,0.0779951885342598,0.096162162721157,0.1437618136405944,-0.0219374503940343,-0.1585261523723602,-0.0969837456941604
2015-07-16 00:00:00+00:00,65.51,65.51,64.87,65.3,-0.02,65.25,18.0,417.0,,,,63.733471145629885,63.400350379943845,6.202457051277161,6.196633043289185,101.423500289917,100.3555995941162,-0.0038422520738095,-0.0023003288079053,-0.0026616030372679,-0.4245741665363312,-0.3444618284702301,-0.119908258318901,-0.0166629031300544,-0.0214913934469223,-0.0910958051681518,-0.023571640253067,-0.1934959590435028,-0.0965393483638763
2015-07-17 00:00:00+00:00,65.3,65.91,65.3,65.87,0.57,65.44,33.0,415.0,,,,63.73952110290527,63.37057041168213,6.203888025283813,6.197304148674011,101.30689994812012,100.01030014038086,-0.0046816100366413,-0.002371734008193,-0.0027741228695958,-0.3145701289176941,-0.2435358464717865,-0.1038786917924881,-0.0487605594098567,-0.0559820607304573,-0.1062497273087501,-0.0329423993825912,-0.213639885187149,-0.1048591360449791
2015-07-20 00:00:00+00:00,65.57,66.72,65.09,65.85,-0.02,65.98,41.0,413.0,,,,63.64118083953858,63.37126041412353,6.203035035133362,6.197131171226501,100.792720413208,99.95608924865722,-0.0044691795483231,-0.0020619789138436,-0.0024387226440012,-0.1595082730054855,-0.1573245823383331,-0.0959258303046226,0.076236568391323,0.0493691898882389,0.1834681332111358,0.1394182741641998,0.4196973443031311,0.2898018360137939
2015-07-21 00:00:00+00:00,65.69,65.69,65.69,65.4,-0.45,65.69,3.0,423.0,,,,63.82025077819824,63.41939102172852,6.20301703453064,6.197255177497864,101.44450057983398,100.01411987304688,-0.0056950710713863,-0.0036460061091929,-0.0028525134548544,0.0404824689030647,-0.1622494906187057,-0.1160565912723541,0.029878819361329,0.0520711056888103,0.0940690487623214,-0.0355879887938499,-0.2284591645002365,-0.1238410100340843
2015-07-22 00:00:00+00:00,65.34,65.72,65.04,65.64,0.24,65.34,10.0,424.0,,,,63.717749710083005,63.396619911193845,6.200086040496826,6.197227168083191,101.73040107727051,100.19613967895508,-0.0050077755004167,-0.0026568984612822,-0.0026584169827401,-1.1478044986724854,-0.5319886207580566,-0.1737769842147827,0.0065240897238254,0.0169806517660617,0.0915131419897079,-0.0427709743380546,-0.3155441284179687,-0.3702335953712463
2015-07-23 00:00:00+00:00,65.6,66.25,65.4,65.92,0.28,65.81,17.0,421.0,,,,63.83318050384521,63.464440727233885,6.202863030433655,6.196637153625488,101.586900100708,100.24962982177736,0.0106510547921061,0.0081578195095062,0.0048960740678012,-0.023412836715579,-0.0939709693193435,-0.1297773122787475,0.1993791610002517,0.2150192260742187,0.1697052866220474,-0.0414152555167675,-0.2666657865047455,-0.1909012049436569
2015-07-24 00:00:00+00:00,66.08,66.08,65.63,65.84,-0.08,65.78,6.0,427.0,,,,64.06509117126465,63.63564102172852,6.203003029823304,6.196758155822754,101.15449951171875,100.24102989196776,0.0027983307372778,0.0018772663315758,0.0036950984504073,-0.6812431812286377,-0.3352381587028503,-0.1567278653383255,0.2341777682304382,0.2239557206630706,0.2276209890842437,-0.043210782110691,-0.3068500161170959,-0.6675508618354797
2015-07-27 00:00:00+00:00,65.84,65.84,64.03,64.31,-1.53,64.71,62.0,426.0,,,,64.17998153686523,63.86374057769776,6.202222046852111,6.196901149749756,100.94779975891112,100.177840423584,0.0010822673793882,0.0007261113496497,0.0022296162787824,-1.2293390035629272,-0.6545462608337402,-0.2315218597650528,0.0922480076551437,0.0836241766810417,0.1258460581302642,-0.0434075780212879,-0.2957383990287781,-0.2643574178218841
2015-07-28 00:00:00+00:00,64.13,64.59,63.3,64.38,0.07,63.91,88.0,416.0,,,,64.35504936218261,63.82492988586426,6.203085026741028,6.19718116760254,101.4267008972168,99.93491958618164,0.001441249041818,0.0017716294387355,0.0025014718994498,0.0816131457686424,0.0522041209042072,-0.1231899186968803,-0.1944232434034347,-0.1985967457294464,-0.1273335516452789,-0.0414152555167675,-0.2737344801425934,-0.1180326491594314
2015-07-29 00:00:00+00:00,64.13,64.2,63.71,63.89,-0.49,64.04,19.0,436.0,,,,64.02033054351807,63.7322002029419,6.199789943695069,6.197417140007019,101.75160118103028,99.94574829101562,-0.0015427467878907,-0.0005103746661916,0.0019128326093778,-0.2783470153808594,-0.1765711307525634,-0.1748466044664383,0.0621660761535167,0.0403405763208866,0.1309914886951446,-0.0431645400822162,-0.2662058472633362,-0.1313681751489639
2015-07-30 00:00:00+00:00,63.89,64.21,63.89,63.66,-0.23,64.03,5.0,431.0,,,,64.08677085876465,63.73488010406494,6.201417050361633,6.197431044578552,101.64899742126464,100.23460960388184,0.0038451987784355,0.0032105366699397,0.0044358759187161,0.787611186504364,0.2971976399421692,0.2304635792970657,0.0696473941206932,0.072658970952034,0.1440998017787933,-0.0414152555167675,-0.2784135937690735,-0.1231269612908363
2015-07-31 00:00:00+00:00,63.51,64.34,63.41,64.01,0.35,63.92,16.0,430.0,,,,64.22992050170899,63.83012020111084,6.203009037971497,6.196995167732239,101.58609901428224,99.9824208831787,0.0032246329355984,0.0021315230987966,0.0026460404042154,-0.5121625065803528,-0.2128156423568725,-0.1849531680345535,-0.0783031657338142,-0.1072227954864502,-0.1085878834128379,-0.0414152555167675,-0.2876407206058502,-0.1179156303405761
2015-08-03 00:00:00+00:00,64.06,65.5,63.31,65.36,1.35,64.71,311.0,429.0,,,,64.04397033691406,63.65487071990967,6.199791011810302,6.199317030906677,101.4326498413086,100.05837668100996,0.001464070752263,0.0010060827480629,0.0023294826969504,0.0893371254205703,0.1016527637839317,0.1806394159793853,0.0360396169126033,0.0325060561299324,0.1243966817855835,-0.0455045998096466,-0.4558857381343841,-0.2446032017469406
2015-08-04 00:00:00+00:00,65.25,65.49,65.01,64.91,-0.45,65.15,10.0,470.0,,,,64.21522903442383,63.83340942382812,6.199897050857544,6.199086008071899,101.48500677744548,100.20088521957398,-0.004657897632569,-0.0024328518193215,-0.00259898789227,0.6458281874656677,0.1754576861858368,-0.4311991930007934,-0.1001817286014556,-0.1270758211612701,-0.1594893038272857,-0.0433950200676918,-0.2903628647327423,-0.145259752869606
2015-08-05 00:00:00+00:00,65.02,65.02,64.82,64.75,-0.16,64.88,6.0,237.0,,,,64.05502040863037,63.65957015991211,6.1998880052566525,6.199054927825928,101.15947998046876,100.15571983337402,-0.0016871246043592,-0.0014770898269489,0.0026806143578141,-0.1099498569965362,-0.1222087144851684,-0.1800133734941482,-0.0528217740356922,-0.0702970623970031,-0.0800983011722564,-0.0192398913204669,-0.2258289754390716,-0.1324204951524734
2015-08-06 00:00:00+00:00,64.75,64.75,63.51,63.5,-1.25,64.42,49.0,236.0,,,,63.93299057006836,63.44143035888672,6.20005304813385,6.19907392501831,101.81040229797364,100.231261138916,0.0020488495938479,0.0011595237301662,0.0030887946486473,1.039220690727234,0.3464617133140564,0.2055176496505737,0.0025853377301245,0.0143427178263664,0.1382905840873718,-0.0413032993674278,-0.2646419405937195,-0.1550405621528625
2015-08-07 00:00:00+00:00,63.41,63.41,62.69,62.77,-0.73,63.02,36.0,224.0,,,,64.05246078491211,63.62279006958008,6.199769968986511,6.199091925621032,101.261000289917,100.0871604156494,0.0016493003349751,0.0018818422686308,0.0023942773696035,0.3401122987270355,0.2998596727848053,0.1999191641807556,0.0258028004318475,0.0148305278271436,0.1556175053119659,-0.0414152555167675,-0.2668218612670898,-0.1602760851383209
2015-08-10 00:00:00+00:00,62.77,63.5,62.4,63.12,0.35,62.9,32.0,219.0,,,,64.00509059906005,63.57608001708984,6.199784970283508,6.199033932685852,101.14030136108398,99.92307067871094,0.0021453900262713,0.0009805692825466,0.0023209971841424,-0.2515625059604645,-0.1789903938770294,-0.116340085864067,0.0208088774234056,0.0330290421843528,0.1244063600897789,-0.0433103032410144,-0.3209393918514251,-0.252147376537323
2015-08-11 00:00:00+00:00,63.12,63.12,62.73,62.71,-0.41,62.97,9.0,220.0,,,,64.04665054321289,63.66279079437256,6.211424965858459,6.203937940597534,101.96190170288088,100.1685986328125,0.0937140211462974,0.0963715091347694,0.0408497899770736,-0.3358891904354095,-0.2172726094722747,-0.1181586682796478,0.3453250229358673,0.3373655378818512,0.2867341935634613,-0.0352257303893566,-0.1829495280981063,-0.1031903475522995
2015-08-12 00:00:00+00:00,62.71,65.71,61.77,65.71,3.0,63.49,103.0,216.0,,,,64.26229026794434,63.75610080718994,6.2634650182724,6.259435148239136,101.7320652516683,99.97739137013754,0.0703264623880386,0.0767229199409484,0.0323732383549213,0.1402318328619003,0.1026165038347244,0.0875727012753486,0.4559623897075653,0.4069880843162536,0.3257287442684173,-0.0413032993674278,-0.2913609147071838,-0.1203695982694625
2015-08-13 00:00:00+00:00,65.85,67.9,65.71,67.15,1.44,66.01,86.0,194.0,,,,64.26229026794434,63.75610080718994,6.2634650182724,6.259435148239136,101.69887561798096,100.19882034301756,0.0036127706989645,0.0159594099968671,0.0146569581702351,0.1571800410747528,0.1540272086858749,0.0974746420979499,0.3500321209430694,0.3107560276985168,0.1793566048145294,-0.0363523699343204,-0.2234888970851898,-0.1094934791326522
2015-08-14 00:00:00+00:00,67.41,67.68,66.92,67.16,0.01,67.3,15.0,151.0,,,,64.26229026794434,63.75610080718994,6.2634650182724,6.259435148239136,101.74010116577148,100.02634929656982,0.0035479643847793,0.0037707884330302,0.0097605846822261,0.3171423971652984,0.1083657592535018,0.0915079414844513,-0.0844994559884071,-0.0727358758449554,-0.2172583043575287,-0.0402723848819732,-0.2747910022735595,-0.1196994557976722
2015-08-17 00:00:00+00:00,67.38,68.3,67.29,67.98,0.82,67.81,21.0,147.0,,,,64.91852020263671,64.2725227355957,6.419832000732422,6.324647903442383,101.65390014648438,99.44374938964845,0.0061082453466951,0.0039168586954474,0.0087730167433619,-0.4240692257881164,-0.3199087381362915,-0.106409303843975,0.1187855973839759,0.0870670676231384,-0.2479609549045562,-0.036251962184906,-0.345843106508255,-0.1072874069213867
2015-08-18 00:00:00+00:00,67.69,68.0,67.32,67.93,-0.05,67.66,15.0,154.0,,,,65.10487075805663,64.42488307952881,6.419513039588928,6.332720894813537,101.80919944763184,99.81297988891602,0.005707649514079,0.0034021572209894,0.007186684757471,-0.8710522055625916,-0.4439848959445953,-0.1434602588415146,-0.0813098475337028,-0.1256786286830902,-0.2865863442420959,0.1583061814308166,0.4352146685123443,0.2769185602664947
2015-08-19 00:00:00+00:00,67.76,67.89,66.75,67.36,-0.57,67.31,21.0,146.0,,,,65.10487075805663,64.42488307952881,6.4191650819778445,6.34017288684845,101.66379943847656,100.1490789794922,0.0049992804415524,0.0032657571136951,0.0070964414626359,0.1119190827012062,0.2535901963710785,0.1735236793756485,-0.2543516457080841,-0.2450076639652252,-0.3608567118644714,0.153584748506546,0.480725347995758,0.2571920752525329
2015-08-20 00:00:00+00:00,67.44,67.72,67.0,67.66,0.3,67.36,9.0,133.0,,,,65.10487075805663,64.42488307952881,6.419513039588928,6.332720894813537,100.69549987792968,99.06592956542968,0.0063827591948211,0.0030773216858506,0.0071859718300402,-0.0970709845423698,-0.0796987488865852,-0.1155669912695884,0.271286278963089,0.3140645921230316,-0.1650918126106262,0.2440545856952667,0.8201082944869995,0.4518036246299743
2015-08-21 00:00:00+00:00,67.11,67.11,67.02,67.64,-0.02,67.06,3.0,127.0,,,,65.10487075805663,64.42488307952881,6.420179958343506,6.31719591140747,101.64930122375488,100.18098907470704,0.0072091128677129,0.0026691113598644,0.006372436415404,0.2761342525482178,0.2178266793489456,0.1526204198598861,0.4312478601932525,0.4143778383731842,0.1656904518604278,-0.0239970255643129,-0.082091674208641,-0.0618489570915699
2015-08-24 00:00:00+00:00,66.71,66.71,64.64,64.64,-3.0,65.69,18.0,125.0,,,,65.10487075805663,64.42488307952881,6.420179958343506,6.31719591140747,101.47800010681152,99.988609085083,0.0072091128677129,0.0029120971448719,0.0066520189866423,-0.1247012913227081,0.0831748098134994,0.1214648336172103,0.5115376114845276,0.5909298658370972,0.175478994846344,0.0704327002167701,0.0909869000315666,0.0696563348174095
2015-08-25 00:00:00+00:00,64.45,64.64,63.21,63.76,-0.88,64.41,11.0,117.0,,,,65.10487075805663,64.42488307952881,6.4191650819778445,6.34017288684845,101.56560111999512,100.30527015686036,0.0051550813950598,0.0032756589353084,0.0076607661321759,-0.0012857650872319,0.0587789639830589,0.1296434700489044,-0.5161715745925903,-0.529089629650116,-0.4185141623020172,0.0265150815248489,-0.1029387339949607,-0.0828728899359703
2015-08-26 00:00:00+00:00,63.21,63.21,62.31,62.56,-1.2,62.94,13.0,113.0,,,,65.10487075805663,64.42488307952881,6.419513039588928,6.333962893486023,100.86739906311035,100.4943098449707,0.0037495025899261,0.002089109737426,0.005378508940339,-0.2820841670036316,-0.1383905708789825,-0.1383414268493652,-0.1387152224779129,-0.164165049791336,-0.2405556738376617,-0.0432392433285713,-0.2555801272392273,-0.1417260915040969
2015-08-27 00:00:00+00:00,63.06,63.19,63.06,63.83,1.27,63.16,4.0,116.0,,,,65.10487075805663,64.42488307952881,6.4191650819778445,6.34017288684845,100.92959899902344,100.51880973815918,0.003249711357057,0.001800769357942,0.0042213783599436,0.5438544750213623,0.2559959292411804,0.1550416499376297,0.0402117185294628,0.047571811825037,-0.1761985123157501,0.0805543512105941,0.2229721993207931,0.1976347267627716
2015-08-28 00:00:00+00:00,63.83,64.24,63.74,63.75,-0.08,63.95,8.0,118.0,,,,65.10487075805663,64.42488307952881,6.419513039588928,6.332720894813537,100.92959899902344,100.51880973815918,0.0014697489095851,0.003184390021488,0.0056751812808215,0.144977793097496,0.1232791915535926,0.1119662076234817,0.0837407708168029,0.0559999719262123,-0.1309359818696975,0.1085259914398193,0.3544448316097259,0.2860284149646759
2015-08-31 00:00:00+00:00,64.1,64.1,64.1,63.74,-0.01,64.1,1.0,118.0,,,,65.10487075805663,64.42488307952881,6.420179958343506,6.31719591140747,100.92959899902344,100.51880973815918,0.0065490035340189,0.0050169276073575,0.0043625580146908,0.1402966380119323,0.1742100268602371,0.1188942641019821,0.1208766400814056,0.1145582422614097,-0.1348964422941208,0.1105436235666275,0.4504479467868805,0.291534274816513
2015-09-01 00:00:00+00:00,63.65,63.73,63.36,63.58,-0.16,63.58,5.0,119.0,,,,66.63764060974121,65.81236038208007,6.40879192352295,6.346789031028748,102.61790092468262,101.95915832519532,0.0084135578945279,0.0060105086304247,0.0037178262136876,0.4786086082458496,0.3148162961006164,0.1518184542655944,0.0406288653612136,0.0875034108757972,-0.1368071138858795,-0.0313824154436588,-0.253887265920639,-0.1552129238843917
2015-09-02 00:00:00+00:00,62.83,63.0,62.78,63.18,-0.4,62.87,3.0,119.0,,,,66.63764060974121,65.81892036437988,6.40879192352295,6.346789031028748,102.72830062866213,102.12563827514649,0.0018658725311979,-0.0021662241779267,-0.0029510965105146,-0.2059577107429504,-0.1136242300271987,-0.1125501245260238,-0.0831198468804359,-0.0515960231423378,-0.1589674204587936,0.0352898687124252,0.0653504282236099,0.0823839753866195
2015-09-03 00:00:00+00:00,62.9,63.28,62.9,63.12,-0.06,63.11,5.0,118.0,,,,66.49875045776368,65.81155868530273,6.363035931587219,6.284504990577698,102.68500053405762,102.21361846923828,0.0138256782665848,0.0102127660065889,0.005842353682965,-0.022250136360526,-0.0746952295303344,-0.0781429037451744,-0.0137367006391286,-0.0378520861268043,-0.1517307311296463,0.0327520035207271,0.0934354215860366,0.0604936964809894
2015-09-04 00:00:00+00:00,62.5,63.0,62.5,63.07,-0.05,62.67,9.0,115.0,,,,66.26678024291992,65.83488075256348,6.363035931587219,6.284504990577698,102.67170059204102,102.06683830261233,0.0115629946812987,0.0086228605359792,0.0052574682049453,-0.0134062534198164,0.0682277530431747,-0.0852807015180587,0.2755962312221527,0.2370941638946533,0.1471915543079376,-0.0325698032975196,-0.2804177701473236,-0.0839973837137222
2015-09-08 00:00:00+00:00,62.5,62.5,62.5,63.29,,62.5,2.0,108.0,,,,66.87712882995605,65.83140060424805,6.40879192352295,6.346789031028748,102.70870056152344,102.13023864746094,0.0109578473493456,0.0061275698244571,0.0039681638590991,-0.0298053957521915,-0.0280269831418991,-0.074912741780281,-0.3166220784187317,-0.2456229627132415,0.1283423751592636,-0.0408478379249572,-0.5810316205024719,-0.1073072925209999
2015-09-09 00:00:00+00:00,63.15,63.94,63.15,63.32,0.03,63.46,3.0,106.0,,,,66.63764060974121,65.81236038208007,6.40879192352295,6.346789031028748,102.0409999847412,100.74026916503908,0.0109286261722445,0.0068523930385708,0.0046555115841329,-1.081194281578064,-0.4965311586856842,-0.1778687536716461,0.1107434704899787,0.0682564526796341,0.1819142699241638,0.2436393499374389,1.2040653228759766,0.535865306854248
2015-09-10 00:00:00+00:00,63.72,63.72,63.25,63.48,0.16,63.47,4.0,108.0,,,,66.87665885925293,65.8406005859375,6.40879192352295,6.346789031028748,102.44160087585448,101.55531875610352,0.0076223732903599,0.0040905238129198,0.0033664202783256,0.1218942403793335,0.084908403456211,0.108363002538681,-0.004536809399724,-0.0578053519129753,0.1304561048746109,-0.0375353321433067,-0.2540076375007629,-0.1837720572948455
2015-09-11 00:00:00+00:00,63.34,65.03,62.38,64.09,0.61,63.45,19.0,107.0,,,,66.63764060974121,65.81348037719727,6.40879192352295,6.346789031028748,102.25700073242189,101.5039786529541,0.0081834187731146,0.004263759125024,0.0031838910654187,0.655397355556488,0.4432718157768249,0.2168060690164566,0.1031423360109329,0.0637057423591613,0.1705528795719146,-0.0451990626752376,-0.5754557251930237,-0.3319800496101379
2015-09-14 00:00:00+00:00,64.24,64.44,63.51,63.51,-0.58,63.86,6.0,105.0,,,,66.63764060974121,65.81236038208007,6.40879192352295,6.346789031028748,102.2935008239746,101.49945877075196,0.0040025669150054,0.0035652774386107,0.0029646239709109,-0.3090367019176483,-0.139267161488533,-0.1252511888742447,0.0498159974813461,0.0661555826663971,0.2111827433109283,-0.03516336530447,-0.2102135121822357,-0.1728589385747909
2015-09-15 00:00:00+00:00,63.45,63.45,62.45,62.82,-0.69,62.88,11.0,107.0,,,,66.63764060974121,65.81236038208007,6.40879192352295,6.346789031028748,102.70870056152344,102.15661865234377,0.0066429683938622,0.0052040247246623,0.0038904955144971,0.3638622164726257,0.1407203823328018,0.1410856395959854,0.043337982147932,0.0344136171042919,0.1540381014347076,-0.0419419519603252,-0.3035321533679962,-0.2101141214370727
2015-09-16 00:00:00+00:00,63.35,63.35,62.29,62.38,-0.44,62.78,15.0,105.0,,,,66.58055923461914,66.11609909057617,6.364187030792237,6.35230507850647,103.27219993591308,102.55089958190918,0.0037883927579969,0.0036347112618386,0.0031751689966768,0.3469728231430053,0.1555697470903396,0.1658902019262313,-0.0534315519034862,-0.0554646961390972,0.1014703959226608,-0.0415910594165325,-0.3623444139957428,-0.2244292050600052
2015-09-17 00:00:00+00:00,62.31,62.31,61.31,61.83,-0.55,61.69,13.0,99.0,,,,66.43917823791504,66.00579895019531,6.36545804977417,6.353742103576661,103.80750129699707,102.2776010131836,0.0022542988881468,0.001502753002569,0.0021712339948862,0.2825410962104797,0.1317742764949798,0.1503248214721679,-0.0173197966068983,-0.0348463244736194,0.110505498945713,-0.0415629483759403,-0.3163251280784607,-0.267488956451416
2015-09-18 00:00:00+00:00,61.8,61.8,59.53,59.85,-1.98,60.77,20.0,98.0,,,,66.14597961425781,65.87124061584473,6.362468974590302,6.348909068107605,103.97680122375488,102.1099201965332,0.0053286533802747,0.0051123462617397,0.0027365463320165,0.2674593925476074,0.0959177315235138,0.1287528276443481,-0.438019722700119,-0.3776614069938659,-0.2487314641475677,-0.0339346937835216,-0.1984530687332153,-0.1926200836896896
2015-09-21 00:00:00+00:00,59.26,60.41,59.16,59.75,-0.1,59.66,19.0,91.0,,,,66.16246910095215,65.42902145385742,6.363933923244477,6.350826072692871,103.63620094299316,102.50570022583008,0.0065823961049318,0.0057529103942215,0.0040427972562611,0.378452718257904,0.2112104892730713,0.1724886298179626,-0.1391994208097458,-0.1753613650798797,-0.1187880486249923,-0.0246121324598789,-0.0912421569228172,-0.1243341714143753
2015-09-22 00:00:00+00:00,60.0,60.68,58.57,58.73,-1.02,59.82,66.0,82.0,,,,65.84629051208496,65.14578231811524,6.364426031112671,6.3540990972518925,103.63620094299316,102.50570022583008,0.0053548556752502,0.0047836042940616,0.0035951267927885,0.2083184570074081,0.1051009446382522,0.1688630431890487,0.0008097828831523,0.0380957946181297,0.0999870672821998,-0.0284470170736312,-0.0805113092064857,-0.1239486932754516
2015-09-23 00:00:00+00:00,58.75,59.58,58.48,58.7,-0.03,58.89,14.0,55.0,,,,66.26194877624512,65.46676147460937,6.377692975997925,6.358028049468994,103.67520072937012,102.56130043029783,0.0090453485026955,0.0048108859919011,0.0039864582940936,0.030655663460493,0.1668846905231475,0.1851468086242675,0.0413270257413387,0.0527743771672248,-0.1019020304083824,-0.0347245931625366,-0.2521029114723205,-0.2173496037721634
2015-09-24 00:00:00+00:00,59.04,59.04,59.04,59.04,0.34,,14.0,45.0,,,,66.33107872009278,65.95569877624511,6.403005924224853,6.34545403957367,103.43089973449707,102.53970008850098,-0.0013872574781998,-0.0016648588934913,-0.0023987682070583,0.1930963695049286,0.2100030183792114,0.1855609267950058,-0.0292227715253829,-0.0485855340957641,-0.1035556346178054,-0.0427833013236522,-0.3323714733123779,-0.3094982802867889
2015-09-25 00:00:00+00:00,60.21,60.21,60.21,59.64,0.6,60.21,1.0,45.0,,,,66.53568870544433,65.91262870788574,6.401041927337647,6.3447120475769045,103.51520042419432,102.47599983215332,-0.0021902769804,-0.0026766411028802,-0.0023102269042283,0.4098944067955017,0.2287826091051101,0.2054174840450287,-0.020225828513503,-0.0593939945101738,-0.1516546756029129,-0.0384049452841281,-0.2434966564178466,-0.1954981684684753
2015-09-28 00:00:00+00:00,60.3,60.31,60.3,59.8,0.16,60.31,8.0,16.0,,,,66.3068685913086,65.94055030822754,6.36994993686676,6.358059997558594,103.67840072631836,102.59070106506348,0.0012298674555495,0.0011477385414764,0.0026442578528076,0.2101796120405197,0.1561305224895477,0.2175297886133194,-0.0719921961426734,-0.0717658475041389,-0.1136581152677536,-0.0356623791158199,-0.2227703630924224,-0.148655816912651
2015-09-29 00:00:00+00:00,60.05,60.05,60.05,60.05,0.25,,8.0,8.0,,,,66.72197952270508,65.99494010925292,6.363001036643982,6.350320100784302,104.08740226745606,102.24890159606932,0.0060163545422255,0.0028823432512581,0.0028088160324841,0.0125382468104362,0.0509957894682884,0.2077453434467315,-0.1849252879619598,-0.152172565460205,-0.0879509896039962,-0.0367233790457248,-0.2935556173324585,-0.1824161261320114
2015-09-30 00:00:00+00:00,59.49,59.49,59.49,59.49,-0.56,,8.0,8.0,,,,66.11405906677246,65.444521484375,6.362895874977112,6.351385035514832,103.65500091552734,102.56600044250489,-0.0085145188495516,-0.0074146674014627,-0.0043607838451862,0.038416963070631,0.0896734595298767,0.2261353433132171,-0.1571584939956665,-0.1557518988847732,-0.0594992525875568,-0.0343654081225395,-0.2081481665372848,-0.1371245831251144
2015-10-01 00:00:00+00:00,59.65,59.65,59.65,59.65,0.16,,8.0,8.0,,,,65.66886024475097,65.18573112487793,6.3502621076107015,6.3461486434936525,104.09060180664062,102.48699996948244,0.006762693170458,0.0050113974139094,0.002344669541344,0.771418571472168,0.3546459674835205,0.2851541340351105,0.0602163411676883,0.0526218302547931,0.1951915323734283,-0.0411064028739929,-0.3050470650196075,-0.2251165807247162
2015-10-02 00:00:00+00:00,59.2,59.2,59.2,59.2,-0.45,,8.0,8.0,,,,65.76929908752442,65.26554946899414,6.3502621076107015,6.3461486434936525,104.21990158081054,102.81160026550292,0.0069330129772424,0.0057830037549138,0.0026995870284736,0.1741345226764679,0.1473733186721801,0.2197152525186538,-0.2858994305133819,-0.272576630115509,-0.0731448084115982,-0.0363152101635932,-0.2728868424892425,-0.1660400629043579
2015-10-05 00:00:00+00:00,60.93,60.93,60.93,60.93,1.73,,1.0,8.0,,,,65.35184982299805,64.56656120300293,6.3502621076107015,6.3461486434936525,104.0618019104004,102.76340072631837,0.0077936551533639,0.00418396666646,0.0023653407115489,0.4045796692371368,0.2833814620971679,0.2278604954481125,-0.1195020675659179,-0.0910554975271225,0.0907178223133087,-0.0376753322780132,-0.3695500493049621,-0.1591415703296661
2015-10-06 00:00:00+00:00,61.14,61.14,61.14,61.14,0.21,,1.0,7.0,,,,65.42234870910644,64.86844161987305,6.3502621076107015,6.3461486434936525,104.24439987182618,102.51850006103516,0.0087822107598185,0.0052517275325953,0.0028009391389787,0.1292798072099685,0.1684449613094329,0.1904369890689849,0.1904979199171066,0.164425641298294,0.2320760041475296,-0.0407932884991169,-0.4994922280311584,-0.1689730882644653
2015-10-07 00:00:00+00:00,61.91,61.93,61.91,61.94,0.8,61.92,7.0,7.0,,,,65.30646926879882,64.7003727722168,6.3502621076107015,6.3461486434936525,103.32909927368163,102.46859985351564,0.0082013783976435,0.0052509000524878,0.002881153486669,-0.0092034544795751,0.0567774660885334,-0.1421995460987091,-0.1545579135417938,-0.1886233389377594,0.0692930594086647,0.2325825691223144,1.0237172842025757,0.4312434792518616
2015-10-08 00:00:00+00:00,62.27,62.45,61.44,61.72,-0.33,61.95,12052.0,121066.0,59.0,,,65.22136924743653,64.65905220031738,6.350550117254256,6.348426556587219,104.243501663208,102.60129920959471,-0.0010358340805396,-0.0011203594040125,-0.0019514032173901,0.2795336246490478,0.2078163176774978,0.1663898825645446,0.048439010977745,0.0619990639388561,0.2104731500148773,-0.0457482635974884,-0.3777447640895843,-0.3476540744304657
2015-10-09 00:00:00+00:00,61.58,62.24,60.97,61.61,-0.11,61.66,19130.0,120104.0,194.0,,500.0,65.17942855834961,64.59613243103027,6.350550117254256,6.348426556587219,104.34049934387208,102.52909950256348,-0.0038750630337744,-0.0036365785636007,-0.002463020151481,0.8528786301612854,0.4129261970520019,-0.2028905749320984,-0.1363348066806793,-0.1336394995450973,0.1211663037538528,-0.0454281568527221,-0.4182437360286712,-0.19392891228199
2015-10-12 00:00:00+00:00,61.82,62.19,61.51,61.69,0.08,61.8,10666.0,119214.0,22.0,,,64.81348884582519,64.20773262023926,6.343799630880356,6.327747941017151,103.06939964294432,102.51160003662108,-0.0141856707632541,-0.0166277308017015,-0.0079447012394666,-0.134743332862854,-0.1545405685901641,-0.1489575952291488,-0.051054410636425,-0.0470424443483352,0.1485186368227005,0.1933387964963913,0.5088602304458618,0.2800709307193756
2015-10-13 00:00:00+00:00,61.65,64.16,61.53,63.86,2.17,63.08,33594.0,117475.0,50.0,,,65.06596916198731,64.44247314453125,6.3318455269336695,6.251416578292846,103.31109962463378,102.41030082702636,0.0158019587397575,0.0137813985347747,0.0046802829019725,0.3363880217075348,0.137048602104187,-0.1132811158895492,0.1112095341086387,0.1206970438361167,0.289987564086914,0.180593341588974,0.6631225943565369,0.3468478322029114
2015-10-14 00:00:00+00:00,63.86,64.08,63.41,63.76,-0.1,63.89,16751.0,115200.0,9.0,34.0,,65.25703910827637,64.67993240356445,6.349680118322372,6.345418553352356,103.8321997833252,102.5961986541748,-0.0019233776256442,-0.0009047632338479,-0.0017389733111485,-0.0868980437517166,-0.0907303765416145,-0.1380717754364013,-0.0047358842566609,0.0146400723606348,0.0935345366597175,-0.0371359810233116,-0.1257598400115966,-0.2360533475875854
2015-10-15 00:00:00+00:00,63.75,63.76,63.15,63.44,-0.32,63.43,12831.0,116357.0,90.0,5.0,,64.98886894226074,64.29393287658691,6.350550117254256,6.346964554786682,104.00920188903808,102.73050086975098,-0.0035626532044261,-0.0016324952011927,-0.0034640065860003,0.2360793352127075,0.1300081759691238,-0.116780087351799,0.0339458659291267,0.0245263949036598,0.1161998137831687,-0.0469192862510681,-0.2391046583652496,-0.2232265025377273
2015-10-16 00:00:00+00:00,63.55,63.95,62.87,63.85,0.41,63.51,11027.0,116300.0,2.0,,,64.97039131164551,64.55005027770996,6.344374865293503,6.337071270942688,104.2119002532959,102.55710067749024,-0.0007900616037659,0.0007325533078983,-0.0020126006565988,0.3381136655807495,-0.189969465136528,-0.1294654011726379,-0.0179751552641391,-0.0465763732790946,0.1741475760936737,-0.0304474085569381,-0.3204225301742553,-0.2121032178401947
2015-10-19 00:00:00+00:00,63.95,64.07,62.96,63.24,-0.61,63.52,13053.0,115344.0,40.0,,,64.97881149291992,64.5521516418457,6.347518882989883,6.344808032512665,104.1275009918213,102.76450057983398,0.0003261767269577,0.0003850368666462,-0.0016618323279544,-0.0023547948803752,-0.1271457374095916,-0.115568570792675,0.0891654640436172,0.1118300184607505,0.1765048205852508,-0.0388433411717414,-0.2298862040042877,-0.2102453261613845
2015-10-20 00:00:00+00:00,63.47,63.87,63.16,63.78,0.54,63.71,8768.0,114896.0,81.0,22.0,,65.24672058105469,64.81034858703613,6.354426210641861,6.34698136806488,104.35899978637696,102.65189918518068,0.0038745037745684,0.0026507077272981,0.0026190949138253,0.1984160840511322,0.1323526203632354,-0.0912413224577903,0.0472373142838478,0.0488592572510242,0.0884863585233688,-0.0428268611431121,-0.2513528168201446,-0.1563094109296798
2015-10-21 00:00:00+00:00,63.65,64.66,63.65,64.23,0.45,64.35,20798.0,114531.0,20.0,,,65.32072975158691,64.83370803833007,6.343965886831284,6.334872937202453,103.43910110473632,102.81659980773924,0.0022427006624639,0.0022447367664426,0.002065293258056,0.1325897127389907,0.1350948512554168,-0.0993704870343208,0.1031876280903816,0.0877973586320877,0.1396837532520294,-0.0371703319251537,-0.2350764274597168,-0.1699272394180297
2015-10-22 00:00:00+00:00,64.23,64.69,62.37,62.52,-1.71,63.32,22515.0,115374.0,34.0,,,65.29963180541992,64.86155044555665,6.3453244636058805,6.339240789413452,104.29779945373537,102.60899894714356,0.0031469103414565,0.0024404812138527,0.0023560381960123,0.5794824361801147,0.289694607257843,-0.1353079974651336,-0.0247545503079891,-0.012401046231389,-0.0702805742621421,-0.0389445498585701,-0.2530391216278076,-0.1857128888368606
2015-10-23 00:00:00+00:00,62.75,63.07,62.42,62.76,0.24,62.68,9767.0,112600.0,167.0,95.0,,65.23570091247558,64.85890151977539,6.351407182931901,6.345985660552978,103.4753010559082,102.8240998840332,0.00100517377723,0.0005565966130234,0.0021611689589917,0.256004273891449,0.1466724872589111,-0.117291085422039,-0.0149218682199716,-0.0532506331801414,-0.0738158896565437,-0.0418441295623779,-0.2652783989906311,-0.1980143338441848
2015-10-26 00:00:00+00:00,62.68,62.75,61.91,62.13,-0.63,62.27,13481.0,111740.0,196.0,,,65.14134048461914,64.72828979492188,6.345115851163865,6.338295588493347,104.2060011291504,102.71150169372558,0.0067942403256893,0.0042960927821695,0.0028038192540407,0.1632379293441772,-0.1129495948553085,-0.1140028089284896,0.0026697556022554,-0.0191839169710874,0.0824010670185089,-0.0433229431509971,-0.3389650285243988,-0.2456604540348053
2015-10-27 00:00:00+00:00,62.36,63.18,62.18,62.34,0.21,62.77,10783.0,110062.0,475.0,22.0,,65.20160041809082,64.7586686706543,6.347621177196503,6.343464853763581,103.97219940185546,102.86929954528809,0.0023625269532203,0.0026647946797311,0.0020483795087784,-0.3002749681472778,-0.1773299127817154,-0.1185657009482383,0.0289461873471736,0.0206253938376903,0.1058549657464027,-0.0368018858134746,-0.2155274897813797,-0.1981734335422516
2015-10-28 00:00:00+00:00,62.34,62.9,62.2,62.67,0.33,62.59,9437.0,109936.0,32.0,,,65.27082145690918,64.85267967224121,6.347397213220596,6.344189026355743,103.49180053710936,102.50550094604492,0.0052889087237417,0.0037207647692412,0.0028875863645225,-0.3274363875389099,-0.3606022298336029,-0.1396180242300033,-0.0401342958211898,-0.0143237588927149,-0.102663442492485,-0.046903159469366,-0.349293977022171,-0.1165375337004661
2015-10-29 00:00:00+00:00,62.69,62.92,62.16,62.32,-0.35,62.32,12247.0,109240.0,33.0,,,65.33954963684081,64.85849906921386,6.35151333808899,6.345581660270691,103.49130058288574,102.5582007598877,0.0012941691093146,0.0005819651996716,0.0015294760232791,-0.1209118366241455,-0.0664153173565864,-0.1345396786928177,0.3111467361450195,0.3079465925693512,0.2706161141395569,0.0310136824846267,0.1685856878757476,0.1619901806116104
2015-10-30 00:00:00+00:00,62.36,63.44,62.36,63.32,1.0,63.16,14875.0,106492.0,45.0,8.0,,65.52520988464356,64.92350028991699,6.350299194574356,6.342114038467408,103.49130058288574,102.5069009399414,-0.0240426678210496,-0.0261478833854198,-0.011242389678955,0.4174752533435821,0.1997006684541702,-0.126869723200798,-0.132914662361145,-0.132453367114067,-0.0805666446685791,-0.0330564267933368,-0.2141298949718475,-0.1271273046731948
2015-11-02 00:00:00+00:00,63.34,63.44,62.14,63.29,-0.03,62.89,16345.0,105216.0,7.0,76.0,,65.52109985351562,64.65144981384277,6.333968014717102,6.286806030273437,104.43799987792968,103.29070022583008,0.0135243255645036,0.0165034718811512,0.0060963276773691,-0.2119010984897613,-0.1101426482200622,-0.1162189021706581,0.0594254918396472,0.0531118027865886,-0.0752975568175315,-0.0441636517643928,-0.3674176335334778,-0.2987319231033325
2015-11-03 00:00:00+00:00,63.37,63.85,62.52,62.57,-0.72,63.16,18448.0,102516.0,48.0,22.0,,65.79866241455078,65.39719993591308,6.335977053642273,6.320937123298645,104.43799987792968,103.28860023498537,0.0013990126317366,0.0010001076152548,0.0019300362328067,-0.4851822853088379,-0.2166372835636139,-0.1197144091129303,0.0499651581048965,0.0358230024576187,0.0938651710748672,-0.0441592819988727,-0.350261777639389,-0.2760390341281891
2015-11-04 00:00:00+00:00,62.64,62.89,61.8,61.94,-0.63,62.22,25598.0,98434.0,104.0,1500.0,500.0,65.73830192565919,65.32198013305664,6.335753045082092,6.31569109916687,104.89859954833985,103.463900680542,0.001027449616231,0.0006430799257941,0.0020678457804024,-0.3945106565952301,-0.1865844130516052,-0.1111749932169914,-0.0386645980179309,-0.0222932361066341,-0.0846775919198989,-0.0356177687644958,-0.2217702865600586,-0.1120057478547096
2015-11-05 00:00:00+00:00,62.13,62.3,61.76,61.95,0.01,61.99,15041.0,91368.0,93.0,,,65.87086128234863,65.36627960205078,6.336068067550659,6.32099612236023,104.94049995422364,103.68690086364748,0.0019168072612956,0.0034561946522444,0.0020276571158319,-0.5816652178764343,-0.4548059999942779,-0.1680449992418289,0.1704471856355667,0.2153837233781814,0.1115564107894897,-0.0338928960263729,-0.2327539473772049,-0.1155005469918251
2015-11-06 00:00:00+00:00,62.13,62.2,61.65,61.66,-0.29,61.8,19264.0,87847.0,640.0,,,66.07953140258789,65.45411933898926,6.339843173027038,6.332514972686767,104.49620010375976,103.44970039367676,0.00033044553129,0.0007638236274942,-0.001932498649694,-0.5572479367256165,-0.2365508824586868,-0.1518519818782806,0.0854949802160263,0.065158724784851,0.1209380850195884,-0.0344632491469383,-0.1905425488948822,-0.137138232588768
2015-11-09 00:00:00+00:00,61.87,62.07,61.61,61.9,0.24,61.77,20040.0,80755.0,2029.0,,,66.50677940368652,66.21336013793945,6.344216146469116,6.338304166793823,104.89699981689454,103.57220077514648,-0.000234838342294,0.0010994041804224,0.0035703724715858,-0.5509661436080933,-0.2435586154460907,-0.1821427941322326,0.2115985304117202,0.2206297367811203,0.2319742739200592,0.0326219275593757,-0.2297190725803375,-0.130820944905281
2015-11-10 00:00:00+00:00,61.94,62.91,61.61,61.93,0.03,62.11,24172.0,69798.0,178.0,320.0,,66.63994049072265,65.9277986907959,6.357592988014221,6.350012097358704,104.01689971923828,102.62420135498049,5.049765263720474e-07,-0.0011729678371921,0.0030173242557793,-0.542651891708374,-0.2878027558326721,-0.1597747951745987,-0.256052166223526,-0.2476169615983963,-0.2540749013423919,0.0785513296723365,0.1534449458122253,0.2274935245513916
2015-11-11 00:00:00+00:00,61.94,62.59,61.87,62.18,0.25,62.27,15393.0,61609.0,54.0,89.0,,66.39675079345703,66.00726135253906,6.355209920406342,6.34675708770752,104.46439987182616,103.32080024719238,0.0016366704367101,0.0013140288647264,0.0017280173487961,-0.7094523310661316,-0.4682563245296478,-0.2433086782693863,-0.0674538165330886,-0.0805461034178733,-0.1584164202213287,-0.0593471825122833,-0.6185031533241272,-0.494999885559082
2015-11-12 00:00:00+00:00,62.18,62.47,61.72,61.84,-0.34,62.05,19456.0,53860.0,172.0,1000.0,500.0,66.25121978759766,65.86420043945313,6.363708901405334,6.355115075111389,103.55330024719238,102.72700065612791,-0.0008006459684111,-0.0011632485548034,-0.0018850810592994,-0.6364511847496033,-0.4902263581752777,-0.2354703843593597,-0.0041145775467157,0.016898363828659,-0.143731415271759,0.0590728744864463,0.134643018245697,0.2337901890277862
2015-11-13 00:00:00+00:00,61.84,62.02,61.36,61.68,-0.16,61.64,19605.0,44724.0,123.0,155.0,,66.24197975158691,65.81091888427734,6.360755114555359,6.3570100212097165,103.29120040893557,102.91589981079102,0.0025982065126299,0.0020551928319036,0.0022467703092843,-0.4316816627979278,-0.2885025143623352,-0.1976146548986435,-0.001624027499929,0.0163624957203865,-0.1140302047133445,0.2512031495571136,0.9565359950065612,0.456432968378067
2015-11-16 00:00:00+00:00,61.58,62.85,61.26,61.74,0.06,61.94,17922.0,33371.0,814.0,1011.0,1500.0,66.26236938476562,65.837398147583,6.373695011138916,6.361302003860474,105.12700157165528,103.95830017089844,-0.0039891772903501,-0.0026243010070174,-0.0030712315347045,0.5450084805488586,0.3474941253662109,-0.2193245738744735,-0.0584219433367252,-0.0821227878332138,-0.16006700694561,-0.0534627847373485,-0.3758856058120727,-0.3151665329933166
2015-11-17 00:00:00+00:00,61.88,62.25,61.44,61.53,-0.21,61.82,7657.0,20632.0,1508.0,54.0,2102.0,66.1764598083496,65.53775932312011,6.360499081611633,6.3580170297622685,104.32240058898924,103.9230010986328,0.0011226850328966,0.0012334134662523,0.0019224520074203,-0.0932326167821884,-0.0477878376841545,-0.1531814336776733,0.0128420181572437,0.0498270355165004,-0.1173574328422546,-0.055143155157566,-0.4787758886814117,-0.3475837111473083
2015-11-18 00:00:00+00:00,61.6,61.95,61.49,61.52,-0.01,61.63,5576.0,12711.0,87.0,,,66.18539886474609,65.6347794342041,6.373242049217224,6.358296008110046,104.09660018920898,103.77750129699707,-0.0008428042638115,-0.0010568446014076,0.0019436181755736,0.1314376294612884,0.1077905148267746,0.1662065535783767,0.0512828156352043,0.051292635500431,-0.0922353267669677,-0.0431918166577816,-0.3750775456428528,-0.2316224128007888
2015-11-19 00:00:00+00:00,61.55,62.22,61.52,61.58,0.06,61.9,5249.0,7729.0,489.0,,,66.2700495147705,65.92444061279296,6.376586980819702,6.3628520679473874,104.19780113220214,103.76010192871094,-0.00476147653535,-0.0034233783371746,-0.0034020959865301,0.4923064112663269,0.2391724586486816,0.210538163781166,-0.037733931094408,-0.0327194742858409,-0.120539903640747,-0.0464959368109703,-0.4864426553249359,-0.3417337238788605
2015-11-20 00:00:00+00:00,61.79,61.98,59.82,60.04,-1.54,61.22,3444.0,3775.0,331.0,,,66.20175018310547,65.90923988342286,6.379180002212524,6.361986036300659,104.61749977111816,103.68720161437987,-0.0052053262479603,-0.0038118958473205,-0.0031625854317098,1.5340349674224854,0.8657554388046265,0.340790182352066,0.0019757382106035,0.0247426610440015,-0.1209257021546363,0.0290287639945745,-0.0269640441983938,0.1788068562746048
2015-11-23 00:00:00+00:00,59.99,60.95,59.72,60.16,0.12,60.29,627.0,686.0,,,,66.18115928649902,65.81567909240722,6.384768962860107,6.358739070892334,104.6012996673584,103.5371012878418,-8.664312917971984e-05,0.0007787368958815,0.0018801903352141,0.0088411131873726,0.100371167063713,-0.1121951267123222,0.1459258645772934,0.139524295926094,0.1511171907186508,0.1196314841508865,0.3347955346107483,0.2459007501602172
2015-11-24 00:00:00+00:00,60.49,60.89,60.4,60.6,0.44,60.68,69.0,294.0,,,,66.60946937561035,66.27808082580566,6.392351021766663,6.374427008628845,104.07929962158204,103.5285019683838,-0.0048937103711068,-0.0035496752243489,-0.0032251388765871,-0.1762458533048629,-0.0648170262575149,-0.1050252467393875,-0.0109420046210289,-0.0244213081896305,0.0855248123407363,0.1573735773563385,0.412454754114151,0.2842873036861419
2015-11-25 00:00:00+00:00,60.75,62.34,60.75,61.98,1.38,61.88,23.0,131.0,,,,66.52482063293456,66.08572006225586,6.391897025108338,6.376744012832642,104.08169990539552,103.53990211486816,-0.0048238118179142,-0.003383407369256,-0.0033053336665034,0.2680148184299469,0.1409119665622711,-0.1036663278937339,0.0433296561241149,0.0292681865394115,-0.1220472604036331,0.0236614402383565,-0.0680718123912811,0.1595805883407592
2015-11-27 00:00:00+00:00,62.75,62.75,62.49,62.63,,62.56,4.0,69.0,,,,66.66204132080078,66.13920120239258,6.391608037948608,6.37779896736145,104.59479949951172,103.61100128173828,0.0080956788733601,0.0058793937787413,0.0031681456603109,-0.6109630465507507,-0.2690980136394501,-0.1216604486107826,0.1162056997418403,0.1310670971870422,0.1223899871110916,0.1399671137332916,0.4230915009975433,0.3547952175140381
2015-11-30 00:00:00+00:00,62.45,62.45,61.47,61.3,-1.33,62.2,26.0,53.0,,,,66.76297004699707,66.25478187561035,6.399032874107361,6.380000991821289,104.12429916381836,103.54770141601564,0.000402693694923,0.0009599981713108,0.0020019053481519,-0.3994759321212768,-0.1522574871778488,-0.0842213928699493,-0.2068983167409896,-0.2226863205432891,-0.1951565146446228,0.1866182088851928,0.7301797866821289,0.3986427187919616
2015-12-01 00:00:00+00:00,60.04,62.21,60.04,62.2,0.9,61.89,7.0,42.0,,,,66.72225982666015,66.29130088806153,6.400876975059509,6.379366002082825,104.24290000915528,103.84630119323732,-0.0034236097708344,-0.0024193376302719,-0.0027806276921182,-0.0254423096776008,-0.1329962909221649,-0.0901347547769546,-0.0659115463495254,0.0497587770223617,0.0940445810556411,-0.0550904050469398,-0.4318781793117523,-0.256142795085907
2015-12-02 00:00:00+00:00,62.21,62.21,62.01,62.11,-0.09,62.12,14.0,20.0,,,,66.56748985290527,66.25640090942383,6.401277976036072,6.379308996200561,104.07460083007813,103.7842000579834,-0.0045563983730971,-0.0029852702282369,-0.0032202040310949,-0.2327988296747207,-0.0776813849806785,-0.0794656202197074,0.0590622685849666,0.0975779592990875,0.1317708939313888,0.1797584444284439,0.5354840159416199,0.4082356989383697
2015-12-03 00:00:00+00:00,61.0,62.65,60.43,61.86,-0.25,61.18,6.0,21.0,,,,66.67168876647949,66.28410026550293,6.401516971588134,6.37939299583435,104.32630249023435,103.89020126342774,-0.0036633198615163,-0.0027781692333519,-0.0030850509647279,0.502813994884491,0.13019660115242,0.0905866622924804,0.0497626662254333,0.072335697710514,0.1205635219812393,0.201400950551033,0.8758667707443237,0.5088634490966797
2015-12-04 00:00:00+00:00,62.78,62.8,62.78,63.23,1.37,62.79,2.0,10.0,,,,66.87363861083985,66.34314147949219,6.411879081726074,6.379143943786621,103.10189964294432,101.8116993713379,0.0046661980450153,0.0027216754388064,0.0025164186954498,0.1759158819913864,0.0751525312662124,0.1041482836008071,-0.0526350028812885,-0.0580259971320629,-0.0989151149988174,-0.0677449479699134,-0.6200093030929565,-0.5467619299888611
2015-12-07 00:00:00+00:00,63.25,63.49,61.3,62.4,-0.83,62.46,23.0,7.0,,,,66.65788078308105,66.17740089416503,6.406945066452026,6.380981011390686,104.6591007232666,102.77510063171388,0.0093113919720053,0.0070873820222914,0.0039459229446947,0.6156744360923767,0.2918742597103119,0.190780371427536,0.0877438560128212,0.0680482611060142,0.1106727346777916,0.1417165696620941,0.4879276752471924,0.1973586678504943
2015-12-08 00:00:00+00:00,64.57,64.7,63.97,64.44,-0.13,64.41,14017.0,143092.0,649.0,75.0,,66.80172882080078,66.27654136657715,6.40805193901062,6.393806986808777,103.13259963989258,102.50930000305176,0.0121252620592713,0.0075711174868047,0.0048090806230902,0.7233131527900696,0.3994436264038086,0.1839382201433181,0.0176098588854074,0.0192083194851875,0.089049719274044,0.174511045217514,0.4765567183494568,0.1794202774763107
2015-12-09 00:00:00+00:00,64.44,65.23,64.03,64.81,0.37,64.73,20779.0,143077.0,13.0,10.0,,66.87295860290527,66.34350143432617,6.408296899795532,6.3941840553283695,102.6809002685547,101.17213905334472,0.0105216596275568,0.0104026664048433,0.0061391233466565,0.4324922263622284,0.2200994491577148,0.0931951403617858,0.0187290031462907,-0.0359140112996101,-0.0795477032661438,-0.0182170774787664,-0.3698503375053406,-0.1248074769973754
2015-12-10 00:00:00+00:00,64.81,64.84,63.58,63.77,-1.04,64.05,17863.0,146818.0,,800.0,,66.92205841064452,66.1273201751709,6.4142938899993895,6.388540048599243,102.99289970397948,101.6443797302246,0.0112885730341076,0.0110470885410904,0.0063131302595138,0.0827933028340339,0.0812437981367111,-0.0671375766396522,-0.2183473110198974,-0.1951932907104492,-0.3121898770332336,0.3015140891075134,1.117239475250244,0.427869975566864
2015-12-11 00:00:00+00:00,63.77,63.91,63.43,63.71,-0.06,63.66,9727.0,144952.0,34.0,,,66.86687866210937,66.3382415008545,6.4142938899993895,6.384646043777466,103.6108009338379,102.67920104980467,0.0184802878648042,0.0195324383676052,0.0085234632715582,-0.4427372813224792,-0.2946737408638,-0.1221290230751037,0.1756840646266937,0.1809791624546051,0.1414117366075515,-0.0168794654309749,-0.1875660121440887,-0.0569293983280658
2015-12-14 00:00:00+00:00,63.81,63.91,62.98,63.38,-0.33,63.35,15289.0,142349.0,15.0,,,66.88652885437011,66.34266082763672,6.4142938899993895,6.384646043777466,103.1421997833252,102.61029945373537,0.0001361236791126,-0.0025986062828451,0.0030701679643243,-0.5062605738639832,-0.3224848508834839,-0.1393212080001831,-0.1618392467498779,-0.1293688714504242,0.1021018028259277,0.1645106077194214,0.4057862162590027,0.2109021693468094
2015-12-15 00:00:00+00:00,63.38,64.0,63.03,63.31,-0.07,63.27,11175.0,139991.0,642.0,65.0,,66.88652885437011,66.34266082763672,6.4142938899993895,6.384646043777466,103.59439964294434,103.12659996032716,0.0058556222356855,0.0041176746599376,0.0035520875826478,0.0711836367845535,-0.0676207542419433,-0.0722485035657882,-0.0968066975474357,-0.1109004616737365,-0.1303105801343917,0.1497471779584884,0.4717450141906738,0.3045102953910827
2015-12-16 00:00:00+00:00,63.28,63.62,63.06,63.25,-0.06,63.25,10996.0,137391.0,8.0,,,66.89925994873047,66.51874938964843,6.437983069419861,6.421754140853881,104.41350120544432,103.7728003692627,0.0097419116646051,0.00705495942384,0.0043408279307186,-0.2362626045942306,-0.1520116627216339,-0.0715528801083564,-0.1066543534398078,-0.0916297286748886,-0.1127597540616989,0.0727466791868209,0.1760269254446029,-0.0798456221818924
2015-12-17 00:00:00+00:00,63.25,63.45,62.87,62.99,-0.26,63.04,12669.0,135738.0,10.0,50.0,,66.6753401184082,66.29054092407226,6.437983069419861,6.421754140853881,104.2793995666504,102.30490089416504,0.0058556222356855,0.0057425224222242,0.0037480816245079,-0.3704350590705871,-0.1845401525497436,-0.0707027316093444,-0.0807516127824783,-0.0472348034381866,0.0926388055086135,-0.0428391173481941,-0.4158334732055664,-0.116086721420288
2015-12-18 00:00:00+00:00,62.99,63.93,62.95,63.69,0.7,63.38,13233.0,133757.0,70.0,89.0,,66.57312141418457,66.27252059936524,6.437983069419861,6.421754140853881,103.82920028686524,102.78270065307618,-0.0028512927237898,-0.002161803189665,-0.0045350999571383,-0.3005658686161041,-0.1557479202747345,-0.0887922197580337,-0.0442046895623207,-0.0358444713056087,-0.091810904443264,0.1345734149217605,0.2986716628074646,0.3308150768280029
2015-12-21 00:00:00+00:00,63.82,64.16,63.17,63.32,-0.37,63.6,10485.0,130283.0,90.0,39.0,,66.42580932617187,65.9000196838379,6.437983069419861,6.421754140853881,104.33450073242189,102.70149978637696,-0.0030381600372493,-0.0019961346406489,-0.0042166053317487,-0.1273697316646576,-0.0942603573203086,-0.079752966761589,0.0106751406565308,0.0355842299759388,-0.1174681782722473,-0.0449734702706337,-0.4906409382820129,-0.1359979659318924
2015-12-22 00:00:00+00:00,63.32,63.7,63.06,63.16,-0.16,63.26,6566.0,128422.0,113.0,,,66.46617996215821,66.00967971801758,6.437983069419861,6.421754140853881,104.24130012512208,102.81640007019044,-0.0036859542597085,-0.0019824602641165,-0.0043428228236734,-0.0020008883439004,-0.0688986331224441,-0.1303540170192718,-0.0731489732861518,-0.050756961107254,-0.1307244002819061,0.1356745660305023,0.4382805228233337,0.4182955622673034
2015-12-23 00:00:00+00:00,63.16,63.37,62.75,62.77,-0.39,62.91,10771.0,126860.0,162.0,65.0,,66.47777976989747,66.05259063720703,6.437983069419861,6.421754140853881,103.78119987487791,102.87320053100586,-0.0023144914302974,-0.0014062861446291,-0.0039465953595936,0.3749353885650635,0.1283030062913894,0.1256992071866989,-0.0029251782689243,-0.0087373126298189,-0.0718272104859352,0.1281568557024002,0.5370913743972778,0.3809224367141723
2015-12-24 00:00:00+00:00,62.82,63.94,62.73,63.66,0.89,63.22,7646.0,123534.0,33.0,,,66.30667922973633,65.97266159057617,6.437983069419861,6.421754140853881,104.0429009246826,103.50160034179687,-0.0028256860096007,-0.0019305146997794,-0.0035617141984403,0.4857999384403229,0.3576145768165588,0.1945016086101532,-0.2057156264781952,-0.1751125454902649,-0.0794635489583015,-0.031942531466484,-0.4245641827583313,-0.1369832903146743
2015-12-28 00:00:00+00:00,63.66,64.44,63.39,63.97,,63.99,12018.0,123016.0,,,,66.18846870422364,65.62684959411621,6.437983069419861,6.421754140853881,103.78129920959472,103.11969993591308,0.0083246110007166,0.0061012953519821,0.0035195758100599,-0.1546044647693634,-0.1072160750627517,-0.0810200721025466,0.0113693261519074,0.0234539359807968,0.1749506294727325,0.1294867694377899,0.4358798563480377,0.3493355214595794
2015-12-29 00:00:00+00:00,64.1,64.25,63.82,63.87,-0.1,64.02,7647.0,124256.0,55.0,872.0,,66.19745971679687,65.89011901855469,6.437983069419861,6.421754140853881,103.92310012817384,103.33080001831054,-0.0028893474955111,-0.0023738238960504,-0.0035342294722795,0.3913706541061401,0.1678601950407028,-0.1154612153768539,0.083813801407814,0.0503718629479408,0.1216040104627609,-0.04832174628973,-0.2934631407260895,-0.1305857598781585
2015-12-30 00:00:00+00:00,63.87,64.14,63.78,63.97,0.1,63.97,5861.0,123590.0,46.0,45.0,,66.47997917175293,65.99291938781738,6.437983069419861,6.421754140853881,104.54130157470703,103.50870056152344,0.0063199619762599,0.0046421880833804,0.003170927753672,0.1489497423171997,0.1199718713760376,-0.067658707499504,0.0236300341784954,0.0259426832199096,0.084006942808628,0.0869519636034965,0.1332624703645706,0.2216449528932571
2015-12-31 00:00:00+00:00,63.91,63.91,63.05,63.28,-0.69,63.34,13990.0,124780.0,,42.0,,66.57864189147949,66.23493957519531,6.437983069419861,6.421754140853881,103.82820022583007,102.8037006378174,0.0026377565227448,0.0009754850761964,0.0026357911992818,0.1981539726257324,0.1137446537613868,-0.1011275872588157,-0.0601050369441509,-0.0654461532831192,-0.1169676780700683,0.1638334095478058,0.5927794575691223,0.5414983034133911
2016-01-04 00:00:00+00:00,63.28,63.55,62.51,62.61,,62.76,21928.0,123846.0,17.0,,,66.52384986877442,66.04481910705566,6.480056190490723,6.474027104377747,104.52560050964355,103.29540069580078,0.0335895046591758,0.036900408565998,0.0167328584939241,0.0961335003376007,0.375967413187027,-0.1872797012329101,0.2011666744947433,0.1918606609106063,0.155828982591629,0.1358458846807479,0.4320121705532074,0.4624508321285248
2016-01-05 00:00:00+00:00,62.59,62.86,62.51,62.68,0.07,62.6,11473.0,121661.0,111.0,65.0,,66.66689247131347,66.31023086547852,6.480056190490723,6.474027104377747,104.35429878234864,102.98589950561524,-0.0093971313908696,-0.0077380784787237,0.0050982469692826,-0.1232161968946456,-0.0668231099843978,-0.1826572865247726,-0.1011476814746856,-0.1033906489610672,-0.1089265346527099,0.095407135784626,0.2851597666740417,0.2548883557319641
2016-01-06 00:00:00+00:00,62.61,62.68,61.86,62.0,-0.68,62.18,23552.0,121475.0,723.0,,,66.70188056945801,66.38400993347167,6.480056190490723,6.474027104377747,104.2849988555908,103.25320121765137,0.0347925201058387,0.0377385690808296,0.0157053265720605,-0.1705848127603531,-0.1919035017490387,-0.1335655152797699,0.1195272356271743,0.138954147696495,0.1400201618671417,-0.0513366051018238,-0.3688910901546478,-0.1678942739963531
2016-01-07 00:00:00+00:00,61.91,62.19,61.21,61.43,-0.57,61.52,28770.0,121454.0,114.0,,,66.83925071716308,66.2986311340332,6.480056190490723,6.474027104377747,103.85279975891112,103.01940032958984,0.0418036617338657,0.0444858483970165,0.0172662287950515,-0.2497256994247436,-0.206094354391098,-0.1518419235944748,0.0239713564515113,-0.0137592405080795,0.0935741811990737,-0.0387892425060272,-0.2447317093610763,-0.1804755330085754
2016-01-08 00:00:00+00:00,61.52,61.9,61.31,61.4,-0.03,61.5,17987.0,121501.0,103.0,,,66.99512031555176,66.68298820495606,6.480056190490723,6.474027104377747,104.53789848327636,103.10110145568848,-0.0017696388531476,-0.0034020028542727,-0.0051267365925014,-0.13124780356884,-0.1335522830486297,-0.0891342908143997,-0.1276180744171142,-0.1412999629974365,-0.1701989620923996,-0.0522187538444995,-0.5403697490692139,-0.1577647626399994
2016-01-11 00:00:00+00:00,61.4,62.28,61.15,61.5,0.1,61.64,20210.0,118767.0,7.0,,,66.89709976196289,66.54397087097168,6.480056190490723,6.474027104377747,103.75589965820312,102.71159965515136,-0.006349345203489,-0.0098274322226643,-0.0073440028354525,0.3043107390403747,0.2033400982618332,-0.0818719267845153,-0.0740269720554351,-0.0717053189873695,-0.1285149157047271,0.2101226150989532,0.8185762166976929,0.6688078045845032
2016-01-12 00:00:00+00:00,61.5,62.28,61.45,61.59,0.09,61.89,18298.0,117570.0,162.0,157.0,,66.9369303894043,66.3013304901123,6.480056190490723,6.474027104377747,104.51130073547364,103.2394994354248,0.0034209263976663,0.0037530940026044,0.005422999151051,-0.2752114832401275,-0.1148650422692298,-0.0785551145672798,0.004500919021666,-0.0263969786465168,-0.1101001277565956,0.1198881044983863,0.327505499124527,0.3835643529891968
2016-01-13 00:00:00+00:00,61.5,62.43,61.5,62.14,0.55,62.13,14678.0,115182.0,30.0,,,67.00081031799317,66.68487838745118,6.480056190490723,6.474027104377747,104.20350059509278,103.36790069580078,-0.0002694936702027,-0.0008354357560165,0.0033725411631166,0.1746056973934173,0.0962683483958244,-0.0797507986426353,-0.0979053527116775,-0.1060404330492019,-0.1613378822803497,0.1681958436965942,0.689139187335968,0.4793900549411773
2016-01-14 00:00:00+00:00,62.02,62.46,61.75,61.9,-0.24,62.08,13897.0,114038.0,47.0,,,67.09414024353028,66.76956924438477,6.480056190490723,6.474027104377747,103.70339988708496,102.8204995727539,0.0002025646972469,0.0008379440987482,0.0032587307505309,0.7079418301582336,0.2369320392608642,0.1309315264225006,0.3116962313652038,0.2810887694358825,0.1746583431959152,0.1341865956783294,0.4841840863227844,0.4663574695587158
2016-01-15 00:00:00+00:00,61.91,62.02,61.34,61.41,-0.49,61.63,13020.0,114762.0,328.0,,,67.11204109191894,66.75442054748535,6.480056190490723,6.474027104377747,104.46510047912598,103.08959968566894,-0.003919452894479,-0.0033425134606659,-0.0043418891727924,0.2977051138877868,0.1051861047744751,-0.1037983521819114,0.2653912901878357,0.2643869519233703,0.12841796875,0.1350599527359008,0.3474783301353454,0.34588623046875
2016-01-19 00:00:00+00:00,61.4,62.93,61.3,62.47,,62.34,25684.0,115205.0,154.0,10.0,,67.07092018127442,66.71940078735352,6.571084060668945,6.559820065498352,104.13950035095216,103.2449006652832,-0.0011632743990048,-0.0009455966064706,0.003539289580658,-0.8288775086402893,-0.5331416130065918,-0.2252578735351562,-0.1386376172304153,-0.0782480239868164,-0.2269912660121917,0.1686892807483673,0.3086157739162445,0.4424027502536773
2016-01-20 00:00:00+00:00,62.45,62.46,61.52,61.97,-0.5,61.88,16508.0,115736.0,,45.0,,67.07092018127442,66.71940078735352,6.571084060668945,6.559610066413879,103.65909965515137,102.7834994506836,0.0024798982776701,0.0022292812354862,0.0035495185293257,-0.1125426366925239,-0.1324191391468048,-0.1263269484043121,0.0859326049685478,0.0680517554283142,-0.1590544283390045,0.2003539353609085,0.8033878207206726,0.5751819610595703
2016-01-21 00:00:00+00:00,61.97,62.45,61.75,62.09,0.12,62.22,12695.0,115516.0,23.0,,,67.07092018127442,66.71940078735352,6.571084060668945,6.559610066413879,104.25920028686524,103.5793995666504,0.0002596658887341,0.0007954968023113,0.0027435165829956,-0.3098708093166351,-0.2158458977937698,-0.1733497977256775,-0.1542029529809951,-0.1982280611991882,-0.1972768008708953,0.1229213699698448,0.377898097038269,0.3543851375579834
2016-01-22 00:00:00+00:00,62.09,62.75,62.05,62.45,0.36,62.49,12081.0,116145.0,9.0,,,67.07092018127442,66.71940078735352,6.571084060668945,6.559610066413879,104.23339950561524,103.19869880676268,-0.0004789260565303,-0.001130167976953,0.0023160462733358,-0.4546478390693664,-0.2379786521196365,-0.1938307881355285,-0.1601023524999618,-0.1345245838165283,-0.1784839779138565,0.1076139658689498,0.3040414452552795,0.3015487492084503
2016-01-25 00:00:00+00:00,62.37,62.49,61.41,61.6,-0.85,61.7,16975.0,116601.0,32.0,,,67.07092018127442,66.71940078735352,6.571084060668945,6.559820065498352,104.26140007019043,103.20579940795898,-0.0010036606108769,-0.0011903728591278,-0.0023440900258719,-0.2581978142261505,-0.1924623996019363,-0.1598772406578064,0.0812926813960075,0.062157679349184,0.1238240152597427,0.1111575588583946,0.2882077395915985,0.2926132977008819
2016-01-26 00:00:00+00:00,61.45,61.75,60.96,61.41,-0.19,61.24,22023.0,114772.0,179.0,122.0,,67.07092018127442,66.71940078735352,6.571084060668945,6.559610066413879,103.56150016784667,102.84770027160644,0.0057905302383005,0.0033388673327863,0.0032322478946298,-0.0070589776150882,0.0962263941764831,-0.1479970514774322,0.0057073221541941,0.0433043912053108,-0.107313260436058,0.1992692351341247,0.8091641664505005,0.5535191297531128
2016-01-27 00:00:00+00:00,61.35,61.47,60.7,60.86,-0.55,60.96,17256.0,112531.0,192.0,68.0,,67.07092018127442,66.71940078735352,6.571084060668945,6.559610066413879,103.79920043945312,102.9823991394043,0.0009954997804015,0.0017138796392828,0.0021036905236542,0.425246000289917,0.3230132460594177,0.2037739008665084,-0.0037078617606312,-0.0118816373869776,-0.1089899763464927,-0.0500699281692504,-0.4358322024345398,-0.1385450363159179
2016-01-28 00:00:00+00:00,60.86,61.52,60.67,61.36,0.5,61.23,18564.0,112957.0,18.0,,,67.07092018127442,66.71940078735352,6.571084060668945,6.559820065498352,104.57959884643554,103.301801071167,0.0038422548677772,0.0026803908403962,0.002070190384984,0.952463448047638,0.5579962730407715,0.2502630949020386,-0.1538293659687042,-0.1234202235937118,-0.1865783482789993,-0.0606714561581611,-0.580172598361969,-0.2478675097227096
2016-01-29 00:00:00+00:00,61.34,61.89,60.76,61.13,-0.23,61.22,20615.0,110104.0,951.0,163.0,,67.07092018127442,66.71940078735352,6.571084060668945,6.559820065498352,104.3669012451172,103.07920082092284,0.0053462320938706,0.0028050341643393,0.0022036239970475,-0.0386346131563186,0.0591129250824451,0.1267401725053787,-0.2043348401784896,-0.1776401698589325,-0.1811918020248413,0.1986522376537323,0.7562494277954102,0.5913392305374146
2016-02-01 00:00:00+00:00,60.85,62.0,60.85,61.79,0.66,61.66,22162.0,109423.0,11.0,325.0,,68.08150985717774,67.57540016174316,6.57005012512207,6.564365019798279,104.02719856262208,103.1697998046875,0.0058614406734704,0.0027848337776958,0.0029846315737813,-0.2833001315593719,-0.1606511771678924,-0.1243114471435546,-0.0117563735693693,-0.0350696928799152,-0.0930038169026374,0.0933317244052887,0.2104657590389251,0.2068566381931305
2016-02-02 00:00:00+00:00,61.61,62.5,61.49,62.3,0.51,62.11,23199.0,103901.0,42.0,2043.0,,68.11176933288574,67.60250122070312,6.570518116950989,6.567740936279296,103.97070045471192,103.21980026245116,0.0053944806568324,0.0026961464900523,0.0028606238774955,0.202775701880455,-0.091798648238182,-0.1733507961034774,0.0244623683393001,0.0165406949818134,-0.1082565933465957,-0.051535464823246,-0.3558244705200195,-0.2111392766237259
2016-02-03 00:00:00+00:00,62.14,62.59,61.77,61.94,-0.36,62.2,21476.0,102660.0,168.0,45.0,,68.13536827087403,67.72449996948242,6.571906147003173,6.568549938201905,104.605698928833,103.25150108337402,-0.0006108256056904,-0.0017752244602888,0.0021399855613708,0.5546034574508667,0.2992242872714996,0.1969755142927169,0.102940134704113,0.1017103642225265,0.1329413205385208,-0.0671710222959518,-0.8275572657585144,-0.3623419404029846
2016-02-04 00:00:00+00:00,61.89,61.89,59.99,60.23,-1.71,60.88,30054.0,99356.0,171.0,1009.0,250.0,68.02793991088868,67.51940063476563,6.578409137725831,6.5563410997390745,102.61880020141602,101.94253974914552,-0.0202761050313711,-0.0159524790942668,-0.0098916478455066,-0.4279099106788635,-0.1596534550189972,-0.1095621213316917,-0.2025575786828994,-0.2325613498687744,-0.1793390959501266,0.1798001229763031,1.009464979171753,0.4375665783882141
2016-02-05 00:00:00+00:00,60.25,60.59,59.83,59.97,-0.26,60.15,27067.0,97436.0,655.0,620.0,1000.0,67.77314987182618,67.35860099792481,6.577627129554749,6.549736075401306,103.92990104675292,102.74890190124512,0.0085005406290292,0.0083461832255125,0.0036756836343556,-0.338308185338974,-0.1537005007266998,-0.0948278158903122,-0.0240916348993778,-0.0751916617155075,-0.0849735587835311,-0.0204006191343069,-0.1243234053254127,-0.119958683848381
2016-02-08 00:00:00+00:00,59.95,60.12,58.75,59.6,-0.37,59.35,28634.0,88480.0,382.0,,,68.04658020019531,67.54310043334961,6.570650148391724,6.5640170288085935,104.37639991760254,102.76059997558592,-0.0034646897111088,-0.0028762421570718,-0.0034759640693664,0.3391607701778412,0.1520600020885467,0.1118819341063499,-0.0464856550097465,-0.027948897331953,-0.0946591645479202,-0.0602400079369545,-0.4144152104854584,-0.3033513724803924
2016-02-09 00:00:00+00:00,59.57,59.75,58.25,58.64,-0.96,58.99,29382.0,81838.0,14.0,,,68.16381889343262,67.81639869689941,6.570650148391724,6.5640170288085935,103.61759986877442,102.31219932556152,-0.0033893275540322,-0.002934121992439,-0.0034123051445931,-0.435223639011383,-0.1429991722106933,-0.1060606092214584,-0.0904238894581794,-0.1086693182587623,-0.1242215633392334,-0.0441319644451141,-0.4615740776062011,-0.2710524797439575
2016-02-10 00:00:00+00:00,58.62,58.94,58.35,58.88,0.24,58.67,23537.0,75918.0,55.0,1225.0,,68.10128936767578,67.61210075378418,6.570650148391724,6.5640170288085935,103.6811009979248,102.70430091857912,-0.0044021937064826,-0.0028591987211257,-0.0028382488526403,0.1030184924602508,0.1336876153945922,0.1154270470142364,-0.0677535906434059,-0.0701339989900589,-0.0982218235731124,0.2459111958742141,0.8571575284004211,0.3970997035503387
2016-02-11 00:00:00+00:00,58.88,59.03,57.85,58.42,-0.46,58.45,28023.0,67115.0,164.0,2989.0,750.0,68.12965896606445,67.67370040893555,6.570650148391724,6.5640170288085935,104.3227996826172,102.98340019226076,-0.0049775000661611,-0.0035772272385656,-0.0029171360656619,-0.8350722193717957,-0.3388457298278808,-0.1361215859651565,0.4203407168388366,0.3853489756584167,0.3711946308612823,-0.0552198179066181,-0.4885088503360748,-0.3024376034736633
2016-02-12 00:00:00+00:00,58.35,59.16,58.15,58.9,0.48,58.71,21045.0,57435.0,134.0,100.0,,68.12122718811035,67.74579978942872,6.570650148391724,6.5640170288085935,103.82649978637696,102.65750045776367,-0.0038443326484411,-0.0019207708537578,-0.0040845107287168,0.2311892062425613,0.1593317687511444,0.116588182747364,-0.2568705379962921,-0.2526995539665222,0.0718913525342941,0.1248755455017089,0.3011457324028015,0.2338070124387741
2016-02-16 00:00:00+00:00,59.0,60.44,58.96,59.85,,59.83,19350.0,44893.0,4936.0,1224.0,,68.10478866577148,67.75109855651856,6.48595588684082,6.48188289642334,103.8594995880127,103.23230102539064,0.0189766511321067,0.0232719685882329,0.0069788629189133,-0.2671535611152649,-0.098805159330368,0.0814716443419456,0.0524001643061637,0.0521494224667549,0.1616176068782806,0.1495360881090164,0.7872875928878784,0.3821739554405212
2016-02-17 00:00:00+00:00,59.73,60.3,59.55,59.87,0.02,59.91,9845.0,19544.0,171.0,25.0,555.0,68.34885078430176,67.70510040283203,6.5200500440597535,6.487414841651916,104.66669982910156,103.27920059204102,-0.0006825881428085,0.0038089049048721,0.0030989861115813,-0.2963097691535949,-0.1801993399858474,0.0843203365802764,-0.1116357073187828,-0.1000856161117553,0.1006221324205398,-0.0517174005508422,-0.3288792073726654,-0.2077076435089111
2016-02-18 00:00:00+00:00,59.79,60.84,59.69,59.91,0.04,60.23,8534.0,15277.0,84.0,,2205.0,68.34885078430176,67.70510040283203,6.52154004573822,6.48799084186554,104.67849967956543,103.25030059814452,-0.0017873095348477,-0.0017732642590999,-0.0012693149037659,0.2617722749710083,0.1047708988189697,0.1415935158729553,0.0172596611082553,0.020051997154951,0.104529283940792,-0.0523137375712394,-0.4047887325286865,-0.4140505194664001
2016-02-19 00:00:00+00:00,60.1,60.42,59.8,60.01,0.1,60.08,4725.0,8349.0,8.0,,,68.34885078430176,67.70510040283203,6.5200500440597535,6.486776843070984,104.56680061340332,103.13570030212402,0.0001150245589087,0.0009152351994998,0.0019034758443012,-0.0629656240344047,-0.1101475954055786,0.1051079854369163,0.0025083671789616,0.0209500454366207,0.1092573180794715,-0.0541371926665306,-0.5598219633102417,-0.2467585504055023
2016-02-22 00:00:00+00:00,60.04,60.65,57.4,57.74,-2.27,59.1,5029.0,4983.0,1032.0,,,68.34885078430176,67.70510040283203,6.5200500440597535,6.486776843070984,104.07559898376464,103.26870178222656,-0.0004781482275575,-0.0008248843369074,0.0012909333454445,0.0398742668330669,-0.0410134047269821,0.0736939162015914,-0.0331464782357215,-0.041591253131628,-0.081282302737236,0.1554087698459625,0.6306255459785461,0.4648543000221252
2016-02-23 00:00:00+00:00,58.75,60.0,58.0,58.17,0.43,58.35,102.0,682.0,,,,68.34885078430176,67.70510040283203,6.520040054321289,6.494380903244019,104.73280036926268,103.25010040283205,-0.0002556093968451,0.0010548527352511,0.0016985189868137,-0.2876494526863098,-0.1370726823806762,-0.1093675196170806,-0.0345408618450164,-0.0390186570584774,0.083848237991333,-0.051344197243452,-0.3587203621864319,-0.1497209370136261
2016-02-24 00:00:00+00:00,58.19,58.21,57.16,57.7,-0.47,57.84,15.0,543.0,,,,68.34885078430176,67.70510040283203,6.5235190677642825,6.496412901878357,104.6267008972168,102.98689994812013,0.0073811574839055,0.0037974775768816,0.0022843403276056,0.1839072704315185,0.08073141425848,0.0825790017843246,-0.0801991447806358,-0.0945500582456588,-0.1056360229849815,-0.0537997372448444,-0.6625174880027771,-0.3480272889137268
2016-02-25 00:00:00+00:00,58.01,58.07,57.97,58.16,0.46,58.04,15.0,478.0,,,,68.34885078430176,67.70510040283203,6.527069094506177,6.49861590385437,103.51490005493164,102.50339897155762,-0.0003665526164695,0.0006152164423838,-0.0016714486991986,0.5828200578689575,0.2483238279819488,0.1227951645851135,0.2603664100170135,0.3274931311607361,0.2427653521299362,0.2492717504501342,1.0864534378051758,0.5523250699043274
2016-02-26 00:00:00+00:00,58.06,58.31,58.04,57.92,-0.24,58.11,5.0,426.0,,,,68.34885078430176,67.70510040283203,6.527069094506177,6.497946906089783,103.88440002441406,102.97739952087404,0.0036126270424574,0.0033619184978306,0.0020334736909717,1.3543944358825684,0.6277759671211243,0.1685459315776825,-0.0830911695957183,-0.1093614473938942,-0.0964993685483932,-0.0281908120959997,-0.1901835650205612,-0.2030050754547119
2016-02-29 00:00:00+00:00,58.36,58.36,56.97,58.01,0.09,57.79,11.0,421.0,,,,68.34885078430176,67.70510040283203,6.535386749115856,6.509483564694722,104.21759963989258,102.607300491333,0.0059459465555846,0.005864723585546,0.003237877273932,-0.2891719937324524,-0.2108726799488067,-0.0919874683022499,-0.2144823223352432,-0.2327442616224289,-0.1882147043943405,0.1064132452011108,0.3781054317951202,0.1861270368099212
2016-03-01 00:00:00+00:00,58.26,58.4,56.98,58.25,0.24,58.17,12.0,375.0,,,,68.21615844726563,67.8434986114502,6.54745473064695,6.521628754933675,104.30589981079102,103.25879981994628,0.0015471142251044,0.0014896632637828,0.0022515745367854,0.332615852355957,0.2759967744350433,-0.1271456032991409,-0.3041651844978332,-0.386642575263977,-0.0762650370597839,-0.0531679615378379,-0.3955904543399811,-0.1350105106830597
2016-03-02 00:00:00+00:00,58.84,59.32,58.84,58.04,-0.21,59.01,14.0,297.0,,,,67.74789077758788,67.24750038146972,6.545971788474492,6.51973708152771,104.05199882507324,103.27520072937013,0.0021840201225131,0.0015019299462437,0.0013035013107582,-0.8770232200622559,-0.6492384672164917,-0.2355863600969314,-0.1474134773015976,-0.1680636405944824,-0.0911770313978195,0.0609873011708259,0.200159952044487,0.304958701133728
2016-03-03 00:00:00+00:00,58.66,58.75,58.66,58.42,0.38,58.69,6.0,266.0,,,,67.54184143066406,66.94029846191407,6.543848071855211,6.518514833450317,103.83090026855469,103.21519958496094,-0.000163376389537,-0.0028877304866909,-0.0016256846720352,0.1870362758636474,0.067196324467659,-0.1181268915534019,-0.1155964210629463,-0.104105994105339,-0.1008740663528442,-0.0474448464810848,-0.5133417844772339,-0.1283764094114303
2016-03-04 00:00:00+00:00,58.93,58.93,58.93,58.93,0.51,,6.0,224.0,,,,67.12440116882324,66.74870071411132,6.530289053916931,6.502565865516663,103.56300071716308,102.81380081176758,-0.0003779353573918,-0.0060232714749872,-0.0023493445478379,-0.0005396654596552,-0.0213210936635732,-1.0866763591766355,-0.079407975077629,-0.0746364668011665,0.1072689667344093,0.2500414252281189,1.0554078817367554,0.6964680552482605
2016-03-07 00:00:00+00:00,59.27,60.38,59.2,58.92,-0.01,59.41,43.0,224.0,,,,67.00753890991211,66.5426496887207,6.515944933891296,6.49159095287323,104.09680061340332,103.28269966125488,0.0127635058015584,0.0111226318404078,0.0075197690166532,-0.4984670281410217,-0.2962906956672668,-0.5674108266830444,0.1687443405389785,0.1651381552219391,0.2365419119596481,-0.0567332431674003,-0.4971453547477722,-0.4154404103755951
2016-03-08 00:00:00+00:00,57.29,57.3,56.53,56.86,-0.52,56.76,11521.0,121606.0,22.0,35.0,,67.11489906311036,66.79740043640136,6.527545962333679,6.489853982925415,103.41849960327148,102.82580009460447,-0.008940115571022,-0.0053555299527943,-0.0021417888347059,-0.1240003481507301,-0.1428089439868927,-0.1195608153939247,0.188093826174736,0.2174733877182006,0.286788672208786,0.0329928025603294,0.0620658919215202,0.2626802623271942
2016-03-09 00:00:00+00:00,56.84,56.9,56.0,56.59,-0.27,56.38,15208.0,120942.0,36.0,,,67.4398413848877,66.91439895629883,6.543248958587647,6.483801107406617,104.14259834289552,103.2709009552002,0.0079692993313074,0.0094960387796163,0.0046039284206926,0.1587128937244415,0.0827869996428489,-0.0757965445518493,0.0954841822385788,0.0945779085159301,0.1420909464359283,0.1476697623729705,0.508787989616394,0.3323598802089691
2016-03-10 00:00:00+00:00,56.63,56.99,55.66,56.83,0.24,56.15,19452.0,121764.0,43.0,,,67.13616050720215,66.75880065917968,6.511703944206237,6.493983879089355,103.9098999786377,103.30000091552736,0.0036274790763854,0.0031516677699983,0.0019807606004178,-0.1577283293008804,-0.1556315720081329,-0.1110425293445587,-0.0635129064321518,0.0405032634735107,0.1302960664033889,0.0217353515326976,-0.0489012710750103,0.1790982633829116
2016-03-11 00:00:00+00:00,56.56,57.45,56.49,57.15,0.32,57.13,14365.0,122196.0,15.0,,,67.28992149353027,66.8234994506836,6.522834949493408,6.48467502117157,103.40210067749024,102.538500289917,-0.011125311255455,-0.0089471358805894,-0.0045628347434103,0.0957725644111633,0.0731991007924079,-0.0930339843034744,-0.0496293567121028,-0.0981472581624984,0.1181022971868515,-0.0213279891759157,-0.1276233196258545,-0.1172677651047706
2016-03-14 00:00:00+00:00,57.15,58.37,57.15,58.29,1.14,57.96,15834.0,120415.0,50.0,,,67.030698928833,66.56737968444824,6.529513945579529,6.480408120155334,103.66599960327147,103.0339005279541,0.0074806082993745,0.0060933143831789,0.0027796358335763,0.0027230735868215,0.0500450953841209,-0.0563598349690437,0.1994148790836334,0.16194948554039,0.3259468972682953,0.1337092220783233,0.401114284992218,0.3378548920154571
2016-03-15 00:00:00+00:00,58.3,58.49,58.0,58.24,-0.05,58.3,13690.0,118632.0,,,250.0,67.13802093505859,66.73620048522949,6.542274956703186,6.482772107124329,103.69719886779784,102.89580039978028,0.0088406121358275,0.0071284091100096,0.0033270621206611,-0.3610901236534118,-0.2220752984285354,-0.1031157076358795,0.1472624540328979,0.134193867444992,0.2260915786027908,0.1397269517183303,0.6459248065948486,0.3495772778987884
2016-03-16 00:00:00+00:00,58.0,58.51,57.52,58.32,0.08,58.16,12248.0,115796.0,34.0,10.0,,67.51680099487305,67.04245803833008,6.509648914337158,6.494163932800293,104.02889930725098,103.21740036010742,0.0035424295347183,0.0041693905368447,0.0020194046664983,-0.0022545324172824,-0.0230434145778417,-0.0635839700698852,0.050787579268217,0.0489644780755043,0.0885352045297622,-0.0415914617478847,-0.2098698616027832,-0.1301445960998535
2016-03-17 00:00:00+00:00,58.37,58.89,58.22,58.36,0.04,58.6,12552.0,115036.0,61.0,,,66.96117050170898,66.40180038452148,6.514327049255371,6.504006943702698,104.04259941101074,102.22139839172364,-0.02111591771245,-0.0303254034370183,-0.011923705227673,0.0556544475257396,-0.1050963848829269,-0.0942949131131172,-0.1568061560392379,-0.1316294223070144,0.0763657391071319,0.2559326887130737,0.9593687057495116,0.5121961832046509
2016-03-18 00:00:00+00:00,58.36,58.55,56.82,57.16,-1.2,57.41,16258.0,114467.0,,,,66.767300491333,66.37682014465332,6.464675068855286,6.455709080696106,104.04159889221192,103.06190101623535,0.0025963075459003,0.0012513198889791,-0.001398752327077,-0.0294112991541624,-0.1199661716818809,-0.1074147820472717,-0.1351076662540435,-0.1202103719115257,-0.0619540512561798,0.1397960931062698,0.5431864261627197,0.3006930947303772
2016-03-21 00:00:00+00:00,57.1,58.58,57.06,58.17,1.01,58.1,14850.0,115395.0,39.0,,,66.45334045410156,66.11950248718261,6.465609102249146,6.456726112365723,104.10889938354492,103.21740036010742,0.0100120920687913,0.0075071454048156,0.0033438687678426,-0.0797545686364173,-0.0713935494422912,-0.0731817260384559,0.1235973238945007,0.1189767122268676,0.1094974502921104,0.1333919018507003,0.5192140936851501,0.3067976534366607
2016-03-22 00:00:00+00:00,58.03,58.44,57.62,58.37,0.2,57.99,9077.0,112657.0,59.0,,,66.69022163391114,66.42056045532226,6.478541116714478,6.4726870822906495,103.9609999847412,103.2587003326416,0.0062729245983064,0.0049984590150415,0.0022893343120813,0.0407356731593608,-0.1172759681940078,-0.121805690228939,0.1094522327184677,0.0922869890928268,0.1469120532274246,-0.0473497286438941,-0.3040626943111419,-0.2169109284877777
2016-03-23 00:00:00+00:00,58.37,58.58,57.95,58.39,0.02,58.28,9701.0,112017.0,31.0,,,66.85093002319336,66.5342293548584,6.486096138954163,6.476699085235596,104.533399810791,103.25700080871582,0.0047526261769235,0.0065107918344438,0.0021523234900087,-0.0113606005907058,-0.0680375099182128,-0.1100882738828659,0.0348178036510944,0.0434946119785308,0.115489050745964,-0.0520765595138073,-0.3993904590606689,-0.2774832844734192
2016-03-24 00:00:00+00:00,58.26,58.31,57.33,57.72,-0.67,57.7,13899.0,111746.0,21.0,17.0,,67.02340003967285,66.6587688446045,6.512055125236511,6.494010052680969,104.52760063171388,103.19289840698242,0.005569708533585,0.0068269385956227,0.0027678227052092,0.1031689494848251,0.0843715667724609,-0.0847505778074264,0.0117777530103921,0.0114991664886474,-0.0345828607678413,-0.051258772611618,-0.3824190199375152,-0.2757508158683777
2016-03-28 00:00:00+00:00,57.64,57.99,57.2,57.8,,57.54,9072.0,110538.0,147.0,,,67.03778961181641,66.61699821472168,6.527993984222412,6.499919919967652,104.12059997558592,103.24129981994628,-0.010395954363048,-0.012558938935399,-0.0065841544419527,-0.0810726284980773,-0.0777177810668945,-0.1068187728524208,-0.0795585736632347,-0.0705626606941223,-0.1083995550870895,-0.0372669585049152,-0.2470438480377197,-0.1365240514278412
2016-03-29 00:00:00+00:00,57.94,57.94,57.22,57.38,-0.42,57.42,9090.0,110973.0,11.0,,,67.03778961181641,66.61699821472168,6.5126079559326175,6.495405988693237,104.02480010986328,102.88370101928712,0.0004183853743597,-0.0033719774801284,-0.0020750220865011,-0.0240357182919979,-0.1276223212480545,-0.1379193365573883,-0.1493151634931564,-0.1494074165821075,-0.0777788460254669,-0.0436941161751747,-0.3097313344478607,-0.1697240322828292
2016-03-30 00:00:00+00:00,57.29,57.92,57.28,57.67,0.29,57.63,15024.0,111173.0,22.0,,,66.4510800933838,66.13090095520019,6.509437971115112,6.494347987174987,103.74769981384276,102.6269009399414,-0.0136224022135138,-0.0214225891977548,-0.0087947761639952,-0.1773107349872589,-0.1408736854791641,-0.127125397324562,-0.060584370046854,-0.0828423723578453,0.1387853920459747,-0.0443638078868389,-0.3872160017490387,-0.2016087025403976
2016-03-31 00:00:00+00:00,57.51,58.59,57.01,58.44,0.77,57.81,22573.0,109277.0,17.0,42.0,,66.44613014221191,66.07470016479492,6.454092979431152,6.443598065376282,103.96020042419434,103.1586009979248,-0.0075040874071419,-0.0053952583111822,-0.0027354441117495,-0.012531641870737,-0.0548446476459503,-0.1017985716462135,-0.1319369971752166,-0.13157919049263,-0.0555350892245769,0.1474699825048446,0.5756015181541443,0.3591757714748382
2016-04-01 00:00:00+00:00,58.26,59.39,58.15,59.2,0.76,58.98,23078.0,107035.0,25.0,,,66.51172897338867,66.22069984436035,6.453615045547485,6.437111115455627,104.21980026245116,103.18660064697264,0.0129790501669049,0.0166816469281911,0.0077428705990314,0.6939878463745117,0.277956873178482,-0.1667825281620025,-0.0167676582932472,0.0336628295481205,0.1053719893097877,-0.0397387146949768,-0.2979858219623565,-0.2185498774051666
2016-04-04 00:00:00+00:00,59.29,59.48,58.73,58.96,-0.24,59.13,16137.0,103449.0,,1700.0,,66.51969856262207,66.15229919433594,6.470399966239929,6.467822008132934,104.20619941711426,103.24239974975586,-0.0025697937235236,-0.0025016304571181,-0.0017935195937752,-0.3570902645587921,-0.261929839849472,-0.1363233774900436,-0.0425165519118309,-0.0425112470984458,-0.0569306798279285,-0.0462227649986743,-0.35217946767807,-0.2377518713474273
2016-04-05 00:00:00+00:00,58.96,59.18,58.54,58.9,-0.06,58.85,12052.0,100186.0,29.0,,,66.25643966674805,65.88530113220214,6.471715979576111,6.465712094306946,103.91250030517578,103.13240051269533,-0.0040958570316433,-0.0018483208259567,-0.0018519914010539,-0.3160765171051025,-0.2051776200532913,-0.1254135072231292,-0.0115209985524415,-0.0636822506785392,0.0598479211330413,-0.0462367422878742,-0.3530316948890686,-0.2343001365661621
2016-04-06 00:00:00+00:00,58.85,59.28,58.65,58.75,-0.15,59.0,11715.0,98277.0,,110.0,,66.66279121398925,66.3492610168457,6.469401965141296,6.466440954208374,103.87789978027344,102.98659980773924,0.0021074227988719,0.0023732820991426,0.001298785326071,-0.6920314431190491,-0.4577247500419616,-0.1751881092786789,-0.0179564096033573,-0.0500369258224964,0.0444526150822639,-0.0473582036793231,-0.4871663153171539,-0.2323197126388549
2016-04-07 00:00:00+00:00,58.78,59.37,58.56,59.03,0.28,59.01,22564.0,95864.0,13.0,110.0,,66.70864181518554,66.38070114135742,6.489074015617371,6.466530904769898,103.85539970397949,102.68879997253418,-0.0018171574920415,-0.0021954444237053,-0.0023711761459708,0.0059126927517354,-0.1224332079291343,-0.1093773394823074,0.0287517197430133,0.0290520247071981,-0.0504668243229389,0.2453953921794891,0.9419124722480774,0.5356534123420715
2016-04-08 00:00:00+00:00,59.22,60.58,59.05,60.07,1.04,60.08,29649.0,86948.0,217.0,102.0,,66.8765502166748,66.42339897155762,6.468042969703674,6.449626007080078,104.4015005493164,102.96650077819824,0.0061442460864782,0.004091668408364,0.0022162301465868,0.1679138094186782,-0.0981467515230178,-0.1339160203933715,-0.1169649362564086,-0.1255116164684295,-0.1256873160600662,0.1629547923803329,0.5375014543533325,0.3688474595546722
2016-04-11 00:00:00+00:00,60.44,60.83,60.28,60.71,0.64,60.61,23543.0,77000.0,44.0,,,66.71978103637696,66.317919921875,6.480597000122071,6.449842028617859,104.26599983215333,103.1137013244629,0.0041051320731639,0.0027544184122234,0.0018255274044349,0.0611082017421722,0.0717438161373138,-0.1357157379388809,-0.1112628206610679,-0.0935262963175773,-0.070337563753128,-0.0437379106879234,-0.2409289628267288,-0.284009039402008
2016-04-12 00:00:00+00:00,60.9,61.85,60.17,61.51,0.8,61.32,30225.0,67004.0,166.0,,,66.50859001159668,66.17146186828613,6.45523898601532,6.444427061080932,103.95710060119627,103.22209999084473,0.0041533862240612,0.0046967011876404,0.0027550079394131,1.813071370124817,0.841879665851593,-0.275396466255188,0.0207962282001972,0.0280093252658844,0.1656946390867233,-0.0485502667725086,-0.3047753870487213,-0.322267472743988
2016-04-13 00:00:00+00:00,61.61,62.37,61.31,61.63,0.12,62.0,26534.0,55897.0,302.0,,500.0,66.48888023376465,66.17442176818848,6.480991001129151,6.451236996650696,104.23049987792967,103.2505004119873,0.0059925080277025,0.0044806082732975,0.0027524309698492,-0.771464467048645,-0.3389234244823456,-0.1494108736515045,0.0450959205627441,0.0554207079112529,0.1248817071318626,-0.0455175675451755,-0.3263403475284576,-0.2964237630367279
2016-04-14 00:00:00+00:00,61.71,61.92,59.93,60.64,-0.99,60.61,19832.0,45194.0,200.0,1010.0,1000.0,66.6382413482666,66.3429418182373,6.470719966888428,6.466471943855286,104.36019927978516,103.09690002441408,0.0043289056047797,0.0031737282406538,0.0017065274296328,0.166474774479866,0.1178375035524368,-0.1169054955244064,-0.0378250367939472,0.0425138659775257,-0.0719706490635871,-0.0414055921137332,-0.1538117825984954,-0.2233220785856247
2016-04-15 00:00:00+00:00,60.1,60.56,59.17,60.03,-0.61,59.86,18574.0,38330.0,113.0,326.0,,66.93263137817382,66.26730903625489,6.472621030807495,6.46503098487854,103.99720016479492,103.14480087280272,0.0010204820428043,0.0017224050825461,-0.0023838896304368,0.4502811133861542,0.1956144571304321,-0.1380186676979065,-0.0544546283781528,-0.0350526310503482,-0.1007729023694992,-0.0430428981781005,-0.3357030749320984,-0.2428924292325973
2016-04-18 00:00:00+00:00,59.8,62.17,59.61,62.15,2.12,61.68,12877.0,21599.0,,604.0,1000.0,66.92341110229492,66.3132787322998,6.470959949493408,6.464348917007446,104.16609916687013,103.07479988098144,0.0060665686614811,0.0035023442469537,0.0017994637601077,-0.0348761416971683,-0.0742982253432273,-0.1262468844652176,-0.0988873168826103,-0.1015792712569236,-0.092258371412754,-0.0378649085760116,-0.2486720383167266,-0.2270051538944244
2016-04-19 00:00:00+00:00,62.16,63.11,61.5,62.69,0.54,62.57,6230.0,14915.0,80.0,,,66.66865028381348,66.20730072021485,6.486573052406311,6.461925940513611,104.22109893798827,103.23710151672364,-6.20346181676723e-05,-0.0016978494822978,-0.003479148261249,-0.6081383228302002,-0.3760719895362854,-0.2049289643764495,-0.1280178874731063,-0.1197112798690795,-0.1352441757917404,-0.0378331318497657,-0.2625740468502044,-0.234317347407341
2016-04-20 00:00:00+00:00,62.75,64.38,61.82,63.8,1.11,63.13,4584.0,9683.0,83.0,,,66.42261001586914,66.11879783630371,6.4589200210571285,6.446282014846802,103.8591990661621,103.24369995117188,0.0035461394581943,0.0034797643311321,0.0028809034265577,0.0996345058083534,-0.0857961922883987,-0.166291281580925,-0.0481557622551918,-0.0440128371119499,-0.071948267519474,-0.0429227240383625,-0.4051708281040191,-0.2641881108283996
2016-04-21 00:00:00+00:00,63.99,64.27,62.75,63.49,-0.31,63.65,3731.0,5425.0,,,,66.36995025634765,66.06281051635742,6.469573159217834,6.45230800151825,104.42209892272948,103.20110054016114,0.0027456581592559,0.0036339901853352,0.0023332587443292,-0.8444085717201233,-0.3928719162940979,-0.2089796662330627,-0.0754013136029243,-0.0395274646580219,0.0498949326574802,-0.0287911631166934,-0.3788233697414398,-0.2487281858921051
2016-04-22 00:00:00+00:00,63.68,64.42,62.2,63.08,-0.41,62.97,2427.0,3108.0,1418.0,,,66.72627182006836,66.31749977111816,6.475680980682373,6.465147957801819,104.197299118042,103.20199966430664,0.017416501417756,0.0189925730228424,0.0072078024968504,-2.110755443572998,-1.4010562896728516,-0.3857658803462982,-0.0434163175523281,-0.0623425915837287,-0.1050430312752723,0.1253813207149505,0.4117666184902191,0.2609362304210663
2016-04-25 00:00:00+00:00,63.89,65.94,63.15,64.77,1.69,64.96,262.0,578.0,,,,66.94168205261231,66.43532867431641,6.499841966629028,6.484529972076416,104.54589851379394,103.32060028076172,-0.0014342881040647,-0.0025415667332708,-0.0023278919979929,-0.5837857723236084,-0.3440395891666412,-0.1582547128200531,-0.0562425293028354,-0.0804144963622093,-0.0881746560335159,-0.0468408577144146,-0.3910226225852966,-0.3620657324790954
2016-04-26 00:00:00+00:00,64.99,64.99,63.45,63.46,-1.31,63.79,92.0,354.0,,,,66.81948966979981,66.35812881469727,6.484063982963562,6.481547040939331,104.3980997467041,103.19079895019532,0.0025664276909083,0.0025698544923216,0.0023791175335645,-0.4745728373527527,-0.2987908720970154,-0.1424465626478195,-0.0950820446014404,-0.0817132219672203,-0.1052731499075889,-0.0466765575110912,-0.3509019911289215,-0.3954906165599823
2016-04-27 00:00:00+00:00,63.79,63.83,63.43,64.07,0.61,63.6,46.0,186.0,,,,66.56840034484863,66.20874069213868,6.485625972747803,6.482075047492981,104.13369934082031,103.18320068359375,0.0017744631040841,0.0019533741287887,0.0018994699930772,0.5747113823890686,0.4335634708404541,-0.1788972318172454,0.0057237958535552,0.0180416852235794,-0.0566162839531898,-0.0462215542793273,-0.4400038719177246,-0.228227823972702
2016-04-28 00:00:00+00:00,63.45,63.7,63.43,63.69,-0.38,63.51,7.0,111.0,,,,66.66454933166504,66.21830108642578,6.512347984313965,6.480902032852173,103.86279945373536,103.13880126953126,-0.0003066972130909,-0.0031302399002015,-0.0022437241859734,0.0393719747662544,0.0332408212125301,-0.1800124943256378,-0.0915897786617279,-0.1612643003463745,-0.089467667043209,0.2453966587781906,0.9611547589302064,0.547568678855896
2016-04-29 00:00:00+00:00,63.51,63.51,63.26,63.76,0.07,63.33,17.0,86.0,,,,66.62109100341797,66.2155606842041,6.47453091621399,6.461343989372254,104.2017993927002,103.19770179748537,0.002351437928155,0.001875921851024,0.0028959980700165,-0.0828076899051666,-0.0335359014570713,-0.0901138558983802,-0.0110457185655832,-0.0146374823525547,-0.100430741906166,-0.048243261873722,-0.4386482238769531,-0.209730714559555
2016-05-02 00:00:00+00:00,64.36,64.36,64.36,64.36,0.6,,17.0,69.0,,,,66.567738571167,66.17909934997559,6.469231071472168,6.453972110748291,103.56919776916504,102.8119004058838,0.0038730804808437,0.0029329741373658,0.0031557164620608,-0.0517311133444309,-0.0687808021903038,-0.1006379798054695,-0.0436970926821231,-0.0321834795176982,-0.1601200401782989,0.1402634084224701,0.519417941570282,0.3375003337860107
2016-05-03 00:00:00+00:00,62.62,62.62,62.5,63.05,-1.31,62.5,48.0,65.0,,,,66.64774017333984,66.24149986267089,6.475898098945618,6.456762022972107,103.7446996307373,103.01089965820312,0.005311750806868,0.007029709406197,0.0037344857119023,0.0107584213837981,-0.0852093026041984,-0.1047586649656295,-0.0268839821219444,-0.0256237275898456,-0.0985786765813827,0.0269797053188085,-0.0769021064043045,0.1171046942472457
2016-05-04 00:00:00+00:00,62.5,62.5,62.5,62.17,-0.88,62.5,5.0,60.0,,,,66.69061882019042,66.2620393371582,6.486381068229675,6.475765991210937,104.13439979553225,103.16559967041016,0.0033063683658838,0.0045801727101206,0.0020092043559998,-0.0900782570242881,-0.0519643500447273,-0.1249602735042572,-0.0567329041659832,-0.0419828929007053,-0.1648426353931427,-0.0188826285302639,-0.0898500904440879,-0.076993927359581
2016-05-05 00:00:00+00:00,62.5,62.5,61.81,61.63,-0.54,62.3,9.0,56.0,,,,66.83995903015136,66.34349838256836,6.492391948699951,6.481470017433167,103.8748998260498,103.22880027770996,0.0170402228832244,0.0140328761190176,0.0047232210636138,-0.2273269593715667,0.0908554941415786,-0.1306464970111847,-0.0895170494914054,-0.036389123648405,-0.1860453188419342,-0.0500277057290077,-0.3355991840362549,-0.2519424557685852
2016-05-06 00:00:00+00:00,62.02,62.2,61.66,61.83,0.04,61.96,12709.0,108957.0,,,,66.75908111572265,66.244359664917,6.501992082595825,6.48283899307251,104.48359939575197,103.29970092773438,-0.0008015564526431,-0.00093045970425,-0.0020177171099931,-0.0269845556467771,0.0397892780601978,-0.144614040851593,-0.0293186455965042,-0.0451724603772163,-0.1337470561265945,-0.0481313690543174,-0.3378583490848541,-0.2299485504627227
2016-05-09 00:00:00+00:00,61.81,62.06,61.18,61.33,-0.5,61.45,16274.0,107311.0,,,,66.69124885559081,66.19949890136719,6.519937973022461,6.483348960876465,104.5698989868164,103.28570045471191,0.0184776987880468,0.0132918925955891,0.0058050788938999,0.197214588522911,0.1220659166574478,-0.1390274465084076,-0.0046319412067532,-0.012851558625698,-0.118235096335411,-0.0445694476366043,-0.3088979125022888,-0.2087360918521881
2016-05-10 00:00:00+00:00,61.54,61.97,60.6,60.9,-0.43,61.18,24239.0,104635.0,133.0,50.0,,66.77835998535156,66.40941818237305,6.510521941184997,6.493759932518006,104.47909934997558,103.19459976196288,0.0042570042423903,0.0022045788355171,0.0026387283578515,0.0180367492139339,0.0304125547409057,-0.099056988954544,-0.0459251478314399,-0.0697169154882431,-0.0994070172309875,-0.0443237796425819,-0.2890002727508545,-0.2002101838588714
2016-05-11 00:00:00+00:00,61.06,61.75,60.55,60.6,-0.3,60.96,19828.0,101432.0,33.0,,,66.75895965576171,66.46701904296874,6.515121054649353,6.4989279794693,104.2506997680664,103.21730041503906,-0.0037208956200629,-0.006786239799112,-0.0041611967608332,0.4369057118892669,0.1402307152748108,-0.10901390761137,-0.0320397689938545,-0.040732555091381,-0.0903168767690658,-0.0429451987147331,-0.2915814518928528,-0.1988562792539596
2016-05-12 00:00:00+00:00,60.65,61.37,60.55,60.73,0.13,60.85,17576.0,100271.0,1.0,,,66.68345886230469,66.22863891601563,6.497315044403076,6.477217998504639,104.50559860229492,103.21920036315916,0.0050537013448774,0.0094089154154062,0.0057157767005264,-0.4689673483371734,-0.1851356029510498,-0.0806267485022544,-0.0188972800970077,-0.0332797616720199,-0.0932578966021537,-0.0438599847257137,-0.3160437941551208,-0.2393761128187179
2016-05-13 00:00:00+00:00,60.66,61.04,60.25,60.62,-0.11,60.59,15698.0,100847.0,,,,66.87657958984374,66.48595855712891,6.512677927017212,6.490793933868408,104.477999420166,103.17529953002928,0.0170703381299972,0.0135462488979101,0.0055263666436076,-0.3700029551982879,-0.1293827295303344,-0.0870263651013374,0.0474398434162139,0.0419059135019779,-0.0808194503188133,-0.034147523343563,-0.2150314599275589,-0.1931413859128952
2016-05-16 00:00:00+00:00,60.68,61.52,60.62,60.99,0.37,61.14,14240.0,100784.0,,,,66.92087989807129,66.52886978149414,6.527648024559021,6.511503982543945,104.54629928588868,103.1640998840332,-0.0049039837904274,-0.0042659030295908,-0.0037534015718847,-0.2316302061080932,-0.0844224020838737,-0.0817214846611023,-0.0957216471433639,-0.0974740758538246,-0.138563871383667,-0.0492589585483074,-0.468997061252594,-0.2986201643943786
2016-05-17 00:00:00+00:00,61.0,62.5,61.0,62.2,1.21,62.05,20422.0,99847.0,,76.0,,66.91680938720702,66.55572776794433,6.528999056816101,6.518231973648072,104.1138996887207,103.13710021972656,0.0004505112010519,0.0013845188077539,0.0020746069494634,-0.2169193029403686,0.0819727331399917,-0.1036312207579612,-0.0757674053311348,-0.083997942507267,-0.1684304922819137,0.1960027664899826,0.744266152381897,0.3752261102199554
2016-05-18 00:00:00+00:00,62.09,62.88,61.4,62.05,-0.15,62.03,16299.0,101504.0,212.0,,,66.93102973937988,66.5921297454834,6.518441028594971,6.507015933990479,104.56449920654296,103.0981021118164,-0.0020850638393312,-0.0015965020284056,-0.0021949016954749,-1.4386414289474487,-0.6141070127487183,-0.2209891527891159,0.0806780681014061,0.0560055375099182,-0.0915959328413009,-0.0452015325427055,-0.3252900540828705,-0.1987511664628982
2016-05-19 00:00:00+00:00,62.1,62.15,60.6,61.07,-0.98,61.28,18681.0,99270.0,96.0,115.0,,67.28675033569336,66.86853935241699,6.528200922012329,6.521677842140198,104.63049919128416,103.40410163879396,0.0016541418153792,0.0025028807576745,0.002401293022558,-0.3718784749507904,-0.1916528791189193,-0.1388671994209289,0.1994857937097549,0.1826993972063064,0.1482187509536743,-0.038557294756174,-0.2347323596477508,-0.181794986128807
2016-05-20 00:00:00+00:00,61.22,62.07,61.07,61.67,0.6,61.59,12610.0,98512.0,6.0,115.0,,67.82970977783204,67.36019912719726,6.54054612159729,6.531328835487366,104.58290031433106,103.21790000915529,-0.0025473448913544,-0.0015088201034814,-0.0027284570969641,-0.6352348327636719,-0.211320087313652,-0.1576713025569915,-0.1780708730220794,-0.1003200635313987,-0.1236200928688049,-0.0455426387488842,-0.3022682070732116,-0.1937679052352905
2016-05-23 00:00:00+00:00,61.67,61.83,61.1,61.45,-0.22,61.37,10423.0,97252.0,,,,67.65278930664063,67.22239852905274,6.541165103912354,6.527345814704895,104.60789947509764,103.15630043029785,0.0015225639799609,0.002239731606096,0.0023974552750587,-0.6942925453186035,-0.2757573127746582,-0.1871047168970108,-0.0729100629687309,-0.0693523213267326,-0.1374128311872482,-0.0455426387488842,-0.2843325138092041,-0.1962513476610183
2016-05-24 00:00:00+00:00,61.38,63.2,61.15,63.01,1.56,62.51,25646.0,97059.0,,20.0,,67.74670936584472,67.29233985900879,6.546412466367086,6.52220380783081,104.33060028076171,103.1146997833252,-0.0031771049834787,-0.0025853801053017,-0.0028539737686514,-0.1714765578508377,-0.1453558653593063,-0.1842299848794937,0.0744394063949585,0.082606516778469,-0.1204817071557045,-0.0430424734950065,-0.2836713194847107,-0.2310446798801422
2016-05-25 00:00:00+00:00,63.05,63.42,62.37,62.9,-0.11,62.91,13303.0,96796.0,40.0,,,67.88574012756348,67.42178123474122,6.54907153558731,6.523037717819213,104.51309982299804,103.29970207214356,0.0012471192749217,0.0019978047348558,0.0021871468052268,0.1905780732631683,0.1643635481595993,0.2021496742963791,-0.2027905881404876,-0.1710686981678009,-0.2647377550601959,-0.0417677536606788,-0.3035388588905334,-0.2044132500886917
2016-05-26 00:00:00+00:00,62.89,64.55,62.85,64.33,1.43,64.15,25125.0,96898.0,225.0,,,67.35988906860352,66.90803001403809,6.545152448018392,6.5244678068161015,104.23540023803712,103.2035994720459,-0.0009211560827679,0.0009945284109562,0.0021503260359168,0.0241664182394742,0.0757990851998329,0.1461983323097229,-0.1742212027311325,-0.14592806994915,-0.1851585954427719,-0.0437069237232208,-0.2976293563842773,-0.2410072833299636
2016-05-27 00:00:00+00:00,64.33,64.59,63.58,64.28,-0.05,64.09,13035.0,95799.0,515.0,168.0,,67.1822981262207,66.76089004516602,6.54873613357544,6.522595815658569,104.07600074768068,103.16129890441894,0.0028660031966865,0.0029965986032038,0.002567293588072,0.057947926223278,0.064037948846817,0.4212360680103302,0.0514611303806304,0.040380872786045,0.1038549914956092,-0.0431769900023937,-0.2843850553035736,-0.2362720221281051
2016-05-31 00:00:00+00:00,64.28,64.46,62.9,63.94,,63.67,17266.0,93948.0,85.0,,,67.3083795928955,66.95624153137207,6.574846112728119,6.5650198278881255,104.07719985961914,103.16490043640135,-0.000840660824906,-0.0011253170669078,-0.0023730692919343,-0.5313647389411926,0.1783078461885452,0.1561760008335113,0.0091245751827955,-0.0143870143219828,-0.0967139527201652,0.2309935837984085,0.8071483373641968,0.5264462232589722
2016-06-01 00:00:00+00:00,64.08,64.08,62.94,63.17,-0.77,63.23,19728.0,92677.0,35.0,,,67.18563079833984,66.79527938842773,6.574827055931092,6.568200044631958,104.13179985046386,103.3042007446289,0.0028388551436364,0.0023692175745964,0.0031616110354661,0.0046207164414227,0.2655763030052185,0.1654818505048751,0.0082398075610399,0.0241794865578413,-0.0939521789550781,-0.0448159351944923,-0.2981760501861572,-0.1967541426420211
2016-06-02 00:00:00+00:00,63.17,63.67,62.81,62.87,-0.3,63.29,16257.0,89768.0,,50.0,,67.57508010864258,67.19355987548828,6.569938063621521,6.564108782768249,104.59069984436036,103.09299880981445,0.0067104324698448,0.0043523828499019,0.0042808065190911,-0.0815448015928268,0.1694488376379013,0.1348398476839065,-0.0270532742142677,-0.0521524548530578,-0.1490631997585296,-0.0472290739417076,-0.3400347232818603,-0.2652961611747741
2016-06-03 00:00:00+00:00,63.23,64.11,63.06,63.92,1.05,63.76,19431.0,86462.0,81.0,,,67.50082786560058,67.09193939208984,6.579701104164124,6.554260015487671,104.51840003967284,103.06549926757812,-0.0020702551119029,-0.0014206694904714,-0.0032571791671216,-0.5433877110481262,-0.1783545315265655,-0.0987202227115631,-0.0882557034492492,-0.1065754145383834,-0.1593920588493347,-0.0308404453098773,-0.2261712104082107,-0.1998085528612136
2016-06-06 00:00:00+00:00,63.85,65.9,63.81,65.55,1.63,65.3,29655.0,81671.0,282.0,,,67.10847915649414,66.72384017944336,6.561637684301897,6.55383927377065,104.18339981079102,102.99459854125976,0.0083295488730072,0.0047516915947198,0.0030719267670065,0.1037158593535423,0.1440083980560302,0.08838751912117,0.0297953430563211,0.0397339724004268,0.0631980821490287,-0.0702211633324623,-0.3999625444412231,-0.5232840776443481
2016-06-07 00:00:00+00:00,65.56,66.16,65.2,65.85,0.3,65.75,28275.0,81360.0,88.0,50.0,,66.89875007629395,66.42487968444824,6.558652786098001,6.549935448964436,104.57430000305176,102.9890983581543,0.0101137924939394,0.0068873213604092,0.005232335999608,-0.4540366530418396,-0.2704367041587829,-0.1116658970713615,-0.0858327150344848,-0.0773069858551025,-0.0907410830259323,-0.0439900271594524,-0.2780442833900451,-0.2630808651447296
2016-06-08 00:00:00+00:00,65.86,66.5,65.5,65.78,-0.07,66.09,21437.0,75165.0,5884.0,695.0,,66.77034027099609,66.38307823181152,6.564277982526528,6.560203516233536,104.25939971923827,102.89609817504883,0.0024228806141763,0.0020083482377231,0.0018080446170642,0.1267397552728653,0.2141215056180954,0.1171073913574218,-0.1625142395496368,-0.1564161032438278,-0.0930865108966827,-0.0447375103831291,-0.2765313684940338,-0.2283502519130706
2016-06-09 00:00:00+00:00,65.67,65.67,64.46,64.96,-0.82,64.97,17394.0,69890.0,304.0,44.0,,66.62191207885742,66.19720054626465,6.555919320006392,6.547328418095906,104.01630020141602,102.68449920654297,0.0090091312304139,0.0058276439085602,0.0039988518692553,0.3299417495727539,0.1732400208711624,0.1192288175225257,0.0929084047675132,0.1268329918384552,0.1082098260521888,-0.0367008075118064,-0.2571508288383484,-0.2194024324417114
2016-06-10 00:00:00+00:00,65.05,65.51,64.48,64.75,-0.21,64.99,18856.0,62693.0,59.0,2500.0,,66.7805305480957,66.49278923034667,6.555919320006392,6.547328418095906,103.88920028686525,102.72199867248536,0.0083823231980204,0.0037810788489878,0.0036971224471926,1.2615810632705688,0.7449116110801697,0.2248788625001907,0.0397352427244186,0.0354993641376495,-0.0829020515084266,-0.0288168843835592,-0.2158945053815841,-0.1771276295185089
2016-06-13 00:00:00+00:00,65.03,66.25,63.71,63.79,-0.96,64.65,18349.0,51100.0,339.0,531.0,,67.21546012878417,66.73235969543457,6.560684061050415,6.545976033210755,103.65730125427244,102.86089828491212,0.0119522707536816,0.0133929979056119,0.0079995151609182,-0.211276888847351,-0.1326564699411392,-0.1053326055407524,0.0290966592729091,0.0332660414278507,-0.0661234632134437,-0.0199608691036701,-0.127671405673027,-0.1042141690850257
2016-06-14 00:00:00+00:00,63.79,63.79,62.58,63.04,-0.75,63.02,17757.0,42276.0,193.0,264.0,1000.0,67.20718070983887,66.8706999206543,6.578868136405945,6.569348125457764,104.14169998168946,102.95099807739258,0.0175514351576566,0.0159608572721481,0.0063601951114833,-0.3338985741138458,-0.1307297050952911,-0.0907180085778236,0.0197198521345853,0.0127640292048454,-0.0937292203307151,-0.0365215763449668,-0.283890813589096,-0.1983841955661773
2016-06-15 00:00:00+00:00,63.22,63.49,62.52,62.6,-0.44,62.9,11885.0,33773.0,79.0,16.0,1557.0,67.38096809387207,66.91925918579102,6.58357614517212,6.566123089790344,104.52709968566894,102.984398727417,0.0110721392557024,0.0103965867310762,0.0050376332364976,0.3554868400096893,0.1341105550527572,-0.0904484763741493,-0.091788075864315,-0.0546321086585521,-0.1292546540498733,-0.0428061299026012,-0.3207484781742096,-0.291126400232315
2016-06-16 00:00:00+00:00,62.72,63.77,62.3,63.3,0.7,62.91,10087.0,27339.0,122.0,,,67.18839080810547,66.87579917907715,6.574847917556763,6.559057877063752,103.72169914245606,102.40650146484376,0.0081051252782344,0.0088991392403841,0.0061547621153295,-0.0542412251234054,-0.0819843187928199,-0.0900579392910003,0.0435899049043655,0.048938762396574,0.1005436405539512,0.1811049133539199,0.6242871880531311,0.2197080850601196
2016-06-17 00:00:00+00:00,63.27,65.1,63.11,64.57,1.27,64.55,7535.0,19299.0,6.0,460.0,,67.40421875,66.94317970275878,6.581671018600463,6.561713085174561,104.52200004577637,102.71020011901857,0.005136574152857,0.0037125181406736,0.0030057632829993,0.0401625894010067,0.0804775580763816,-0.0773629620671272,-0.1197030544281005,-0.1093235611915588,-0.1430643200874328,-0.0484288036823272,-0.4382044672966003,-0.2797382473945617
2016-06-20 00:00:00+00:00,64.55,65.35,63.94,64.39,-0.18,64.56,4228.0,13762.0,42.0,,,67.36750099182129,66.99248016357421,6.579969081878662,6.55798389673233,104.51159996032716,102.85790077209472,0.0032442444935441,0.0018023075535893,0.0019142775563523,-0.0162217691540718,0.0555755607783794,-0.0931371375918388,0.2646793723106384,0.3090643286705017,0.2982992529869079,0.2115418463945388,0.7944931983947754,0.2833836078643799
2016-06-21 00:00:00+00:00,64.56,64.69,62.45,62.85,-1.54,62.91,4612.0,10815.0,734.0,,,67.50537094116211,67.0678303527832,6.574072079658508,6.564951814469837,104.3871002960205,103.29389938354493,0.0074218953959643,0.0074546956457197,0.0063314847648143,-0.6347537636756897,-0.1689733117818832,-0.1235715448856353,0.3813194632530212,0.3681637048721313,0.3562102317810058,-0.0406498685479164,-0.3347106575965881,-0.2844080030918121
2016-06-22 00:00:00+00:00,62.83,63.45,62.53,62.94,0.09,62.95,3565.0,5075.0,,,,67.92692008972168,67.42584091186524,6.580657086372376,6.555758578777313,103.82110054016113,103.06759956359863,0.002817153930664,0.001661603571847,0.0021290194708853,-0.3773364722728729,0.1109470725059509,-0.0778063684701919,-0.1065060794353485,-0.1117194145917892,-0.0991609469056129,0.0883743315935134,0.3189449906349182,0.1567888557910919
2016-06-23 00:00:00+00:00,62.94,65.45,62.92,64.88,1.94,64.11,2000.0,2669.0,1448.0,,,67.5552596282959,67.21737976074219,6.57247210264206,6.560597144490198,104.42690155029295,102.88069953918458,0.003588906256482,0.0043779192492365,0.0032759977038949,0.0441810712218284,0.1107402592897415,0.1235599964857101,-0.0845309197902679,-0.0442358739674091,-0.1282228976488113,0.1801582276821136,0.6648122072219849,0.2407033890485763
2016-06-24 00:00:00+00:00,63.9,64.94,63.7,64.5,-0.38,64.67,358.0,789.0,,,,67.38504165649414,66.92233894348145,6.573290071487427,6.560048995018005,104.3932991027832,103.1957006072998,0.0312746167182922,0.0323604829609394,0.0153168998658657,0.0171153340488672,0.0922349914908409,0.1194638907909393,0.4219207167625427,0.4271681904792785,0.3369376957416534,-0.0265854243189096,-0.3856768310070038,-0.2675319314002991
2016-06-27 00:00:00+00:00,65.49,65.49,63.29,63.48,-1.02,64.0,60.0,429.0,427.0,,,67.98876045227051,67.63999862670899,6.582605051994324,6.55696704864502,103.90459907531738,102.99500061035155,0.0291653331369161,0.0306554678827524,0.0131220808252692,0.1347143054008484,0.118626095354557,0.1363318413496017,-0.054137323051691,-0.0511494502425193,0.0834400951862335,0.2502552270889282,1.3386917114257812,0.6005799770355225
2016-06-28 00:00:00+00:00,64.36,65.0,64.36,64.66,1.18,64.61,10.0,64.0,,,,68.18896026611328,67.73159782409668,6.582605051994324,6.55696704864502,104.54950012207031,103.22519882202148,-0.0033885019365698,-0.0044586565345525,0.0040871589444577,-0.0688410624861717,-0.0386710576713085,-0.1326924264430999,-0.0254323966801166,-0.0274389628320932,-0.0928999334573745,-0.0476909577846527,-0.3062239289283752,-0.2525469064712524
2016-06-29 00:00:00+00:00,64.76,64.76,64.76,64.5,-0.16,64.76,1.0,54.0,,,,67.83059944152832,67.40272102355956,6.582605051994324,6.55696704864502,104.35940032958985,103.162198638916,-0.0013017163146287,-0.0028596168849617,0.0035914853215217,0.3254533112049103,0.1188494712114334,0.1461090743541717,-0.0839213579893112,-0.0398564264178276,-0.0870477929711341,-0.0488889217376709,-0.3062090277671814,-0.2250338494777679
2016-06-30 00:00:00+00:00,63.08,63.08,63.08,62.82,-1.68,63.08,1.0,53.0,,,,67.59990119934082,67.26228065490723,6.582605051994324,6.55696704864502,104.56749900817871,102.52129890441894,0.0115065881982445,0.0113292755559086,0.0059796716086566,-0.024884283542633,-0.0423618368804454,-0.1130922064185142,0.0874134674668312,0.0907250940799713,0.1408583223819732,-0.0496210865676403,-0.365527868270874,-0.2647811770439148
2016-07-01 00:00:00+00:00,63.62,63.62,63.62,63.62,0.8,,1.0,52.0,,,,67.6341706085205,67.1856396484375,6.641787009239197,6.6258640956878665,104.56749885559084,103.0931999206543,0.0085334284231066,0.0068828994408249,0.0039089508354663,-0.3039242327213287,-0.1110267862677574,-0.1181462779641151,-0.0725361853837966,-0.0681275948882103,-0.1156893819570541,-0.0478193312883377,-0.4984460771083832,-0.2589395642280578
2016-07-05 00:00:00+00:00,62.92,62.92,62.92,63.75,,62.92,47.0,49.0,,,,67.389521484375,66.9262003326416,6.6414250469207765,6.620334124565124,104.39669967651368,103.0481997680664,0.0020100018009543,0.0026490236632525,0.0031745650339871,0.1494881361722946,0.0981120616197586,-0.1328746825456619,0.043827086687088,0.037053395062685,0.1051321402192115,0.2208477556705474,0.8811782002449036,0.618914008140564
2016-07-06 00:00:00+00:00,63.4,63.54,63.4,63.78,0.03,63.47,2.0,2.0,,,,67.55985054016114,67.2195304107666,6.6414250469207765,6.620334124565124,103.7015005493164,103.12019958496094,0.0027267069090157,0.0041100918315351,0.0039576748386025,-0.3232290744781494,0.1754229515790939,-0.1503275632858276,-0.0024305183906108,0.0187642574310302,0.0553136691451072,0.0973324328660965,0.2708382904529571,0.1478545516729354
2016-07-07 00:00:00+00:00,65.29,65.51,65.0,65.25,-0.11,65.25,13.0,118.0,,,,67.68412010192871,67.30796951293945,6.6414250469207765,6.620334124565124,104.5752993774414,103.0250979614258,-0.0034867904614657,-0.0022442177869379,-0.0046806153841316,0.2654351592063904,0.2098792046308517,0.1656159460544586,-0.0190205667167902,0.0272796507924795,0.0585924908518791,-0.050988920032978,-0.4618437886238098,-0.2104651033878326
2016-07-08 00:00:00+00:00,64.85,66.7,64.85,65.92,0.67,65.96,19.0,121.0,,,,67.65442031860351,67.20022956848145,6.6414250469207765,6.620334124565124,104.4445989227295,103.2299001312256,0.0037637460045516,0.0029889321886003,0.0040377755649387,0.1041591241955757,0.1220699548721313,-0.168668732047081,-0.337224006652832,-0.314211368560791,-0.2586857676506042,0.154754176735878,0.3568578660488128,0.3957143723964691
2016-07-11 00:00:00+00:00,66.37,68.15,66.37,68.14,2.22,67.19,71.0,122.0,,,,67.35466094970702,66.9258804321289,6.6414250469207765,6.620334124565124,104.23929916381836,103.20140029907226,-0.0002134911483153,-0.0005428212461993,-0.0029275356791913,0.1733697950839996,0.0968566387891769,0.1357121914625167,0.0277628097683191,0.0308350231498479,0.0362564139068126,0.1907605826854705,0.7472440004348755,0.4803767800331116
2016-07-12 00:00:00+00:00,68.26,71.14,67.9,71.14,3.0,68.89,54.0,145.0,,,,67.345,66.97064102172851,6.6414250469207765,6.620334124565124,104.57839797973632,103.30450172424317,-0.0041970773600041,-0.002596040489152,-0.0038592040073126,-0.3142725229263305,-0.1461540758609771,-0.1626745462417602,-0.044173926115036,-0.0385107211768627,0.0699103698134422,-0.0546890012919902,-0.4888962805271148,-0.2016661167144775
2016-07-13 00:00:00+00:00,71.5,75.14,71.5,73.38,2.24,73.54,156.0,150.0,,,,67.28469963073731,66.90527030944824,6.6414250469207765,6.620334124565124,104.45979835510254,103.33800109863282,-0.0031658911611884,-0.0028075580485165,-0.0033325757831335,-0.4820294082164764,0.2096682041883468,0.1681367456912994,0.1200668811798095,0.1349560916423797,0.1548954099416732,0.1268188506364822,0.2924808859825134,0.370381087064743
2016-07-14 00:00:00+00:00,73.14,74.62,72.39,73.82,0.44,73.65,53.0,160.0,,,,67.11705024719238,66.68853019714355,6.6414250469207765,6.620334124565124,103.94799926757813,103.17570053100586,-0.0027934454847127,-0.0014497902011498,-0.0026980014517903,-0.2500616312026977,0.1712317615747451,0.15717713534832,-0.1208339184522628,-0.1383916735649109,-0.0973750650882721,0.1962914019823074,0.6665765047073364,0.4800755381584167
2016-07-15 00:00:00+00:00,73.34,74.51,73.34,73.86,0.04,73.82,70.0,170.0,,,,67.24877983093262,66.82109069824219,6.6414250469207765,6.620334124565124,104.23179969787596,103.04949989318848,-0.0005708452663384,-0.0002851322642527,0.0020861851517111,-0.2551837861537933,-0.0923402830958366,-0.1702525317668914,0.0554537177085876,0.0536660924553871,0.1018500477075576,0.1970718801021576,0.7295063734054565,0.4180836081504822
2016-07-18 00:00:00+00:00,73.67,74.44,73.55,73.63,-0.23,73.94,31.0,168.0,,,,67.26461120605468,66.89000999450684,6.679888081550598,6.668191061019898,104.52429985046386,103.20220092773438,0.0293393619358539,0.0257383938878774,0.0098405834287405,0.0645547807216644,0.0792619735002517,-0.2211846113204956,-0.0262208990752697,-0.0139932660385966,-0.0670949891209602,0.0405635125935077,-0.2378559112548828,-0.1464783549308776
2016-07-19 00:00:00+00:00,73.54,73.94,72.47,72.96,-0.67,73.13,13.0,166.0,,,,67.29864067077636,66.95247024536133,6.681514039039612,6.673907084465027,104.13939964294434,103.11780029296877,-0.0023912074975669,-0.0048585939221084,-0.0038207117468118,0.090487003326416,0.1036366000771522,0.1547631323337555,-0.024380262941122,-0.0251854304224252,-0.0783466696739196,0.1978352516889572,0.7810320258140564,0.4760691225528717
2016-07-20 00:00:00+00:00,72.92,72.92,71.17,71.95,-1.01,71.78,33.0,164.0,,,,67.38114990234375,66.94629905700684,6.680992016792297,6.670911097526551,104.71179878234864,103.33909912109377,-0.0046610049903392,-0.0075175715610384,-0.0039965403266251,-0.542514979839325,-0.2615527510643005,-0.189372256398201,-0.0394180417060852,-0.0401373691856861,-0.0827913433313369,0.1123435273766517,0.2690012156963348,0.2715867757797241
2016-07-21 00:00:00+00:00,71.88,73.47,71.78,72.66,0.71,72.77,30.0,161.0,,,,67.26556053161622,66.95184875488282,6.677368087768555,6.666483073234558,104.1368007659912,103.35470024108886,0.0010465742088854,0.0018642039503902,0.0032092439942061,0.1080972626805305,0.0673284232616424,0.1183891221880912,-0.0193531829863786,-0.0286587625741958,-0.0755814462900161,0.1902724802494049,0.628257155418396,0.5193231701850891
2016-07-22 00:00:00+00:00,72.75,72.75,71.72,72.52,-0.14,72.1,24.0,163.0,,,,67.24035064697266,66.88769927978515,6.678762068748474,6.666855025291443,104.51859855651855,103.19890022277832,0.0029325706418603,0.0055951131507754,0.0031823515892028,0.232418417930603,0.1708728075027465,0.1613706052303314,-0.0402505509555339,-0.0298482924699783,-0.0759676471352577,0.1932686865329742,0.7728478312492371,0.5191506743431091
2016-07-25 00:00:00+00:00,72.48,72.59,71.7,72.12,-0.4,72.19,17.0,156.0,,,,67.28079002380372,66.94482063293457,6.682050976753235,6.673893084526062,104.67769996643068,103.30629959106446,0.0003716849314514,-0.0031053021084517,0.0027185264043509,0.2186741530895233,0.1868359744548797,0.154500737786293,0.0326925590634346,0.0242038201540708,0.1380525529384613,-0.0563765875995159,-0.551231324672699,-0.2448535710573196
2016-07-26 00:00:00+00:00,72.48,74.42,72.48,73.63,1.51,73.73,24.0,154.0,,,,67.67421844482422,67.27699020385742,6.679652004241944,6.667340116500855,104.0173999786377,103.01790100097656,0.000675774179399,0.0025524094235152,0.0019881553016602,0.0060542193241417,0.0186416991055011,0.0874129310250282,-0.072593554854393,-0.0891187489032745,-0.1002062112092971,0.2095715254545211,1.154606580734253,0.8142366409301758
2016-07-27 00:00:00+00:00,74.53,75.0,73.32,73.83,0.2,74.3,71.0,163.0,,,,67.40378067016601,66.98980979919433,6.672594127655029,6.659915075302124,104.43689994812011,103.27119926452636,0.0059872358106076,0.0060615106485784,0.004038528073579,-0.3508957624435425,-0.1854111701250076,-0.1015838161110878,-0.0443958714604377,-0.0392817482352256,-0.0902349799871444,0.1863698065280914,0.6687615513801575,0.6037868857383728
2016-07-28 00:00:00+00:00,73.85,73.85,71.37,73.02,-0.81,72.29,46.0,208.0,,,,67.32255073547363,66.81722145080566,6.671355123519898,6.659137053489685,104.51519790649414,102.86550048828126,-0.0084298681467771,-0.0083499252796173,-0.0048393388278782,0.6490799188613892,0.2190891802310943,0.1184883564710617,-0.0435424298048019,-0.0208182781934738,0.0502985194325447,-0.0568168982863426,-0.4783716201782226,-0.2569978833198547
2016-07-29 00:00:00+00:00,72.69,74.0,71.76,74.16,1.14,72.72,20.0,179.0,,,,67.28431007385254,66.86823059082032,6.653056144714356,6.639038066864014,104.3856997680664,103.25299896240234,-0.0103576593101024,-0.0115157049149274,-0.0072445352561771,-0.0860046818852424,0.162239670753479,-0.1015656217932701,-0.2432837784290313,-0.2969207167625427,-0.1049602478742599,0.1230469942092895,0.2888773679733276,0.3756922781467438
2016-08-01 00:00:00+00:00,74.16,74.91,73.98,74.17,0.01,74.33,72.0,186.0,,,,66.69504913330078,66.35439880371094,6.640104022026062,6.618464078903198,104.31869964599608,102.55919998168946,-0.0101262722164392,-0.0099733155220747,-0.0067016608081758,0.2332561761140823,0.2802388072013855,0.1166729554533958,0.1433056741952896,0.1263926774263382,0.1288470178842544,0.232589989900589,0.9660996198654176,0.6053979396820068
2016-08-02 00:00:00+00:00,74.24,74.24,72.94,73.67,-0.5,73.58,69.0,203.0,,,,66.76861038208008,66.46209991455078,6.643421988487244,6.625573105812073,104.69479873657228,103.24009963989258,0.0012586587108671,0.0017962189158424,0.002679988509044,0.9043614864349364,0.5248129963874817,-0.1543207168579101,-0.0590359009802341,-0.0950223952531814,-0.0784798264503479,-0.0575592741370201,-0.5314747095108032,-0.2386151850223541
2016-08-03 00:00:00+00:00,73.67,73.82,73.2,73.84,0.17,73.55,17.0,207.0,,,,66.80455039978027,66.47160049438476,6.635690026283264,6.604736046791077,103.71260093688964,103.09749938964843,0.0054386421106755,0.0054853735491633,0.0022842176258563,-0.5638293027877808,-0.2636340856552124,-0.321648359298706,0.0303194783627986,0.0227833930402994,0.1266578286886215,0.1940620839595794,0.7104260325431824,0.4831228256225586
2016-08-04 00:00:00+00:00,73.53,76.16,73.53,75.86,2.02,75.26,67.0,204.0,,,,66.87655937194825,66.47919975280762,6.643456921577454,6.6265650701522825,103.73529968261718,102.41139892578126,0.0055777742527425,0.0068351598456501,0.0027665845118463,1.5026496648788452,0.811688244342804,-0.2226990908384323,0.0429259538650512,0.0313842110335826,0.0520835518836975,0.1134614571928978,0.318038672208786,0.1927778720855713
2016-08-05 00:00:00+00:00,76.16,77.8,75.61,76.64,0.78,76.35,82.0,205.0,,,,66.96551002502441,66.64659950256348,6.646986961364746,6.631294074058533,104.0992000579834,102.3620997619629,0.006094314623624,0.009792705066502,0.0032873877789825,0.1605349332094192,0.1388348937034607,-0.0773832499980926,-0.0024647631216794,-0.0195726100355386,-0.0673036351799964,-0.0280534829944372,-0.2275251448154449,-0.1747175753116607
2016-08-08 00:00:00+00:00,77.01,77.1,75.99,76.06,-0.58,76.42,28.0,198.0,,,,66.97032943725586,66.62730026245117,6.688528890609741,6.666571011543274,104.61429817199706,102.9496987915039,-0.0062350835651159,-0.0097284652292728,-0.0038525527343153,-0.5208805799484253,-0.2677900195121765,-0.1103114709258079,0.0155665772035717,0.0200739428400993,-0.0833316519856453,-0.0427255742251873,-0.2887672483921051,-0.1806008070707321
2016-08-09 00:00:00+00:00,74.5,74.5,73.06,73.06,-3.0,73.62,58.0,206.0,,,,66.94610977172852,66.60939865112304,6.673723034858703,6.652257986068726,104.4179997253418,102.85069801330566,-0.0002679212484508,-0.0009665042161941,-0.0013480805791914,-0.0431289486587047,0.1018641144037246,-0.0623770579695701,0.0455940254032611,0.0553948767483234,0.1322284489870071,-0.0400287024676799,-0.2394305020570755,-0.176644280552864
2016-08-10 00:00:00+00:00,72.0,72.28,71.02,71.16,-1.9,71.63,53.0,199.0,,,,66.88325988769532,66.47809860229492,6.6547180891036986,6.640858035087586,104.59509971618652,102.81959991455078,-0.0052745779976248,-0.0066007175482809,-0.002727085025981,0.1642197370529174,0.0874891504645347,0.084463283419609,0.0074117379263043,0.0153610836714506,0.0842336043715477,-0.0370998866856098,-0.2586197555065155,-0.2141005545854568
2016-08-11 00:00:00+00:00,71.16,71.77,70.75,71.27,0.11,71.4,56.0,189.0,,,,66.86199996948243,66.5136996459961,6.643364939689636,6.627724080085755,104.4375,102.72619873046877,0.0060424567200243,0.0067960582673549,0.0031997154001146,0.2082516551017761,0.119482398033142,0.0791217237710952,0.0651369541883468,0.0731170326471328,0.1241880655288696,-0.0357061550021171,-0.2348375767469406,-0.1919221580028534
2016-08-12 00:00:00+00:00,71.31,71.89,69.8,69.88,-1.39,70.8,45.0,177.0,,,,66.83507011413575,66.49710090637207,6.644103946685791,6.628167071342468,104.33959953308106,102.9091985321045,0.0094585120677948,0.0125749576836824,0.0064931665547192,0.1987458616495132,0.1225843578577041,0.1096869930624961,0.07039625197649,0.0897993817925453,0.1455963253974914,-0.0344127751886844,-0.3334502875804901,-0.197904035449028
2016-08-15 00:00:00+00:00,70.48,70.52,68.01,68.09,-1.79,69.32,51.0,167.0,,,,66.92777961730957,66.60490127563476,6.646512050628662,6.63060311794281,103.79190063476562,102.99709907531738,0.0010793070541694,0.0018706374103203,0.0019460809417068,0.1325258463621139,0.1042707934975624,0.1180013939738273,-0.0231892727315425,-0.0196755714714527,-0.1061144471168518,0.2241598814725875,0.8991085290908813,0.4556939601898193
2016-08-16 00:00:00+00:00,68.09,68.09,66.23,68.01,-0.08,67.13,51.0,156.0,,,,66.93222053527832,66.62140083312988,6.646653981208801,6.623480067253113,104.53749931335447,103.14829788208009,-0.0146820340305566,-0.0137386796995997,-0.0061062979511916,0.3446040153503418,0.1611945033073425,0.1459190994501114,-0.0372096262872219,-0.0521612837910652,-0.1097377985715866,-0.0398256704211235,-0.2850537300109863,-0.2800224423408508
2016-08-17 00:00:00+00:00,68.61,68.96,68.23,68.36,0.35,68.52,59.0,153.0,,,,66.92720977783203,66.609751663208,6.647648949623108,6.622042112350464,104.3340997314453,103.15119926452635,0.007029736880213,0.0073796780779957,0.0026585150044411,0.1584850847721099,0.1241005808115005,0.1382600218057632,0.0189170781522989,0.0428766310214996,-0.1013270020484924,-0.0378740243613719,-0.2712475061416626,-0.251850813627243
2016-08-18 00:00:00+00:00,68.37,69.55,68.37,68.5,0.14,69.07,23.0,171.0,,,,66.93958992004394,66.61795120239258,6.647258958816528,6.621016116142273,104.66629928588868,103.0407007598877,0.0002718612377066,0.0015094445552676,-0.0024718719068914,0.1051849424839019,0.081117920577526,0.1232383623719215,-0.0469573549926281,-0.0425270721316337,-0.1086602360010147,-0.047215037047863,-0.3536370396614074,-0.2628523707389831
2016-08-19 00:00:00+00:00,68.61,68.61,67.29,67.57,-0.93,67.53,47.0,169.0,,,,67.19582847595215,66.89448005676269,6.63084303855896,6.586792912483215,104.16269897460936,103.21319984436036,0.0181607510894536,0.0207464881241321,0.0073500080034136,0.2183356881141662,0.1451747417449951,0.1612786501646042,0.2664757668972015,0.3054418265819549,0.3577552437782287,0.2281592190265655,0.9283884167671204,0.4539353847503662
2016-08-22 00:00:00+00:00,67.15,68.57,67.15,67.92,0.35,68.0,27.0,178.0,,,,67.24198059082032,66.90838050842285,6.648749876022339,6.6256911039352415,104.61959907531738,103.32209884643557,0.0293926820158958,0.0235487464815378,0.0096211340278387,0.5035585165023804,0.2750059962272644,0.1877219080924987,0.026832053437829,0.0530612394213676,0.1295711100101471,-0.0406126007437706,-0.237640231847763,-0.2321461737155914
2016-08-23 00:00:00+00:00,68.57,68.68,68.18,68.12,0.2,68.52,13.0,172.0,,,,67.2727108001709,66.97714920043946,6.656724038124085,6.6298301219940186,104.4790991973877,103.23629997253418,0.0039319414645433,0.0054058395326137,0.002777649089694,0.0444393642246723,0.0919370502233505,0.1187741458415985,-0.084563061594963,-0.0986603647470474,-0.0781175047159195,-0.0400489494204521,-0.3000358641147613,-0.2372526228427887
2016-08-24 00:00:00+00:00,68.08,68.08,67.3,67.41,-0.71,67.85,15.0,172.0,,,,67.20479080200195,66.90127113342285,6.64943992137909,6.622140097618103,104.32369972229004,103.28399879455566,0.0084651689976453,0.0116071198135614,0.0046214219182729,0.0518637411296367,0.102262258529663,0.1190810799598693,-0.0431657545268535,-0.0450282171368598,-0.0921589583158493,0.1315686255693435,0.3252858519554138,0.2819222807884216
2016-08-25 00:00:00+00:00,67.08,68.08,67.08,67.75,0.34,67.78,5.0,176.0,,,,67.21615058898925,66.92510070800782,6.6753079795837404,6.653640103340149,104.26539985656738,103.2711988067627,0.0084232222288846,0.0052552721463143,0.0021146435756236,0.0312650278210639,0.1050202473998069,0.1152276620268821,-0.0803766548633575,-0.1129129752516746,-0.1369542181491851,0.1443698704242706,0.4748341143131256,0.3096494674682617
2016-08-26 00:00:00+00:00,67.87,68.45,67.87,67.71,-0.04,68.1,13.0,176.0,,,,67.26299064636231,66.81135124206543,6.676652975082398,6.653999090194702,104.72129806518556,103.178198928833,0.0088256588205695,0.0088864136487245,0.0030637301970273,0.2083040028810501,0.0762609839439392,0.1165382489562034,-0.0086055174469947,-0.009479546919465,-0.092309258878231,-0.0413056164979934,-0.3159943521022796,-0.3015379905700683
2016-08-29 00:00:00+00:00,67.0,67.09,66.46,66.69,-1.02,66.82,19.0,175.0,,,,67.286640625,66.91180122375488,6.687171988487243,6.669922027587891,104.00770195007324,103.20379951477052,0.0040726200677454,0.0026449502911418,0.0023316601291298,0.2632651627063751,0.1022201627492904,0.1223156228661537,-0.0344741493463516,-0.033342145383358,-0.1015630215406417,0.0847722738981247,0.1705188304185867,0.2437492907047271
2016-08-30 00:00:00+00:00,66.27,66.27,65.72,65.97,-0.72,65.95,11.0,168.0,,,,67.2281105041504,66.89797172546386,6.683338980674744,6.668662014007569,104.21860153198242,103.24479949951171,-0.0003099035238847,-0.0004657870158553,0.0017427919665351,0.044230118393898,0.0311556942760944,0.1160244047641754,-0.0116171296685934,-0.0330440625548362,-0.1064484491944313,0.2116472423076629,0.704811692237854,0.4216668605804443
2016-08-31 00:00:00+00:00,65.22,65.7,65.22,65.32,-0.65,65.4,10.0,170.0,,,,67.40125167846679,66.84087120056152,6.689005980491638,6.671116104125977,104.02360122680663,103.1310009765625,-0.003230903064832,-0.0027032592333853,-0.002439284697175,-0.0628866255283355,-0.0908475965261459,-0.1551262140274047,-0.0618898011744022,-0.0939004048705101,-0.1242986097931861,0.1650338172912597,0.4192256927490234,0.3171501755714416
2016-09-01 00:00:00+00:00,66.0,68.08,65.99,68.01,2.69,66.73,28.0,164.0,,,,67.29946159362792,66.92231048583984,6.683587989807129,6.672459073066712,103.47229888916016,103.17050048828123,-0.0027730632573366,-0.0020340159535408,-0.0020982641726732,-0.3892136216163635,-0.1215004324913024,-0.1729068160057068,-0.0350218638777732,-0.0285944230854511,0.0665919929742813,0.0938100814819336,0.3544355034828186,0.315379649400711
2016-09-02 00:00:00+00:00,67.9,68.03,67.1,67.51,-0.5,67.59,22.0,165.0,,,,66.92817054748535,66.66920013427735,6.675043096542359,6.657621059417725,104.02159866333008,102.95350051879883,0.0086593721061944,0.0082570184022188,0.0037804131861776,-0.0710033103823661,-0.0354579389095306,-0.1723029315471649,-0.2051637917757034,-0.2091908454895019,-0.1070860177278518,0.2320326119661331,0.897598147392273,0.4681800007820129
2016-09-06 00:00:00+00:00,67.53,69.13,67.53,69.06,,68.27,33.0,169.0,,,,66.6485816192627,66.04599822998047,6.677442102432251,6.659862971305847,103.72449920654296,103.0338995361328,-0.0014696093276143,-0.0011054161004722,-0.0015499033033847,0.2755525410175323,0.1926448196172714,0.2331770360469818,-0.1166325360536575,-0.1096917539834976,-0.0745851173996925,0.1997041702270507,0.7920225858688354,0.4871601462364197
2016-09-07 00:00:00+00:00,69.02,69.08,68.73,69.53,0.47,68.86,22.0,173.0,,,,66.43824798583984,65.9886720275879,6.681314945220947,6.649951086044312,104.47369964599608,102.89659957885742,-0.0016312845982611,-0.0031306804157793,-0.0023858449421823,0.4597710967063904,0.250568151473999,0.24910369515419,0.1439102888107299,0.1339070498943328,0.1525086313486099,-0.1159975081682205,-0.548046886920929,-1.1992284059524536
2016-09-08 00:00:00+00:00,69.2,69.29,68.91,69.25,-0.28,69.11,18.0,173.0,,,,66.63068939208985,66.1981007385254,6.6751299524307255,6.653343110084534,104.15339981079102,103.04929969787598,7.318276766454801e-05,0.000683722901158,0.0022057110909372,0.3230431675910949,0.1300569176673889,0.212811604142189,0.0187369808554649,0.0277343895286321,-0.0711128339171409,-0.0353112891316413,-0.1457563638687133,-0.5511359572410583
2016-09-09 00:00:00+00:00,68.99,68.99,68.02,68.88,-0.37,68.39,19.0,171.0,,,,66.66537048339843,66.08446075439453,6.680811033248902,6.660162019729614,104.1792002105713,102.84269897460938,0.0239460412412881,0.022389305755496,0.0094250449910759,0.033163908869028,0.0495133250951767,0.2019407451152801,0.0345326885581016,0.0386791639029979,-0.0522515475749969,-0.0683027505874633,-0.6222113370895386,-0.7214624881744385
2016-09-12 00:00:00+00:00,68.9,69.12,66.87,66.97,-1.91,68.06,179.0,170.0,,,,66.90454917907715,66.71043128967285,6.683099026679993,6.667508034706116,104.4523992919922,103.09639999389648,0.0026353846769779,0.0031286608427762,0.0022318451665341,0.6462203860282898,0.4584263265132904,0.2914838492870331,-0.0610678978264331,-0.0529152452945709,-0.0660808905959129,-0.0158964991569519,-0.3989760279655456,-0.2998107075691223
2016-09-13 00:00:00+00:00,67.25,67.28,66.47,67.2,0.23,66.97,32.0,226.0,,,,66.93831497192383,66.7744302368164,6.682374033927918,6.669782023429871,104.41919960021971,102.96180061340333,0.0038576221559196,0.0016991592710837,0.0019300924614071,0.05055658146739,0.0718464702367782,0.1432249993085861,-0.0023519184906035,0.052217997610569,0.0695309042930603,0.0288963168859481,-0.0885540097951889,-0.2769271433353424
2016-09-14 00:00:00+00:00,67.79,67.79,67.79,68.08,0.88,67.79,1.0,223.0,,,,67.26687454223632,66.89224578857421,6.690762033462525,6.662368946075439,104.14409965515136,103.04909996032715,0.0029352291021496,0.0026918749790638,0.0017209514044225,0.307786762714386,0.174618974328041,0.1903424113988876,-0.0699562281370163,-0.1023585796356201,-0.0714945569634437,0.0243532564491033,-0.0957976356148719,-1.3154089450836182
2016-09-15 00:00:00+00:00,67.62,68.35,67.58,68.38,0.3,67.89,8.0,222.0,,,,67.01086151123047,66.75295021057129,6.676686053276062,6.659655976295471,104.452699508667,102.8611996459961,0.003506863489747,0.0040805344469845,0.0032695466652512,0.1304595172405243,0.0846661850810051,0.1683164536952972,0.0255989283323287,-0.0086683183908462,0.0895555987954139,0.0292916502803564,-0.1175414323806762,-0.145731046795845
2016-09-16 00:00:00+00:00,68.49,68.5,67.61,67.74,-0.64,68.06,8.0,218.0,,,,67.00939529418946,66.68377662658692,6.680512056350708,6.664208040237427,104.34849937438965,86.06160072326661,0.0082068489864468,0.0087060611695051,0.00488090980798,-0.2654778957366943,-0.0968321561813354,0.1574596464633941,-0.0235013738274574,-0.0333837158977985,-0.0864627137780189,0.0254033543169498,-0.1456360816955566,-0.1464763581752777
2016-09-19 00:00:00+00:00,69.16,69.48,69.1,68.98,1.24,69.21,9.0,222.0,,,,67.26871772766113,66.99460762023926,6.679987058639527,6.663429975509644,104.37849899291992,102.74669799804688,0.0302818305790424,0.0219843350350856,0.0125478943809866,0.3855036199092865,0.1923916488885879,0.1818175166845321,-0.0691339001059532,-0.1075604781508445,-0.1460965573787689,-0.0345604605972766,-0.2587265074253082,-0.2360873222351074
2016-09-20 00:00:00+00:00,68.49,69.5,68.49,70.82,1.84,69.08,13.0,219.0,,,,67.2060343170166,66.84179985046387,6.678741974830627,6.653240027427674,104.45089958190918,86.09740074157715,0.0088487043976783,0.0072853108868002,0.0036942607257515,-0.1550733894109726,-0.1030167117714881,-0.1446399390697479,-0.0402366146445274,-0.0389311388134956,-0.1224794387817382,0.0239865835756063,-0.1739344149827957,-0.1473473757505417
2016-09-21 00:00:00+00:00,70.49,71.76,70.36,71.81,0.99,70.85,10.0,208.0,,,,67.18771377563476,66.85030342102051,6.677650022506714,6.660982069969177,104.06820053100586,103.26889999389648,0.006576083600521,0.0044555221684277,0.0033395730424672,0.2082793712615966,0.0944214761257171,0.156924158334732,0.017350934445858,0.0380040891468524,-0.1020551919937133,-0.0310429520905017,-0.2412611991167068,-0.2270446121692657
2016-09-22 00:00:00+00:00,72.1,72.18,71.05,71.17,-0.64,71.97,102.0,201.0,66.0,,,66.95668922424316,66.54224975585937,6.677525973320007,6.654770102500915,104.36259864807128,103.02700119018554,0.0033917059190571,0.0050323507748544,0.0040459148585796,0.2334563434123993,0.151784747838974,0.1544991284608841,-0.0237694717943668,-0.0297972653061151,0.0725498646497726,0.0315623916685581,0.2159152925014495,-0.1322190165519714
2016-09-23 00:00:00+00:00,70.71,70.71,68.19,69.08,-2.09,69.46,106.0,87.0,,,,66.75963905334473,66.37409942626954,6.673751935958863,6.653485975265503,104.64139945983888,103.23450065612792,0.0085108084604144,0.0066208043135702,0.0022809805814176,0.2475484758615493,0.1426477432250976,0.1620503067970276,0.0258703753352165,0.0345931127667427,0.0924316868185997,-0.0341691151261329,-0.14458629488945,-0.1801555454730987
2016-09-26 00:00:00+00:00,69.35,69.84,69.35,69.16,0.08,69.73,6.0,9.0,,,,66.77159149169921,66.53160079956055,6.663852052688599,6.64854100227356,104.13129997253418,103.07189971923827,0.0107529703527688,0.007977670058608,0.0034945369698107,0.1229782402515411,0.1069186553359031,0.1225379258394241,-0.0109303873032331,-0.0282610058784484,0.0776176676154136,-0.0271169133484363,-0.0873765423893928,-0.159438207745552
2016-09-27 00:00:00+00:00,69.39,69.39,69.39,69.39,0.23,,6.0,5.0,,,,66.71928512573243,66.39680046081543,6.683003978729248,6.662632045745849,104.52270065307616,103.12609817504882,0.0087639782577753,0.0073830792680382,0.0024424465373158,-0.2069735378026962,-0.1107715815305709,-0.0925144925713539,-0.0469335317611694,-0.0343863666057586,-0.0860709771513938,0.1609789431095123,0.4878484606742859,0.3473274111747741
2016-09-28 00:00:00+00:00,68.13,68.13,68.13,68.13,-1.26,,6.0,5.0,,,,66.55866065979004,66.13879165649413,6.681039075851441,6.66502902507782,104.59459930419922,103.23150077819824,0.0059307827614247,0.0066695911809802,0.0028780340217053,-0.9305329918861388,-0.449612557888031,-0.1973787695169448,-0.0008631630335003,0.0148396994918584,0.0592363886535167,0.100542202591896,0.3099839091300964,0.2812559008598327
2016-09-29 00:00:00+00:00,67.8,67.8,67.8,67.95,-0.18,67.8,2.0,5.0,,,,66.6086498260498,66.24481140136719,6.683677911758423,6.656610040664673,104.29209991455076,102.94349876403808,0.0016006209189072,0.0019665488507598,0.0019098866032436,-0.1852440387010574,0.1954565495252609,0.1639281064271927,0.324771910905838,0.3542092442512512,0.272036075592041,0.1642747223377227,0.6092554330825806,0.5636479258537292
2016-09-30 00:00:00+00:00,68.29,68.29,68.29,68.29,0.34,,2.0,4.0,,,,66.96969421386719,66.66603904724121,6.680396995544434,6.660443053245545,104.26459945678712,102.72949836730956,0.004088990855962,0.0042505324818193,0.0021636213641613,-0.0495174117386341,0.0296777077019214,-0.1970213949680328,-0.0925532653927803,-0.0716336369514465,-0.1891183853149414,0.1658450663089752,0.3285908102989197,0.3363722264766693
2016-10-03 00:00:00+00:00,68.73,68.73,68.73,68.73,0.44,,2.0,4.0,,,,66.74319885253907,66.33540443420411,6.654863052368164,6.628230004310608,103.94749908447264,102.97260147094728,0.0261631328612566,0.0273288898169994,0.0079723475500941,0.2505874037742615,0.1287048310041427,0.1884845346212387,0.0154871810227632,0.0220888890326023,-0.0541621372103691,0.239587664604187,0.9206715822219848,0.5692765116691589
2016-10-04 00:00:00+00:00,69.88,69.88,69.88,69.88,1.15,,2.0,4.0,,,,66.63541130065919,66.23334510803222,6.685854001045227,6.665283069610596,104.54159965515136,102.95079986572266,0.0189634077250957,0.0196815095841884,0.0071236370131373,0.2531812787055969,0.1591251194477081,0.1973870694637298,0.1422102600336074,0.1700889021158218,0.2267545461654663,0.1163791641592979,0.2510348260402679,0.1718632280826568
2016-10-05 00:00:00+00:00,68.03,68.03,68.03,68.03,-1.85,,2.0,4.0,,,,66.73741981506348,66.32279861450195,6.678972992897034,6.656268053054809,104.34449913024902,102.99049964904783,0.0056955981999635,0.0049442574381828,0.0019097225740551,-0.0584478862583637,0.0985976308584213,0.1929819881916046,0.0179809965193271,0.0296486802399158,0.0742048546671867,0.1948873996734619,0.678308367729187,0.3997578024864197
2016-10-06 00:00:00+00:00,68.12,68.12,68.12,67.71,-0.32,68.12,4.0,4.0,,,,66.82249969482422,66.47729927062989,6.683957986831665,6.664459071159363,104.4812004852295,102.95269958496094,0.0085080899298191,0.0071406764909625,0.00428825058043,0.1477992534637451,0.167236179113388,0.2049012184143066,0.0388685576617717,0.0367111228406429,0.1049419045448303,0.132820576429367,0.2895631790161133,0.1656120717525482
2016-10-07 00:00:00+00:00,67.67,68.1,66.91,66.98,-0.52,67.33,12618.0,155535.0,59.0,,,66.7631315612793,66.51654029846192,6.67532395362854,6.664933023452758,104.4489998626709,103.09799964904784,0.0050995168276131,0.0026598914992064,0.001613312982954,0.3404400050640106,0.3185004591941833,0.2229284346103668,-0.0022223389241844,-0.0249095521867275,-0.0653716772794723,0.1005282625555992,0.2524962723255157,0.1038052588701248
2016-10-10 00:00:00+00:00,67.3,68.49,67.1,67.36,0.38,67.62,13549.0,154421.0,106.0,116.0,,66.72715911865234,66.31696685791016,6.687845091819764,6.666746025085449,103.8147004699707,102.98200035095216,0.027269322425127,0.0288066212087869,0.010652014054358,0.0788813382387161,0.0438852794468402,-0.1671944111585617,-0.0018947722855955,-0.0199425630271434,-0.0652461275458335,0.200811430811882,0.7583999037742615,0.3408570885658264
2016-10-11 00:00:00+00:00,67.7,68.04,67.02,67.14,-0.22,67.37,12235.0,151246.0,44.0,100.0,,66.77579521179199,66.42813850402833,6.702755985260009,6.668427004814148,104.50659950256347,103.00730026245115,0.016930766403675,0.0182689540088176,0.0093828067183494,-0.0476616770029068,0.0713230744004249,0.1429609656333923,0.1212037205696106,0.121865414083004,0.2485039681196212,0.1035299748182296,0.2059709727764129,0.1284645348787307
2016-10-12 00:00:00+00:00,67.14,69.79,66.76,68.97,1.83,68.35,30859.0,149595.0,48.0,,,66.92125022888183,66.66324508666992,6.702755985260009,6.668427004814148,104.33630043029784,102.92199935913088,-0.0026838893536478,-0.0034628375433385,-0.0026624258607625,-0.20845527946949,0.1092056259512901,-0.1840185225009918,-0.0129805542528629,-0.0130709810182452,0.0659929364919662,0.1023493781685829,0.188487023115158,0.146458089351654
2016-10-13 00:00:00+00:00,68.71,70.05,68.4,69.31,0.34,69.27,17872.0,147267.0,28.0,,,66.91569427490235,66.68274589538574,6.702755985260009,6.668427004814148,104.46509910583497,103.2596996307373,0.0035264671314507,0.0031633540056645,0.0033980642911046,-0.6091741323471069,-0.259476751089096,-0.1476930826902389,0.0633252263069152,0.0767928883433342,0.0854003727436065,0.1397058665752411,0.2990160882472992,0.1898270845413208
2016-10-14 00:00:00+00:00,69.6,70.74,69.31,70.57,1.26,70.33,16374.0,146332.0,88.0,,,66.97384078979492,66.69687248229981,6.702755985260009,6.668427004814148,104.52170120239258,101.98710136413574,-0.0020669961813837,-0.0011732690036296,-0.0023697819560766,0.2247137278318405,0.2255150824785232,0.149742379784584,0.0339564979076385,0.0358615890145301,0.0928668826818466,0.1881413757801056,0.6441109776496887,0.3847329020500183
2016-10-17 00:00:00+00:00,70.49,71.26,69.85,71.19,0.62,70.8,17257.0,145119.0,28.0,15.0,,66.78820106506348,66.53767944335938,6.729612007141113,6.709487042427063,104.60149864196778,103.1391007232666,0.00388546125032,0.0031955153681337,0.0028249248862266,0.1376083046197891,0.0928909331560134,0.1447594314813614,0.0505799427628517,0.0554674193263053,0.1242651790380477,0.1107608526945114,0.3576135039329529,0.1681201159954071
2016-10-18 00:00:00+00:00,71.24,71.7,70.67,71.15,-0.04,71.28,17337.0,146255.0,35.0,80.0,,66.98275352478028,66.67822639465332,6.729612007141113,6.709487042427063,104.70039909362794,103.27659965515136,0.003588480874896,0.0036067031323909,0.00252848980017,-0.4105309247970581,-0.1440572291612625,-0.1612390875816345,-0.002861461834982,-0.015739519149065,-0.0718791708350181,-0.0665629357099533,-0.5740197896957397,-0.282334566116333
2016-10-19 00:00:00+00:00,71.17,71.27,70.22,71.1,-0.05,70.83,13799.0,147884.0,11.0,,,66.80608032226563,66.47990043640137,6.729612007141113,6.709487042427063,104.28039947509764,103.20939994812012,-0.0015144112985581,-0.0016605602577328,-0.0027972673997282,-0.1068076863884925,-0.087616242468357,-0.1576924473047256,-0.0252871811389923,-0.0144671006128191,-0.0708464384078979,0.1147416681051254,0.3617847859859466,0.1821624487638473
2016-10-20 00:00:00+00:00,71.11,71.79,68.95,69.8,-1.3,70.25,23189.0,148414.0,27.0,,,66.94342071533202,66.50387283325195,6.729612007141113,6.709487042427063,104.5089998626709,103.31219917297364,-0.0013307123444974,-0.0008270501857623,-0.0021878625266253,-0.0119620328769087,0.1200592964887619,0.1591926515102386,0.0335773266851902,0.0623758919537067,0.1843338906764984,-0.0589454285800457,-0.4947478175163269,-0.2445933371782302
2016-10-21 00:00:00+00:00,69.8,69.91,68.61,69.07,-0.73,69.05,13699.0,147373.0,163.0,124.0,,66.93062973022461,66.66735305786133,6.729612007141113,6.709487042427063,104.4129991912842,103.21810028076172,0.018790952861309,0.0205243937671184,0.0081423949450254,0.0244200732558965,0.0603031739592552,0.1365857124328613,0.0917149782180786,0.0845350697636604,0.0902301296591758,0.1145743504166603,0.2660104930400848,0.1919696629047393
2016-10-24 00:00:00+00:00,68.96,69.19,68.53,68.77,-0.3,68.83,11586.0,144239.0,,,,66.9354091644287,66.73470031738282,6.729612007141113,6.709487042427063,104.3739013671875,103.12269996643066,0.0009886468760669,0.0034011653624475,0.0033616891596466,0.124685063958168,0.0903086438775062,0.1397387087345123,-0.0367891266942024,-0.0526718683540821,-0.0715315192937851,0.1302635371685028,0.3836806118488312,0.2757130265235901
2016-10-25 00:00:00+00:00,69.14,69.14,68.08,68.49,-0.28,68.51,13883.0,144362.0,133.0,,,66.92972023010253,66.65785339355469,6.729612007141113,6.709487042427063,104.40249946594238,103.21480026245118,0.0045580421574413,0.001893846085295,0.0030796211212873,0.4584603011608124,0.2407901585102081,0.1576463729143142,-0.0062890732660889,0.0125060277059674,0.077537789940834,0.1356304287910461,0.5036945939064026,0.3050353825092315
2016-10-26 00:00:00+00:00,68.23,69.88,68.22,69.26,0.77,69.1,17460.0,142058.0,28.0,100.0,,66.91478843688965,66.57750198364258,6.729612007141113,6.709487042427063,104.17670112609864,103.1159999847412,-0.0019908102694898,-0.0027885064482688,-0.0036855831276625,0.2688255906105041,0.217556282877922,0.1405629217624664,-0.0058572739362716,-0.0117541924118995,0.0817096382379531,0.1359963566064834,0.3641313910484314,0.2309904545545578
2016-10-27 00:00:00+00:00,69.05,70.0,68.78,69.76,0.5,69.49,13287.0,139217.0,39.0,,,66.92063789367675,66.67638160705566,6.729612007141113,6.709487042427063,104.21090110778808,103.189100189209,0.0066309799440205,0.0058986698277294,0.0039568725042045,-0.0554965399205684,0.0587281286716461,-0.1149618029594421,-0.0336484238505363,-0.0199535489082336,0.0702024325728416,0.0410050451755523,-0.1278881579637527,0.1477185189723968
2016-10-28 00:00:00+00:00,69.61,71.09,69.25,70.82,1.06,70.5,16453.0,136794.0,,,,66.95272888183594,66.70953590393066,6.729612007141113,6.709487042427063,104.34589950561524,103.21899993896484,-0.0038612855132669,-0.0025129937566816,-0.0040028756484389,-0.9566225409507751,-0.4225587844848633,-0.1479533910751342,-0.0533645488321781,-0.0477219894528389,-0.0738056153059005,0.1387079060077667,0.5778703093528748,0.2077281475067138
2016-10-31 00:00:00+00:00,70.72,70.85,68.74,68.86,-1.96,69.47,21225.0,135997.0,41.0,,,66.98869613647462,66.71990112304688,6.729612007141113,6.709487042427063,104.35990051269532,103.13080078125,-0.0056892922148108,-0.0052320738323032,-0.0058934330008924,-0.2487934231758117,-0.1207021698355674,-0.1734353005886078,-0.0632838681340217,-0.0354433991014957,0.0692467913031578,0.2454316318035125,1.3609254360198977,0.7240158915519714
2016-11-01 00:00:00+00:00,68.76,68.92,68.1,68.2,-0.66,68.44,19578.0,133089.0,328.0,150.0,,66.92381103515625,66.5764663696289,6.780138072967529,6.758116021156311,104.70129920959472,103.26260040283204,-0.0059738368727266,-0.0052434294484555,-0.0042950399219989,0.1902146637439727,0.1910467445850372,0.2057903259992599,0.0115712089464068,0.0177960488945245,0.1550192385911941,-0.0496789738535881,-0.233688086271286,-0.3065105974674225
2016-11-02 00:00:00+00:00,68.25,68.78,68.07,68.6,0.4,68.38,15598.0,127969.0,107.0,8.0,,66.81267196655273,66.56966720581055,6.7693610191345215,6.743122048377991,104.72159889221192,103.31520126342774,-0.0018774408381432,-0.004185065627098,-0.0033740871585905,-0.167514219880104,0.1213102787733078,-0.1819993555545807,0.0286114513874053,0.0603109970688819,0.1465130895376205,-0.0499383322894573,-0.3379151225090027,-0.3185536861419678
2016-11-03 00:00:00+00:00,68.56,69.19,67.82,68.07,-0.53,68.34,19756.0,122384.0,243.0,2000.0,,66.93899612426758,66.61315078735352,6.750683994293213,6.726174912452698,104.60689842224122,103.31109909057618,0.004196919966489,0.0077236322686076,0.0043923119083046,0.7183372378349304,0.2615647315979004,0.1900868564844131,-0.0460531376302242,-0.0387145243585109,-0.1082580536603927,-0.0406929180026054,-0.3476432859897613,-0.3521162569522857
2016-11-04 00:00:00+00:00,68.0,69.04,67.7,68.53,0.46,68.24,14021.0,115194.0,158.0,42.0,,66.81843139648437,66.5829460144043,6.768611016273499,6.742729048728943,104.70609771728516,103.25489906311036,-0.0028622199315577,-0.0022354335524141,-0.0032438589259982,-0.1200251728296279,-0.0949665457010269,-0.1123936846852302,0.0227314215153455,0.039883691817522,0.1068251356482505,-0.0471248254179954,-0.4456009268760681,-0.3369026780128479
2016-11-07 00:00:00+00:00,68.13,69.47,68.06,68.45,-0.08,68.76,24437.0,110736.0,90.0,1500.0,,66.93479301452636,66.67613784790039,6.765407032966614,6.738970050811767,104.41520027160644,101.29469917297364,-0.0009258207282982,-0.0024347365833818,-0.0022805656772106,-0.5645946264266968,-0.2381995469331741,-0.1582910120487213,-0.0591954924166202,-0.0506028421223163,-0.0774847716093063,0.2377651184797287,0.8990899920463562,0.5301260352134705
2016-11-08 00:00:00+00:00,68.54,70.11,68.19,68.75,0.3,69.16,27514.0,96990.0,273.0,2001.0,,66.77852027893067,66.4713003540039,6.783305916786194,6.759945011138916,104.45379943847657,103.13160118103028,0.0100189819931983,0.0067819417454302,0.0037238190416246,-0.246145412325859,-0.0735512673854827,-0.1221475973725318,-0.2988749146461487,-0.3172424733638763,-0.2205608189105987,0.1455876976251602,0.4387058615684509,0.3371882438659668
2016-11-09 00:00:00+00:00,68.58,69.29,67.87,68.29,-0.46,68.46,26657.0,88095.0,255.0,1753.0,,66.56862998962403,66.36908470153809,6.78399995803833,6.762474126815796,104.29909996032715,103.25960090637209,-0.0032419124618172,-0.0055971397086977,-0.0042840335518121,-0.4036667346954345,-0.2637065649032593,-0.1570212990045547,0.2774780690670013,0.2929112315177917,0.1839030385017395,0.1380085051059723,0.4453160166740417,0.2806688845157623
2016-11-10 00:00:00+00:00,68.29,69.79,68.16,69.2,0.91,69.26,32984.0,79049.0,2549.0,2527.0,,66.74274589538574,66.43712409973145,6.7847359132766725,6.763845071792603,104.23170021057128,103.08499992370604,0.0159070938825607,0.0143872424960136,0.0073361382819712,0.4902820587158203,0.285113662481308,0.170814648270607,0.4382891952991485,0.4045130610466003,0.2066466510295868,-0.0417313762009143,-0.2533287405967712,-0.2235571891069412
2016-11-11 00:00:00+00:00,69.35,71.44,68.31,68.44,-0.76,69.61,40207.0,60943.0,88.0,1839.0,731.0,67.3041813659668,67.00268417358399,6.786419916152954,6.766205096244812,103.98290176391602,103.25810050964355,0.0076986965723335,0.0045590461231768,0.0044880788773298,0.1600252389907837,0.1121250540018081,0.1174103319644928,0.2284127473831176,0.2353659123182296,0.2716334462165832,0.1651758104562759,0.5336386561393738,0.3015909194946289
2016-11-14 00:00:00+00:00,68.5,69.01,67.97,68.9,0.46,68.35,15981.0,43077.0,160.0,1047.0,,67.73438003540039,67.3918709564209,6.786419916152954,6.766205096244812,104.04799957275392,103.33149978637697,0.0247111395001411,0.0268877185881137,0.0123388040810823,-0.0444837808609008,0.0742285102605819,-0.0949564352631568,0.1327418535947799,0.1114359870553016,0.1633018851280212,0.1538509279489517,0.455049604177475,0.3150129914283752
2016-11-15 00:00:00+00:00,69.1,71.34,69.09,70.69,1.79,70.18,18262.0,32338.0,204.0,1804.0,,68.03070945739746,67.53587074279785,6.786419916152954,6.766205096244812,104.374599609375,103.10849952697754,0.0003047818318009,0.002878836588934,0.0050454358570277,-0.3206466436386108,-0.1157962083816528,-0.1053937450051307,-0.0491034276783466,-0.034187626093626,-0.1827330887317657,0.0945926830172538,0.129958689212799,0.1844538003206253
2016-11-16 00:00:00+00:00,70.66,72.28,70.37,72.13,1.44,71.57,10677.0,23622.0,142.0,210.0,,68.0100196838379,67.42845016479492,6.80923595905304,6.781813039779663,104.17550010681153,103.31179832458496,0.0087596951052546,0.0085252886638045,0.00668940320611,0.1391536444425583,0.1442561149597168,0.120862066745758,0.0941098406910896,0.0778292864561081,-0.1406386047601699,0.1176445633172988,0.2603155076503753,0.2415237873792648
2016-11-17 00:00:00+00:00,72.26,73.49,70.98,73.38,1.25,72.66,7452.0,18801.0,326.0,214.0,,68.08242973327637,67.53719017028808,6.791569013595581,6.769108114242553,104.37379943847657,103.35609939575195,0.0376760773360729,0.0578911192715168,0.0200898963958024,0.038197711110115,0.1236202865839004,0.1355027258396148,-0.0539221204817295,0.0311055090278387,-0.1743751466274261,0.1881589889526367,0.6818100214004517,0.3666935861110687
2016-11-18 00:00:00+00:00,73.5,73.62,72.67,73.4,0.02,73.28,5707.0,14483.0,36.0,,,68.1023503112793,67.45224960327148,6.80923595905304,6.781813039779663,104.33750068664553,103.30989952087404,-0.0017819309141486,0.0045488299801945,0.0056586996652185,0.3246655166149139,0.218607023358345,0.1651548892259597,0.1097209304571151,0.0785907283425331,-0.1448773294687271,0.0797251909971237,0.2586120665073395,0.2117563784122467
2016-11-21 00:00:00+00:00,73.25,73.71,73.11,73.6,0.2,73.43,5235.0,10301.0,729.0,8.0,,68.1023503112793,67.45224960327148,6.80923595905304,6.781813039779663,104.28159896850586,103.22479858398438,-0.002548013580963,-0.0039075119420886,-0.0064655113965272,0.3402261137962341,0.2283906936645507,0.1641066223382949,-0.0051239822059869,-0.0193086415529251,-0.1761963069438934,0.0702607035636901,0.0985148400068283,0.0956640988588333
2016-11-22 00:00:00+00:00,73.6,73.85,72.79,73.72,0.12,73.45,4950.0,6360.0,1429.0,,,68.1023503112793,67.45224960327148,6.80923595905304,6.781813039779663,104.71629905700684,103.18819915771483,-0.0004451784770935,-0.0005241042235866,-0.0052226181142032,0.4671216607093811,0.1583611667156219,-0.140555664896965,0.09931680560112,0.0954232588410377,-0.1471683233976364,-0.055072583258152,-0.3434575200080871,-0.2863684296607971
2016-11-23 00:00:00+00:00,73.3,73.55,72.0,73.08,-0.64,73.11,411.0,1599.0,,,,68.1023503112793,67.45224960327148,6.80923595905304,6.781813039779663,104.77139907836914,103.25319862365724,0.0084429513663053,0.0123638892546296,0.008654261007905,-0.2805996835231781,-0.1127818003296852,-0.1335427016019821,0.2503561377525329,0.2424431592226028,-0.1325788795948028,-0.049909371882677,-0.3543141782283783,-0.261735737323761
2016-11-25 00:00:00+00:00,72.18,72.8,71.96,72.65,,72.38,155.0,1349.0,,,,68.1023503112793,67.45224960327148,6.80923595905304,6.781813039779663,104.54279983520507,103.37739875793456,-0.0022696896921843,-0.0019476246088743,-0.0067501072771847,-0.0252878814935684,-0.0674045830965042,-0.1086800843477249,-0.1233305782079696,-0.2011038810014724,-0.257807195186615,0.2116542607545852,0.8766600489616394,0.5942710041999817
2016-11-28 00:00:00+00:00,72.01,73.32,72.01,73.27,0.62,72.8,62.0,1192.0,21.0,,,68.1023503112793,67.45224960327148,6.80923595905304,6.781813039779663,104.12709953308104,102.12660087585448,-0.0108100222423672,-0.0108113121241331,-0.0095382155850529,-0.0876057744026184,0.0484443269670009,-0.1013013646006584,-0.1640393733978271,-0.1221049800515174,-0.1330617666244506,0.1240133196115493,0.4126098752021789,0.3248918950557709
2016-11-29 00:00:00+00:00,73.5,73.5,72.25,72.38,-0.89,72.7,139.0,1113.0,18.0,,,68.1023503112793,67.45224960327148,6.80923595905304,6.781813039779663,104.533099899292,103.37279914855957,-0.0056336848065257,-0.0088241714984178,-0.0072870422154664,0.3178510963916778,0.1093547195196151,-0.111809641122818,-0.0841305181384086,-0.0797006636857986,-0.1423589885234832,0.1727219820022583,0.5189050436019897,0.3717208802700043
2016-11-30 00:00:00+00:00,72.62,72.62,72.14,72.46,0.08,72.49,288.0,991.0,3.0,,,68.1023503112793,67.45224960327148,6.80923595905304,6.781813039779663,104.45249992370606,103.17560043334962,-0.0066065792925655,-0.007612885441631,-0.0061300457455217,-0.1651171445846557,-0.1030190587043762,-0.1091108545660972,-0.0637834295630455,-0.0700199753046035,-0.2090634852647781,0.229535698890686,0.9441407918930054,0.4674895703792572
2016-12-01 00:00:00+00:00,72.5,73.0,71.8,71.8,-0.66,72.62,181.0,711.0,45.0,,,68.75611434936523,68.4099892425537,6.898324017524719,6.866084117889404,104.546099319458,103.24049911499024,-0.0029511535540223,-0.0035763203632086,-0.0054924464784562,-0.1268114149570465,-0.0521674826741218,-0.1096014007925987,-0.1430626511573791,-0.1096045970916748,-0.1879114806652069,-0.0497823506593704,-0.6118547916412354,-0.3429026007652282
2016-12-02 00:00:00+00:00,71.6,72.5,71.29,71.98,0.18,72.2,48.0,554.0,8.0,,,68.26805114746094,67.98157958984375,6.8875509548187255,6.820023050308228,104.26159965515136,103.08790046691894,-0.0048916228115558,-0.0024896101094782,-0.0031060744076967,-0.2048680931329727,-0.0821514502167701,-0.1189476400613784,-0.130659207701683,-0.1351336687803268,-0.0866510048508644,0.2084507942199707,0.7300885319709778,0.3867577016353607
2016-12-05 00:00:00+00:00,72.5,72.5,72.41,72.31,0.33,72.48,54.0,495.0,,,,68.14534477233887,67.73102027893066,6.8948299741745,6.862021131515503,104.31469963073732,103.13789978027344,-0.0066061755642294,-0.0048843300901353,-0.0038719594012945,-0.5219808220863342,-0.2611163258552551,-0.146688625216484,-0.0077158622443675,-0.0202683098614215,0.1256642788648605,0.1907587647438049,0.621586799621582,0.4504450261592865
2016-12-06 00:00:00+00:00,72.47,72.5,71.73,72.39,0.08,72.48,77.0,439.0,9.0,,,68.10406044006348,67.57021987915039,6.889144954681396,6.837873039245605,104.1192990875244,103.2079985809326,0.0546092614531517,0.069621667265892,0.0430267937481403,-0.1933041661977768,-0.0859047695994377,-0.0742757767438888,-0.0787138193845748,-0.0293585006147623,-0.1186329573392868,0.2367812395095825,1.1022732257843018,0.6329492926597595
2016-12-07 00:00:00+00:00,71.32,71.5,70.45,71.05,-0.28,70.96,11678.0,177906.0,49.0,,,67.94449867248535,67.5458098602295,6.883441920280457,6.820057039260864,104.39689849853517,103.31470039367676,0.0062874085269868,0.008325963281095,0.0127391340211033,-0.1120666414499282,-0.0455805733799934,-0.0826935395598411,-0.080728493630886,-0.0342202670872211,-0.1152610555291175,0.1369180828332901,0.423961728811264,0.351624071598053
2016-12-08 00:00:00+00:00,71.05,71.95,70.9,71.42,0.37,71.46,15800.0,177174.0,83.0,,,67.63691864013671,67.23912178039551,6.878481912612915,6.8147920227050784,104.56125076293944,103.17629943847656,0.0068064918741583,0.0089101688936352,0.0104660429060459,0.1300609111785888,0.1541385948657989,-0.1119716838002204,0.0554712787270545,0.068490169942379,0.1066111549735069,0.1965849995613098,0.9279379844665528,0.4810448586940765
2016-12-09 00:00:00+00:00,71.25,71.81,70.3,70.8,-0.62,71.0,15741.0,177474.0,55.0,,,67.63045845031738,67.16919219970703,6.88573694229126,6.822027044296265,104.4211003112793,103.06860046386718,0.0263666808605194,0.0247763134539127,0.014722591266036,0.4096426963806152,0.2440543621778488,-0.1389864534139633,0.0773660093545913,0.0679081380367279,0.1582015007734298,-0.040781732648611,-0.3332206606864929,-0.2301479130983352
2016-12-12 00:00:00+00:00,70.77,71.78,70.65,71.69,0.89,71.28,15670.0,176304.0,38.0,,,67.63540878295899,67.19095153808594,6.920161046981812,6.889833111763,104.44659866333008,103.30139907836914,0.0144021157175302,0.0081191277131438,0.0100507736206054,-0.0743312761187553,-0.1101086139678955,-0.121488831937313,0.0523349903523922,0.0609469600021839,0.1463093906641006,0.1490931957960128,0.5876736044883728,0.3690507411956787
2016-12-13 00:00:00+00:00,71.55,72.43,71.19,72.04,0.35,71.94,18648.0,176621.0,38.0,15.0,,67.68669845581054,67.2175717163086,6.910824060440064,6.882488083839417,104.6706999206543,103.21530113220214,0.0085509344935417,0.0058806790038943,0.0088342325761914,-0.1299723386764526,-0.1643069982528686,-0.1145695224404335,0.0744851157069206,0.0840231627225875,0.1658205091953277,-0.0459360741078853,-0.2494185417890548,-0.2028246372938156
2016-12-14 00:00:00+00:00,72.04,72.3,71.31,71.47,-0.57,71.93,11074.0,178135.0,150.0,150.0,,67.62553848266602,67.1902222442627,6.903320069313049,6.876532077789307,104.7023494720459,103.22829833984376,0.0098142037168145,0.0081939743831753,0.0095020262524485,0.9061951637268066,0.3875523507595062,-0.1427114307880401,0.1479311138391494,0.1512506008148193,0.1869885176420211,-0.0570813417434692,-0.3548003733158111,-0.2287190854549408
2016-12-15 00:00:00+00:00,71.32,71.77,71.1,71.67,0.2,71.49,10400.0,177987.0,,,,67.9385701751709,67.43003936767577,6.918714017868042,6.888713102340699,104.41025077819825,102.96199928283691,0.0184380486607551,0.0202756319195032,0.0127870701253414,-0.3491503000259399,-0.2816601693630218,-0.1616248339414596,0.0246459990739822,0.0646524652838707,-0.0904116332530975,0.0748519524931907,0.2705967724323272,0.1457994133234024
2016-12-16 00:00:00+00:00,71.66,71.69,70.9,71.04,-0.63,71.17,11437.0,178070.0,44.0,,,68.02984085083008,67.47982933044433,6.920026941299438,6.898903946876526,104.43725021362305,103.11929885864258,0.0198220759630203,0.0189795456826686,0.0121616460382938,0.3723995685577392,0.172770470380783,-0.1048234850168228,0.0123266438022255,0.0180826187133789,-0.1417382210493087,0.187598705291748,0.6084042191505432,0.4880034029483795
2016-12-19 00:00:00+00:00,70.9,71.0,69.53,69.57,-1.47,70.06,26883.0,176305.0,252.0,269.0,,68.03356094360352,67.47052925109864,6.920026941299438,6.898903946876526,104.46879959106444,102.95529876708984,0.0081877578049898,0.005549400113523,0.0084861926734447,-0.0210095047950744,0.1488625258207321,-0.0991157442331314,-0.0053064376115798,-0.0288906041532754,-0.1476289629936218,0.1895400583744049,0.7284575700759888,0.4588876366615295
2016-12-20 00:00:00+00:00,69.54,69.84,69.32,69.34,-0.23,69.49,13577.0,169968.0,166.0,5.0,,68.11635101318359,67.52786880493164,6.920026941299438,6.898903946876526,104.56324996948244,103.04450019836426,0.0066122934222221,0.0033027180470526,0.0080382693558931,-0.0165370386093854,0.0752500221133232,-0.0785655230283737,0.0511728301644325,0.042392935603857,0.1006233543157577,-0.0537461712956428,-0.5266644358634949,-0.2251444160938263
2016-12-21 00:00:00+00:00,69.34,70.92,69.34,70.13,0.79,70.49,21280.0,166463.0,194.0,,,68.12121063232422,67.56420959472656,6.920026941299438,6.898903946876526,104.44329963684082,103.14689964294432,0.0079918075352907,0.0029531489126384,0.0069633377715945,-0.2406219542026519,0.1600119173526764,-0.0944509729743003,-0.0199288316071033,-0.0302438586950302,-0.0688607096672058,0.1963769346475601,0.7625459432601929,0.4880173206329345
2016-12-22 00:00:00+00:00,70.13,70.77,69.76,70.2,0.07,70.19,10224.0,167035.0,9.0,,,68.06023017883301,67.57198440551758,6.920026941299438,6.898903946876526,104.7192977142334,103.14369956970216,0.0082393195480108,0.0034414394758641,0.0073498678393661,-0.1067672669887542,0.0470630750060081,-0.0778585448861122,0.0297405403107404,0.0311345346271991,0.0895396918058395,-0.0613752603530883,-0.621745765209198,-0.3038229346275329
2016-12-23 00:00:00+00:00,70.19,70.54,69.85,69.87,-0.33,70.07,6835.0,165317.0,149.0,139.0,,68.10232070922852,67.56723915100098,6.920026941299438,6.898903946876526,104.64934898376464,103.2083000946045,0.008041069842875,0.0033188015222549,0.0069187474437057,-0.56882244348526,-0.2999227941036224,-0.1317068636417389,-0.0321223735809326,-0.029647771269083,-0.0725807845592498,0.1537718027830124,0.406419575214386,0.3481151461601257
2016-12-27 00:00:00+00:00,69.77,70.24,69.52,69.74,,69.77,7635.0,165012.0,65.0,,,68.04139053344727,67.5613735961914,6.920026941299438,6.898903946876526,104.30310119628906,103.07489936828614,-0.0074085118249058,-0.0057822158560156,-0.0051051918417215,-0.1056283563375473,0.0659183040261268,-0.0990474969148635,0.0610688924789428,0.0490009821951389,0.1419803500175476,0.2087820023298263,0.8145512342453003,0.5180658102035522
2016-12-28 00:00:00+00:00,69.83,70.0,69.6,69.75,0.01,69.77,7247.0,163319.0,22.0,5.0,,68.08920936584472,67.72831634521485,6.920026941299438,6.898903946876526,104.10359992980958,102.98500015258789,0.0053903236985206,0.0034979935735464,0.0038196924142539,-0.3225615322589874,-0.183803915977478,-0.1526820212602615,0.168044164776802,0.1927614659070968,0.0795504003763198,0.1458664834499359,0.4251232743263244,0.3634698987007141
2016-12-29 00:00:00+00:00,69.75,71.14,69.64,70.5,0.75,70.51,13771.0,161896.0,226.0,,,68.31428077697754,68.03278511047364,6.920026941299438,6.898903946876526,104.6131997680664,103.2891995239258,-0.0079560689628124,-0.0093078231438994,-0.0061198119074106,-0.1958013176918029,-0.091517724096775,-0.1449149250984192,-0.1259384751319885,-0.1308391094207763,-0.1005697026848793,0.1823592782020568,0.5591148138046265,0.4378208220005035
2016-12-30 00:00:00+00:00,70.68,71.96,70.43,70.65,0.15,71.33,15465.0,161915.0,1.0,,,68.1001496887207,67.66097602844238,6.920026941299438,6.898903946876526,104.24679893493652,103.1051001739502,0.0018830589251592,0.0019835457205772,0.0030910519417375,-0.1325800865888595,-0.1022738665342331,-0.167586863040924,0.0293433424085378,0.0270536243915557,0.0953830927610397,0.1022714152932167,0.2982327342033386,0.2102019786834716
2017-01-03 00:00:00+00:00,71.19,71.85,71.14,71.78,,71.58,12356.0,164670.0,,,,68.30316329956055,67.9755697631836,6.94742995262146,6.937020955085754,104.67380012512209,103.19500030517578,0.0129084177315235,0.0112519497051835,0.0059304903261363,0.5313745737075806,0.2633163332939148,0.2354138940572738,0.1754298061132431,0.1894630491733551,0.14337258040905,0.1865803301334381,0.5358448624610901,0.4381455481052398
2017-01-04 00:00:00+00:00,71.78,74.23,71.57,74.08,2.3,73.27,37003.0,165235.0,44.0,5.0,,68.36485946655273,68.10205474853515,6.958095045089721,6.930978026390076,103.99679916381837,102.97480003356934,-0.0136114843189716,-0.0179336853325366,-0.0070750778540968,0.3833215832710266,0.3685328066349029,0.2542038261890411,-0.0556324459612369,-0.0620879344642162,-0.083949290215969,0.1393044888973236,0.3608597218990326,0.3301507830619812
2017-01-05 00:00:00+00:00,74.17,75.37,73.61,73.78,-0.3,74.41,27627.0,173458.0,149.0,,,68.06411422729492,67.71783432006836,6.928831934928894,6.891390976905822,104.64680053710936,103.24640060424804,-0.0428012050688266,-0.0435126535594463,-0.0192899256944656,0.2805811166763305,0.3227332234382629,0.2360583543777465,0.1046479269862175,0.105973944067955,0.189069002866745,0.1588348448276519,0.5905380845069885,0.4562224447727203
2017-01-06 00:00:00+00:00,73.93,74.19,72.9,73.99,0.21,73.55,18604.0,175563.0,482.0,15.0,,67.96628829956055,67.65687202453613,6.898863072395325,6.874128069877624,103.92929901123048,103.23490127563475,0.0075302785262465,0.0106653673574328,0.0053604142740368,0.0041671688668429,0.0929654017090797,0.1240726858377456,0.214188739657402,0.2199040353298187,0.2894160151481628,0.2648610174655914,1.1789547204971311,0.6491860151290894
2017-01-09 00:00:00+00:00,73.99,74.18,72.81,72.99,-1.0,73.49,16828.0,176617.0,163.0,30.0,,68.28607025146485,67.96253471374511,6.9228609895706175,6.904095854759216,104.67239913940428,103.16,-0.0056305103935301,-0.0062844799831509,-0.0037700568791478,0.121539294719696,0.107697382569313,0.1239287555217742,0.0348613783717155,0.0682375058531761,0.075786218047142,-0.0536230392754077,-0.4366439878940582,-0.2011824399232864
2017-01-10 00:00:00+00:00,72.99,73.7,72.82,73.19,0.2,73.3,13098.0,175572.0,1365.0,,,68.25149703979493,67.9843595123291,6.940534968376159,6.905955038070679,104.37869873046876,103.1074996948242,-0.006206804420799,-0.0079991370439529,-0.0054648043587803,0.4843559265136719,0.2959457635879516,0.1721050441265106,0.0433253832161426,0.0564365200698375,0.0738164559006691,0.2009344398975372,0.7747946977615356,0.482717365026474
2017-01-11 00:00:00+00:00,73.25,73.81,72.99,73.14,-0.05,73.29,15180.0,175217.0,9.0,5.0,,68.50040267944335,68.08712890625,6.9230509281158445,6.904554891586304,103.9237013244629,103.2085011291504,-0.0056894193403422,-0.0039488216862082,-0.0032260038424283,0.1468001753091812,0.158751755952835,0.1435660868883133,-0.002253275597468,0.0144412321969866,0.0822342187166214,0.0596807114779949,0.0742106512188911,0.1787383556365966
2017-01-12 00:00:00+00:00,73.25,73.8,72.25,72.34,-0.8,72.86,21140.0,172206.0,,9.0,,68.24303657531738,67.97697471618652,6.939738955497742,6.904237036705017,104.57939964294434,103.2346019744873,-0.0159073621034622,-0.0266037136316299,-0.0107677783817052,0.9457020163536072,0.430955559015274,0.1934314668178558,-0.0110371802002191,-0.0143844960257411,0.0781970396637916,0.2120120972394943,0.8663924336433411,0.5810445547103882
2017-01-13 00:00:00+00:00,72.34,72.75,72.0,72.27,-0.07,72.34,11825.0,170431.0,50.0,91.0,,68.28607025146485,67.96253471374511,6.90504002571106,6.877037043571472,104.61749893188475,103.24789962768554,-0.0023004228714853,-0.0030190583784133,-0.003314024535939,0.158169612288475,0.0825986117124557,-0.0848787203431129,0.0535397417843341,0.0366555526852607,0.1048111543059349,0.1085816621780395,0.4442050457000732,0.2489707916975021
2017-01-17 00:00:00+00:00,72.27,72.87,71.81,72.11,,72.25,16341.0,169253.0,69.0,,,68.3081101989746,68.03749855041504,6.896264014244079,6.862760033607483,104.7436013031006,103.13899978637696,-0.0282251704484224,-0.0327895507216453,-0.0115235112607479,-0.1115247160196304,-0.0798501744866371,-0.0876242741942405,-0.0724522024393081,-0.0604791864752769,-0.0687838941812515,0.1284925639629364,0.3641297817230224,0.4624313712120056
2017-01-18 00:00:00+00:00,72.12,72.55,72.02,72.26,0.15,72.22,11894.0,166658.0,199.0,161.0,,68.11208450317383,67.85245765686035,6.861334891319275,6.814550857543946,104.13280120849608,103.25210083007812,-0.0007206455920822,-0.0048770285211503,-0.0034925509244203,-0.2071804255247116,-0.1453522145748138,-0.0837389826774597,0.0933650061488151,0.0989201217889785,0.1174168437719345,0.1218079105019569,0.5418678522109985,0.4244700968265533
2017-01-19 00:00:00+00:00,72.39,73.29,72.27,72.69,0.43,72.76,13552.0,164625.0,105.0,18.0,,68.29944915771485,67.9820191192627,6.868525900840759,6.821500883102417,104.65929809570312,102.97320045471191,0.0113049121573567,0.0149494018405675,0.0065624518319964,-0.6059021353721619,-0.4048992991447449,-0.1317119151353836,-0.0003465667832642,0.0190831366926431,-0.0832799971103668,-0.0490297637879848,-0.2798745036125183,-0.1557901799678802
2017-01-20 00:00:00+00:00,72.86,73.43,72.72,73.04,0.35,73.08,12404.0,162081.0,7.0,,,68.26260131835937,68.03327354431153,6.887550897598267,6.82247796535492,104.27559921264648,103.2788995361328,0.0077041806653141,0.0130506828427314,0.0048736101016402,0.0797590464353561,0.0693354457616806,0.0740536674857139,0.0021824825089424,0.0101274102926254,-0.0722851604223251,-0.0519036427140235,-0.4958389401435852,-0.1853594481945037
2017-01-23 00:00:00+00:00,73.14,74.94,73.03,74.63,1.59,74.31,24948.0,161169.0,144.0,100.0,,68.3181534576416,68.05216880798339,6.889809937477112,6.821709952354431,104.2671002960205,103.1775993347168,-0.0004046686808578,-0.0042708707042038,-0.0038157003000378,0.499173641204834,0.3518220782279968,0.160639002919197,0.0031452781986445,0.0197387859225273,-0.0597578361630439,0.2383762896060943,0.8618960380554199,0.6731654405593872
2017-01-24 00:00:00+00:00,74.64,75.0,72.53,73.57,-1.06,73.58,29964.0,163042.0,41.0,15.0,,68.28154251098633,67.96909889221192,6.848848900794983,6.807910857200622,104.50989822387696,102.12240005493165,0.0092450603842735,0.010527922771871,0.0040932558476924,0.4513385593891144,0.305009514093399,0.1342224180698394,0.0015896179247647,0.016698233783245,-0.0627392157912254,0.1787378638982772,0.7453960180282593,0.4569259285926819
2017-01-25 00:00:00+00:00,73.28,74.17,73.14,73.88,0.31,73.71,13738.0,156812.0,462.0,,,68.33694450378418,67.98108947753906,6.875966868400574,6.8284599351882935,104.42579963684082,103.05960006713867,0.0153321912512183,0.0186862312257289,0.0060041788965463,0.1224143058061599,0.0754388123750686,-0.0738325491547584,-0.0405950024724006,-0.0331235006451606,-0.0650648325681686,-0.0407453477382659,-0.2663187384605407,0.1018605977296829
2017-01-26 00:00:00+00:00,73.94,74.93,73.67,74.19,0.31,74.43,16219.0,154180.0,106.0,,,68.05773620605468,67.77853950500489,7.060302944183349,6.854400963783264,104.20264976501466,103.20519874572754,0.0071892268024384,0.0071986368857324,0.0042300359345972,-0.0506557337939739,-0.0476721972227096,-0.0709692984819412,0.0131041146814823,0.0347246304154396,0.0911379307508468,-0.0453546717762947,-0.4243510365486145,-0.1239644438028335
2017-01-27 00:00:00+00:00,74.19,74.97,74.19,74.85,0.66,74.72,12808.0,154820.0,46.0,,,68.32405082702637,68.02926933288575,7.000704979896545,6.867592959403992,104.06649955749512,103.10710037231443,0.003399220528081,0.0022393518593162,-0.0031759687699377,-0.4138663709163666,-0.1733389794826507,-0.1585868597030639,0.0025207845028489,0.0115006584674119,-0.0791883319616317,0.1162193566560745,0.3873916864395141,0.2695405483245849
2017-01-30 00:00:00+00:00,74.9,75.32,74.06,74.14,-0.71,74.67,16807.0,155593.0,4.0,485.0,,68.29969863891601,67.9894637298584,7.010457015037536,6.871479005813598,104.68664924621582,103.09899894714356,-0.0012159638572484,-0.0015051063382998,-0.0022972100414335,0.0419597551226615,0.0410791598260402,-0.0473405420780181,-0.2920425534248352,-0.2992834150791168,-0.2107065916061401,0.1068169325590133,0.2351705133914947,0.4386006891727447
2017-01-31 00:00:00+00:00,74.16,75.13,74.1,74.94,0.8,74.71,15505.0,153824.0,,15.0,,67.7304930114746,67.37671913146973,7.009591999053956,6.871718983650208,104.20509872436524,98.1127017211914,-0.0010825096396729,0.0009300845558755,-0.0018303745891898,-0.3350718021392822,-0.1428489685058593,-0.088674671947956,-0.3034712076187134,-0.3022642135620117,-0.3078932166099548,0.1813832074403762,0.568623423576355,0.5382255911827087
2017-02-01 00:00:00+00:00,75.0,76.56,74.91,76.44,1.5,75.91,24271.0,152751.0,216.0,184.0,,67.64146247863769,67.27298942565918,6.89199697971344,6.869449934959412,104.4383991241455,103.22379890441894,0.0059006623923778,0.0042630555108189,0.0044237761758267,-0.248979777097702,-0.140609860420227,-0.065104953944683,0.0198404993861913,0.0121396388858556,-0.0865832194685936,0.1995035260915756,0.751948356628418,0.527213990688324
2017-02-02 00:00:00+00:00,76.36,77.4,75.72,76.91,0.47,76.84,30488.0,152141.0,35.0,,,67.57485618591309,67.32064308166504,6.898287019729614,6.860963940620422,104.54209968566894,103.19679901123048,-0.0015431466745212,-0.0016976797487586,-0.004331873729825,0.3741873204708099,0.2191432416439056,0.1376554816961288,-0.0846002474427223,-0.0977677851915359,0.0914945527911186,-0.0552411153912544,-0.3504591584205627,-0.1605357229709625
2017-02-03 00:00:00+00:00,76.74,77.15,76.21,76.41,-0.5,76.69,19856.0,148491.0,828.0,16.0,,67.27116958618164,66.96359390258789,6.904443988800049,6.861766929626465,104.3606997680664,102.84410079956056,-0.0063349278643727,-0.0044394899159669,-0.0040556713938713,0.6899722814559937,0.4685587882995605,0.2586320042610168,-0.0998357757925987,-0.0949448123574256,0.1112462133169174,-0.0560208149254322,-0.3741056323051452,-0.2051782310009002
2017-02-06 00:00:00+00:00,76.46,76.5,75.56,75.63,-0.78,75.99,20486.0,143233.0,58.0,,,67.15674949645997,66.92463363647461,6.90976095199585,6.839182982444763,104.47809898376464,103.15,-0.0293332803994417,-0.02502903342247,-0.0122225610539317,0.6526831984519958,0.3732770979404449,0.1778908520936966,0.0572125539183616,0.0612796619534492,0.2106975764036178,0.2181398421525955,0.9607361555099488,0.4606866836547851
2017-02-07 00:00:00+00:00,75.75,76.09,75.05,75.09,-0.54,75.46,34590.0,137789.0,120.0,1015.0,,67.30367698669434,66.99651985168457,6.871691875457763,6.8385839986801145,104.54344970703124,103.157699508667,-0.0027895031962543,-0.0048889410682022,-0.0038331223186105,0.5230749249458313,-0.1303419917821884,0.0948330610990524,0.0433084145188331,0.027505949139595,0.2372750490903854,-0.0490286573767662,-0.3760704696178436,-0.1683237105607986
2017-02-08 00:00:00+00:00,75.23,75.72,75.07,75.25,0.16,75.38,28034.0,118923.0,171.0,770.0,,67.62403648376466,67.3368601989746,7.0500110292434695,6.867130942344666,104.6544002532959,103.15230117797852,-0.0073289503343403,-0.0082709807902574,-0.0067991372197866,-0.2133718430995941,-0.0797851085662841,-0.0981661230325698,-0.1767193078994751,-0.1964149177074432,0.0898064225912094,-0.043858915567398,-0.4774789214134216,-0.1388612985610962
2017-02-09 00:00:00+00:00,75.43,76.13,75.25,75.58,0.33,75.62,25262.0,104332.0,167.0,202.0,3000.0,67.10127975463867,66.81078178405761,6.903992924690247,6.837635951042175,104.32069984436036,103.04409973144531,-0.0062465900555253,-0.0084876213222742,-0.0058806929737329,0.1180289983749389,0.1963133215904235,-0.1029776409268379,-0.137934073805809,-0.1262136846780777,0.1514358818531036,0.2223447263240814,0.895363986492157,0.5850182771682739
2017-02-10 00:00:00+00:00,75.59,76.23,75.55,75.82,0.24,75.86,29989.0,92092.0,1251.0,3304.0,,66.8441040802002,66.65237686157226,6.888314933776855,6.838500981330872,104.64139938354492,103.21670104980468,0.0006641846848651,-0.0044623771682381,-0.0031976250465959,0.5539638996124268,0.4417044520378113,-0.1831817626953125,0.0880035907030105,0.0858421251177787,0.2692383229732513,0.1356888711452484,0.3533883690834045,0.4156271517276764
2017-02-13 00:00:00+00:00,75.9,76.95,75.89,76.61,0.79,76.45,27799.0,71177.0,126.0,952.0,,66.94787422180175,66.6921866607666,6.91844301700592,6.8792549514770505,104.48294876098632,103.12860023498536,-0.0088186506181955,-0.0108553878962993,-0.0062804366461932,-0.0495151691138744,-0.0581921450793743,-0.0883705019950866,0.0547392927110195,0.0509399771690368,0.2435885220766067,0.1876677870750427,0.787552535533905,0.484548419713974
2017-02-14 00:00:00+00:00,76.65,76.73,75.9,76.32,-0.29,76.34,19479.0,54492.0,282.0,741.0,,66.96784866333007,66.77391441345215,6.902907958030701,6.856793913841248,104.62869918823242,102.77110107421876,-0.0091823628172278,-0.0106225656345486,-0.0057630222290754,-0.1065974831581115,-0.1315706670284271,-0.0955456718802452,0.0170784667134284,0.0302363745868206,0.16627998650074,-0.0560654774308204,-0.3962020874023437,-0.205175906419754
2017-02-15 00:00:00+00:00,76.32,76.65,75.63,75.71,-0.61,75.96,13042.0,41840.0,128.0,574.0,,66.91590293884278,66.6449382019043,6.883447890281677,6.840670962333679,104.48289901733398,102.97080001831054,-0.0012117926962673,-0.0020461219828575,-0.0030923846643418,0.5358232855796814,0.2299657762050628,0.1101714670658111,0.0836067423224449,0.1033395901322364,0.1982110440731048,-0.0563640482723712,-0.5640539526939392,-0.236794114112854
2017-02-16 00:00:00+00:00,75.73,75.83,74.96,75.01,-0.7,75.36,18685.0,33845.0,226.0,1200.0,,67.0206169128418,66.7511033630371,6.878473873138428,6.858413910865783,104.28389930725098,103.20980094909667,-0.0032092200126498,-0.0061557292938232,-0.0047056269831955,0.1030461117625236,0.0524632818996906,0.0982783213257789,0.0773094743490219,0.0926006287336349,0.1998106241226196,0.211870864033699,0.7398918271064758,0.5528326630592346
2017-02-17 00:00:00+00:00,75.06,75.15,73.02,73.48,-1.53,74.06,13185.0,19452.0,1669.0,,,67.22461204528808,67.04472038269043,6.869068942070007,6.833543968200684,104.6629010772705,103.161499710083,0.0003366397868376,0.0030141153838485,-0.0024688323028385,0.2922204732894897,0.1761902123689651,0.0897529870271682,-0.0054767718538641,0.0110988123342394,-0.0633453950285911,0.209141731262207,0.8005874752998352,0.4364004135131836
2017-02-21 00:00:00+00:00,73.48,73.95,73.37,73.52,,73.66,7995.0,6773.0,66.0,,,67.11699531555176,66.89673461914063,6.949406943321228,6.870752935409546,104.46734962463378,103.20790153503418,0.0113218426704406,0.0067706354893743,0.0033512853551656,0.0662090703845024,0.0756781026721,0.1151996627449989,-0.0262819081544876,0.0318976454436779,0.0782236456871032,0.1378015726804733,0.4411988258361816,0.3006078898906708
2017-02-22 00:00:00+00:00,74.2,74.89,73.8,74.14,0.62,74.47,241.0,388.0,,,,67.12757766723632,66.88514633178711,6.885293931961059,6.870472002029419,104.55650024414062,103.10020042419434,-0.0021531886886805,-0.0012155105359852,-0.0023244090843945,0.2803337275981903,0.1800075471401214,0.1023757010698318,-0.0107447933405637,-0.0121065732091665,0.0790969282388687,-0.0485815033316612,-0.2324860990047454,-0.2833360135555267
2017-02-23 00:00:00+00:00,75.04,75.39,74.96,75.02,0.88,75.13,30.0,279.0,,,,67.01531913757324,66.82207168579102,6.886011910438538,6.861167912483215,104.70619972229004,103.17390022277831,0.0024978350847959,0.0020463883411139,0.0020216207485646,0.2967911958694458,0.2054081857204437,0.1214728057384491,-0.1581434458494186,-0.1521909981966018,-0.0854230970144271,-0.0552867762744426,-0.3679624497890472,-0.3138527870178222
2017-02-24 00:00:00+00:00,75.97,75.99,75.9,75.42,0.4,75.95,30.0,166.0,,,,66.83437065124512,66.59014114379883,6.874599967002869,6.836234016418457,104.68674926757812,103.11279891967772,0.0066350968554615,0.010826950892806,0.0047473316080868,0.3753193616867065,0.2046150863170623,-0.0903523862361908,-0.109502874314785,-0.0862709432840347,-0.0905558690428733,-0.0508613772690296,-0.4442442059516907,-0.2380411326885223
2017-02-27 00:00:00+00:00,74.97,74.97,74.97,74.97,-0.45,,30.0,131.0,,,,66.85076042175292,66.60024337768554,6.900461030006409,6.879517974853516,104.67714950561523,103.14720184326173,-0.0111941816285252,-0.0108350571244955,-0.0057456423528492,0.7688117027282715,0.3647739291191101,0.1148322969675064,0.0190904922783374,0.0213328544050455,0.0914527028799057,0.1274538189172744,0.3203730583190918,0.2827304601669311
2017-02-28 00:00:00+00:00,75.79,75.79,75.0,75.33,0.36,75.34,26.0,101.0,,,,66.77624099731446,66.62864456176757,6.88301287651062,6.859339900016785,104.37879989624024,103.13149940490725,0.0005765086389146,0.0017967692110687,0.003224451560527,2.0453827381134038,1.3974100351333618,0.3298672139644623,-0.0268814861774444,-0.0190007984638214,0.0681847110390663,-0.0436531417071819,-0.3050596117973327,-0.2007797211408615
2017-03-01 00:00:00+00:00,75.34,75.45,75.34,76.85,1.52,75.4,6.0,101.0,,,,66.9092024230957,66.67661010742188,6.882112956047058,6.858759980201722,104.57859809875488,103.16180046081544,0.005429103039205,0.0071403356269001,0.0049660657532513,1.5786579847335815,0.9695037603378296,-0.3269512951374054,0.0300675425678491,0.0341126434504985,0.0733014345169067,-0.042467214167118,-0.3078323900699615,-0.2116604149341583
2017-03-02 00:00:00+00:00,76.84,78.0,76.84,75.69,-1.16,77.06,49.0,81.0,,,,66.87347190856934,66.70495628356933,6.961259002685547,6.865531940460205,104.3069002532959,103.1642008972168,0.001592066255398,0.0017886643763631,0.0021355792414397,0.3710390031337738,0.1671886295080185,-0.2690993547439575,-0.0618139468133449,-0.0604337826371192,-0.2214961051940918,-0.0398924835026264,-0.3276391923427582,-0.2092444002628326
2017-03-03 00:00:00+00:00,77.0,77.0,75.99,77.28,1.59,76.25,8.0,78.0,,,,66.92224617004395,66.73417945861816,6.906619038581848,6.876527099609375,104.2710498046875,103.13779945373535,0.0139192501083016,0.0134791312739253,0.0060440343804657,-0.5554938912391663,-0.2361498177051544,-0.2899970710277557,-0.0307451970875263,-0.0267850458621978,-0.0871769934892654,0.159460186958313,0.4856697618961334,0.3466342389583587
2017-03-06 00:00:00+00:00,78.12,78.28,78.12,78.39,1.11,78.15,8.0,35.0,,,,66.85055473327637,66.6198690032959,6.899147052764892,6.875239977836609,104.22049911499025,103.21430099487304,-0.0091761210933327,-0.0087041426450014,-0.0058852755464613,-0.8611293435096741,-0.3698409497737884,-0.3259372413158417,-0.0290020368993282,-0.033522792160511,-0.1073219776153564,0.2861942648887634,1.307764768600464,0.6279332041740417
2017-03-07 00:00:00+00:00,78.44,78.5,77.34,77.28,-1.11,78.19,16.0,29.0,,,,66.86607467651368,66.59844932556152,6.912149028778076,6.883958997726441,104.47990028381348,103.1935996246338,-0.0045546726323664,-0.0045966804027557,-0.0033047404140233,-0.4352317750453949,-0.3275820314884186,-0.2936956286430359,-0.0026886120904237,0.017132144421339,0.1012730747461319,-0.0528048947453498,-0.431830883026123,-0.3088887333869934
2017-03-08 00:00:00+00:00,77.34,77.34,77.0,76.9,-0.38,77.23,4.0,21.0,,,,66.78499954223633,66.55168815612792,6.907303099632263,6.88806499004364,104.47639831542968,103.12779991149904,0.0010589262237772,0.0006897502462379,0.0020765399094671,-0.4930461645126343,-0.3693475723266601,-0.3004875481128692,0.0628609955310821,0.0767227485775947,0.163377970457077,0.143732264637947,0.4499052464962005,0.2199229449033737
2017-03-09 00:00:00+00:00,78.15,78.58,77.1,77.82,-0.27,77.86,16914.0,160839.0,7.0,,,66.93900817871094,66.65703521728516,6.918714995384216,6.876823172569275,104.4163995361328,103.20899978637696,0.0004697433323599,-0.0010051422286778,-0.0025473886635154,-0.2827622294425964,-0.2150072753429412,-0.2397007793188095,-0.0277761630713939,-0.0268916524946689,-0.0981816500425338,-0.0550346300005912,-0.5119382739067078,-0.317729651927948
2017-03-10 00:00:00+00:00,78.0,78.0,77.15,77.29,-0.53,77.44,11209.0,160131.0,39.0,,,66.80163543701173,66.58554779052734,6.91665301322937,6.87825514793396,104.42949928283691,103.06719909667969,-0.0116770360618829,-0.0161936618387699,-0.0060646678321063,-0.2066390514373779,-0.1325589716434478,-0.1720436662435531,-0.0546115674078464,-0.043650422245264,-0.0918976813554763,0.1763662993907928,0.5013221502304077,0.3107544779777527
2017-03-13 00:00:00+00:00,77.15,77.58,76.81,76.87,-0.42,77.14,10828.0,159703.0,88.0,,,66.69698463439941,66.32889022827149,6.926610927581788,6.829036002159119,104.04949798583984,103.2682015991211,0.0215402487665414,0.0330301932990551,0.0119166849181056,-0.0818065330386161,-0.1055818423628807,-0.1490386426448822,-0.2640440464019775,-0.2479181736707687,-0.1471588015556335,0.2578405737876892,1.076298713684082,0.4089413583278656
2017-03-14 00:00:00+00:00,76.92,77.34,76.8,77.15,0.28,76.99,9875.0,159808.0,54.0,,,66.58384117126465,66.28645324707031,6.920993971824646,6.878633151054382,104.62514976501464,103.1687003326416,-0.0044318991713225,-0.0037387770134955,-0.0030493829399347,0.8208416700363159,0.3627387285232544,-0.1781933158636093,-0.2398526072502136,-0.2406575977802276,-0.1294634789228439,-0.046817846596241,-0.3276037573814392,-0.2973231375217438
2017-03-15 00:00:00+00:00,77.33,78.26,77.17,78.08,0.93,77.94,11519.0,158887.0,8.0,,,66.58176116943359,66.28561340332031,6.923771982192993,6.882884097099304,104.72039894104005,103.02690078735353,-0.0045155924744904,-0.0028407755307853,-0.0036628488451242,0.1010361909866333,0.0665051192045211,-0.1152270436286926,-0.1410625725984573,-0.1400786191225052,0.0744149908423423,-0.0528659746050834,-0.3502825200557709,-0.2989376485347748
2017-03-16 00:00:00+00:00,78.08,78.89,78.0,78.17,0.09,78.45,11575.0,159609.0,125.0,48.0,,66.63202316284179,66.2552668762207,6.916816072463989,6.871677122116089,103.77530090332031,103.1239990234375,-0.0065168691799044,-0.0069111436605453,-0.00460119638592,-0.3564000725746155,-0.2813605666160583,-0.1719324737787246,-0.1356340050697326,-0.1320202201604843,0.1548645049333572,-0.0560357049107551,-0.547494649887085,-0.3421876728534698
2017-03-17 00:00:00+00:00,78.09,78.6,77.9,78.36,0.19,78.31,8864.0,159872.0,44.0,,,66.63202316284179,66.2552668762207,6.907359952926636,6.884801025390625,104.73609970092774,103.08349891662596,-0.0004904909874312,0.0007522606174461,-0.002518288558349,0.5361636877059937,0.232818990945816,-0.1807824671268463,0.0824715420603752,0.0448105111718177,0.3117101788520813,0.1891148388385772,0.5533439517021179,0.3632082343101501
2017-03-20 00:00:00+00:00,78.33,78.74,77.3,77.33,-1.03,77.99,12870.0,160294.0,71.0,40.0,,66.63202316284179,66.2552668762207,6.895943007469177,6.874019951820373,104.48580001831054,103.11819915771484,-0.0077392891980707,-0.0096265096217393,-0.0061102728359401,0.1433754116296768,0.0765191465616226,-0.1559676676988601,0.0110689038410782,0.0228961668908596,0.2841027379035949,0.1289464980363845,0.3349028527736664,0.2482925951480865
2017-03-21 00:00:00+00:00,77.33,77.48,76.68,76.84,-0.49,76.94,18704.0,159013.0,344.0,,,66.63202316284179,66.2552668762207,6.915798101425171,6.884894142150879,104.17785057067871,103.02250022888184,-0.0067372722551226,-0.0092812301591038,-0.0053271180950105,-0.2383229583501815,-0.1639735847711563,-0.1839354336261749,0.0847875252366066,0.0878933072090148,0.3049512505531311,0.0986005216836929,0.1940312981605529,0.1841177195310592
2017-03-22 00:00:00+00:00,76.76,78.18,76.67,77.34,0.5,77.54,15862.0,155944.0,91.0,,,66.63202316284179,66.2552668762207,6.910880970954895,6.871791033744812,104.37489913940428,103.20159965515136,-0.0089605627581477,-0.0100390342995524,-0.0038513473700731,0.0922562479972839,0.2611537277698517,-0.2199394255876541,0.0040828273631632,0.0293738450855016,0.257571130990982,-0.0566412508487701,-0.5025125741958618,-0.2842721343040466
2017-03-23 00:00:00+00:00,77.61,77.97,77.23,77.27,-0.07,77.55,10651.0,155291.0,41.0,,,66.63202316284179,66.2552668762207,6.9556649684906,6.870334033966064,104.57069854736328,103.1619017791748,-0.0050472165457904,-0.0053484649397432,-0.00260681216605,1.3907321691513062,0.7392800450325012,-0.3032016456127167,0.0591514110565185,0.0611813254654407,0.2968448996543884,0.1329440176486969,0.2930594682693481,0.2628021836280823
2017-03-24 00:00:00+00:00,77.27,78.15,77.17,77.47,0.2,77.63,13818.0,154035.0,580.0,389.0,,66.63202316284179,66.2552668762207,6.892371954917908,6.873211069107056,104.0405490875244,103.10750015258787,-0.004278449807316,-0.0081486348062753,-0.0032097129151225,0.1174566373229026,0.1506984382867813,-0.2089644223451614,0.0155122810974717,0.0196810606867074,0.2245016396045684,0.1304283142089843,0.3688618540763855,0.261651337146759
2017-03-27 00:00:00+00:00,77.47,77.73,76.9,76.94,-0.53,77.21,14714.0,151876.0,7.0,,,66.63202316284179,66.2552668762207,6.872703909873962,6.840608992576599,104.57764961242675,103.18240020751954,0.0058960341848433,0.0058581260964274,0.0034373069647699,-1.0090430974960327,-0.6114979982376099,-0.3432890176773071,-0.2417359948158264,-0.1795189082622528,0.1404427587985992,0.0839930921792984,0.1269856393337249,0.1214115023612976
2017-03-28 00:00:00+00:00,77.0,77.51,76.7,76.88,-0.06,76.97,13777.0,148919.0,143.0,,,66.63202316284179,66.2552668762207,6.902137956619263,6.861738953590393,104.43069877624512,103.18929908752442,0.0029675192199647,0.0037294044159352,-0.0021192929707467,-1.875436544418335,-1.2917819023132324,-0.4527439773082733,0.1590382754802703,0.1243249028921127,0.2079455107450485,-0.0550951734185218,-0.3364038467407226,-0.2865939736366272
2017-03-29 00:00:00+00:00,76.99,77.08,76.1,76.14,-0.74,76.46,17152.0,146133.0,252.0,161.0,,66.63202316284179,66.2552668762207,6.900991024971009,6.864124011993408,104.70739868164064,103.25399993896484,0.0031029479578137,0.0059843799099326,0.0027067153714597,-1.3376489877700806,-0.9581295251846312,-0.3745091259479522,-0.1190571337938308,-0.1314843147993087,0.1359957307577133,-0.0486196391284465,-0.3493612408638,-0.2699461579322815
2017-03-30 00:00:00+00:00,76.15,76.54,76.1,76.23,0.09,76.28,12412.0,140955.0,714.0,865.0,,66.63202316284179,66.2552668762207,6.89807192325592,6.875085163116455,104.50409866333008,103.27040008544924,0.0045612403191626,0.0047239447012543,0.0030197512824088,-0.5408909916877747,-0.4861977100372314,-0.2970035672187805,0.1321098953485489,0.1010234206914901,0.215660884976387,-0.0489948913455009,-0.3918656408786773,-0.2525441646575928
2017-03-31 00:00:00+00:00,76.23,77.4,75.8,77.33,1.1,76.72,22929.0,136156.0,141.0,,,66.63202316284179,66.2552668762207,6.899963965415955,6.87510413646698,104.67079940795898,103.22219993591308,0.0018358710221946,0.0023525948636233,0.0028343999292701,-0.9459498524665833,-0.7323112487792969,-0.3270907998085022,0.1361347138881683,0.1553105413913726,0.2339725941419601,0.1227714642882347,0.2812210917472839,0.2072954922914505
2017-04-03 00:00:00+00:00,77.31,78.07,75.44,75.47,-1.86,76.41,33222.0,133921.0,44.0,,,65.10902076721192,64.82551834106445,6.930095076560974,6.867671971321106,104.75019943237304,103.18389923095702,0.0016648086020722,0.004508024547249,0.0028934446163475,-1.25187349319458,-0.7306393980979919,-0.2846330404281616,0.083537109196186,0.0762528628110885,0.2639860510826111,-0.0452185571193695,-0.3223896622657776,-0.2466068565845489
2017-04-04 00:00:00+00:00,75.43,75.72,74.55,74.85,-0.62,75.03,27647.0,127811.0,119.0,,2500.0,65.16294013977051,64.86117874145508,6.99352301120758,6.874920072555542,104.5659497833252,102.98509841918946,0.0013970494037494,0.0015186734963208,0.0021945480257272,0.0815129801630973,-0.1217657774686813,-0.1122884973883628,0.0698946937918663,0.0616534166038036,0.2510952651500702,-0.0431867651641368,-0.3228248953819275,-0.2323777973651886
2017-04-05 00:00:00+00:00,74.65,75.19,74.65,74.87,0.02,74.93,16724.0,118979.0,243.0,,,65.2186296081543,64.93561943054199,6.893036994934082,6.843152012825012,104.75370002746584,103.07639869689942,0.0020847835112363,0.0034460057504475,0.0031162989325821,-0.0463005974888801,-0.1492328643798828,-0.1328134834766388,-0.0162790101021528,0.0273676123470067,0.0607525892555713,-0.0443638078868389,-0.3226416110992431,-0.2903303503990173
2017-04-06 00:00:00+00:00,74.84,75.07,74.48,74.51,-0.36,74.72,16193.0,109308.0,22.0,93.0,500.0,65.18324974060059,64.89765907287598,6.90876193523407,6.873499002456665,104.7279009246826,103.27870056152344,0.0034218963701277,0.0020137089304625,0.0026843992527574,-0.0683707743883133,0.0933343768119812,-0.1011098772287368,-0.2233611643314361,-0.1881853640079498,-0.1359971016645431,-0.0259445812553167,-0.2511854171752929,-0.2015831917524337
2017-04-07 00:00:00+00:00,74.51,74.6,73.38,73.46,-1.05,73.83,32484.0,102677.0,18.0,,,65.08072113037109,64.80489791870117,6.908041944503784,6.871407947540283,104.64244842529295,103.1311013031006,0.0021045927423983,0.0022155623883008,0.0030351355671882,-0.1957536190748214,-0.1601591259241104,-0.0904892832040786,-0.1478812396526336,-0.1324337571859359,0.0698068290948867,0.1420034915208816,0.4279159009456634,0.3219127655029297
2017-04-10 00:00:00+00:00,73.5,75.29,73.35,75.15,1.69,74.31,27710.0,83691.0,13.0,880.0,,65.08072113037109,64.80489791870117,6.916179089546204,6.882641072273255,104.7025993347168,103.13019920349122,0.0177651289850473,0.0146798249334096,0.0078438092023134,0.0214211884886026,-0.0214148517698049,-0.0445727631449699,0.2472895085811615,0.2131103724241256,0.264488160610199,0.1333367824554443,0.4128046035766601,0.2793761193752289
2017-04-11 00:00:00+00:00,75.11,75.8,74.41,75.01,-0.14,75.0,26562.0,70956.0,715.0,2037.0,,65.08072113037109,64.80489791870117,6.907744998931885,6.888212924003601,104.71929977416993,103.18340042114258,0.0062446533702313,0.0038224253803491,0.0032881044317036,-0.1907872259616851,-0.0783757492899894,-0.0666007548570633,-0.007631454616785,-0.0053993021138012,-0.0886539295315742,-0.0456728562712669,-0.3282237648963928,-0.2927859723567962
2017-04-12 00:00:00+00:00,74.88,75.16,74.58,74.73,-0.28,74.82,22973.0,60258.0,16.0,173.0,,65.08072113037109,64.80489791870117,6.9060309839248655,6.876117057800293,104.47839965820312,103.1309994506836,0.0047944658435881,0.0053097759373486,0.0040552271530032,0.0969430804252624,0.0749635249376297,-0.0777336880564689,-0.0419623740017414,-0.0167690068483352,-0.0893409699201583,-0.0468402728438377,-0.3153820931911468,-0.3238435387611389
2017-04-13 00:00:00+00:00,74.8,75.74,74.66,75.62,0.89,75.2,18745.0,44583.0,548.0,250.0,,65.08072113037109,64.80489791870117,6.906493968963623,6.867607927322387,104.54320022583008,103.25369972229004,-0.0006352243945002,0.0017867812421172,0.0025055354926735,0.057815708220005,0.0426558405160903,-0.0710749253630638,-0.0548432283103466,-0.0469170808792114,-0.0668153315782547,-0.0483295395970344,-0.3828995823860168,-0.3834388852119446
2017-04-17 00:00:00+00:00,75.18,77.19,75.18,77.03,,76.37,10417.0,31516.0,582.0,150.0,,64.63119903564453,64.31777862548829,7.107050046920777,6.869833908081055,104.61989944458008,102.73010047912598,-0.0174886528402566,-0.0170239843428134,-0.0062565524131059,-0.1989378035068512,-0.1188006028532981,-0.0869152620434761,-0.0257507860660552,-0.0369074493646621,-0.060325164347887,0.14476278424263,0.3659901618957519,0.2565876841545105
2017-04-18 00:00:00+00:00,77.26,77.49,76.28,76.82,-0.21,76.88,14531.0,24345.0,93.0,548.0,,64.7216985321045,64.40591972351075,6.901702933311462,6.8490109491348266,104.54560012817385,103.1388990020752,0.0003522145852912,0.0026231473311781,-0.0020235530100762,-0.2731750309467315,-0.1311782747507095,-0.084570974111557,0.0064429966732859,0.0113176237791776,0.0807802602648735,0.195547729730606,0.4973107874393463,0.2931466102600097
2017-04-19 00:00:00+00:00,76.81,77.75,76.58,77.67,0.85,77.33,7420.0,11089.0,5.0,,,64.68232849121094,64.34348136901855,7.0042799949646,6.873426055908203,104.51039840698242,103.21420211791992,-0.0047004683874547,-0.0056039872579276,-0.0028838161379098,-0.8052921295166016,-0.4175418019294739,-0.1563956886529922,-0.0193059314042329,-0.0266931913793087,0.0697606354951858,0.243892028927803,0.8346685171127319,0.4201319217681885
2017-04-20 00:00:00+00:00,77.67,80.67,77.67,80.07,2.4,78.9,5661.0,6030.0,22.0,,,64.80399055480957,64.411762008667,7.006986994743347,6.868654923439026,104.5787491607666,103.11150131225584,-0.0060545811429619,-0.0094687733799219,-0.0043933633714914,-0.7430972456932068,-0.3640161454677582,-0.1582750082015991,-0.0007441483903676,-0.0226435754448175,-0.0663044452667236,0.1349423676729202,0.3725817501544952,0.175370454788208
2017-04-21 00:00:00+00:00,80.0,80.3,78.48,78.99,-1.08,79.57,2400.0,3544.0,1419.0,,,64.80627059936523,64.41271194458008,6.901256008148193,6.87728099822998,104.70990051269531,103.08769958496094,-0.0090781077742576,-0.0333350077271461,-0.0090680373832583,0.0409849695861339,-0.0889355391263961,-0.0712895691394805,-0.0144891813397407,-0.0281744245439767,-0.1132875084877014,0.1221476197242736,0.3030875027179718,0.1532852351665496
2017-04-24 00:00:00+00:00,79.5,80.02,79.18,80.09,1.1,79.51,194.0,712.0,,,,64.77409957885742,64.36541160583496,6.867106986045838,6.824021000862121,103.84259979248048,102.94369934082032,0.0475786328315734,0.0663962513208389,0.0180134084075689,-0.1975970119237899,-0.0706913322210311,-0.0649182721972465,-0.0499047674238681,-0.0801077485084533,-0.1325409114360809,-0.0289298631250858,-0.2599499821662903,-0.1662710011005401
2017-04-25 00:00:00+00:00,79.94,80.07,79.0,80.71,0.62,79.67,37.0,593.0,30.0,,,64.70159843444824,64.43408935546876,6.90589702129364,6.857348999977112,104.48104835510254,103.1851986694336,-0.0064687873236835,-0.0089197177439928,-0.0057156290858983,0.1285050511360168,0.1150001138448715,-0.0952612683176994,-0.0227551981806755,-0.0487624444067478,0.0607926845550537,-0.0568667538464069,-0.5317202806472778,-0.3469192683696747
2017-04-26 00:00:00+00:00,80.84,81.2,80.65,80.69,-0.02,80.85,24.0,197.0,,,,64.7240991973877,64.39189987182617,6.907014050483704,6.873651070594788,104.74390014648438,103.1692990875244,0.0001609354221727,0.0020674981642514,-0.0033579380251467,-0.2128544747829437,-0.2079102993011474,-0.1099216267466545,-0.2091403007507324,-0.2497345507144928,-0.1401802599430084,0.1680109351873397,0.4526995718479156,0.1971066296100616
2017-04-27 00:00:00+00:00,79.91,79.91,79.23,79.32,-1.37,79.45,22.0,146.0,,,,64.7240991973877,64.39189987182617,6.89790509223938,6.8700759220123295,104.38669784545898,102.92330032348632,-0.0015819638501852,-0.0022750671487301,-0.0034082236234098,-0.1696968227624893,-0.1458498388528823,-0.123636357486248,0.0307401828467845,0.0209326259791851,0.1236781850457191,0.1014173254370689,0.1436512172222137,0.0980783700942993
2017-04-28 00:00:00+00:00,79.32,79.32,79.32,80.23,0.91,79.32,25.0,101.0,,,,64.7240991973877,64.39189987182617,6.908517994880676,6.878999090194702,104.41489944458009,103.1213010406494,-0.0031094395089894,-0.0022972354199737,-0.003075115615502,-0.6524549126625061,-0.3020325303077698,-0.1753775477409362,0.057712148874998,0.0403102710843086,0.2032419890165329,0.1166103333234787,0.2912018299102783,0.1404694020748138
2017-05-01 00:00:00+00:00,80.23,80.45,79.32,80.45,0.22,,5.0,70.0,,,,64.51799537658691,64.13913002014161,6.9171180295944215,6.881646099090577,104.59849899291991,103.14570075988767,-0.0027086837217211,-0.0060239192098379,-0.0035815620794892,0.2439932376146316,0.0921325832605362,-0.0998838543891906,-0.0417833849787712,-0.0373176708817482,-0.0662635415792465,0.1063951253890991,0.2353277206420898,0.1341173350811004
2017-05-02 00:00:00+00:00,80.45,80.83,79.32,80.83,0.38,,5.0,45.0,,,,64.44455963134766,64.08753978729249,6.903023948669434,6.87914011478424,104.658597946167,102.9976007080078,-0.0016250406624749,-0.0016479672631248,-0.0025275486987084,0.0935765579342842,0.1116944327950477,0.0810169503092765,-0.0383306965231895,-0.0577087514102458,0.0616928227245807,0.0748254209756851,0.0816018879413604,0.0682626664638519
2017-05-03 00:00:00+00:00,80.91,80.91,80.59,80.69,-0.14,80.68,10.0,40.0,,,,64.2895263671875,63.999099540710446,6.899224944114685,6.876342992782593,104.35139907836914,102.97839912414553,-0.0045779598876833,-0.0038040722720324,-0.0028114840388298,0.0392979644238948,0.0716154798865318,-0.0686377361416816,0.0346821136772632,0.043834775686264,0.1382886171340942,-0.0499857179820537,-0.4569911062717438,-0.2374015152454376
2017-05-04 00:00:00+00:00,80.21,81.56,80.21,80.83,0.14,80.91,13.0,40.0,,,,64.43759078979492,64.0703899383545,6.910960984230042,6.883967022895813,104.4173486328125,103.00800148010254,-4.821364200324752e-05,-0.0006633044104091,-0.0017410351429134,-0.0630369931459426,-0.1107554212212562,-0.0667526274919509,-0.0327796787023544,-0.0435125157237052,-0.0675142109394073,0.1159239187836647,0.2995846271514892,0.2951748967170715
2017-05-05 00:00:00+00:00,80.64,80.64,79.95,79.76,-1.07,80.36,44.0,23.0,,,,64.51066444396973,64.12451034545899,6.913693976402283,6.873281044960022,104.7207999420166,103.12409912109376,-0.0008281653863377,-0.0015982739860191,-0.0020176551770418,0.433342844247818,0.2907660007476806,0.1091654002666473,0.0060262372717261,0.0123221026733517,0.076980285346508,0.1634868085384369,0.6076933145523071,0.3713331222534179
2017-05-08 00:00:00+00:00,77.7,77.77,77.05,77.19,-0.58,77.31,14156.0,139713.0,137.0,,120.0,64.5052742767334,64.15694889068604,6.910804948806763,6.872300004959106,104.73000022888183,103.22259963989258,0.0081860218197107,0.010645480826497,0.0058772009797394,1.3234785795211792,0.6349834203720093,0.1952591836452484,-0.0182044841349124,-0.0153494980186223,-0.0686628371477127,-0.0437088124454021,-0.3372825682163238,-0.1695987433195114
2017-05-09 00:00:00+00:00,77.19,77.82,77.07,77.43,0.24,77.47,15432.0,136888.0,,91.0,,64.58548965454102,64.26600944519043,6.913874087333679,6.885821061134338,104.6785984802246,103.0842007446289,0.0005943201831541,0.0026229536160826,0.0022037101443856,0.730586051940918,0.3305611610412597,-0.1466918438673019,0.0384524837136268,0.0691674128174781,0.0557378754019737,0.1190270781517028,0.2528059482574463,0.3070582151412964
2017-05-10 00:00:00+00:00,77.53,77.57,76.36,76.49,-0.94,76.89,23349.0,135415.0,277.0,,,64.69793014526367,64.50338928222656,6.913274102210998,6.877822117805481,104.70560043334962,103.00350151062013,0.0014064644929021,0.0014043294358998,0.0022391090169548,-1.0764217376708984,-0.7290512919425964,-0.268633633852005,-0.0470416843891143,-0.0697110518813133,-0.0774096846580505,0.1180215254426002,0.3276273608207702,0.2761351764202118
2017-05-11 00:00:00+00:00,76.34,79.21,76.17,79.18,2.69,77.82,43603.0,131440.0,,9.0,,64.66730026245118,64.36597015380859,6.915653066635132,6.884678058624267,104.3940493774414,103.223800201416,-0.0008458109223283,-0.0011424507247284,-0.0021257034968584,-1.371928572654724,-1.0775041580200195,-0.3422447144985199,-0.0446257293224334,-0.0574024096131324,-0.0964311361312866,0.1297745406627655,0.3565646708011627,0.3005029857158661
2017-05-12 00:00:00+00:00,79.22,82.18,79.15,82.18,3.0,81.04,26863.0,131294.0,22.0,,,64.46812561035156,64.26031860351563,6.915406064987183,6.885342063903809,104.32109954833984,103.20299919128418,0.0047686439938843,0.0029420389328151,0.0032979773823171,0.2456698268651962,-0.2149840146303177,-0.1937452256679535,-0.0325224213302135,-0.040976196527481,0.0724350959062576,0.0701787397265434,0.3561702966690063,0.3217017352581024
2017-05-15 00:00:00+00:00,83.03,87.18,82.52,85.32,3.14,85.13,66047.0,131456.0,18.0,1000.0,856.0,64.4322608947754,64.08193965911865,6.909397029876709,6.88318305015564,104.76280082702635,103.23299896240236,0.002790107158944,0.0022409204393625,0.0023542148992419,-0.0219488721340894,-0.1456219255924224,-0.160723939538002,-0.0068038096651434,0.037359781563282,0.1257252991199493,-0.0556131824851036,-0.4103856086730957,-0.1884687840938568
2017-05-16 00:00:00+00:00,85.14,85.18,81.32,81.32,-4.0,83.0,29587.0,129909.0,,45.0,,64.31253112792969,63.97735984802246,6.9091129493713375,6.876747918128968,104.43514961242676,103.21419944763184,-0.0002690397668629,-0.0011092186905443,0.0015110383974388,-0.4341388940811157,-0.3075916171073913,-0.1781207919120788,0.0946521461009979,0.0822472125291824,0.1095862165093422,-0.0544104501605033,-0.4699398875236511,-0.2088228464126587
2017-05-17 00:00:00+00:00,81.32,83.04,79.63,80.17,-1.15,81.42,23661.0,128234.0,8.0,8.0,,64.30758865356445,63.97897979736328,6.9039569664001466,6.8715460729599,104.62090026855468,102.72469932556152,0.0008128107874654,0.0010104014072567,0.0013446817174553,-0.3511417508125305,-0.1761388480663299,-0.1095728948712349,0.1695565432310104,0.2059005796909332,0.2006353437900543,0.2133243381977081,0.7072344422340393,0.5790847539901733
2017-05-18 00:00:00+00:00,80.36,80.63,78.84,79.24,-0.93,79.64,17524.0,123609.0,80.0,,,64.8769320678711,64.20755088806152,6.899660983085632,6.86803602218628,104.44020111083984,103.01380004882812,0.0092502944171428,0.0063489256426692,0.003606256796047,0.1717287003993988,0.0817856118083,-0.0706207454204559,0.3595455586910248,0.3970449268817901,0.3744671940803528,0.2369503676891327,0.9973005056381226,0.6521257758140564
2017-05-19 00:00:00+00:00,79.4,79.5,78.42,79.45,0.21,78.82,19568.0,118940.0,188.0,,1320.0,65.08676620483398,64.74097930908204,6.903056969642639,6.875328073501587,104.69200035095214,103.29050041198732,-0.0082317860797047,-0.0113503253087401,-0.0040116924792528,0.349105566740036,0.163996934890747,-0.1129998490214347,-0.1675645411014557,-0.1965590864419937,-0.092980608344078,0.1122262477874755,0.3071888983249664,0.2736905813217163
2017-05-22 00:00:00+00:00,79.5,79.5,78.3,78.39,-1.06,78.63,13901.0,113412.0,168.0,,,64.55881950378418,64.28428855895996,6.88800696849823,6.852266960144043,104.2332984161377,102.95040046691896,0.0317791365087032,0.0257594641298055,0.0087789306417107,0.4395767450332641,0.1105165109038353,-0.097276285290718,0.0346663445234298,0.0316348746418952,0.1035852655768394,0.2019045799970626,0.7469247579574585,0.6092934608459473
2017-05-23 00:00:00+00:00,78.4,78.43,77.1,77.22,-1.17,77.65,19897.0,111209.0,243.0,,156.0,64.93818313598632,64.34839950561523,6.891959958076477,6.829962959289551,104.66274978637696,103.13789916992188,0.0058045317418873,0.0052828849293291,0.0029912902973592,-0.7645435333251953,-0.5243469476699829,-0.1753521710634231,0.071182444691658,0.0619612149894237,0.1659355759620666,0.1865019053220749,0.6163100004196167,0.5093374848365784
2017-05-24 00:00:00+00:00,77.36,78.72,77.1,77.54,0.32,77.78,16832.0,106085.0,96.0,114.0,,65.08227584838868,64.77129928588867,6.903498988151551,6.881422004699707,104.14669960021972,103.19090110778808,0.0006071336683817,0.001387745141983,0.0017285305075347,-0.4664398729801178,-0.1937829703092575,-0.0976673886179924,-0.0327615141868591,-0.0469711385667324,0.0953316912055015,0.1032857075333595,0.3414025902748108,0.194742277264595
2017-05-25 00:00:00+00:00,77.51,78.14,77.1,77.16,-0.38,77.38,16275.0,102591.0,53.0,36.0,,64.74804130554199,64.66446846008301,6.903645014762878,6.877701997756958,104.39520027160644,102.87329971313476,0.0039880378171801,0.0043428968638181,0.0027853935025632,-0.8145182728767395,-0.3624818921089172,-0.1847730427980423,0.0084060337394475,0.0359853543341159,0.0873982682824134,0.1907620131969452,0.6232150793075562,0.4784124493598938
2017-05-26 00:00:00+00:00,77.27,77.6,77.01,77.09,-0.07,77.22,10035.0,98017.0,507.0,10.0,,64.66364845275879,64.36651916503907,6.881733932495117,6.858899998664856,104.42650062561034,102.92060134887696,-0.0076019898988306,-0.0073002455756068,-0.0045087942853569,0.3152803182601928,0.2477985918521881,-0.1790257692337036,0.0023653085809201,-0.0245157554745674,0.1043043285608291,0.141750618815422,0.4713455140590668,0.369096577167511
2017-05-30 00:00:00+00:00,77.1,77.67,76.9,77.26,,77.25,11910.0,95942.0,133.0,,,64.66597389221191,64.33522911071778,6.89055600643158,6.847594013214112,104.2763990020752,103.2286001586914,-0.0109282368794083,-0.0140932630747556,-0.0067340298555791,0.2173686176538467,0.2389378547668457,-0.1452571302652359,0.0239357706159353,0.0312304198741912,0.1122853979468345,0.1339040696620941,0.4997176229953766,0.4763030409812927
2017-05-31 00:00:00+00:00,77.09,77.35,76.71,76.98,-0.28,76.91,11334.0,94220.0,235.0,,,64.69853210449219,64.48666954040527,6.890349016189576,6.847600011825562,104.45954971313476,103.22429946899416,-0.0302605163305997,-0.0315995179116725,-0.0114749930799007,-0.5218296647071838,0.2149693518877029,-0.1306300014257431,-0.0298531986773014,-0.0389424562454223,-0.0875715389847755,-0.0526216439902782,-0.454843670129776,-0.1650122106075287
2017-06-01 00:00:00+00:00,76.96,77.81,76.81,77.63,0.65,77.29,15151.0,91399.0,11.0,3.0,,64.65903518676758,64.46176551818847,6.8722800397872925,6.836430954933166,103.82709892272948,103.25350044250489,-0.0056073442101478,-0.0055429423227906,-0.0029709928203374,0.6531038880348206,0.3819488286972046,-0.1409015655517578,-0.0414816476404666,-0.0569763965904712,0.0687408298254013,0.1970520764589309,0.6689522862434387,0.5417681932449341
2017-06-02 00:00:00+00:00,77.72,77.77,76.57,76.69,-0.94,76.92,15663.0,88324.0,699.0,,,64.66781272888184,64.3887979888916,6.871516041755676,6.834924964904785,104.30110000610352,103.03390113830568,0.0050665866583585,0.0036308108828961,0.0027886747848242,0.2120392024517059,0.1483194082975387,-0.099659726023674,0.0181585680693388,0.0354104787111282,0.1118843108415603,0.1511403620243072,0.4876361787319183,0.462097704410553
2017-06-05 00:00:00+00:00,76.75,77.03,76.28,76.31,-0.38,76.48,15116.0,83776.0,63.0,,,64.57984024047852,64.31274940490722,6.8722800397872925,6.836430954933166,104.7154987335205,103.17049949645995,-0.0138396183028817,-0.0151448650285601,-0.0056862793862819,-0.0621237196028232,0.0915606915950775,-0.0995612144470214,-0.0392307639122009,-0.0309830997139215,-0.0689393132925033,0.2127533704042434,0.7682086825370789,0.6747316122055054
2017-06-06 00:00:00+00:00,76.31,76.66,75.91,76.02,-0.29,76.13,16479.0,79321.0,59.0,13.0,1000.0,64.50657005310059,64.18750007629394,6.8722800397872925,6.836684951782226,104.41719818115234,103.05970100402833,0.0018423699075356,-0.0010539388749748,0.0015265634283423,-0.3644349277019501,-0.167424201965332,-0.1133839190006256,0.0715720802545547,0.0478678457438945,0.0939728468656539,0.1941216439008712,0.7860797643661499,0.5982052087783813
2017-06-07 00:00:00+00:00,76.06,76.22,75.65,75.79,-0.23,75.87,13181.0,73794.0,157.0,,,64.61632026672363,64.30447952270508,6.8722800397872925,6.836684951782226,104.43970031738282,103.30230056762696,0.0023575115483254,0.0012249120045453,0.0015897697303444,-0.89610356092453,-0.4145205020904541,-0.1841723322868347,0.0358073897659778,0.0515328124165535,0.110304057598114,0.1951753795146942,0.8239699602127075,0.5447748303413391
2017-06-08 00:00:00+00:00,75.9,76.75,75.61,76.55,0.76,76.07,16645.0,68754.0,72.0,,,64.57149879455567,64.31084991455079,6.8722800397872925,6.836684951782226,104.44569984436036,103.07870018005372,0.0020515578798949,0.0026204923633486,0.0020174572709947,-0.6176871657371521,-0.4674611687660217,-0.1902919709682464,-0.1216347813606262,-0.1396424025297165,0.0485968515276908,-0.0568390265107154,-0.4685303270816803,-0.2428817301988601
2017-06-09 00:00:00+00:00,76.48,76.49,75.55,75.69,-0.86,75.87,20335.0,63994.0,453.0,,,64.31333953857421,64.14010108947754,6.871820039749146,6.836684951782226,104.74859909057618,103.27779922485352,0.0025670202448964,0.0020011845044791,0.0017983771394938,0.2327099442481994,0.0829717069864273,-0.0585844740271568,0.1158319041132927,0.1172795742750167,0.1077473759651184,-0.0563213750720024,-0.5458752512931824,-0.2075608223676681
2017-06-12 00:00:00+00:00,75.72,75.75,75.09,75.13,-0.56,75.31,18569.0,58271.0,348.0,144.0,,64.54320854187011,64.27577903747559,6.8722800397872925,6.836684951782226,104.49810104370115,103.1499983215332,0.0051434659399092,0.0049978247843682,0.0030979961156845,0.0995245948433876,0.122772216796875,-0.0768295228481292,0.0328886024653911,0.0377445556223392,-0.0913579016923904,0.1972589939832687,0.8208898305892944,0.5567607283592224
2017-06-13 00:00:00+00:00,75.1,75.14,74.31,74.48,-0.65,74.65,19091.0,51842.0,1134.0,1871.0,,64.68375106811523,64.41401847839356,6.871820039749146,6.836430954933166,104.73759948730468,103.18369972229004,0.0012121574254706,0.0015135502908378,0.001818585791625,0.4442847371101379,0.1372840404510498,-0.0902342423796653,-0.0302437134087085,-0.0633119642734527,-0.1144589558243751,-0.0491412207484245,-0.3617421984672546,-0.1762141436338424
2017-06-14 00:00:00+00:00,74.47,74.83,73.4,73.5,-0.98,73.97,15526.0,45403.0,537.0,79.0,,64.4879108428955,64.2096484375,6.8722800397872925,6.836684951782226,104.57210014343262,103.004701461792,0.000595491961576,0.0006061671883799,-0.0014861032832413,0.0327663458883762,0.0594118535518646,0.082690991461277,-0.2533112466335296,-0.2443992644548416,-0.1563812792301178,-0.0490541383624076,-0.319556325674057,-0.1840602457523346
2017-06-15 00:00:00+00:00,73.5,73.5,71.27,71.91,-1.59,72.32,19613.0,40846.0,38.0,,1274.0,64.27183547973632,64.07756080627442,6.8722800397872925,6.836684951782226,104.76220085144044,102.72499931335447,-0.0127556333318352,-0.0076593696139752,-0.0041599376127123,0.3010730445384979,0.1731653213500976,0.1073240116238594,0.3558216392993927,0.3495675921440124,0.2901782393455505,-0.0429162867367267,-0.2644386291503906,-0.2054472267627716
2017-06-16 00:00:00+00:00,71.88,72.54,70.9,71.88,-0.03,71.59,12661.0,36682.0,58.0,5368.0,,64.70534828186035,64.40278099060059,6.820330972671509,6.78797287940979,104.48539947509764,103.18140007019043,-0.0019650117028504,-0.0018518777796998,-0.002744966186583,-1.074917554855347,-0.4033907353878021,-0.1478036493062973,0.1207776367664337,0.0738943368196487,-0.0643322169780731,-0.0488868653774261,-0.3950255811214447,-0.3036696314811706
2017-06-19 00:00:00+00:00,71.85,73.4,71.15,71.39,-0.49,71.94,6335.0,19646.0,,678.0,,64.59502540588379,64.28547409057617,6.817325043678284,6.783251004219055,104.4922999572754,103.02308622087752,-0.0007775895646773,0.0025107848923653,-0.0029890546575188,-0.0765343010425567,-0.1029588431119918,-0.073731280863285,0.0092404289171099,0.0148330898955464,0.0688777342438697,-0.0485976338386535,-0.410726398229599,-0.2059929817914962
2017-06-20 00:00:00+00:00,71.54,71.65,70.8,71.35,-0.04,71.21,3759.0,12339.0,67.0,196.0,,64.65329681396484,64.42341987609863,6.846901922225952,6.801187925338745,104.35829978942871,103.01759941101074,-0.0029598926194012,-0.0028454370331019,-0.0034836649429053,0.4422607421875,0.250739574432373,0.1493611931800842,0.0453934669494628,0.0358821786940097,0.099175825715065,0.1319696456193924,0.3662579655647278,0.3728106617927551
2017-06-21 00:00:00+00:00,71.33,71.94,70.76,70.89,-0.46,71.09,3948.0,9595.0,134.0,82.0,,64.66040267944337,64.40962898254395,6.848927965164185,6.806754913330078,104.63379875183104,103.18019996643066,-0.0049821538850665,-0.0025710719637572,-0.0024947761557996,0.1047385782003402,0.0793344154953956,-0.1269956678152084,0.0227618142962455,0.0166487451642751,0.0904600769281387,0.1420862525701522,0.5111938118934631,0.4275306165218353
2017-06-22 00:00:00+00:00,71.0,71.39,70.68,71.14,0.25,71.06,4068.0,7453.0,11.0,500.0,,64.7033934020996,64.42398132324219,6.851155939102173,6.808796911239624,104.6113998413086,103.0247981262207,-0.0044335541315376,-0.0039732730947434,-0.003595050657168,0.1628560274839401,0.1650140881538391,-0.1145782470703125,0.0198316518217325,0.0140750529244542,-0.075741097331047,-0.0469237454235553,-0.4676639139652252,-0.1999599635601043
2017-06-23 00:00:00+00:00,71.24,73.1,71.03,72.65,1.51,71.51,2483.0,4880.0,1948.0,42.0,,64.6782048034668,64.41947319030761,6.873537030220032,6.828886914253235,103.92999961853027,103.00960067749024,-0.000988406012766,-0.0019316788529977,-0.0026256896089762,0.1108408644795417,0.0651935338973999,0.0989468097686767,-0.0212490819394588,-0.0337239727377891,-0.1093455776572227,0.1707041263580322,0.4406422078609466,0.458507239818573
2017-06-26 00:00:00+00:00,73.54,73.98,71.46,73.68,1.03,73.49,94.0,1744.0,22.0,,,64.61262268066406,64.35908027648925,6.866287012100219,6.823551931381226,104.7048992919922,103.10800209045412,-0.0063350964337587,-0.0045727090910077,-0.004789562895894,-0.0929634794592857,0.0962549000978469,0.0943283662199974,-0.0437095947563648,-0.0673345178365707,-0.1009793728590011,0.2181376665830612,0.787493884563446,0.4220236241817474
2017-06-27 00:00:00+00:00,74.52,74.6,74.34,74.44,0.76,74.4,92.0,837.0,,,,64.5960903930664,64.27709701538086,6.86760901927948,6.827236924171448,104.1673998260498,102.9725006866455,-0.0118957832455635,-0.0129090370610356,-0.0067803175188601,-0.3516291081905365,-0.1331659704446792,-0.0940543487668037,0.0153536153957247,0.0390972420573234,-0.0903122946619987,0.1969795972108841,0.7852686047554016,0.4656571447849273
2017-06-28 00:00:00+00:00,73.9,74.57,73.77,74.41,-0.03,74.16,9.0,506.0,,,,64.62915756225586,64.38328895568847,6.8437189197540285,6.798169946670532,104.36380126953124,103.2567993927002,-0.0093691609799861,-0.0143879931420087,-0.006650217808783,-0.1545406430959701,0.1349059641361236,0.0989873334765434,-0.006302747875452,0.0109596895053982,-0.0884612724184989,-0.0572585687041282,-0.5051290988922119,-0.3536772429943084
2017-06-29 00:00:00+00:00,74.2,74.45,74.0,74.0,-0.41,74.27,13.0,473.0,,,,64.63500259399414,64.42263977050781,6.806443033218383,6.784099035263061,104.4362798614502,103.2734998474121,-0.010457613505423,-0.0118431989103555,-0.0051944083534181,-0.4161016345024109,-0.1860837638378143,-0.1041274443268776,-0.0125332772731781,0.0105362301692366,0.0855557471513748,0.1923699826002121,0.6302582621574402,0.3808426260948181
2017-06-30 00:00:00+00:00,74.0,75.31,74.0,75.31,1.31,,13.0,415.0,,,,64.91250061035156,64.54393829345703,6.806867990493775,6.785959005355835,104.58979835510254,102.97350227355956,-0.0045981765724718,-0.0032805018126964,-0.0021109778899699,0.586205005645752,0.2584818005561828,0.116753838956356,-0.0896305367350578,-0.1066221818327903,-0.0722895115613937,0.1997791826725006,0.6799861788749695,0.4317561089992523
2017-07-03 00:00:00+00:00,75.31,75.31,73.69,73.69,-1.62,,13.0,404.0,,,,64.77752136230468,64.4274624633789,6.805212893486023,6.784566044807434,104.7701993560791,103.10709907531738,0.0005667324294336,0.0053768949583172,0.0037014710251241,0.914409637451172,0.4298421442508697,0.1505977809429168,0.1678088903427124,0.1812053024768829,0.1484322696924209,0.1904912739992141,0.638262152671814,0.3973881900310516
2017-07-05 00:00:00+00:00,73.62,73.62,73.62,73.86,,73.62,2.0,128.0,,,,64.91204025268554,64.58390037536621,6.8051099824905394,6.78414601802826,104.73760055541992,103.01659996032714,-0.0057508712634444,-0.0041402415372431,-0.0032451194711029,1.0400774478912354,0.670485258102417,-0.1826601773500442,0.0649873092770576,0.0659519359469413,0.0979923382401466,0.5649750828742981,2.385858058929444,1.2710825204849243
2017-07-06 00:00:00+00:00,74.48,75.22,74.48,75.01,1.15,74.67,18.0,126.0,,,,64.92790084838867,64.58865440368652,6.8124550390243535,6.782658996582032,104.01599937438964,103.15039901733398,-0.0043972022831439,-0.0066810175776481,-0.0045763622038066,0.637942910194397,0.3684400618076324,-0.1595026850700378,-0.027198638767004,-0.0311345756053924,-0.0878537073731422,0.314627468585968,0.8305078744888306,0.6204008460044861
2017-07-07 00:00:00+00:00,69.47,69.9,69.47,69.75,0.28,69.61,23.0,216.0,,,,64.84275970458984,64.54571266174317,6.8117650651931765,6.775981974601746,104.01599937438964,103.15039901733398,-0.004846884869039,-0.0038742006290704,-0.0034877506550401,-0.0277601890265941,-0.075340561568737,-0.1130245998501777,-0.0498199202120304,-0.0389357693493366,-0.0859488025307655,-0.0178039483726024,-0.3016040027141571,-0.2319270074367523
2017-07-10 00:00:00+00:00,69.5,71.42,67.56,67.72,-2.03,70.17,125.0,221.0,,,,64.68218612670898,64.44656913757325,6.812902126312256,6.775746970176697,104.0113995361328,103.11649925231931,-0.0060317898169159,-0.0044601298868656,-0.0038872072473168,0.0029978291131556,-0.0601816549897193,-0.1179003119468689,-0.0306753031909465,-0.022060377523303,-0.0835072994232177,0.1412211805582046,0.3986938297748565,0.4211290776729584
2017-07-12 00:00:00+00:00,67.9,68.46,67.43,68.13,-0.02,68.03,65.0,198.0,,,,64.67393035888672,64.44060874938965,6.81334611415863,6.780669956207276,104.42639915466307,103.19729988098145,-0.0062337489798665,-0.0088965240865945,-0.0049321074038743,-0.1676380485296249,-0.1405882090330124,-0.1429590582847595,-0.1461985260248184,-0.1424933969974517,-0.0780884325504303,0.2225921899080276,0.8863353729248047,0.6368957161903381
2017-07-13 00:00:00+00:00,68.35,68.35,66.49,66.54,-1.59,67.27,54.0,182.0,,,,64.61719245910645,64.36885124206543,6.805167894363404,6.784405035972595,104.4067999267578,103.16559898376464,-0.0042039803229272,-0.0049472348764538,-0.0022783617023378,-0.1621689051389694,-0.1528136730194091,-0.1610981822013855,0.1696410924196243,0.1525517851114273,0.1720891892910003,-0.0175251737236976,-0.2743818163871765,-0.2658506631851196
2017-07-14 00:00:00+00:00,66.54,67.75,66.49,67.18,0.64,67.14,18.0,165.0,,,,64.70456581115722,64.35334686279298,6.8043189096450805,6.780737080574036,104.5539991760254,103.23660118103028,-0.0024334865156561,-0.0083749322220683,-0.0028195502236485,-0.0310989189893007,-0.0474760308861732,-0.1078623980283737,-0.1375998705625534,-0.1494477242231369,-0.0854000374674797,0.1011184826493263,0.3303151726722717,0.4400173723697662
2017-07-17 00:00:00+00:00,67.53,68.65,67.06,68.57,1.39,67.89,14.0,160.0,,,,64.5592790222168,64.26572387695313,6.794776983261109,6.765724077224731,104.72199928283692,103.25209999084473,0.0113662099465727,0.0145323276519775,0.0051755877211689,0.0090625900775194,-0.1466234475374221,-0.1236097887158393,0.1080052405595779,0.1473803967237472,0.1809413135051727,0.2004212439060211,0.7573208808898926,0.5491093993186951
2017-07-18 00:00:00+00:00,68.5,69.1,67.85,68.86,0.29,68.49,13.0,161.0,,,,64.43010414123535,64.19569046020507,6.794776983261109,6.765724077224731,105.01292306900024,103.6735834935506,-0.0137653015553951,-0.0137020256370306,-0.0061767846345901,0.0363986827433109,0.0400657840073108,-0.0946839600801467,0.016912754625082,0.0275431927293539,-0.0732040330767631,0.1911986172199249,0.7672001123428345,0.5649022459983826
2017-07-19 00:00:00+00:00,69.23,69.46,68.7,68.76,-0.1,69.07,14.0,161.0,,,,64.421298828125,64.16118156433106,6.794776983261109,6.765724077224731,105.51584964752196,103.81077562332152,0.0027791780885308,0.0032693571411073,0.0024147015064954,0.1440920680761337,0.0576877705752849,-0.0756060928106308,0.0409638136625289,0.0284065268933773,0.0722260177135467,0.1070035919547081,0.4396783709526062,0.2972799241542816
2017-07-20 00:00:00+00:00,69.52,69.77,69.37,69.55,0.79,69.61,10.0,162.0,,,,64.55492866516113,64.16368091583251,6.794776983261109,6.765724077224731,105.02002313613892,103.670283551534,0.0028624064289033,0.0030813931953161,0.0028122181538492,-0.0049257171340286,0.0695172920823097,-0.0605050548911094,0.116653062403202,0.1312439739704132,0.1301855146884918,0.1820403486490249,0.6053385138511658,0.5328481793403625
2017-07-21 00:00:00+00:00,69.06,69.46,68.52,69.14,-0.41,68.86,22.0,159.0,,,,64.41265205383301,64.2131908416748,6.794776983261109,6.765724077224731,104.58539894104004,103.29419998168946,0.0022109898272901,-0.0075370445847511,-0.0029493945185095,0.0304220132529735,0.0389831066131591,0.0705353990197181,0.0512471161782741,0.082277700304985,0.1166052818298339,0.2370186299085617,1.0345392227172852,0.6440982818603516
2017-07-24 00:00:00+00:00,69.35,69.35,69.07,69.0,-0.14,69.2,4.0,164.0,,,,64.44337326049805,64.22444564819335,6.794776983261109,6.765724077224731,104.75394924163818,103.382900390625,0.0188799016177654,0.0238305535167455,0.0089525673538446,-0.1598267406225204,0.090794064104557,-0.0720399022102356,-0.0470839403569698,-0.0529649034142494,-0.1274015456438064,0.0729198902845382,0.4604700207710266,0.3465271592140198
2017-07-25 00:00:00+00:00,69.47,69.47,69.47,69.55,0.55,69.47,1.0,164.0,,,,64.43222862243653,64.23577911376952,6.794776983261109,6.765724077224731,105.13330704879762,103.45628526051838,0.0053607071749866,0.0079301605001091,-0.0034672662150114,-0.2742965519428253,-0.064487025141716,-0.0829691961407661,0.0379156693816185,0.0623670741915702,0.0991837754845619,-0.020226988941431,-0.2831021547317505,-0.149233803153038
2017-07-26 00:00:00+00:00,69.5,69.85,68.24,69.02,-0.53,68.72,200.0,163.0,,,,64.4686653137207,64.2208755493164,6.794776983261109,6.765724077224731,105.11687351608276,103.68506693522134,0.0035263081081211,0.0035773124545812,-0.002190172439441,0.0396821945905685,-0.2300495356321334,-0.1456180214881897,-0.0315777212381362,-0.0504369847476482,-0.1500163227319717,0.1772819459438324,0.5057293176651001,0.3908659517765045
2017-07-27 00:00:00+00:00,69.33,72.02,69.33,70.5,1.48,70.92,256.0,181.0,,,,64.44661529541015,64.23655944824219,6.794776983261109,6.765724077224731,104.58594982147216,103.43940116882324,0.0020002438686788,0.0050480524078011,-0.003566208994016,-0.3146586716175079,-0.259844571352005,-0.1622290462255478,-0.2390738725662231,-0.2566577494144439,-0.1461035013198852,-0.0311845727264881,-0.4056894183158874,-0.2233473509550094
2017-07-28 00:00:00+00:00,69.82,70.68,69.82,70.22,-0.28,70.25,5.0,211.0,,,,64.23943557739258,64.06083797454833,6.794776983261109,6.765724077224731,105.14058206939696,103.65117570877074,0.0022905950900167,-0.0024420232512056,-0.001769732334651,0.1835110783576965,-0.0749007910490036,-0.1139448061585426,0.029920358210802,0.019699627533555,-0.1367275416851043,0.1095695346593856,0.2996999323368072,0.2231917679309845
2017-07-31 00:00:00+00:00,70.34,71.13,69.83,70.5,0.28,70.58,12.0,210.0,,,,64.24555892944336,64.04051776885986,6.794776983261109,6.765724077224731,104.81854824066164,103.54819995117188,-0.0119130657985806,-0.0108129540458321,-0.0054988493211567,0.187740683555603,-0.0815314128994941,-0.1312606632709503,-0.0281155034899711,-0.0439951196312904,-0.1325587630271911,0.1608307212591171,0.6075934767723083,0.405238926410675
2017-08-01 00:00:00+00:00,70.73,71.17,70.51,71.17,0.67,70.85,19.0,212.0,,,,64.29780456542969,64.08688053131104,6.75510712146759,6.728675103187561,104.91610137939452,103.74491682688397,-0.0042593665421009,-0.004315635189414,-0.0024071466177701,0.0278150308877229,-0.0608737170696258,-0.1165065690875053,-0.1473653316497802,-0.1422695815563202,-0.137744054198265,-0.062141478061676,-0.5251492261886597,-0.279352456331253
2017-08-02 00:00:00+00:00,71.17,71.85,71.17,71.75,0.58,71.61,12.0,215.0,,,,64.23797233581543,64.01247825622559,6.75510712146759,6.728675103187561,105.16324010849,103.6127242088318,0.0025583475362509,0.0070680789649486,0.003884355770424,-0.2138156592845916,-0.084014780819416,-0.1141039878129959,-0.2798342406749725,-0.2929767668247223,-0.1472724974155426,0.1228827014565467,0.3968467712402344,0.3543381094932556
2017-08-03 00:00:00+00:00,72.15,72.43,71.23,71.55,-0.2,72.09,38.0,211.0,,,,64.2633627319336,63.97261981964111,6.75510712146759,6.728675103187561,104.7212511062622,103.87819900512696,-0.0065356441773474,-0.0061227749101817,-0.0027258116751909,-0.2572988867759704,-0.1205575913190841,-0.1442604959011078,0.075090579688549,0.063126116991043,0.0967962220311164,-0.0593989379703998,-0.5343459844589233,-0.233189582824707
2017-08-04 00:00:00+00:00,72.0,72.22,70.4,70.99,-0.56,70.87,86.0,207.0,,,,64.2633627319336,63.97261981964111,6.75510712146759,6.728675103187561,104.80869987487792,103.6709994506836,-0.0143429404124617,-0.0119867492467165,-0.0051992647349834,-0.4498094022274017,-0.132181167602539,-0.1313735842704773,0.0331543087959289,0.0277357306331396,0.1325337588787078,0.1403441131114959,0.3394249379634857,0.3377823829650879
2017-08-07 00:00:00+00:00,70.99,71.52,70.99,71.22,0.23,71.42,11.0,200.0,,,,64.2633627319336,63.97261981964111,6.771454997062683,6.742867069244385,105.24319047927855,103.77300856908164,-0.0181298572570085,-0.0256270263344049,-0.0112187834456563,-0.1499158889055252,-0.0926849469542503,-0.1291811466217041,0.0849009379744529,0.0839067548513412,0.1984933316707611,0.0763618499040603,0.1910991668701172,0.0980870351195335
2017-08-08 00:00:00+00:00,71.38,71.94,70.62,71.91,0.69,71.06,75.0,192.0,,,,64.2633627319336,63.97261981964111,6.75510712146759,6.728675103187561,105.0540397453308,103.72347421646118,-0.0030684848316013,-0.0078709591180086,-0.0032862075604498,0.6961200833320618,0.2987388074398041,0.2092546075582504,-0.0167764350771904,-0.0296156648546457,0.0861950442194938,0.1173215508460998,0.3314672112464905,0.3245300650596618
2017-08-09 00:00:00+00:00,71.37,71.94,71.29,71.82,-0.09,71.61,10.0,172.0,,,,64.2633627319336,63.97261981964111,6.75510712146759,6.728675103187561,105.16874912261964,103.52691694895428,-0.0255020167678594,-0.0277821030467748,-0.0097817368805408,0.119852215051651,0.131083145737648,0.1505740880966186,0.0621354766190052,0.0416122786700725,0.1772606968879699,0.1015047654509544,0.3092551827430725,0.1274818480014801
2017-08-10 00:00:00+00:00,71.61,71.61,68.85,69.26,-2.56,70.14,54.0,175.0,,,,64.26081146240234,63.95644104003906,6.75510712146759,6.728675103187561,104.34519905090332,103.42560035705566,-0.0098434071987867,-0.0107869189232587,-0.0038575157523155,0.2830076217651367,0.1375796496868133,0.1769629716873169,0.0598949939012527,0.0750438198447227,0.1441956609487533,0.108675517141819,0.1622408181428909,0.2771692276000976
2017-08-11 00:00:00+00:00,69.11,69.85,69.07,69.24,-0.02,69.3,13.0,184.0,,,,64.25826133728027,64.05145999908447,6.75510712146759,6.728675103187561,104.43389976501464,103.38259971618652,0.0103890914469957,0.0109667424112558,0.0060461424291133,0.313581109046936,0.1401470601558685,0.2031803131103515,-0.020143250003457,-0.0225153863430023,-0.1221227869391441,0.1955483853816986,0.6829838752746582,0.4230052828788757
2017-08-14 00:00:00+00:00,69.24,69.24,68.4,68.5,-0.74,68.76,11.0,185.0,,,,64.26813537597656,64.05471836090088,6.75510712146759,6.728675103187561,104.38700004577636,103.4544994354248,0.0020909951999783,0.0035307519137859,0.003337929258123,0.1123838052153587,0.1285181492567062,0.2188724279403686,-0.011382158845663,-0.0172214061021804,-0.1129259690642356,0.1966084688901901,0.7571356296539307,0.44301837682724
2017-08-15 00:00:00+00:00,68.29,68.29,67.67,67.68,-0.82,67.94,7.0,181.0,,,,64.25407440185546,64.04452011108398,6.75510712146759,6.728675103187561,105.03660703659058,103.50092504501345,0.0023681307211518,0.0039524426683783,0.0028339400887489,0.346439391374588,0.1689632087945938,0.2251412272453308,-0.0612699277698993,-0.0694039016962051,-0.1329940110445022,0.1189827919006347,0.3292700350284576,0.2360045164823532
2017-08-16 00:00:00+00:00,67.6,67.72,67.5,67.55,-0.13,67.55,12.0,176.0,,,,64.46090919494628,64.19492641448974,6.7079819345474245,6.671657991409302,105.00386474609375,103.72390014648435,0.0028295817319303,0.0050323428586125,0.0022021289914846,0.2641240060329437,0.1533831655979156,0.1640408486127853,-0.0335578732192516,-0.0412855185568332,-0.1176098808646202,0.0385631844401359,-0.0975970849394798,0.1322196722030639
2017-08-17 00:00:00+00:00,67.35,67.35,67.25,67.45,-0.1,67.28,19.0,178.0,,,,64.24319152832031,64.04905792236327,6.714231944084167,6.680343980789185,103.96170120239258,103.3227000427246,-0.0019896868616342,-0.0017781800124794,-0.0028178971260786,0.8654632568359375,0.3370758891105652,0.1990312784910202,-0.0124614797532558,-0.013953517191112,-0.1264958679676056,0.1986262500286102,0.7196457386016846,0.4896511435508728
2017-08-18 00:00:00+00:00,67.45,67.79,67.25,67.79,0.34,,19.0,181.0,,,,64.26444213867188,64.05420192718506,6.697766919136047,6.660440974235534,104.60499846140544,103.78563268025717,0.0024057175032794,0.002415849128738,-0.0022492581047117,1.4129235744476318,0.6032978296279907,0.2464532852172851,-0.0182557199150323,-0.0312654823064804,-0.1320239752531051,0.1564370691776275,0.428280770778656,0.3294808864593506
2017-08-21 00:00:00+00:00,67.91,68.78,67.51,68.71,0.92,67.97,69.0,181.0,,,,64.22601875305176,64.0186664199829,6.697766919136047,6.660440974235534,105.12893170420328,103.98461622873944,0.0022769297938793,0.0027636259328573,0.0021180142648518,-0.0824879109859466,-0.0894011557102203,-0.1238344460725784,-0.0567709766328334,-0.0400248616933822,-0.1145838052034378,0.1490547657012939,0.4276013970375061,0.3070545792579651
2017-08-22 00:00:00+00:00,68.76,69.07,68.76,68.88,0.17,68.91,2.0,185.0,,,,64.25663749694824,64.03371147155762,6.69241693019867,6.653775048255921,103.98120140075685,103.26959915161132,-0.0107461875304579,-0.0076126940548419,-0.0031868494115769,0.1299347430467605,0.0771516561508178,-0.0827083140611648,-0.0432505533099174,-0.0651269555091857,-0.1275849044322967,0.1943039447069168,0.704612672328949,0.4378069043159485
2017-08-23 00:00:00+00:00,69.11,70.53,69.11,69.6,0.72,69.67,15.0,185.0,,,,64.21525665283202,64.00563632965088,6.691456937789917,6.654052062034607,105.1720973968506,103.90309783935548,-0.002713264664635,-0.0018058432033285,-0.001630182377994,0.0724422559142112,0.0964432805776596,-0.0841749012470245,-0.0316217727959156,-0.026395509019494,-0.1023362874984741,0.1245561614632606,0.334996223449707,0.3061670362949371
2017-08-24 00:00:00+00:00,69.5,70.21,69.44,70.17,0.57,69.89,35.0,189.0,,,,64.23832962036133,63.99227058410644,6.691210923194885,6.651983051300049,104.6095309448242,103.613666788737,-0.0024579192977398,-0.0016613348852843,-0.0016284942394122,0.3754599690437317,0.1497899293899536,0.0879177674651146,0.0140173062682151,0.0137429507449269,0.1221208125352859,-0.0169033482670784,-0.1468417644500732,-0.1203533187508583
2017-08-25 00:00:00+00:00,70.25,70.25,68.62,68.61,-1.56,69.45,22.0,194.0,,,,64.20900421142578,63.99999626159668,6.6910949277877805,6.6540780448913575,105.1720973968506,103.90309783935548,-0.0192844104021787,-0.035903476178646,-0.010773223824799,0.2146668583154678,0.1655191630125045,0.1089376956224441,-0.0378863997757434,-0.0548490956425666,-0.1298293769359588,0.1389530152082443,0.5544604063034058,0.4701687395572662
2017-08-28 00:00:00+00:00,68.61,70.19,68.61,70.33,1.72,69.73,28.0,204.0,,,,64.22040206909179,63.94571193695069,6.692576899528503,6.652713990211487,104.76610145568849,103.73540145874024,0.0231076404452323,0.0220242422074079,0.0070801582187414,-0.0003492153773549,0.1605630218982696,0.1104796007275581,-0.0873849987983703,-0.1099910289049148,-0.1496960818767547,-0.0599017143249511,-0.4455771446228027,-0.2659677267074585
2017-08-29 00:00:00+00:00,70.26,70.85,70.15,70.56,0.23,70.41,37.0,211.0,,,,63.9230086517334,63.68522647857666,6.692576899528503,6.652713990211487,104.80520057678224,104.14764820098875,0.0027382541447877,0.0048202108591794,0.0028076684102416,0.2548605501651764,0.1114850789308548,0.1370516270399093,0.1632493883371353,0.1595676988363266,0.1615493446588516,-0.0591169707477092,-0.4558359682559967,-0.2251716405153274
2017-08-30 00:00:00+00:00,70.85,71.52,70.85,71.47,0.91,71.32,24.0,193.0,,,,64.25813270568848,63.9649681854248,6.692576899528503,6.652713990211487,105.32522446314496,104.0985748939514,-0.002304415218532,0.0015091175446286,-0.0022225780412554,0.0790309011936187,0.0932557433843612,0.1697558909654617,-0.0290488936007022,-0.0290017519146204,-0.1443401277065277,0.1062960252165794,0.2547003626823425,0.1934510767459869
2017-08-31 00:00:00+00:00,71.24,71.53,71.14,71.48,0.01,71.33,12.0,187.0,,,,64.27158515930176,63.97827541351318,6.692576899528503,6.652713990211487,105.24350744247435,103.81617540359495,0.0075542801059782,0.004159796051681,0.0038270780351012,0.0904255211353302,0.136407122015953,0.1732416301965713,-0.0032657396513968,-0.0162745248526334,-0.1390628665685653,0.1078752651810646,0.2642377018928528,0.2026632726192474
2017-09-01 00:00:00+00:00,71.9,72.71,71.89,72.55,1.07,72.4,28.0,181.0,,,,63.998393859863285,63.80086753845215,6.617463097572327,6.591019892692566,104.87199920654297,103.6390011138916,-0.0254945456981658,-0.028428828343749,-0.0095726009458303,0.3544094264507293,0.20783731341362,0.1827548742294311,-0.0009603707585483,-0.0137780532240867,-0.099466748535633,0.2288563549518585,0.8675395846366882,0.5009335279464722
2017-09-04 00:00:00+00:00,72.55,72.71,71.89,72.55,0.0,,28.0,182.0,,,,64.24153930664062,63.92963882446289,6.617463097572327,6.591019892692566,104.87525828933715,103.81388299306236,-0.0054095736704766,-0.0054202149622142,-0.0028993941377848,0.1232679486274719,0.1794501543045044,0.1648440361022949,-0.0208266545087099,-0.0449841022491455,-0.1029799729585647,-0.059582769870758,-0.4893776476383209,-0.3160330057144165
2017-09-05 00:00:00+00:00,72.95,75.55,72.95,75.26,2.71,74.49,93.0,182.0,,,,64.23905303955078,64.00459560394287,6.617463097572327,6.591019892692566,104.10169921875,103.88729942321775,0.0100912330672144,0.0077912150882184,0.0052445824258029,0.2088697999715805,0.1874276399612426,0.1557348817586898,0.0007944365497678,0.0123462881892919,-0.1061946600675582,0.1214539557695388,0.4032584130764007,0.2788102328777313
2017-09-06 00:00:00+00:00,75.79,75.79,75.0,75.26,0.0,75.53,43.0,168.0,,,,64.19364501953125,63.94533996582031,6.617463097572327,6.591019892692566,105.00336592356363,103.64858208974204,0.0041243080049753,0.0038757170550525,0.003882267512381,-0.1401755064725875,0.1501781344413757,-0.1140525043010711,0.1428815573453903,0.1872255802154541,0.0905098468065261,-0.047768510878086,-0.3640584945678711,-0.2196256667375564
2017-09-07 00:00:00+00:00,74.71,75.1,74.5,75.03,-0.23,74.85,19.0,190.0,,,,64.12507019042968,63.97907817840576,6.617463097572327,6.591019892692566,104.1489988708496,103.80819969177246,-0.0105979507789015,-0.0166706107556819,-0.0059034242294728,0.2076059132814407,0.1026501804590225,0.0758646056056022,-0.0488525368273258,-0.0390671528875827,-0.0931774005293846,0.0802709460258483,0.0862040966749191,0.2111024558544159
2017-09-08 00:00:00+00:00,75.2,76.15,75.19,75.59,0.56,75.8,23.0,195.0,,,,64.0506226348877,63.82620189666748,6.617463097572327,6.591019892692566,105.09109870910645,103.72080070495603,0.0060388585552573,0.0188147574663162,0.0067868335172533,0.1427284181118011,0.1907642036676406,0.1179961934685707,-0.1221170723438263,-0.1328921765089035,-0.1181461215019226,0.1424750983715057,0.4517330527305603,0.4075456261634826
2017-09-11 00:00:00+00:00,75.57,75.57,72.59,73.71,-1.88,73.56,72.0,200.0,,,,63.93489315032959,63.73670673370361,6.617463097572327,6.591019892692566,105.191116065979,103.66703450520832,-0.0076021323911845,-0.00846076477319,-0.0049657877534627,0.3789848685264587,0.3368007838726043,0.1489122062921524,-0.001173134194687,-0.0234730523079633,-0.1429986208677292,0.1178148388862609,0.3879199028015136,0.2743368446826935
2017-09-12 00:00:00+00:00,73.38,73.47,70.71,70.71,-3.0,72.07,17.0,183.0,,,,64.05869194030761,63.8405139541626,6.617463097572327,6.591019892692566,105.17806610107422,103.72360107421876,0.0019102655351161,0.0036134137772023,0.0024286450352519,-0.0198122207075357,0.0285330768674612,-0.0913905054330825,-0.0547537840902805,-0.0268687549978494,-0.1345229893922805,0.1070816740393638,0.2902622520923614,0.2121972143650055
2017-09-13 00:00:00+00:00,70.3,70.3,69.61,69.98,-0.73,69.98,56.0,176.0,,,,64.18415508270263,63.92094039916992,6.617463097572327,6.591019892692566,104.39919853210448,103.7494995880127,-0.0023880777880549,0.0026170960627496,-0.0021384158171713,0.7353464365005493,0.2868444919586181,0.1171249225735664,0.0405769199132919,0.027255231514573,-0.1060071736574173,0.0719573944807052,0.1118785515427589,0.2517934441566467
2017-09-14 00:00:00+00:00,69.86,69.86,69.02,69.78,-0.2,69.35,35.0,169.0,,,,64.19527256011963,63.891749687194825,6.617463097572327,6.591019892692566,105.2613329340617,103.69909909057618,-0.0039443639107048,-0.0039447722956538,-0.0024808589369058,0.7009809017181396,0.4137223660945892,0.1568877249956131,0.145670861005783,0.1516998410224914,-0.0957796350121498,0.0503037981688976,0.0986734703183174,0.0807514935731887
2017-09-15 00:00:00+00:00,69.95,70.26,69.95,70.13,0.35,70.1,4.0,167.0,,,,64.25487129211426,64.04438987731933,6.617463097572327,6.591019892692566,105.08759985605876,103.61658250172934,-0.0036757455673068,-0.0028708924073725,-0.0036056486424058,0.0895169973373413,0.1097921133041381,-0.1021095439791679,-0.0191020369529724,-0.017203290015459,-0.1048168540000915,-0.0436084195971488,-0.3507444858551025,-0.2115115374326706
2017-09-18 00:00:00+00:00,69.47,70.94,69.47,70.41,0.28,70.37,45.0,173.0,,,,64.18366050720215,64.03469711303711,6.577489032745361,6.531455020904541,105.03759887695313,103.58340049743651,-0.003365138778463,-0.0045938990078866,-0.0032792957499623,-0.2774654328823089,-0.2193557769060135,-0.1519815474748611,0.0188093036413192,-0.0124691780656576,-0.0954339876770973,0.1393064856529235,0.4382606148719787,0.4231629967689514
2017-09-19 00:00:00+00:00,70.69,70.94,70.41,69.98,-0.43,70.65,20.0,151.0,,,,64.22694328308106,64.03431941986084,6.608993105888366,6.588729887008667,105.1299974822998,103.79649909973143,-0.005400416906923,-0.0043594604358077,-0.0028851998504251,-0.4082545042037964,-0.1988817453384399,-0.1115422993898391,0.0693668723106384,0.0411880388855934,0.1004688367247581,0.1494903117418289,0.4460118412971496,0.4289637506008148
2017-09-20 00:00:00+00:00,70.52,71.11,69.64,70.04,0.06,70.15,38.0,142.0,,,,64.3945156097412,64.19526210784912,6.60599515914917,6.587539892196656,105.13749900817872,103.47670051574708,-0.0049691684544086,-0.0030240977648645,-0.0035575923975557,0.0792610570788383,0.064510628581047,-0.0689493343234062,0.0484476052224636,0.0326919108629226,0.1168419942259788,-0.0481054298579692,-0.3546394407749176,-0.1257914155721664
2017-09-21 00:00:00+00:00,70.04,71.11,69.04,69.04,-1.0,,1.0,135.0,,,,64.52108749389649,64.22439651489258,6.608763103485107,6.587070894241333,104.92254848480223,103.63434978485108,0.0041084988042712,0.0074630551971495,0.0039038190152496,0.0423095524311065,0.082064688205719,-0.0560925677418708,0.3838515877723694,0.3734422326087951,0.442704826593399,0.0452804788947105,0.201773315668106,-0.0534203872084617
2017-09-22 00:00:00+00:00,69.11,69.3,68.8,69.09,0.05,69.06,25.0,134.0,,,,65.00801666259765,64.73534965515137,6.608993105888366,6.589347887039184,104.7050994873047,103.86120101928712,-0.0045536919496953,-0.0037035308778285,-0.0041321800090372,-0.1027888432145118,0.068521961569786,-0.0508576184511184,0.2754092812538147,0.2815599143505096,0.182164266705513,0.2035283148288726,0.784680962562561,0.5781487226486206
2017-09-25 00:00:00+00:00,69.09,70.09,68.8,70.09,1.0,,25.0,120.0,,,,65.02639640808106,64.71650634765625,6.643132996559143,6.5890128755569455,105.2032982635498,103.5572013092041,-0.00095305260038,0.0022250581532716,-0.0028906781226396,-0.1619585454463958,-0.1123576313257217,-0.1731032133102417,0.2544384300708771,0.23023521900177,0.1210075840353965,0.1535365283489227,0.5617896914482117,0.439664751291275
2017-09-26 00:00:00+00:00,70.09,70.09,68.8,69.38,-0.71,,25.0,120.0,,,,65.51166717529297,65.29503067016601,6.66042188167572,6.627533926963806,105.11654865264892,103.55190002441408,-0.0013363144826143,0.0029914462938904,-0.0034509368706494,-0.5711648464202881,-0.1970352828502655,-0.120251789689064,-0.0115637946873903,0.0368912443518638,-0.1530395746231079,-0.0562147311866283,-0.4422285556793213,-0.1763138324022293
2017-09-27 00:00:00+00:00,69.38,70.09,68.8,69.28,-0.1,,25.0,120.0,,,,65.56907760620118,65.26495948791504,6.6713968896865845,6.646766939163208,105.13219818115236,103.4604012298584,-0.002740784548223,-0.0031282894778996,-0.0041702548041939,-0.2335482537746429,-0.1726827621459961,-0.0989455133676529,0.0627126395702362,0.0952007323503494,-0.1556047052145004,0.1969199031591415,0.6678641438484192,0.5415124297142029
2017-09-28 00:00:00+00:00,69.28,70.09,68.8,69.6,0.32,,25.0,120.0,,,,65.5861540222168,65.23971969604492,6.683778853416443,6.643912920951843,105.17409782409668,103.63460014343262,0.0102456538006663,0.0157625619322061,0.0069841123186051,-0.4711323082447052,-0.149495854973793,-0.0935920178890228,0.0303344838321208,0.0612768940627574,-0.1629443168640136,0.1917859613895416,0.7284505367279053,0.5339117050170898
2017-09-29 00:00:00+00:00,69.6,70.09,68.8,69.08,-0.52,,25.0,120.0,,,,65.55401290893555,65.33426887512206,6.683690910339355,6.650176010131836,105.1257991027832,103.54290016174316,0.0026930668391287,0.0027399740647524,-0.00381028233096,-0.2529083490371704,-0.1282535642385482,-0.0862091034650802,0.0677597224712371,0.0322663374245166,0.1424013078212738,-0.0541841201484203,-0.411576896905899,-0.2156544029712677
2017-10-02 00:00:00+00:00,69.08,70.09,68.2,68.2,-0.88,,25.0,109.0,,,,65.48544082641601,64.9717010498047,6.666908893585205,6.642455959320069,104.63919990539551,103.73372553634644,-0.0015755392378196,-0.0043494743295013,-0.0044223722070455,-0.5710822343826294,-0.2953787744045257,-0.1240905448794364,0.0944424346089363,0.0768351182341575,0.146085113286972,0.1075498461723327,0.2852851152420044,0.1280422955751419
2017-10-03 00:00:00+00:00,68.2,70.09,68.15,68.15,-0.05,,25.0,99.0,,,,65.65987487792968,65.16344955444336,6.674285888671875,6.638379950523376,104.76130004882812,103.77240020751952,0.0004777620488312,-0.0014246752252802,-0.0031480654142796,-0.1220735684037208,-0.1577648073434829,-0.1139538064599037,0.0097904689610004,0.0163698121905326,-0.1839459687471389,0.1481834948062896,0.3346837759017944,0.3113908171653747
2017-10-04 00:00:00+00:00,68.15,70.09,68.15,69.43,1.28,,25.0,98.0,,,,65.62341888427734,65.11534454345703,6.674494886398316,6.643852944374085,105.24069900512696,103.5367007446289,-0.0003500292659737,-0.0023019250947982,-0.0031403673347085,0.0910379663109779,-0.0649357289075851,-0.1208187118172645,-0.087309792637825,-0.0863088518381118,-0.1795195490121841,0.1479290276765823,0.3852205872535705,0.4354316592216491
2017-10-05 00:00:00+00:00,69.43,70.09,68.15,68.9,-0.53,,25.0,94.0,,,,65.18120475769042,64.77499000549317,6.669921879768372,6.646432938575745,105.24039916992189,103.65300033569336,-0.0003823949955403,-0.0012727886205539,-0.0029641115106642,-0.0418770797550678,-0.0908532664179802,-0.1026124507188797,0.0708526298403739,0.0862795859575271,0.1420013606548309,0.1482284963130951,0.334232747554779,0.4389688968658447
2017-10-06 00:00:00+00:00,68.9,70.09,68.15,69.47,0.57,,25.0,89.0,55.0,,,65.32938690185547,64.8350316619873,6.67030189037323,6.647619948387146,104.878800201416,103.74872426986694,0.0005691015394404,-0.0009036504779942,-0.0026686426717787,-0.1741876751184463,-0.1316418051719665,-0.0991103947162628,0.1105892285704612,0.096536174416542,0.1534490287303924,0.1246901154518127,0.3430104851722717,0.3301838338375091
2017-10-09 00:00:00+00:00,68.68,69.07,68.05,68.95,0.11,68.62,9233.0,128439.0,8.0,,,65.69813301086425,65.2043489074707,6.6666198825836185,6.638904938697815,104.2521001434326,103.6580997467041,-0.0123735079541802,-0.0177874825894832,-0.0080064889043569,-0.2595157623291015,-0.2182222306728363,-0.1354898512363433,0.0291222259402275,0.0157363936305046,-0.1033079251646995,0.1250155866146087,0.4409285485744476,0.3421957492828369
2017-10-10 00:00:00+00:00,69.0,69.88,68.61,68.95,0.0,69.3,12895.0,127228.0,2.0,30.0,,65.62683097839356,65.10874969482421,6.62610803604126,6.586794047355652,104.34079072952272,103.73090103149414,-0.0149353863671422,-0.0320828780531883,-0.010316657833755,0.1480114012956619,-0.114384114742279,-0.0979259982705116,-0.0300350971519947,-0.0493824556469917,-0.1141681894659996,0.1906430423259735,0.6813225746154785,0.4989530444145202
2017-10-11 00:00:00+00:00,69.24,69.45,68.86,68.73,-0.22,69.14,846.0,,,,,65.32534568786622,64.85992134094238,6.581109895706176,6.548739991188049,105.15731601715088,103.7069411913554,0.0201705694198608,0.0231044422835111,0.0093871764838695,-0.6831399202346802,-0.3088809847831726,-0.1688573062419891,-0.0075513552874326,-0.0526134073734283,0.1232183724641799,-0.0610512979328632,-0.5626382231712341,-0.2780720591545105
2017-10-12 00:00:00+00:00,68.83,69.11,67.66,67.84,-0.89,68.16,17237.0,125532.0,118.0,,,65.28032768249511,64.81169624328614,6.605759043693542,6.578965864181519,104.66199935913086,103.36089996337893,0.0063848164863884,0.0060876300558447,0.0036289384588599,-0.2735824882984161,-0.3723290562629699,-0.2795984148979187,-0.0677908435463905,-0.0709391310811042,-0.090677261352539,0.207540363073349,0.8106701970100403,0.5137602090835571
2017-10-13 00:00:00+00:00,67.74,68.94,67.67,68.62,0.78,68.29,10971.0,123670.0,,,,65.16287452697753,64.72304718017578,6.602858033180237,6.576609869003296,104.31099899291992,103.98272527694702,0.0046828938648104,0.0051567070186138,0.0032827553804963,-0.328678548336029,-0.1824404299259185,-0.1866222321987152,-0.1536911427974701,-0.1580296605825424,-0.1668460369110107,0.1851951777935028,0.6626654863357544,0.5132281184196472
2017-10-16 00:00:00+00:00,68.54,68.88,67.53,67.53,-1.09,67.82,15257.0,123308.0,237.0,102.0,,64.78426124572754,64.56114852905273,6.599040036201477,6.568735876083374,105.08810066223144,103.79399955749513,0.0060465582646429,0.0065088286064565,0.0034418881405144,0.3388884663581848,0.2053793668746948,-0.1804388612508773,0.1507439166307449,0.1584152281284332,-0.1047553569078445,0.1425628364086151,0.3208351135253906,0.4182333946228027
2017-10-17 00:00:00+00:00,67.57,68.6,67.45,67.77,0.24,67.9,14062.0,121508.0,33.0,142.0,,64.8634951019287,64.478638381958,6.613152976036072,6.574280962944031,104.62389923095704,103.6365007019043,0.0084407180547714,0.0168283376842737,0.0060202796012163,-0.6363194584846497,-0.426055759191513,-0.2420710325241089,0.1783405393362045,0.1841492652893066,0.2359016239643097,0.153849646449089,0.3515260219573974,0.4577987194061279
2017-10-18 00:00:00+00:00,67.81,68.17,67.54,67.63,-0.14,67.69,9713.0,121276.0,20.0,569.0,,65.30198516845704,64.74991249084472,6.642990093231202,6.599410095214844,104.63049980163574,103.6684001159668,-0.004180250223726,-0.0020258154254406,-0.0036839293316006,-0.4498694837093353,-0.2479709684848785,-0.2123704701662063,0.0506408475339412,0.060352124273777,0.1762993335723877,0.1587801873683929,0.38649782538414,0.4399256706237793
2017-10-19 00:00:00+00:00,67.82,67.88,67.26,67.31,-0.32,67.5,12448.0,121068.0,9.0,457.0,,65.34040641784668,64.95090896606445,6.636124119758606,6.605779056549072,105.1212001800537,103.88930137634276,-0.000772867060732,-0.001354832900688,-0.0035271784290671,-0.0110008856281638,-0.0700464248657226,-0.1554475873708725,-0.0373807549476623,-0.0216690562665462,-0.0927394181489944,0.1998083144426345,0.6816091537475586,0.536544919013977
2017-10-20 00:00:00+00:00,67.3,67.58,66.84,66.88,-0.43,67.09,16491.0,119663.0,23.0,,,65.26818504333497,64.7328345489502,6.625091996192932,6.582182097434997,105.04700042724608,103.97580039978028,-0.0007355609559454,0.0031618389766663,0.0024375484790652,-0.2802173197269439,-0.1393398493528366,-0.1348158866167068,0.0206552390009164,0.0490295886993408,0.141982614994049,0.2279236614704132,0.9408377408981324,0.5612195730209351
2017-10-23 00:00:00+00:00,66.89,69.79,66.89,69.72,2.84,68.89,33263.0,118426.0,157.0,30.0,,65.34290138244629,64.97413520812988,6.641024894714356,6.613249893188477,105.52566703796388,103.96319953918456,-0.00332817947492,-0.004081399179995,-0.0033458154648542,-0.0026590833440423,-0.1250562965869903,-0.108529508113861,-0.0378338396549224,-0.0598436594009399,-0.1132155656814575,-0.0513153187930583,-0.4703857004642486,-0.1478583812713623
2017-10-24 00:00:00+00:00,69.44,70.22,69.02,69.54,-0.18,69.6,20960.0,118608.0,100.0,96.0,,65.34859603881836,64.96946411132812,6.64014594078064,6.612338910102844,105.1394002532959,103.80449996948242,-0.0047412682324647,-0.0041854986920952,-0.0040728654712438,-0.1132984608411789,-0.1321385204792022,-0.0965548530220985,0.0332360677421093,0.044243823736906,0.1088340878486633,0.1534202843904495,0.5374040603637695,0.4316460490226745
2017-10-25 00:00:00+00:00,69.57,69.9,69.12,69.31,-0.23,69.63,11430.0,117276.0,92.0,2.0,,65.28364120483398,64.94857727050781,6.644988880157471,6.6180968713760375,105.15160032908123,103.52369903564453,-0.0023640159051865,-0.0018338201334699,-0.0022204355336725,-0.2580508291721344,-0.1008743196725845,-0.1075757518410682,-0.0745918452739715,-0.082459308207035,-0.1018250435590744,-0.0508491769433021,-0.4791440963745117,-0.1219959631562233
2017-10-26 00:00:00+00:00,69.25,69.27,68.1,68.19,-1.12,68.56,14050.0,115111.0,404.0,19.0,,64.90555969238281,64.55525917053222,6.639203939437866,6.612338910102844,105.12339958190918,103.84860137939454,-0.0044404873624444,-0.0036496396642178,-0.0023966087028384,0.1921536475419998,-0.0894348621368408,-0.0959592536091804,-0.0011003615800291,0.0185525920242071,0.1188185587525367,0.2065144479274749,0.8764305114746094,0.5524076223373413
2017-10-27 00:00:00+00:00,68.49,68.49,67.8,68.2,0.01,68.11,12255.0,112332.0,60.0,,,64.98085906982422,64.40771141052247,6.662957925796508,6.637570943832397,105.24870025634766,103.84719909667967,0.0056285080499947,0.005116572137922,0.0035948904696851,0.0555259436368942,-0.0803336054086685,-0.1105782687664032,0.253410667181015,0.2858702540397644,0.3589327931404114,-0.0420856401324272,-0.2537600994110107,-0.0936541482806205
2017-10-30 00:00:00+00:00,68.0,69.2,67.95,68.64,0.44,68.65,15104.0,109879.0,80.0,500.0,,65.106674118042,64.44118576049804,6.672143974304199,6.63878900051117,105.18669952392578,103.74610023498536,-0.0041188620962202,-0.0068102241493761,-0.0039090006612241,-0.2115079164505005,-0.1212213411927223,-0.1089990362524986,-0.007607702165842,0.0252017676830291,0.0911809578537941,0.1392718702554702,0.341974139213562,0.3734365999698639
2017-10-31 00:00:00+00:00,68.71,68.91,68.11,68.38,-0.26,68.46,13875.0,107439.0,,3339.0,,64.90631965637208,64.5727108001709,6.654279947280884,6.637313947677613,104.76659851074218,103.96539970397949,-0.0093512721359729,-0.014234310016036,-0.0049386196769773,-0.1981368958950042,-0.1562408655881881,-0.0963389202952385,-0.0065569458529353,0.0136950938031077,-0.075524017214775,0.1880908608436584,0.6587718725204468,0.4753227829933166
2017-11-01 00:00:00+00:00,68.68,69.05,68.1,68.17,-0.21,68.6,19739.0,106364.0,97.0,97.0,,64.75014442443847,64.44847106933594,6.6344109058380125,6.616681981086731,104.55359954833985,103.93630004882812,-0.0092635322362184,-0.0148910330608487,-0.0049844840541481,-0.4911530017852783,-0.2492550164461136,-0.121684618294239,-0.1141857057809829,-0.1022185310721397,0.0904739946126937,0.190230444073677,0.6768827438354492,0.5117455124855042
2017-11-02 00:00:00+00:00,68.4,69.3,68.11,69.08,0.91,68.74,21874.0,103148.0,22.0,,,64.72012883504232,64.41082595825195,6.610189032554627,6.584284925460816,104.86619911193849,103.82919960021972,0.0074470164254307,0.0101191354915499,0.0052663157694041,-0.4501733779907226,-0.1843125820159912,-0.1190530136227607,-0.0145051050931215,-0.020816458389163,0.1459326446056366,0.1454618126153946,0.3350987434387207,0.3383959531784057
2017-11-03 00:00:00+00:00,69.06,69.37,68.35,68.72,-0.36,68.69,17186.0,100444.0,258.0,,,64.60879890441895,64.37385658264161,6.629223017692566,6.592655158042907,104.52909934997558,103.9788995361328,0.0077357441186904,0.0129701988771557,0.0064959810115396,-0.2825833857059479,-0.1756500452756881,-0.1206943914294242,0.0064286971464753,0.0293122436851263,0.1091998443007469,0.1935879290103912,0.7153208255767822,0.4780677855014801
2017-11-06 00:00:00+00:00,68.86,69.12,68.23,68.85,0.13,68.69,23007.0,97267.0,51.0,577.0,,64.87820571899414,64.55515213012696,6.635015931129455,6.618641867637634,105.11590103149416,104.09220016479492,-0.0031222479883581,-0.0026782085187733,-0.0028645852580666,-0.4132012724876404,-0.1923927813768386,-0.1099394410848617,0.0166087877005338,0.0375169068574905,-0.0783997550606727,0.1258579045534134,0.3038807511329651,0.2269689738750457
2017-11-07 00:00:00+00:00,68.85,68.89,68.01,68.07,-0.78,68.29,28688.0,93066.0,100.0,107.0,376.0,64.77705075581868,64.43020271301269,6.635654911994934,6.6184099626541135,104.74469795227051,104.00540000915528,-0.0051633715629577,-0.0033540478907525,-0.0031491580884903,-0.2556907534599304,-0.1326998770236969,-0.1034809276461601,0.2712604105472564,0.2748865485191345,0.3142463564872741,0.1886659562587738,0.6450217962265015,0.4784248471260071
2017-11-08 00:00:00+00:00,68.07,69.15,68.06,68.63,0.56,68.61,28336.0,84588.0,21.0,5177.0,,65.19409927368164,64.99665725708007,6.638964915275574,6.613815898895264,104.875399017334,103.80030014038086,-0.0041019446216523,-0.0046465145424008,-0.0037108194082975,-0.304260641336441,-0.2025377750396728,-0.1195095479488372,-0.1413808614015579,-0.1262537539005279,-0.1122171729803085,0.1945404261350631,0.8029196858406067,0.4975627958774566
2017-11-09 00:00:00+00:00,68.78,69.48,68.18,68.29,-0.34,68.72,27690.0,75894.0,93.0,4000.0,,65.12618942260742,64.74087348937988,6.631899943351746,6.60921202659607,104.56561626434326,103.6114665476481,-0.0033117143902927,-0.001454746350646,-0.0020156409591436,-0.2250735312700271,-0.1297764331102371,-0.0915973484516143,0.0266252551227808,0.0178643651306629,0.086819589138031,-0.0247272830456495,-0.3248133957386017,-0.1797005981206894
2017-11-10 00:00:00+00:00,68.39,69.18,68.35,69.05,0.76,68.85,19737.0,63455.0,269.0,768.0,,65.29927963256836,64.83681739807129,6.639243893623352,6.614757971763611,104.79335025787354,103.82630096435548,-0.0004461006028577,0.0009846984175965,0.002113415626809,-0.3379031419754028,-0.2842899560928345,-0.1398581862449646,0.2289135605096817,0.225683718919754,0.1764713823795318,0.1920931786298751,0.748376727104187,0.4842959344387054
2017-11-13 00:00:00+00:00,69.0,69.68,68.85,68.88,-0.17,69.26,23535.0,53899.0,109.0,1059.0,,65.34833847045898,65.05468299865723,6.646057896614074,6.625900921821594,104.83639884948732,103.90129981994627,-0.000506741751451,-0.0009690432925708,-0.0017543218564242,-1.1880594491958618,-0.6119586229324341,-0.2220459580421447,0.207590565085411,0.2025671452283859,0.1745591163635254,0.2185279875993728,1.1288883686065674,0.7367698550224304
2017-11-14 00:00:00+00:00,68.9,69.39,68.58,68.6,-0.28,68.86,17650.0,43342.0,1665.0,140.0,,65.59175102233887,65.27926040649415,6.637370862960816,6.615485897064209,104.88399993896483,103.9770993041992,-0.0033714121673256,-0.0019057377940043,-0.0024847174063324,-0.3805905878543854,-0.2476199567317962,-0.1174434870481491,-0.0074325259774923,-0.0233642347157001,0.1114566773176193,-0.0452197566628456,-0.4653149545192718,-0.1935395896434784
2017-11-15 00:00:00+00:00,68.63,68.91,68.59,68.81,0.21,68.72,11552.0,34846.0,422.0,1000.0,,65.51588905334472,65.21262985229492,6.632666935920716,6.611321020126343,105.05129859924315,103.77220138549804,-0.0045672073028981,-0.0039722993969917,-0.0036657711025327,0.0606370419263839,-0.0571178272366523,-0.1830296367406845,-0.0438580773770809,-0.0780099630355835,-0.1157675758004188,0.2163181751966476,0.8911630511283875,0.6221234202384949
2017-11-17 00:00:00+00:00,69.21,70.08,69.21,69.78,0.57,69.76,10786.0,19350.0,73.0,44.0,,65.21994506835938,64.85940330505372,6.63259298324585,6.601865096092224,105.30339958190918,104.18049964904785,-0.0037686235737055,-0.0049669193103909,-0.0023639753926545,-0.1086362302303314,-0.147196426987648,-0.1523683220148086,-0.1452564150094986,-0.134311094880104,-0.1503898203372955,0.1524956226348877,0.4414111971855163,0.3896434605121612
2017-11-20 00:00:00+00:00,69.8,71.5,69.79,71.37,1.59,70.6,7659.0,12492.0,692.0,,,65.12823921203614,64.86854904174805,6.666151871681214,6.63914710521698,105.24344898223876,103.75779945373534,-0.0133552867919206,-0.0169755574315786,-0.0060957018285989,-0.342453122138977,-0.3065161108970642,-0.1914999037981033,0.0400509238243103,0.0363499633967876,0.114826463162899,0.1209906712174415,0.344881147146225,0.2522095143795013
2017-11-21 00:00:00+00:00,71.07,72.52,70.4,70.9,-0.47,71.57,5274.0,7894.0,1199.0,572.0,,65.15866966247559,64.87421173095703,6.640030994415283,6.618255958557129,105.15936611175538,103.87589988708496,-0.0044332020916044,-0.0054391189478337,-0.0040101381018757,1.1229195594787598,0.5325776934623718,0.2094176262617111,-0.0138214137405157,-0.0344016030430793,-0.0815601125359535,0.1082958355545997,0.2749586701393127,0.2233742177486419
2017-11-22 00:00:00+00:00,70.9,72.41,70.5,70.74,-0.16,71.38,4412.0,2898.0,41.0,,,64.90080993652344,64.66155578613281,6.634029006958008,6.597875084877014,105.32180015563964,103.73649879455566,-0.0045034093782305,-0.0071799457073211,-0.0035635970998555,-0.5181158185005188,-0.2241968214511871,-0.1365769356489181,0.029599716886878,0.0321101061999797,0.0954170823097229,-0.0449938252568244,-0.4028624594211578,-0.1780351102352142
2017-11-24 00:00:00+00:00,70.8,72.34,70.6,72.23,,71.54,126.0,674.0,,,,64.74133837381999,64.4326407623291,6.595907969474792,6.569940938949585,105.31139892578123,103.75479904174804,0.0042472891509532,0.0074017667211592,0.0030150809325277,0.5333344340324402,0.1816706955432891,-0.1265823394060135,0.1555344611406326,0.1504084169864654,0.1154296845197677,0.1552436202764511,0.4756960868835449,0.4244655072689056
2017-11-27 00:00:00+00:00,71.91,72.65,71.84,72.15,-0.08,72.24,131.0,560.0,,,,64.73187828063965,64.32405464172363,6.627270908355713,6.588002023696899,105.04448165893557,103.7758014678955,-0.001029273844324,-0.0009374822257086,-0.0015382291749119,0.1362286210060119,0.1101065725088119,-0.118655577301979,-0.0713085308670997,-0.0515041574835777,0.0753031224012374,0.2075912952423095,0.991599440574646,0.6001188158988953
2017-11-28 00:00:00+00:00,72.2,73.94,72.0,74.05,1.9,73.54,141.0,443.0,,,,64.4908782196045,64.31354019165039,6.604750995635986,6.582871932983398,105.31339820861815,103.8823998260498,0.0026155437808483,0.0032500200904905,0.0016741552390158,0.3266969919204712,0.1930142343044281,-0.1188285797834396,0.044183325022459,0.0802332460880279,0.0864716544747352,0.1057874411344528,0.2846044898033142,0.2193225175142288
2017-11-29 00:00:00+00:00,72.45,75.47,72.45,75.52,1.47,74.16,97.0,303.0,,,,64.49227012634277,64.27698623657227,6.636729946136475,6.585719952583313,105.21369850158692,103.804049949646,-0.0005939745460636,0.0006932463729754,-0.0015318953664973,0.4615014195442199,0.3580590784549713,-0.1898732781410217,-0.0429303273558616,-0.0364666357636451,0.0754250735044479,0.1079752668738365,0.3058015704154968,0.1864359676837921
2017-11-30 00:00:00+00:00,75.54,75.54,74.5,75.04,-0.48,75.12,77.0,208.0,,,,64.66127334594727,64.40687873840332,6.627132949829101,6.584092984199524,105.3292007446289,103.80539932250976,-0.0012093235272914,-0.0005963907460682,-0.0014830157160758,0.9307476282119752,0.5563905835151672,-0.2169408351182937,0.0700772479176521,0.0849917903542518,0.2437981367111206,0.136513352394104,0.4138545095920563,0.3411071896553039
2017-12-01 00:00:00+00:00,75.75,75.82,75.0,75.43,0.39,75.6,74.0,131.0,,,,64.61368530273438,64.4208302307129,6.627172994613647,6.594370994567871,104.955068359375,103.75646807352705,-0.003635706147179,-0.0015509366057813,-0.0021297433413565,-0.5114504098892212,-0.2137580215930938,-0.1833692491054535,0.0595705322921276,0.0551147162914276,0.1602566540241241,-0.0584913790225982,-0.5892690420150757,-0.260943055152893
2017-12-04 00:00:00+00:00,75.0,75.34,75.0,75.03,-0.4,75.2,36.0,70.0,,,,64.65330032348633,64.40247108459472,6.637502403259279,6.614360473042442,105.32664772033692,103.7639022064209,-0.003118077525869,-0.0033304500393569,-0.0034092196729034,0.2162375748157501,0.1498296409845352,-0.1636120080947876,0.0733159780502319,0.0609421730041503,0.1056608706712722,0.1432328820228576,0.51038658618927,0.4329775869846344
2017-12-05 00:00:00+00:00,75.0,75.42,74.8,74.96,-0.07,75.07,35.0,35.0,,,,64.42190696716308,64.23984985351562,6.631424040794372,6.596165089607239,105.34464500427246,103.94279876708984,-0.0050189807079732,-0.0050828964449465,-0.0029604835435748,0.1193524375557899,0.0874087363481521,-0.1690605729818344,0.0465603619813919,0.0315395817160606,0.1671052426099777,-0.0494789406657218,-0.4219519197940826,-0.1459513157606125
2017-12-06 00:00:00+00:00,72.44,73.27,72.44,72.72,0.21,72.85,13347.0,169731.0,7.0,,,64.46550666809082,64.29820083618164,6.631497020721436,6.596411104202271,105.32634887695312,103.72480178833008,-0.0033844425342977,-0.0021157138980925,-0.0013494817540049,-0.1371155083179474,-0.3111502230167389,-0.2207686007022857,0.0679532214999198,0.0957662016153335,0.1903073787689209,0.1152833700180053,0.2886840403079986,0.3029645383358001
2017-12-07 00:00:00+00:00,72.84,74.27,72.1,74.23,1.51,73.22,24995.0,170206.0,2.0,1600.0,,64.62848579406739,64.41836204528809,6.630753998756409,6.596709051132202,105.215249710083,103.60880149841309,-0.0039391396567225,-0.002527475124225,-0.0015370429027825,-0.7394474148750305,-0.3785712122917175,-0.2535575628280639,0.0338877514004707,0.0271291136741638,0.0899787172675132,0.1222045198082923,0.3729496896266937,0.3387314677238464
2017-12-08 00:00:00+00:00,74.1,74.28,73.62,73.72,-0.51,73.99,21094.0,170924.0,9.0,,,64.63815322875976,64.42579200744629,6.630339045524597,6.596349105834961,105.62054885864258,103.89530044555664,-0.0033877205569297,-0.0018713406752794,-0.0029714072588831,0.2116955518722534,0.1865505427122116,-0.2214707881212234,0.0160287655889987,0.0193108841776847,-0.0924317985773086,-0.0210363510996103,-0.2012595236301422,0.1181436777114868
2017-12-11 00:00:00+00:00,73.72,73.83,72.8,73.0,-0.72,73.26,16623.0,170582.0,14.0,9.0,,64.53564933776856,64.31895874023438,6.629322032928467,6.595808095932007,105.13639877319336,103.71000007629397,-0.0046568200923502,-0.0027048040647059,-0.0033619415480643,0.0841382816433906,0.1454198211431503,-0.1686513721942901,-0.0276186689734458,-0.039836086332798,-0.0961794108152389,0.3175169229507446,1.8781076669692995,1.1702057123184204
2017-12-12 00:00:00+00:00,72.86,74.19,72.76,72.91,-0.09,73.48,22029.0,168927.0,,10.0,,64.45367652893066,64.29299186706542,6.631745510101318,6.598646777470907,107.69750030517578,103.71279777526856,-0.004144609440118,-0.0023626904003322,-0.0015327637083828,0.0677141174674034,0.0773755460977554,-0.1652627885341644,0.0379669331014156,0.0645700544118881,0.107381522655487,0.3618444800376892,1.291503667831421,0.8009307980537415
2017-12-13 00:00:00+00:00,72.91,74.23,72.91,74.13,1.22,73.76,16103.0,168095.0,48.0,,,64.64284027099609,64.4124765777588,6.63070053100586,6.598057773907979,107.69750030517578,103.71279777526856,-0.0040287338197231,-0.0025105073582381,-0.0021348304580897,0.077241875231266,-0.0746275335550308,-0.164464384317398,-0.0346459709107875,-0.034897107630968,-0.1516156792640686,0.1229382306337356,0.431563526391983,0.2446883916854858
2017-12-14 00:00:00+00:00,74.09,75.56,73.9,75.33,1.2,74.91,21268.0,169085.0,193.0,300.0,,64.39343910217285,64.2084747314453,6.630757031440735,6.5941290807724,107.69750030517578,103.71279777526856,-0.0040516634471714,-0.0033268393017351,-0.0026905429549515,-0.0352155603468418,-0.1950078457593917,-0.1888841092586517,-0.0829889550805091,-0.0968373641371727,-0.1234373226761818,0.1925730556249618,0.7899919748306274,0.3591213524341583
2017-12-15 00:00:00+00:00,75.06,76.75,75.04,75.92,0.59,76.18,30281.0,170723.0,167.0,19.0,,64.34075942993164,64.18283100128174,6.618054971694947,6.583654060363769,107.69750030517578,103.71279777526856,-0.0032107448205351,-0.0019644894637167,-0.0014149518683552,-0.4543801546096802,-0.4796157777309418,-0.2402480691671371,-0.21735580265522,-0.2229330539703369,-0.1505157947540283,0.0853602066636085,0.2001921236515045,0.1440363377332687
2017-12-18 00:00:00+00:00,75.98,76.45,75.13,75.2,-0.72,75.59,15695.0,171049.0,24.0,,,64.18878089904786,63.96035640716553,6.623621029853821,6.605241098403931,109.09869766235352,106.78580116271972,-0.004914587829262,-0.0029068069998174,-0.0017456251662224,-1.4418058395385742,-0.9311193227767944,-0.3266038596630096,0.2500781714916229,0.2692206799983978,0.2399903833866119,0.060304619371891,0.1135183349251747,0.0866039097309112
2017-12-19 00:00:00+00:00,75.3,75.92,74.93,75.03,-0.17,75.31,15325.0,170018.0,22.0,10.0,,64.23688247680664,63.99224060058594,6.623683004379273,6.599907102584839,109.09869766235352,106.78580116271972,-0.0102677410468459,-0.0184809975326061,-0.0055355168879032,-0.0396324917674064,-0.0829965472221374,-0.1209125816822052,-0.1301286518573761,-0.1323948055505752,-0.1085024625062942,0.1054865568876266,0.3499988913536072,0.1579397022724151
2017-12-20 00:00:00+00:00,75.0,75.95,74.95,75.71,0.68,75.56,11921.0,169088.0,166.0,,,64.18921142578125,64.03377792358398,6.617726974487304,6.585529017448425,109.09869766235352,106.78580116271972,-0.0243059229105711,-0.0255069844424724,-0.0119825731962919,-0.3046406507492065,-0.2583960592746734,-0.1955290734767913,0.0293167456984519,0.0433368757367134,-0.0576007552444934,0.1169054955244064,0.4534696936607361,0.1702098101377487
2017-12-21 00:00:00+00:00,75.63,78.07,75.41,77.94,2.23,77.04,24473.0,170189.0,44.0,22.0,,64.04370147705077,63.84740901947021,6.600149025917053,6.570048871040345,109.09869766235352,106.78580116271972,-0.0199560318142175,-0.0206764079630374,-0.0094947973266243,-0.4149680733680725,-0.2581559121608734,-0.1816861778497696,0.1085916385054588,0.1303865015506744,0.1555902510881424,-0.0405076071619987,-0.2787271440029144,-0.1478533446788787
2017-12-22 00:00:00+00:00,77.35,78.07,77.0,77.87,-0.07,77.61,16633.0,172505.0,105.0,,,64.06625564575195,63.857008628845215,6.599784026145935,6.570165853500367,109.09869766235352,106.78580116271972,-0.0075194356031715,-0.0084044588729739,-0.0051285363733768,-0.6476021409034729,-0.4024011492729187,-0.2452421933412552,0.0120119899511337,-0.0237221531569957,0.1174928694963455,0.1200620085000991,0.4397411942481994,0.1286087334156036
2017-12-26 00:00:00+00:00,77.9,78.16,77.17,77.43,,77.55,8479.0,173309.0,50.0,94.0,,64.07288970947266,63.85556575775146,6.557847108840942,6.517837986946106,109.09869766235352,106.78580116271972,0.0068050380796194,0.0065618464723229,0.0039688902907073,-3.5580976009368896,-2.987870454788208,-1.0231654644012451,-0.02527417242527,-0.0358163267374038,0.104907289147377,0.1093327030539512,0.2210078239440918,0.1263166815042495
2017-12-27 00:00:00+00:00,77.5,78.99,77.25,78.95,1.52,78.39,18494.0,173996.0,,20.0,,64.1440219116211,63.89851863861084,6.556217155456543,6.52839301109314,109.09869766235352,106.78580116271972,0.0034032922703772,0.003921796567738,0.0034404112957417,-1.2852730751037598,-1.002568244934082,-0.5241988897323608,0.063920222222805,0.081137828528881,0.1319388449192047,0.1102941632270813,0.214489072561264,0.1520931422710418
2017-12-28 00:00:00+00:00,78.74,79.45,78.6,78.8,-0.15,78.96,12856.0,175844.0,41.0,,,64.2643189239502,64.0045909500122,6.563469099998474,6.532421145439148,109.09869766235352,106.78580116271972,-0.0129033057019114,-0.0146622583270072,-0.0052682515233755,-1.1536052227020264,-0.8226033449172974,-0.4452983140945434,0.028873385861516,0.0497601255774498,-0.0557827427983284,0.1179988011717796,0.2497020214796066,0.168449729681015
2017-12-29 00:00:00+00:00,78.75,78.93,78.22,78.63,-0.17,78.59,12253.0,174684.0,146.0,,,64.1679109954834,64.02993915557862,6.5384809923172,6.49328999042511,109.09869766235352,106.78580116271972,-0.0221386812627315,-0.0202575158327817,-0.0068141408264636,-0.5576222538948059,-0.3230399489402771,-0.3452244699001312,-0.1082760095596313,-0.117204949259758,-0.0568821318447589,0.1287250816822052,0.2818228304386139,0.1978851556777954
2018-01-02 00:00:00+00:00,78.64,79.29,77.3,77.5,,78.1,20777.0,175374.0,204.0,,,63.90945953369141,63.67019683837891,6.528764858245849,6.477677025794983,109.72844871520996,109.0028005218506,-0.0048941816203296,-0.0046232170425355,-0.002707315608859,-0.5598036646842957,-0.3129819929599762,-0.2042712271213531,-0.2110594660043716,-0.2287497818470001,-0.0825458168983459,0.1261740624904632,0.2818682193756103,0.3076185286045074
2018-01-03 00:00:00+00:00,77.51,78.29,77.37,78.11,0.61,77.9,13352.0,173730.0,,20.0,,64.00675815582275,63.60326263427734,6.527494859695435,6.474297051429748,110.65679946899414,109.18240119934082,0.00672536669299,0.0065755718387663,0.0045716939494013,-0.1401228159666061,-0.114635169506073,-0.1397874653339386,0.0742759704589843,0.077784426510334,-0.0882934927940368,0.1225474700331687,0.338265061378479,0.3418936729431152
2018-01-04 00:00:00+00:00,78.11,79.39,78.06,79.25,1.14,78.95,14990.0,171791.0,384.0,,,64.00675815582275,63.60326263427734,6.5286928653717045,6.477813019752502,110.65429969787596,109.163101272583,0.000424857949838,0.0009285308187827,0.001904965029098,-0.24269700050354,-0.139569416642189,-0.1376675218343734,0.0677334368228912,0.0617815256118774,0.1737386286258697,0.1236380562186241,0.3118296563625335,0.3951410353183746
2018-01-05 00:00:00+00:00,79.15,80.05,77.81,78.01,-1.24,78.74,24408.0,173532.0,268.0,,,64.00675815582275,63.60326263427734,6.5273248481750485,6.47411705493927,110.60039978027343,109.20620094299316,-0.0067821601405739,-0.0060296230949461,-0.002716279355809,-0.2225555926561355,-0.1345072239637375,-0.1218641027808189,-0.097763791680336,-0.09115981310606,0.1623283326625824,0.1869093477725982,0.5405436754226685,0.4119628071784973
2018-01-08 00:00:00+00:00,78.1,78.79,77.93,78.14,0.13,78.24,16795.0,172818.0,45.0,51.0,,64.00675815582275,63.60326263427734,6.527252855300904,6.47425304889679,110.65429969787596,109.1365013885498,0.0050009582191705,0.0050132712349295,0.0029775216244161,0.0511542782187461,0.0365583300590515,-0.1049219518899917,0.1505101025104522,0.1288297027349472,0.2565186619758606,0.1296221762895584,0.3451274931430816,0.3704481124877929
2018-01-09 00:00:00+00:00,78.08,78.7,78.03,78.35,0.21,78.32,12700.0,170859.0,90.0,20.0,,64.00675815582275,63.60326263427734,6.530565896034241,6.478369040489197,110.63580024719238,109.09580123901368,0.0101595884189009,0.0163427032530307,0.0062256376259028,-0.0835916250944137,-0.0624063685536384,-0.1046615093946456,0.1042340770363807,0.1113296523690223,0.1766160875558853,-0.0370575711131095,-0.3788593709468841,-0.1501121968030929
2018-01-10 00:00:00+00:00,78.35,79.93,78.33,79.65,1.3,79.34,16618.0,168016.0,42.0,26.0,,63.96175846099854,63.60250274658203,6.54362202167511,6.501750025749207,110.54029975891112,109.00240074157716,-0.0033266087993979,-0.007524280808866,-0.0040671015158295,0.3669928014278412,0.135674312710762,0.0954854115843772,0.0238998048007488,0.0385171100497245,-0.0416252575814724,0.1489898860454559,0.5077477693557739,0.3150121569633484
2018-01-11 00:00:00+00:00,79.55,82.65,79.42,82.65,3.0,81.7,34127.0,167170.0,60.0,11.0,,63.850540008544925,63.630601997375486,6.529900908470154,6.47704400062561,110.63580024719238,109.09580123901368,0.0041536418721079,0.00331890466623,0.0023823459632694,-0.1536428183317184,0.1039404645562172,-0.0938586741685867,0.0430585257709026,0.0267198719084262,-0.0706368535757064,-0.0424789004027843,-0.4902054667472839,-0.1952621340751648
2018-01-12 00:00:00+00:00,82.85,84.65,80.3,81.68,-0.97,82.36,41125.0,168863.0,453.0,330.0,,63.856659202575685,63.59150279998779,6.528968839645386,6.478018088340759,109.85884887695312,107.8689015197754,-0.0186478849500417,-0.0217168871313333,-0.008180696517229,0.1045617386698722,0.1218803375959396,-0.0873078852891922,0.0027967852074652,0.0115628829225897,-0.0686605125665664,0.2002871483564376,0.7870485186576843,0.4272156655788421
2018-01-16 00:00:00+00:00,81.82,82.05,80.62,81.43,,81.37,19092.0,168864.0,212.0,9.0,,63.83461528778077,63.43188411712647,6.522077918052673,6.478514051437378,110.6879768371582,109.3784008026123,0.0001743278116919,0.0012679659994319,-0.001788584748283,-0.3878383934497833,-0.1319285929203033,-0.127050295472145,0.2815770506858825,0.2079757452011108,0.326329618692398,0.1213690638542175,0.2955366671085357,0.2538588941097259
2018-01-17 00:00:00+00:00,81.3,82.22,80.96,82.14,0.71,81.75,13344.0,168377.0,136.0,155.0,,64.06272010803222,63.896443405151366,6.522077918052673,6.478514051437378,110.27248313903809,109.05489944458007,0.0009143640636466,0.0011514959624037,0.001591675565578,0.44965460896492,0.1630330830812454,-0.1124808490276336,-0.0903139561414718,-0.0928827449679374,-0.0973755270242691,0.1083595603704452,0.2051251828670501,0.2276449501514434
2018-01-18 00:00:00+00:00,82.01,83.94,81.82,82.63,0.49,82.95,26877.0,168602.0,94.0,,,63.9629243850708,63.73018325805664,6.522077918052673,6.478514051437378,110.70559059143066,109.27340072631836,0.0018170479452237,0.0021842885762453,0.0022270793560892,-0.3690088987350464,-0.207861989736557,-0.111937791109085,-0.0046768868342041,0.0107723791152238,0.0902177840471267,0.1245124489068985,0.3086378872394562,0.2554815113544464
2018-01-19 00:00:00+00:00,82.53,83.76,82.36,83.42,0.79,83.32,18078.0,169789.0,203.0,1022.0,,63.95717834472656,63.714650268554685,6.522077918052673,6.478514051437378,110.69532554626466,109.37550117492675,-0.0136379767209291,-0.0152048822492361,-0.0062702745199203,-0.3343344032764435,-0.1488471031188964,-0.1032110303640365,-0.0180071257054805,-0.0216041468083858,-0.0816681608557701,0.1217154636979103,0.3153884410858154,0.2449281215667724
2018-01-22 00:00:00+00:00,83.35,83.95,83.0,83.41,-0.01,83.5,17058.0,169881.0,97.0,1.0,,63.96442943572998,63.735908355712894,6.522077918052673,6.478514051437378,110.70520919799804,109.02920143127442,0.0036865714937448,0.0029798790346831,0.0021916185505688,0.5193533897399902,0.2577795088291168,0.133720725774765,-0.0078236013650894,0.0151096554473042,0.0863401144742965,0.0901644080877304,0.1314393579959869,0.1564819514751434
2018-01-23 00:00:00+00:00,83.42,83.68,82.01,82.26,-1.15,82.8,21683.0,168450.0,83.0,27.0,,64.00455394744873,63.73755516052246,6.522077918052673,6.478514051437378,110.7000569152832,109.32010108947752,0.0029128419701009,0.0026565985754132,0.0019553806632757,-0.5514119267463684,-0.3810923099517822,-0.1390266567468643,-0.0160022005438804,-0.0204010158777236,-0.0785754770040512,-0.036336712539196,-0.2316652536392212,-0.1880169808864593
2018-01-24 00:00:00+00:00,82.07,82.73,81.61,82.27,0.01,82.03,25082.0,165284.0,322.0,,,63.88817947387695,63.58694004058838,6.522077918052673,6.478514051437378,110.54827575683592,109.11799995422363,-0.0135632185265421,-0.0190896596759557,-0.0068148272112011,-0.7972569465637207,-0.4252583384513855,-0.1694187223911285,-0.024638257920742,0.0323474630713462,0.0839219316840171,-0.0328311771154403,-0.2100726813077926,-0.2120825946331024
2018-01-25 00:00:00+00:00,82.28,82.85,81.77,81.88,-0.39,82.13,17548.0,160281.0,463.0,,,63.89877098083496,63.47983901977539,6.522077918052673,6.478514051437378,110.54796829223632,109.11820045471192,-0.0276525113731622,-0.0331717208027839,-0.0112667111679911,0.1945114433765411,-0.0889746472239494,-0.1234485357999801,0.0048478851094841,0.0324400961399078,0.0861120969057083,-0.0241247080266475,-0.1651031523942947,-0.1391476690769195
2018-01-26 00:00:00+00:00,81.86,81.98,80.32,80.48,-1.4,80.89,26232.0,156812.0,733.0,,,63.91263484954834,63.48413902282715,6.522077918052673,6.478514051437378,110.70090377807615,109.32050148010254,0.0176259819418191,0.0173572786152362,0.0068007912486791,-0.3939466476440429,-0.168822780251503,-0.1330564469099044,0.0124434288591146,-0.0089483251795172,0.0817117691040039,-0.0233822055160999,-0.1908236443996429,-0.1426513642072677
2018-01-29 00:00:00+00:00,80.52,80.62,78.15,78.36,-2.12,79.1,35829.0,152384.0,274.0,560.0,,63.9174267578125,63.49468894958496,6.522077918052673,6.478514051437378,110.70261894226074,109.18800163269044,0.0099628614261746,0.0119555694982409,0.0068128192797303,-0.1616894006729126,-0.1134171858429908,-0.116393931210041,0.0139430155977606,0.0464010313153266,-0.0946778655052185,-0.0210900921374559,-0.1285541951656341,-0.1197396516799926
2018-01-30 00:00:00+00:00,78.36,78.93,76.96,77.03,-1.33,77.78,27383.0,144611.0,801.0,1052.0,,63.77059978485107,63.58953025817871,6.522077918052673,6.478514051437378,110.70204498291017,109.18280166625976,0.0032278608996421,0.0027468998450785,0.0032530040480196,-0.1416649222373962,0.1052343025803566,0.134496733546257,0.0360948778688907,0.0334187000989913,-0.1042388677597045,-0.0213558189570903,-0.1469173282384872,-0.1188609823584556
2018-01-31 00:00:00+00:00,77.24,78.2,76.52,77.28,0.25,77.25,32598.0,140088.0,126.0,5000.0,729.0,63.89675926208496,63.6131050491333,6.522077918052673,6.478514051437378,110.70112579345704,109.2102010345459,-0.0139000341296195,-0.0212494544684886,-0.006944207008928,0.2905949354171753,0.2485491335391998,0.1788012832403183,-0.0491950921714305,-0.0541536808013916,-0.1156201511621475,-0.0203813128173351,-0.1444717347621917,-0.1241194754838943
2018-02-01 00:00:00+00:00,77.3,79.93,77.16,78.35,1.07,78.32,36501.0,130871.0,40.0,1033.0,,63.7630086517334,63.57924583435059,6.349940958023072,6.3172040987014775,110.70982200622558,109.14590126037598,0.0076812738552689,0.0096123870462179,0.005023923702538,0.4968215525150299,0.3628325462341308,0.2018491178750991,0.1674160808324813,0.1662140190601349,0.1497862786054611,0.0385249219834804,-0.1007980331778526,0.066317543387413
2018-02-02 00:00:00+00:00,78.45,78.82,77.23,77.3,-1.05,77.68,26460.0,123241.0,346.0,3079.0,1000.0,64.02783004760742,63.734184379577634,6.349940958023072,6.3172040987014775,110.7094366455078,109.063099899292,-0.0065468214452266,-0.0089290020987391,-0.0042309425771236,0.4153784215450287,0.2015351504087448,0.1347047686576843,0.2165756970643997,0.1789040863513946,0.0949720963835716,-0.0177066773176193,-0.1292313784360885,-0.0985151678323745
2018-02-05 00:00:00+00:00,77.36,77.91,76.45,76.57,-0.73,76.97,24198.0,113225.0,199.0,1600.0,,64.21951774597169,64.00019969940186,6.349940958023072,6.3172040987014775,110.71977531433106,109.3458006286621,0.0010376117425039,0.003947147168219,0.0031743010040372,0.1527106761932373,0.0894278064370155,0.0667182505130767,-0.0711386576294899,-0.0937265902757644,0.0841673165559768,-0.0161254275590181,-0.292965829372406,-0.0716332644224166
2018-02-06 00:00:00+00:00,76.55,76.8,75.85,76.19,-0.38,76.27,24336.0,106124.0,285.0,75.0,,64.50345100402832,64.28194030761719,6.349940958023072,6.3172040987014775,110.7134252166748,109.1129012298584,-0.0081307990476489,-0.0092272721230983,-0.0042272149585187,0.0049265245907008,0.0844140201807022,0.0659505948424339,-0.0880257487297058,-0.0827863216400146,0.1141206473112106,-0.0166859216988086,-0.1774858981370926,-0.0913134589791297
2018-02-07 00:00:00+00:00,76.11,76.93,75.82,75.96,-0.23,76.22,25957.0,97565.0,138.0,1066.0,,64.06182125091553,63.88479633331299,6.349940958023072,6.3172040987014775,110.68397277832032,109.17479942321778,-0.0141186211258172,-0.0158294215798378,-0.006084197666496,-0.2483047842979431,-0.084526851773262,-0.0758195593953132,0.1118586733937263,0.0675850957632064,0.1894431859254837,-0.0183801054954528,-0.1278892308473587,-0.118335410952568
2018-02-08 00:00:00+00:00,75.91,77.52,75.89,76.62,0.66,76.74,36602.0,87094.0,23.0,1335.0,,64.32700881958007,63.98637977600097,6.34672402381897,6.314506068229675,110.6211506652832,109.09090126037596,0.0163668189197778,0.0227335691452026,0.0101163946092128,0.5002921223640442,0.3696872293949127,0.1433600038290023,0.1648265123367309,0.1589143425226211,0.1304438859224319,-0.0169695205986499,-0.2035577744245529,-0.0707344636321067
2018-02-09 00:00:00+00:00,77.0,77.27,75.74,76.68,0.06,76.35,26703.0,73282.0,198.0,500.0,,64.62079978942872,64.32985046386719,6.361271071434021,6.317010064125061,110.71208869934082,109.17209938049317,-0.0084463553503155,-0.0136629417538642,-0.0059939329512417,-0.8895475268363953,-0.6082941293716431,-0.1767097115516662,-0.1384025812149047,-0.1619255542755127,-0.1283120661973953,-0.022046411409974,-0.1010178178548812,-0.0890900641679763
2018-02-12 00:00:00+00:00,76.68,77.47,76.1,76.45,-0.23,76.78,26464.0,51736.0,15.0,1429.0,,64.2806021118164,63.98031955718994,6.349940958023072,6.3172040987014775,110.7077262878418,109.49799980163574,0.0089241666719317,0.0209301654249429,0.0073253936134278,-0.0167463440448045,0.0555475838482379,-0.0952392295002937,0.0007239130791276,-0.0240864418447017,0.1287845224142074,-0.0261568930000066,-0.2648111581802368,-0.1979747116565704
2018-02-13 00:00:00+00:00,76.41,76.5,75.66,76.38,-0.07,76.1,17618.0,38711.0,37.0,1240.0,,64.42550170898437,64.16723091125488,6.35120201587677,6.310725979804992,110.358330078125,109.05689979553225,0.0005079779075458,0.0026942212134599,-0.0027217431925237,0.6074320077896118,0.4343072772026062,0.1521051973104477,-0.0415540225803852,-0.0416823029518127,-0.1184687986969947,-0.0189929287880659,-0.1048207730054855,-0.0882744044065475
2018-02-14 00:00:00+00:00,76.45,76.45,75.41,75.6,-0.78,75.68,14381.0,30770.0,210.0,120.0,,64.34590217590332,63.98583969116211,6.347417922019958,6.311742129325867,110.34185508728028,109.05819969177246,-0.0037578942719846,-0.0041178273968398,-0.0046446612104773,-3.2574524879455566,-2.292953491210937,-0.5396344661712646,-0.0821961164474487,-0.0907000303268432,-0.1074247807264328,-0.0214669592678546,-0.116204060614109,-0.091673843562603
2018-02-15 00:00:00+00:00,75.6,76.29,75.11,75.41,-0.19,75.41,7568.0,23472.0,184.0,29.0,,64.0924324798584,63.914282608032224,6.352007908821106,6.317706127166748,110.25169937133788,108.86529991149902,-0.0044050067663192,-0.00374561175704,-0.0048743756487965,-1.1558858156204224,-0.7194925546646118,-0.2453470677137375,-0.0416011288762092,-0.0817612260580062,-0.1127621680498123,-0.0221740193665027,-0.2874912023544311,-0.2718806862831116
2018-02-16 00:00:00+00:00,75.34,75.87,75.13,75.72,0.31,75.48,7591.0,19141.0,420.0,,,64.2721569442749,63.91032962799072,6.345298132896423,6.3103719902038575,110.45415405273438,109.3468002319336,-0.0030339441727846,-0.0022896942682564,-0.0038800279144197,0.1457788944244384,0.0823403820395469,-0.0950245857238769,0.2227461487054824,0.1870806515216827,0.272439181804657,-0.0201541520655155,-0.2285574972629547,-0.1830020248889923
2018-02-20 00:00:00+00:00,75.7,78.31,75.6,77.51,,76.98,8687.0,13210.0,70.0,,,64.69349067687989,64.53567405700683,6.345052132606506,6.309494996070862,110.86154273986816,109.40580039978028,-0.0013052906142547,-0.0013344403123483,-0.0045054988004267,0.2134513407945633,0.1263202428817749,-0.1555967777967453,0.2084138989448547,0.2264126539230346,0.1812547743320465,-0.0347400605678558,-0.283609002828598,-0.2164614200592041
2018-02-21 00:00:00+00:00,77.5,79.1,77.45,78.91,1.4,78.39,6930.0,7829.0,900.0,,,65.16499069213867,64.73667915344238,6.343680138587952,6.3080699920654295,110.86959762573242,109.2712996673584,-0.0038944154512137,-0.003514178097248,-0.004936792422086,0.7113204598426819,0.4226805567741394,-0.14866703748703,-0.0397248901426792,-0.0547355040907859,-0.1130659133195877,0.0429821088910102,0.1093200668692588,0.1165864095091819
2018-02-22 00:00:00+00:00,78.85,81.34,78.42,80.54,1.63,79.44,257.0,1051.0,,,,65.18976020812988,64.72009460449219,6.351859102249145,6.319281015396118,110.782989654541,109.20120109558106,0.0023161929566413,0.0033187486696988,-0.0042358860373497,0.6892334818840027,0.517136812210083,0.2004879117012024,0.0421149246394634,0.0444495156407356,-0.1116354689002037,0.0399145819246768,0.0428763404488563,0.0769571438431739
2018-02-23 00:00:00+00:00,80.75,81.5,80.25,81.45,0.91,81.12,60.0,781.0,98.0,,,65.16318084716796,64.85804824829101,6.346550126075744,6.311216998100281,110.7152978515625,109.59440071105956,-0.0024149278178811,-0.002405519131571,-0.0040518715977668,0.0751517117023468,0.0466667413711547,-0.1059650927782058,-0.0447892285883426,-0.0608331337571144,-0.1281756609678268,-0.0218988694250583,-0.0609445944428443,0.0476672165095806
2018-02-26 00:00:00+00:00,81.75,81.75,80.55,81.7,0.25,81.49,34.0,240.0,,,,64.9689616394043,64.68318504333496,6.343354086875916,6.283054041862488,110.7256273651123,109.14900146484376,-0.001346003380604,-0.0048217298462986,-0.0040541128255426,-0.2611475586891174,-0.1004988923668861,-0.1102121174335479,0.0476240254938602,0.0342730693519115,0.1485239565372467,0.1713311821222305,0.5021570324897766,0.2529048919677734
2018-02-27 00:00:00+00:00,81.0,81.75,81.0,81.76,0.06,81.64,29.0,132.0,,,,65.10610885620117,64.63221977233887,6.337878036499023,6.294239120483399,110.5629985809326,109.24510063171388,-0.0036359971854835,-0.0042639654129743,-0.003475695149973,0.0995111241936683,0.065198928117752,-0.0923886597156524,0.2106660306453704,0.2189304530620575,0.1410624235868454,-0.0214386247098445,-0.0756438821554184,-0.0590675175189971
2018-02-28 00:00:00+00:00,81.75,81.75,81.5,81.65,-0.11,81.61,21.0,114.0,,,,65.18136535644531,64.79121406555176,6.343552131652832,6.301390023231506,110.69612991333008,109.2941986846924,0.0014990093186497,0.0040274732746183,0.0024003984872251,-0.0665938109159469,-0.0454854853451252,-0.0786259248852729,0.3320593237876892,0.3378373384475708,0.2025892287492752,-0.0195357017219066,-0.0937176197767257,-0.0452768802642822
2018-03-01 00:00:00+00:00,81.8,81.8,81.5,82.57,0.92,81.75,12.0,92.0,,,,65.37062828063965,65.02408241271972,6.341185064315796,6.303956003189087,110.63728584289552,109.21680038452148,0.0046490021049976,0.0078677777200937,0.0030443051364272,-0.1483499407768249,0.0699930861592292,-0.0776200741529464,0.0008597315754741,0.0154480906203389,-0.1335663795471191,-0.0218872148543596,-0.0586857087910175,-0.0729486271739006
2018-03-02 00:00:00+00:00,82.7,82.7,82.5,82.72,0.15,82.69,59.0,80.0,,,,65.30536499023438,64.913081741333,6.35850802898407,6.337325119972229,110.84325012207032,109.57309967041016,-0.0040669031441211,-0.0049130227416753,-0.0040361532010138,0.5121654868125916,0.2126380205154419,-0.0994238927960395,0.0337230190634727,0.0225969832390546,-0.1399076879024505,-0.0179530344903469,-0.0750665888190269,-0.1377497315406799
2018-03-05 00:00:00+00:00,83.81,83.81,82.6,85.41,2.69,83.51,4.0,73.0,,,,65.23723915100098,64.93164398193359,6.355589942932129,6.33715512752533,110.69013442993165,109.30840087890626,-0.0047667752951383,-0.0061333845369517,-0.0047603915445506,0.5966184139251709,0.2453684359788894,-0.0908395871520042,0.0060108960606157,-0.017660180106759,-0.1288273781538009,-0.01837526448071,-0.0829809084534645,-0.135151132941246
2018-03-06 00:00:00+00:00,87.75,87.75,85.21,83.84,-1.57,85.73,19.0,21.0,,,,65.11193016052246,64.89819915771484,6.353805932998657,6.333912124633789,110.71314361572266,109.0387004852295,-0.0119998911395668,-0.0195774938911199,-0.0083717564120888,0.7365044951438904,0.4121870398521423,-0.1327793449163437,-0.0220952332019805,-0.0401327349245548,-0.1118655949831008,-0.0213372055441141,-0.067495010793209,-0.1289213597774505
2018-03-07 00:00:00+00:00,82.5,83.77,81.78,82.86,0.43,82.9,22433.0,131508.0,45.0,,,65.08388938903809,64.69069831848145,6.333208045959473,6.294349002838135,110.65080169677736,109.3573006439209,0.0093051819130778,0.0127852512523531,0.0053751207888126,0.1338749229907989,0.0992305427789688,-0.1055053919553756,0.0158405471593141,0.0101226884871721,-0.0909968018531799,-0.0183517541736364,-0.0811507329344749,-0.1295500248670578
2018-03-08 00:00:00+00:00,83.26,85.25,82.96,85.12,2.26,84.57,22102.0,129280.0,45.0,116.0,,65.13780395507813,64.70553886413575,6.345973086357117,6.291425991058349,110.81458503723144,109.37820037841796,9.093798144022004e-05,0.0029539074748754,0.0024532203096896,0.3052432835102081,0.1447156965732574,-0.104816123843193,0.0827858820557594,0.1021261438727378,0.2862696051597595,-0.0174177680164575,-0.1303921639919281,-0.1360593140125274
2018-03-09 00:00:00+00:00,84.94,85.55,84.23,84.52,-0.6,84.83,15149.0,129782.0,40.0,,,65.21715934753418,64.9031829071045,6.350660982131958,6.326913948059082,111.01387306213378,109.4723991394043,-0.0034771615173667,-0.004277947358787,-0.0031089263502508,0.315602570772171,0.1651618182659149,0.1091789752244949,0.0257324445992708,0.0305294692516326,0.0992817059159278,0.0533549785614013,-0.0951214060187339,-0.1451702415943145
2018-03-12 00:00:00+00:00,84.49,85.03,82.88,83.28,-1.24,83.43,14453.0,129066.0,44.0,,,65.16085556030274,64.86682807922364,6.342582087516785,6.299594984054566,110.57229988098145,109.11329963684082,-0.0018057494889944,-0.0016964593669399,-0.0019432888366281,0.2976922690868377,0.1649437695741653,-0.1095442548394203,0.0631365031003952,0.0762734711170196,0.2005249708890915,-0.0201512407511472,-0.1447316110134124,-0.201796606183052
2018-03-13 00:00:00+00:00,83.19,84.21,82.04,82.98,-0.3,82.96,19873.0,127202.0,19.0,55.0,,65.14591995239257,64.87631042480469,6.342664108276368,6.2982509803771975,110.61145179748536,109.16460014343262,-0.0012306651333346,-0.0019580689258873,-0.0022702277638018,-0.2244263589382171,-0.1770692020654678,-0.1222404539585113,-0.0111855249851942,-0.0204022768884897,0.1035779491066932,-0.0372099168598651,-0.2875986695289612,-0.2786731123924255
2018-03-14 00:00:00+00:00,83.39,83.87,82.41,83.44,0.46,83.24,11018.0,125854.0,,,,65.05681007385255,64.58439422607422,6.346828985214233,6.308205018043518,110.66014930725098,109.17310028076172,-0.0001211787821375,0.001622574054636,-0.0021685587707906,-0.2883082628250122,0.1538230925798416,-0.1278305947780609,0.0405439585447311,0.045358020812273,0.1130046844482421,-0.0375408083200454,-0.2649444341659546,-0.2833896279335022
2018-03-15 00:00:00+00:00,83.59,83.86,82.65,83.53,0.09,83.39,12431.0,125899.0,25.0,,,65.07786911010743,64.5520539855957,6.333823041915894,6.299565057754517,110.6028217315674,109.27270027160644,0.003615130437538,0.005829042289406,0.0027947151102125,-0.235044315457344,0.0909874662756919,-0.1135571226477623,0.024044569581747,0.0398926734924316,0.209341213107109,-0.03758480027318,-0.252845287322998,-0.2055128514766693
2018-03-16 00:00:00+00:00,83.7,83.7,82.42,82.85,-0.68,82.92,9977.0,126255.0,53.0,,,65.15592994689942,64.92217208862304,6.339592061042786,6.305800981521607,110.7494115447998,109.33300010681153,0.0014436984201893,0.0038041472434997,0.0028210035525262,0.2397485226392746,0.1753656864166259,-0.113671101629734,-0.0426522940397262,-0.0334261432290077,-0.0999663919210434,-0.0307198967784643,-0.2374230921268463,-0.142792671918869
2018-03-19 00:00:00+00:00,82.99,82.99,81.19,81.23,-1.62,81.69,16715.0,125349.0,13.0,,,65.33843521118165,64.95462249755859,6.347397980690002,6.318841004371643,110.925340423584,109.4455990600586,-0.001339319627732,-0.0009105531498789,-0.0022862644400447,-0.2722948789596557,0.1600788831710815,-0.1177822947502136,0.0614408999681472,0.1029409915208816,0.1240123286843299,0.0372138135135173,-0.2062377482652664,-0.1829288899898529
2018-03-20 00:00:00+00:00,81.15,83.35,80.95,83.08,1.85,82.16,19530.0,121213.0,46.0,,,65.43139373779297,65.07820125579833,6.344384970664978,6.312689018249512,111.18000854492188,109.28229934692382,-0.0029621084686368,-0.0016768455971032,-0.0018064674222841,-1.404735445976257,-0.968867301940918,-0.2774106562137604,0.0043224240653216,0.0145514011383056,-0.1046121343970298,0.0548751950263977,0.2611070275306701,0.4691134989261627
2018-03-21 00:00:00+00:00,82.98,83.86,82.54,82.59,-0.49,83.31,13872.0,120071.0,48.0,,,65.48098838806152,65.07130176544189,6.342684917449951,6.312927031517029,111.15689453125,109.32429878234863,-0.0023450572043657,-0.0007683563744649,-0.0019987202249467,-0.2231000214815139,0.1512732803821563,-0.0923498794436454,-0.0252732932567596,-0.0649835690855979,-0.1256799697875976,0.399079293012619,1.99591326713562,0.8641495704650879
2018-03-22 00:00:00+00:00,82.66,83.21,81.77,82.15,-0.44,82.3,12484.0,118942.0,165.0,50.0,,65.36401527404786,64.93140090942383,6.348684034347534,6.307997932434082,111.21890480041505,109.33659912109376,0.0006030063959769,0.0041532986797392,0.0020233455579727,0.2318696528673172,0.1994410306215286,-0.121558628976345,0.024690406396985,0.0193887464702129,0.1299478262662887,-0.0133144212886691,-0.2498247623443603,-0.1967634409666061
2018-03-23 00:00:00+00:00,82.28,82.39,81.39,81.83,-0.32,81.75,14902.0,117313.0,1.0,,,65.30722915649415,64.92752655029297,6.343695883750915,6.314772090911865,111.21890480041505,109.33659912109376,-0.0017781408969312,-0.0021762778051197,-0.0025528711266815,-0.4275932312011719,-0.2037260234355926,-0.1385118812322616,-0.0468260608613491,-0.0385702289640903,-0.1130646243691444,-0.0359343364834785,-0.4360846579074859,-0.1503503024578094
2018-03-26 00:00:00+00:00,82.08,82.57,81.5,81.78,-0.05,82.03,14461.0,115824.0,62.0,,,65.15664527893067,64.9295938873291,6.312508063316345,6.2959101057052616,111.21890480041505,109.33659912109376,-0.0343941114842891,-0.0358098223805427,-0.0145335886627435,-0.3480052351951599,-0.1755338460206985,-0.1720288395881652,-0.1087769046425819,-0.1334275305271148,-0.11782968044281,0.1570134609937667,0.3902853429317474,0.174187421798706
2018-03-27 00:00:00+00:00,81.88,82.77,81.72,82.02,0.24,82.17,13028.0,113430.0,59.0,44.0,,64.94807273864745,64.68051483154296,6.2963968896865845,6.262217926979065,111.21890480041505,109.33659912109376,-0.0101546132937073,-0.0089296773076057,-0.006101157516241,-0.0908904671669006,-0.1074567586183548,-0.166026160120964,0.2000377029180526,0.2160863131284713,0.2223254889249801,-0.0339517220854759,-0.291866660118103,-0.1671875715255737
2018-03-28 00:00:00+00:00,82.0,82.13,80.67,80.74,-1.28,81.13,17187.0,113091.0,224.0,9.0,,65.16018501281738,64.83218917846679,6.305358910560608,6.270138883590699,111.21890480041505,109.33659912109376,-0.0038084138650447,-0.0031211108434945,-0.0029556839726865,0.6024906635284424,-0.1766497045755386,-0.178072452545166,0.109803020954132,0.1133785024285316,0.1818874478340149,-0.0401458740234375,-0.3636249005794525,-0.1887894421815872
2018-03-29 00:00:00+00:00,80.74,82.2,80.68,81.46,0.72,81.28,16935.0,112279.0,268.0,264.0,,65.31535346984863,64.966156539917,6.323412017822266,6.280552101135254,111.21890480041505,109.33659912109376,-0.0044744713231921,-0.0041748946532607,-0.0042243488132953,0.2907892763614654,0.1303467601537704,-0.1540468782186508,0.0287889465689659,0.1171734109520912,0.0889519825577735,-0.0388911180198192,-0.315838873386383,-0.2030537873506546
2018-04-02 00:00:00+00:00,81.8,82.71,80.92,80.97,,81.75,15095.0,111193.0,49.0,,,65.2830502319336,64.91917930603027,6.301378970146179,6.261329960823059,115.48888389587404,114.08980140686036,-0.0016988159622997,-0.0015430112835019,-0.0018534229602664,0.0428068675100803,0.0575339086353778,-0.1052316203713417,0.0004469535779207,-0.0164131689816713,-0.0942121297121048,0.116931140422821,0.3903290927410126,0.1975759267807006
2018-04-03 00:00:00+00:00,80.97,82.81,80.97,82.02,1.05,81.84,22257.0,110077.0,112.0,,,65.29800971984864,64.89066619873047,6.320028967857361,6.265051031112671,115.55872451782228,113.5056007385254,0.0011663394980132,0.0018341692630201,-0.001957077300176,-0.1540392637252807,-0.0656191557645797,-0.1186776235699653,-0.0526378266513347,-0.0610690042376518,-0.0746824592351913,-0.0384512282907962,-0.3050905168056488,-0.3064139485359192
2018-04-04 00:00:00+00:00,82.1,82.31,78.62,79.64,-2.38,79.9,42624.0,100701.0,1232.0,,,65.15844505310059,64.8287816619873,6.326308979988098,6.279661135673523,115.53037429809572,113.48090072631835,0.0008524691802449,0.0017784622032195,-0.0024514237884432,-0.329531729221344,-0.3365799188613891,-0.1801457852125167,0.0334011651575565,0.0414338074624538,0.1932081878185272,-0.0351388975977897,-0.3111329078674316,-0.3101703524589538
2018-04-05 00:00:00+00:00,79.5,82.64,79.45,82.57,2.93,81.56,34928.0,97429.0,684.0,,,65.18193557739258,64.87668014526368,6.330322937965393,6.291566038131714,115.52690856933594,113.40380081176758,-0.0007558194338344,-0.0007171009201556,-0.0033775800839066,0.8135514259338379,0.4152460694313049,-0.1707585901021957,-0.0161546971648931,-0.034571100026369,0.0841398015618324,-0.0347337760031223,-0.2671981453895569,-0.2690359055995941
2018-04-06 00:00:00+00:00,82.0,83.46,81.8,82.54,-0.03,82.72,26203.0,92038.0,39.0,258.0,,65.12639099121094,64.58171829223633,6.328095946311951,6.290403046607971,115.37460906982422,113.6190007019043,0.001283495221287,0.0016439293976873,-0.0030255496967583,0.0072163674049079,-0.0636947154998779,-0.0959548726677894,-0.0072241201996803,0.0205745659768581,-0.0809579119086265,-0.0387693271040916,-0.2944134771823883,-0.2773650586605072
2018-04-09 00:00:00+00:00,82.89,83.69,82.7,82.91,0.37,83.11,27527.0,86642.0,424.0,466.0,,65.16589088439942,64.76294319152832,6.3357968997955325,6.291412110328674,114.95716789245606,112.71260055541993,-0.0006386468303389,-0.0005688541568815,-0.002603672677651,0.0854585766792297,0.1697302162647247,-0.118499606847763,0.0359853990375995,0.0370556935667991,0.151823028922081,-0.0425561778247356,-0.4377834796905517,-0.2839423716068268
2018-04-10 00:00:00+00:00,82.88,83.59,82.31,83.53,0.62,83.08,29969.0,72766.0,479.0,417.0,,65.10243072509766,64.73856971740723,6.328648953437805,6.283243112564087,115.13899742126463,113.23360122680664,-0.0010685058077797,-0.003341041970998,-0.0040541826747357,-0.1427202224731445,-0.1063319817185401,-0.111171618103981,0.0435247048735618,0.0420481972396373,0.1589642167091369,0.1360521912574768,0.5285574197769165,0.2022045105695724
2018-04-11 00:00:00+00:00,83.66,84.04,83.31,83.83,0.3,83.7,22234.0,60212.0,157.0,500.0,,65.15418083190917,64.80696182250976,6.297189979553223,6.25998396396637,115.17664688110352,112.55610038757324,0.0017280351603403,0.0009341437253169,-0.0015766530996188,0.4893669188022613,0.2450046986341476,-0.1355931162834167,0.1968820840120315,0.3023136258125305,0.3080335557460785,-0.0609272718429565,-0.4800642132759094,-0.3732231259346008
2018-04-12 00:00:00+00:00,83.83,83.97,83.17,83.69,-0.14,83.57,19374.0,48125.0,51.0,702.0,,65.3571384302775,65.05737613677978,6.29383186340332,6.25707902431488,115.59090438842772,114.3268007659912,0.0068654213100671,0.0077736028470098,0.0038192502688616,0.0647975951433181,-0.1985473930835724,-0.1362696141004562,0.1767164915800094,0.1843914538621902,0.1687978506088256,-0.0273093041032552,-0.2890751957893371,-0.2034542262554168
2018-04-13 00:00:00+00:00,83.83,84.45,83.06,83.41,-0.28,83.88,25457.0,42750.0,286.0,650.0,,65.51975637054443,65.08224769592285,6.30651198387146,6.273647999763488,115.59013397216796,114.37570075988768,-0.000583499611821,0.001694431877695,-0.0028529581613838,-0.2235306203365326,-0.2381060123443603,-0.1409533768892288,0.0308263786137104,0.0427884235978126,0.0707051381468772,-0.0270164366811513,-0.2111803740262985,-0.2015490084886551
2018-04-16 00:00:00+00:00,83.25,84.04,83.0,83.25,-0.16,83.55,11259.0,28523.0,851.0,590.0,,65.42038707733154,64.97000175476074,6.300682053565979,6.271443977355957,115.711234664917,114.262998046875,0.0030387018341571,0.0032075070776045,0.0032888331916183,-0.1177598163485527,-0.1714303344488144,-0.1697260290384292,0.2528237402439117,0.2759371399879455,0.2986924350261688,-0.0247606076300144,-0.1503754705190658,-0.1952829658985138
2018-04-17 00:00:00+00:00,83.28,83.58,82.06,83.13,-0.12,82.8,8848.0,20364.0,899.0,16.0,,65.51957968393963,65.16286602020264,6.30040105342865,6.2692020225524905,115.63079376220703,114.11489936828612,0.0045799878425896,0.0035150945186614,0.0034242037218064,-0.6196621656417847,-0.6525333523750305,-0.2774214446544647,0.3322010934352875,0.3073368370532989,0.2687014043331146,-0.0381196849048137,-0.3650676608085632,-0.2090543955564499
2018-04-18 00:00:00+00:00,83.28,83.39,82.5,82.74,-0.39,82.9,5232.0,14523.0,560.0,368.0,,65.51957968393963,65.16286602020264,6.296704096794128,6.269254994392395,115.59537849426268,113.9643002319336,0.0036805288400501,0.0024861630517989,0.0018788912566378,-0.1443966776132583,-0.2504139542579651,-0.1872502267360687,0.0016170900780707,-0.0309097319841384,0.1119264215230941,-0.0237387027591466,-0.1271682381629943,-0.1382977962493896
2018-04-19 00:00:00+00:00,82.71,83.16,82.56,82.97,0.23,82.88,3359.0,10318.0,177.0,,,65.51957968393963,65.16286602020264,6.306216959953308,6.262288017272949,115.5868613433838,113.84779991149902,-0.0037798585835844,-0.0059871273115277,-0.0040061920881271,-1.1629260778427124,-0.791921079158783,-0.3252450823783874,-0.0408281646668911,-0.0285117123275995,-0.172624796628952,-0.0283072888851165,-0.3099298179149627,-0.1681855171918869
2018-04-20 00:00:00+00:00,83.0,85.63,83.0,85.47,2.5,84.59,5250.0,7425.0,577.0,,,65.51957968393963,65.16286602020264,6.292501974105835,6.265157999992371,115.7071090698242,114.154800491333,0.0038417652249336,0.006718504242599,0.0026790262199938,-1.900761961936951,-1.193156123161316,-0.4231067895889282,0.009267708286643,0.0130426213145256,-0.1615902632474899,-0.0342345163226127,-0.3074814081192016,-0.1850083768367767
2018-04-23 00:00:00+00:00,85.7,86.44,82.9,83.19,-2.28,85.58,3217.0,3126.0,222.0,5.0,,65.51957968393963,65.16286602020264,6.307089009284973,6.283283081054687,115.69775405883787,114.5284991455078,0.0143494205549359,0.0134335998445749,0.0046104378998279,-0.690381646156311,-0.303531289100647,-0.2117679268121719,0.3699277937412262,0.3603363633155823,0.1532337069511413,0.1896257847547531,0.7731420397758484,0.4383808076381683
2018-04-24 00:00:00+00:00,83.25,84.47,82.93,82.26,-0.93,83.74,246.0,338.0,,,,65.51957968393963,65.16286602020264,6.329325938224793,6.3019150495529175,115.71057250976564,114.56229972839355,-0.0038557935040444,-0.0049902857281267,-0.0039116679690778,-0.4514064490795135,-0.2555314302444458,-0.1648257374763488,-0.0792529284954071,-0.0565974339842796,-0.1869919002056121,-0.0270408801734447,-0.1969501674175262,-0.157907024025917
2018-04-25 00:00:00+00:00,83.17,84.57,82.89,84.76,2.5,83.64,19.0,247.0,,,,65.51957968393963,65.16286602020264,6.32082197189331,6.296006054878235,115.54202812194823,113.62229957580568,0.0110542569309473,0.0108540086075663,0.0043407436460256,-0.4423542618751526,-0.2214019745588302,-0.1827180087566375,0.3908788561820984,0.4017882347106933,0.1565530598163604,-0.0379610173404216,-0.3174712359905243,-0.2012567520141601
2018-04-26 00:00:00+00:00,85.0,85.0,84.63,84.99,0.23,84.87,6.0,181.0,,,,65.51957968393963,65.16286602020264,6.337719092369079,6.296357054710388,115.55270179748535,113.99650093078613,0.000377257441869,-0.0011301576159894,-0.0020794197916984,0.04043485596776,0.0567819848656654,-0.1314481496810913,-0.1171161979436874,-0.0722135826945304,-0.1717760264873504,-0.0202750340104103,-0.1799532622098922,-0.1548236906528473
2018-04-27 00:00:00+00:00,84.99,85.33,84.63,85.33,0.34,,6.0,152.0,,,,65.51957968393963,65.16286602020264,6.336815028190613,6.315246968269348,115.60531608581545,114.11480110168458,0.001045285956934,0.0011974952649325,0.0022046549711376,-0.4082358479499817,-0.1448389589786529,-0.1170873269438743,-0.1056957840919494,-0.1092472523450851,-0.2042535245418548,0.0620193071663379,0.1314882040023803,-0.1349009573459625
2018-04-30 00:00:00+00:00,84.63,84.63,84.43,84.68,-0.65,84.56,3.0,105.0,,,,65.51957968393963,65.16286602020264,6.336696028709412,6.313398952484131,115.32279487609864,113.4464998626709,-0.0021091408561915,-0.0013139601796865,-0.0026496213395148,-0.0341912172734737,-0.0556517764925956,-0.0792101547122001,-0.0865113288164138,-0.0839236229658126,-0.1759627610445022,-0.0250364728271961,-0.1970694363117218,-0.2029795348644256
2018-05-01 00:00:00+00:00,84.66,85.3,84.66,85.12,0.44,84.88,17.0,35.0,,,,66.59728294372559,66.2620474243164,6.339278082847596,6.317031002044677,115.66588134765624,113.87970092773438,-0.0030807326547801,-0.0019446697551757,-0.0025050276890397,-0.379776120185852,-0.171344593167305,-0.1364781260490417,0.2319643199443817,0.1948817521333694,0.1294451355934143,-0.0522213876247406,-0.3443075716495514,-0.1998554468154907
2018-05-02 00:00:00+00:00,85.33,85.38,84.65,85.01,-0.11,84.91,12.0,18.0,,,,66.83189270019531,66.43519454956055,6.337449073791504,6.305470995903015,115.6693886566162,114.41719917297364,0.0175807271152734,0.015772208571434,0.0064160688780248,0.1574407219886779,0.1254693269729614,-0.1398456990718841,0.0536664724349975,0.0701570287346839,-0.147550493478775,0.0320948809385299,0.0524914264678955,-0.0645159780979156
2018-05-03 00:00:00+00:00,84.75,84.85,84.75,84.45,-0.56,84.81,5.0,18.0,,,,66.97440002441407,66.45156387329102,6.37072895526886,6.340739045143128,115.6349193572998,114.42449974060058,-0.0021866410970687,-0.0040362044237554,-0.0035022883675992,0.4568878412246704,0.1759693473577499,-0.1812234669923782,-0.289999783039093,-0.2373421937227249,-0.2267959415912628,-0.0233653150498867,-0.1679847538471222,-0.081578142940998
2018-05-04 00:00:00+00:00,84.9,86.0,84.9,86.35,1.9,85.42,13.0,13.0,,,,66.95209922790528,66.4816505432129,6.3586019515991214,6.332930984497071,115.70869018554689,114.36489837646484,-0.0029554772190749,-0.0028268774040043,-0.0029299482703208,-0.4569162726402282,-0.1864284723997116,-0.1769054532051086,0.1451586633920669,0.1105032563209533,0.1345580518245697,-0.0194875709712505,-0.1100412011146545,-0.0908003076910972
2018-05-07 00:00:00+00:00,87.69,87.69,86.65,85.99,-0.36,87.22,3.0,26.0,,,,66.96413330078126,66.4940608215332,6.371075954437256,6.340423040390014,115.6860124206543,114.50419921875,-0.0035791234113276,-0.0021645785309374,-0.0035213707014918,0.0263799168169498,0.0499140806496143,-0.1043101102113723,0.3950220048427582,0.3827139735221863,0.2495638132095337,0.2299636900424957,0.8815973997116089,0.4412956237792969
2018-05-08 00:00:00+00:00,86.12,86.87,85.11,85.38,-0.61,85.92,18257.0,143356.0,,20.0,,66.99113334655762,66.43879959106445,6.392370901107788,6.353460068702698,115.6901512145996,114.37829925537108,-0.0038332419935613,-0.0037632130552083,-0.0041141244582831,0.146122321486473,0.0590264610946178,-0.0921548530459404,0.0628327876329422,0.068084217607975,0.1491184830665588,-0.0173106752336025,-0.1457442790269851,-0.1768220961093902
2018-05-09 00:00:00+00:00,85.65,86.04,85.18,85.86,0.48,85.67,12142.0,142133.0,379.0,395.0,,66.99113334655762,66.43879959106445,6.385466918945313,6.350799055099487,115.60451889038086,113.66010093688963,-0.0002518561668694,-0.0005399246583692,-0.0026136515662074,0.0405233837664127,-0.0311307106167078,-0.096572458744049,0.2463021129369735,0.2725271880626678,0.1813546121120453,-0.0365921035408973,-0.2626572847366333,-0.240368366241455
2018-05-10 00:00:00+00:00,86.01,86.17,84.05,84.56,-1.3,84.94,20648.0,141059.0,420.0,1.0,,66.99113334655762,66.43879959106445,6.37072295665741,6.340190043449402,115.66079627990725,114.51810104370117,-0.0083394283428788,-0.0114720398560166,-0.0058437609113752,0.2310537844896316,0.0936826840043068,-0.0907454192638397,-0.170354887843132,-0.1417375802993774,-0.1346109211444854,-0.0364985652267932,-0.2457913160324096,-0.2411490380764007
2018-05-11 00:00:00+00:00,84.56,84.96,83.5,84.62,0.06,84.13,18907.0,138728.0,204.0,,,66.99113334655762,66.43879959106445,6.344761061668396,6.32255096912384,114.94182716369627,112.12289962768554,-0.0091291451826691,-0.0141257289797067,-0.0055551338009536,0.1695410907268524,-0.1097887754440307,-0.0958600938320159,0.0209743212908506,-0.0316422246396541,0.1105977296829223,-0.0393621325492858,-0.2428056895732879,-0.2677139639854431
2018-05-14 00:00:00+00:00,84.7,84.9,83.5,83.7,-0.92,83.93,15059.0,134671.0,86.0,,,66.99113334655762,66.43879959106445,6.335574069023132,6.308325037956238,115.67930862426758,114.4337996673584,-0.0001871505519375,0.0041981055401265,0.0027505382895469,0.8289759159088135,0.3806580901145935,0.1615021526813507,0.229460209608078,0.2242814600467682,0.1758783906698227,0.2422512769699096,0.9258764982223512,0.4800589084625244
2018-05-15 00:00:00+00:00,84.11,84.39,83.36,83.76,0.06,83.78,15227.0,133426.0,423.0,25.0,,66.99113334655762,66.43879959106445,6.346132030487061,6.320265970230103,115.5726277923584,113.7007006072998,0.0072767008095979,0.0146018089726567,0.0077148103155195,-0.3440107405185699,-0.1594884395599365,-0.1080575659871101,0.6218776106834412,0.5957061052322388,0.2242829352617263,-0.0309346411377191,-0.2213849574327469,-0.2019054144620895
2018-05-16 00:00:00+00:00,83.88,85.39,83.63,84.35,0.59,84.63,15890.0,130975.0,,,,67.50319961547852,67.10890174865723,6.3935249185562135,6.356840028762817,115.60464179992675,113.96139923095704,-0.0088137947022914,-0.0078384028747677,-0.0044389879330992,0.0494713559746742,0.034019611775875,0.0827778428792953,-0.1917548775672912,-0.2599128186702728,-0.193397969007492,0.0237282179296016,-0.1778855919837951,-0.2408768236637115
2018-05-17 00:00:00+00:00,84.48,85.69,84.05,85.03,0.68,84.84,15111.0,130753.0,37.0,,,67.50319961547852,67.10890174865723,6.375493974685669,6.350093007087708,115.25268226623535,112.78889907836914,-0.004207691643387,-0.00381211633794,-0.0033414405770599,-0.1321002542972564,-0.0985683649778366,0.1128735542297363,0.0974249243736267,0.0573634579777717,0.127977043390274,-0.0435095019638538,-0.4351527094841003,-0.3075241148471832
2018-05-18 00:00:00+00:00,85.12,87.6,85.05,86.55,1.52,86.5,20652.0,130141.0,5.0,50.0,,67.50319961547852,67.10890174865723,6.373093976974487,6.352143001556397,115.70799201965332,114.37509895324708,-0.001392567763105,-0.0013940694043412,-0.0019229059107601,-0.3041632771492004,0.0986031889915466,0.1812678873538971,0.1481361091136932,0.0762735083699226,0.1210783720016479,0.2260789424180984,0.812617301940918,0.4527850747108459
2018-05-21 00:00:00+00:00,87.3,88.73,87.1,88.42,1.87,88.22,25248.0,129164.0,42.0,,,67.50319961547852,67.10890174865723,6.402330927848816,6.366519002914429,115.70964935302734,114.45260078430177,0.0045458953827619,0.0019667851738631,0.0024623447097837,-0.1635069251060485,0.0715978145599365,0.1466008722782135,0.4115340411663055,0.4166137278079986,0.1950170695781707,0.2248687297105789,0.8266276121139526,0.4135429263114929
2018-05-22 00:00:00+00:00,88.6,89.88,86.63,87.35,-1.07,87.71,22073.0,128270.0,264.0,80.0,,67.50319961547852,67.10890174865723,6.396151914596557,6.360280022621155,115.4253434753418,113.78039939880372,-0.002683169208467,-0.0031190316658467,-0.0031314513180404,-0.1473582237958908,0.0637910813093185,0.0943576395511627,-0.00766396895051,-0.0621957182884216,-0.136096715927124,-0.0411140508949756,-0.3525610566139221,-0.2821755707263946
2018-05-23 00:00:00+00:00,87.34,87.75,86.72,86.96,-0.39,87.19,18752.0,127075.0,78.0,870.0,,67.50319961547852,67.10890174865723,6.374997982978821,6.352644963264465,115.69924797058106,114.59619995117188,0.003710126504302,0.0041012079454958,0.0048720315098762,-0.3139739632606506,-0.2256771028041839,-0.1897283792495727,0.0295805558562278,0.0251260139048099,-0.1488188803195953,-0.0244332663714885,-0.1565997004508972,-0.1930003464221954
2018-05-24 00:00:00+00:00,87.18,87.85,86.64,87.46,0.5,87.3,20901.0,124320.0,14.0,,,67.50319961547852,67.10890174865723,6.409029927253723,6.38266194820404,115.6086791229248,113.804400100708,-0.0044225193560123,-0.0067439042031764,-0.0038884133100509,-0.4478746652603149,-0.2720130383968353,-0.1953672766685485,-0.235937163233757,-0.2378396093845367,-0.3798856139183044,-0.0328633524477481,-0.2315022051334381,-0.2192284613847732
2018-05-25 00:00:00+00:00,87.69,89.69,87.15,89.21,1.75,88.38,24918.0,118655.0,9.0,50.0,,67.50319961547852,67.10890174865723,6.399920921325684,6.362050013542175,115.68216369628908,114.3426016998291,0.0008772271103225,0.0011346478713676,0.0023772409185767,-0.1977210640907287,-0.1442146003246307,-0.1942419111728668,-0.00234956596978,-0.0500978752970695,-0.0818704739212989,-0.020307594910264,-0.1760570108890533,-0.139870136976242
2018-05-29 00:00:00+00:00,89.69,93.21,89.57,93.21,,92.45,13054.0,115645.0,393.0,100.0,,67.50920013427735,67.09820137023925,6.419005932807923,6.394355998039246,115.65795455932616,114.43389877319336,0.0131924208253622,0.0139670353382825,0.0062181097455322,-0.2097027003765106,-0.1309906244277954,-0.2277974337339401,0.4097258448600769,0.411641925573349,0.2194346636533737,-0.0393336713314056,-0.2784157991409302,-0.1814561188220977
2018-05-30 00:00:00+00:00,94.21,96.4,91.22,92.49,-0.72,93.25,45940.0,112676.0,795.0,,,67.50319961547852,67.10890174865723,6.435228939056397,6.40572304725647,115.7081420135498,114.37200035095216,0.0015380934346467,0.0028020937461405,0.0035430130083113,-0.056997787207365,-0.0714251995086669,0.2264506369829177,-0.4117125570774078,-0.4369029402732849,-0.107340857386589,-0.0399827137589454,-0.2988328039646148,-0.1926227807998657
2018-05-31 00:00:00+00:00,92.48,93.75,91.74,93.15,0.66,92.82,23247.0,109211.0,,15.0,,67.50920013427735,67.09820137023925,6.430822911262513,6.4045550870895385,115.55578651428225,114.21129959106446,-0.0012533835833892,-0.0027861478738486,-0.0031265555880963,1.9271032810211184,1.0643244981765747,0.4331710338592529,0.1297193616628646,0.1372974216938018,0.1870201528072357,-0.0227058138698339,-0.1949755698442459,-0.1743644773960113
2018-06-01 00:00:00+00:00,93.16,94.49,92.72,93.3,0.15,93.5,25624.0,104630.0,41.0,,,67.74048980712891,67.11633163452149,6.418863024711609,6.390070962905884,115.61162673950196,114.46209884643557,0.0008394858450628,0.0014174885582178,0.002604791894555,-0.1859691441059112,-0.0784439891576767,-0.1236779764294624,-0.2948642075061798,-0.2782347798347473,-0.0762591958045959,-0.0228397753089666,-0.2236733436584472,-0.1929766535758972
2018-06-04 00:00:00+00:00,93.3,94.52,92.07,92.1,-1.2,93.0,19418.0,99811.0,490.0,316.0,,67.1750513458252,66.61518615722656,6.433027911186218,6.409797072410584,115.6637004852295,114.61919998168943,-0.0023665644694119,-0.0023839562200009,-0.0033052864018827,0.0640920773148536,0.0647399798035621,0.0950101763010025,0.2287058532238006,0.2814425230026245,0.1570716798305511,0.1377784460783004,0.3533080220222473,0.249894231557846
2018-06-05 00:00:00+00:00,92.24,92.28,89.73,89.84,-2.26,90.56,23101.0,97903.0,359.0,100.0,,67.29570106506348,66.72514953613282,6.419679045677185,6.388736953735352,115.69300567626954,114.5330990600586,0.0020393433514982,0.0015441656578332,0.0021787178702652,0.0249549448490142,0.0438968613743782,0.1025284603238105,0.152229368686676,0.1090638041496276,0.188652366399765,-0.0305939074605703,-0.2375962436199188,-0.1455337703227996
2018-06-06 00:00:00+00:00,89.75,91.71,89.35,90.95,1.11,90.61,17155.0,92848.0,14.0,92.0,,67.14980148315429,66.64556289672852,6.4105299377441405,6.390683994293213,115.58674751281738,114.311097946167,-0.0025367573834955,-0.0062716454267501,-0.0043676360510289,0.3812313377857208,0.2034555673599243,0.134515568614006,-0.0950161516666412,-0.0467204488813877,0.1459719836711883,-0.0238495543599128,-0.2154183089733123,-0.2778786718845367
2018-06-07 00:00:00+00:00,91.3,94.95,90.45,93.72,2.77,92.59,33479.0,89390.0,24.0,,,66.99405090332031,66.58556518554687,6.389809026718139,6.361642055511474,115.70178779602053,114.5255980682373,0.00084572652122,0.0021687478292733,0.0019576596096158,0.188395693898201,0.1880618333816528,0.132141038775444,0.4827488958835602,0.4251701235771179,0.3972790241241455,-0.0315157696604728,-0.2408829480409622,-0.227021723985672
2018-06-08 00:00:00+00:00,93.97,95.84,93.59,94.94,1.22,95.11,29932.0,80297.0,169.0,1000.0,,67.87815971374512,67.27290054321288,6.397404065132141,6.365674061775208,115.57737022399904,114.27490051269533,0.0010667315218597,0.0016306629404425,0.0019290344789624,0.0363528840243816,0.0750745460391044,0.0710335448384285,0.0742492154240608,0.1333010643720626,0.2634534537792206,-0.0230992753058671,-0.2387563288211822,-0.1335743218660354
2018-06-11 00:00:00+00:00,95.55,96.5,94.0,94.75,-0.19,95.12,20342.0,72479.0,205.0,1500.0,,67.9513998413086,67.30990188598633,6.411672954559326,6.38972599029541,115.48431907653809,114.151898727417,-0.0007103944080881,-0.0010175235802307,-0.0035031898878514,0.0643869861960411,0.0702768713235855,0.062129683792591,0.0856903865933418,0.0959165096282959,0.096069112420082,0.2435492277145385,1.0094611644744873,0.3986057341098785
2018-06-12 00:00:00+00:00,95.19,95.85,94.67,95.21,0.46,95.27,17599.0,64088.0,173.0,3686.0,,67.89137977600097,67.27030136108398,6.396787052154541,6.366388049125671,115.65735404968262,114.32349983215332,0.0027090257499367,0.0036809719167649,0.0022053709253668,0.255367249250412,0.1533629745244979,0.1481409519910812,0.1633243560791015,0.1993227303028106,0.088195577263832,0.0450744554400444,0.171907752752304,0.1524229794740677
2018-06-13 00:00:00+00:00,95.3,95.66,93.21,93.81,-1.4,94.0,25541.0,56241.0,700.0,663.0,,68.05834007263184,67.48380180358886,6.406811037063599,6.3778650140762325,115.60344291687012,114.4821996307373,0.0005888700252398,0.0005703227361664,0.0019178304355591,-0.0113512640818953,0.0589324720203876,0.1109433770179748,-0.0889206752181053,-0.0794825404882431,-0.1428882032632827,0.3487181067466736,1.492808818817139,0.667941689491272
2018-06-14 00:00:00+00:00,93.65,94.5,92.61,93.41,-0.4,93.16,13376.0,44199.0,306.0,,,68.02767051696777,67.48440254211425,6.403849029541016,6.376901025772095,115.62031951904297,114.5426993560791,0.0003981355694122,0.0010355317499488,0.0025389438960701,0.1101919636130333,0.1038509011268615,0.1182524785399437,0.0512443967163562,0.0390092618763446,-0.0637069717049598,-0.0534625127911567,-0.7956249117851257,-0.1813039481639862
2018-06-15 00:00:00+00:00,93.14,93.14,90.5,90.72,-2.69,91.28,16436.0,39425.0,167.0,5112.0,,68.14914863586426,67.544800491333,6.420735020637512,6.389490947723389,115.58501876831056,114.500199508667,0.0266704615205526,0.0252501666545867,0.0106612397357821,-0.3402398824691772,-0.1052622348070144,0.1142128407955169,-0.0251642204821109,-0.0587945692241191,0.0907759815454483,0.5463507771492004,2.144095659255981,0.9283872842788696
2018-06-18 00:00:00+00:00,90.55,90.55,86.8,87.32,-3.4,88.6,8639.0,21960.0,332.0,416.0,,68.38904991149903,67.77076698303223,6.452204961776733,6.417428936958313,117.7039892578125,114.99340049743653,0.0014737357851117,0.0018063414609059,0.0025017505977302,0.2018051147460937,0.0930790156126022,0.1488673537969589,0.1014533340930938,0.0766436457633972,0.1208664774894714,-0.0370936281979084,-0.2917454540729522,-0.2272360622882843
2018-06-19 00:00:00+00:00,87.4,88.15,83.32,83.32,-4.0,85.05,7965.0,15695.0,1336.0,120.0,,68.38679954528808,67.78198707580566,6.461169013977051,6.429422926902771,117.7039892578125,114.99340049743653,0.0271617881953716,0.0327485054731369,0.0129378056153655,-0.0109966630116105,-0.0362203679978847,-0.080162189900875,0.2347447872161865,0.2370417416095733,0.2792216837406158,-0.0219539143145084,-0.1935302913188934,-0.0870165973901748
2018-06-20 00:00:00+00:00,83.25,85.7,83.1,83.21,-0.11,84.0,4754.0,10536.0,644.0,750.0,,68.42959991455078,68.0263956451416,6.503547983169556,6.475261979103088,117.7039892578125,114.99340049743653,-0.0025070791598409,-0.0065097152255475,0.0046282527036964,0.2935201525688171,0.1051102504134178,0.0842306539416313,0.1338608562946319,0.0861710384488105,0.2039219141006469,-0.026859626173973,-0.2376494854688644,-0.1483946293592453
2018-06-21 00:00:00+00:00,83.4,84.2,83.01,83.21,0.0,83.46,2699.0,5879.0,886.0,,,68.39865028381348,67.66968070983887,6.501014065742493,6.464289989471435,117.7039892578125,114.99340049743653,0.0184971205890178,0.0199266951531171,0.0089608691632747,-0.4146523177623749,-0.1467624306678772,0.1351790428161621,-0.295939952135086,-0.2183584719896316,-0.1612757444381714,-0.0310533586889505,-0.23585245013237,-0.1647832840681076
2018-06-22 00:00:00+00:00,83.25,85.8,83.1,85.43,2.22,84.16,2584.0,3128.0,46.0,9.0,,68.35135147094726,67.65988105773926,6.508574066162109,6.484282083511353,117.7039892578125,114.99340049743653,0.0032062674872577,0.0049030939117074,0.0040489844977855,-0.3411114811897278,0.1235603690147399,0.1211389005184173,0.061806883662939,0.0592474527657032,0.2102105319499969,-0.0334605276584625,-0.2005549669265747,-0.1874866038560867
2018-06-25 00:00:00+00:00,85.5,86.48,84.2,85.94,0.51,85.92,52.0,932.0,,,,68.34710105895996,67.69386505126953,6.531115016937256,6.493979897499084,117.7039892578125,114.99340049743653,0.0263445749878883,0.0303730852901935,0.0120989941060543,0.3023238778114319,0.2257984578609466,0.1895502060651779,0.2644405961036682,0.2162410467863083,0.2773656249046325,-0.0370088629424572,-0.2573674619197845,-0.2150491178035736
2018-06-26 00:00:00+00:00,85.79,86.32,84.09,85.04,-0.9,85.73,12.0,890.0,,,,68.43940063476562,67.94792663574219,6.573434081077576,6.530857038497925,117.7039892578125,114.99340049743653,0.0246341247111558,0.0336112268269062,0.0137348333373665,-0.4519631564617157,0.1713206022977829,0.1282672882080078,-0.0168578810989856,-0.0373352169990539,-0.0681671202182769,-0.0330083481967449,-0.2337725460529327,-0.2134064435958862
2018-06-27 00:00:00+00:00,86.12,86.12,86.08,85.75,0.71,86.1,3.0,786.0,,,,68.42810050964356,68.03169166564942,6.603958058357239,6.569620895385742,117.7039892578125,114.99340049743653,0.0169765371829271,0.0198288224637508,0.0115043809637427,0.3827577233314514,0.2880889475345611,0.1496323496103286,0.6612001657485962,0.5840422511100769,0.1939436942338943,-0.0329253152012825,-0.2252716571092605,-0.2295551002025604
2018-06-28 00:00:00+00:00,85.65,85.65,85.15,84.93,-0.82,85.47,13.0,286.0,,,,68.4077505493164,68.01120681762696,6.618145041465759,6.597937979698181,117.7039892578125,114.99340049743653,0.0056390333920717,0.0051311887800693,0.007206093519926,0.8668845295906067,0.5031467080116272,0.1803994178771972,-0.1350951492786407,-0.1466480940580368,-0.171511709690094,0.0264505259692668,-0.1320114135742187,-0.2039403021335601
2018-06-29 00:00:00+00:00,85.41,86.03,85.06,85.38,0.45,85.36,12.0,221.0,,,,68.4077505493164,68.01120681762696,6.614065032005311,6.598324012756348,117.7039892578125,114.99340049743653,0.0048405830748379,-0.0041731591336429,0.0088174948468804,0.1664498746395111,0.2263119220733642,0.1023599877953529,-0.1122072041034698,-0.09396393597126,0.1017759069800376,-0.0342876389622688,-0.216687723994255,-0.2965181767940521
2018-07-02 00:00:00+00:00,84.44,84.44,84.44,84.5,-0.88,84.44,51.0,209.0,,,,68.60989921569825,68.12906234741212,6.618272905349731,6.579216012954712,121.44672401428222,119.95399909973143,0.0165687818080186,0.0250647254288196,0.0126744890585541,0.4179339706897735,0.2791286706924438,0.1345641463994979,0.2237278670072555,0.2404285967350006,0.2760427892208099,-0.0400267839431762,-0.2619346380233764,-0.3013663291931152
2018-07-03 00:00:00+00:00,84.44,84.44,84.44,84.54,0.04,84.44,7.0,161.0,,,,68.83019943237305,68.35317993164062,6.618272905349731,6.579216012954712,121.55191459655762,120.153198928833,0.0053611826151609,-0.0066713625565171,0.0096511552110314,0.5859640836715698,0.3400450646877289,0.132658913731575,0.0915892124176025,0.1148871406912803,0.1414971202611923,-0.0346930138766765,-0.2433915585279464,-0.2846391797065735
2018-07-05 00:00:00+00:00,84.44,84.44,83.73,83.73,,84.23,17.0,154.0,,,,68.99630004882812,68.45497993469239,6.618272905349731,6.579216012954712,121.53313934326172,120.07119903564453,0.0055806799791753,0.0044170962646603,0.0071440651081502,0.8968145251274109,0.5868191123008728,0.1944626867771148,-0.0848528519272804,-0.0828039124608039,0.0942009761929512,-0.0621438734233379,-0.5041099190711975,-0.3672761619091034
2018-07-06 00:00:00+00:00,84.12,84.95,84.12,86.38,2.65,84.4,3.0,127.0,,,,68.89120071411133,68.31298194885254,6.618272905349731,6.579216012954712,121.57639434814452,120.12829872131348,0.008857574313879,0.0042928257025778,0.0073171132244169,0.956167221069336,0.4801259040832519,-0.1690335869789123,-0.1695118844509124,-0.1334536373615265,-0.1636787354946136,-0.0359762236475944,-0.4818902611732483,-0.210388034582138
2018-07-09 00:00:00+00:00,85.96,87.09,85.43,86.58,0.93,86.5,26.0,126.0,,,,68.94409950256347,68.43867912292481,6.618272905349731,6.579216012954712,120.73855422973632,118.14110054016112,-0.0030454397201538,-0.003768425900489,-0.0083863567560911,-0.3530909717082977,-0.2641735076904297,-0.1526754945516586,-0.1080928295850753,-0.0464109629392623,0.06578029692173,0.1947943419218063,0.8363798260688782,0.4224229753017425
2018-07-10 00:00:00+00:00,86.66,86.83,86.31,87.5,0.92,86.6,12.0,132.0,,,,68.82389961242676,68.33458030700683,6.616602926254273,6.57649603843689,121.57986473083496,120.37689758300782,0.010235596448183,0.0144832953810691,0.0082858772948384,-0.8658820986747742,-0.556907057762146,-0.2182077765464782,0.0062249302864074,0.0425806939601898,0.1554679423570633,0.0965068116784095,0.2406042069196701,0.2138222754001617
2018-07-11 00:00:00+00:00,86.58,86.58,85.21,85.24,-2.26,85.73,61.0,129.0,,,,68.94070022583008,68.3991803741455,6.618272905349731,6.579216012954712,121.52653434753418,120.07939903259278,0.0147690614685416,0.0243699997663497,0.0108041688799858,-0.5106896162033081,-0.2827649414539337,-0.1648416966199875,-0.1224779188632965,-0.0705259665846824,-0.0722828730940818,-0.0421877987682819,-0.2541676461696625,-0.2356586903333664
2018-07-12 00:00:00+00:00,86.13,89.24,86.13,89.24,4.0,88.24,44.0,126.0,,,,68.71429969787597,68.2708807373047,6.618272905349731,6.579216012954712,121.57330459594726,120.32919807434082,-0.007541459519416,-0.0120089082047343,-0.0085497079417109,-0.3001264333724975,-0.2809985280036926,-0.1622238606214523,-0.0781045779585838,-0.0632956773042678,0.1514715105295181,0.0412227138876915,0.0512734279036521,0.1080979257822036
2018-07-13 00:00:00+00:00,89.75,89.89,88.02,88.9,-0.34,88.71,54.0,129.0,,,,68.4978995513916,68.03729057312012,6.618272905349731,6.579216012954712,121.56973945617676,120.14349868774414,0.0085421232506632,0.0143734188750386,0.0087598003447055,-1.3857420682907104,-0.8806480169296265,-0.2728527188301086,0.0195544399321079,-0.0324337445199489,0.0813096612691879,-0.0204597115516662,-0.0562338940799236,-0.0981359034776687
2018-07-16 00:00:00+00:00,89.0,89.32,88.68,88.88,-0.02,88.92,14.0,144.0,,,,68.92764793395996,68.32235122680665,6.683143091201782,6.635713996887207,121.41534729003908,120.14309936523438,-0.0044186902232468,-0.0047631068155169,-0.0057153119705617,0.9262700080871582,0.4467616975307464,0.1625020205974578,0.07025046646595,0.0366418547928333,0.0862062945961952,-0.0162343792617321,-0.1213009133934974,-0.1746675372123718
2018-07-17 00:00:00+00:00,88.67,89.35,87.95,89.2,0.32,89.03,30.0,145.0,,,,68.9845359802246,68.41000053405762,6.683143091201782,6.635713996887207,121.73603996276856,120.1948014831543,-0.0049139880575239,-0.005548071116209,-0.0052625928074121,-0.3486283421516418,-0.1412395536899566,-0.0851769372820854,-0.339942455291748,-0.3478488624095917,-0.1444974094629287,0.7908885478973389,3.4004311561584477,1.51440167427063
2018-07-18 00:00:00+00:00,88.8,89.22,88.8,88.83,-0.37,89.01,6.0,148.0,,,,68.52228523254395,68.06375198364258,6.682608079910279,6.634816007614136,121.61794288635254,120.20150123596191,-0.0005663727642968,-0.0027800104580819,-0.005193103570491,-0.0488803647458553,0.0572638884186744,-0.1014902964234352,0.1347289085388183,0.100003182888031,0.1174333319067955,-0.0271355174481868,-0.3332363665103912,-0.1781549453735351
2018-07-19 00:00:00+00:00,88.81,88.81,88.3,88.3,-0.53,88.6,12.0,142.0,,,,68.92585952758789,68.41125183105468,6.682608079910279,6.634816007614136,121.61794288635254,120.20150123596191,0.0356559678912162,0.0409747436642646,0.0183701813220977,0.3678477108478546,0.1618920117616653,0.1192770004272461,0.3620993494987488,0.3377960622310638,0.3077300786972046,-0.0311709586530923,-0.1584455668926239,-0.1384508609771728
2018-07-20 00:00:00+00:00,88.43,88.52,86.9,87.74,-0.56,87.44,33.0,147.0,,,,69.00098182678222,68.52290031433105,6.682608079910279,6.634816007614136,121.61794288635254,120.20150123596191,-0.0047016656026244,-0.0087025258690118,-0.0102688241750001,0.7241127490997314,0.3401635289192199,0.1751673817634582,-0.0619403235614299,-0.0781134590506553,0.0611124262213707,-0.0380072295665741,-0.3637638092041015,-0.1823416501283645
2018-07-23 00:00:00+00:00,87.47,87.62,87.24,87.47,-0.27,87.5,5.0,140.0,,,,68.97440620422363,68.58250007629394,6.682608079910279,6.634816007614136,121.61794288635254,120.20150123596191,0.0042338520288467,0.0097802160307765,0.0088751139119267,0.3554590940475464,0.3037990629673004,0.1760189086198806,0.0562019497156143,0.0396032072603702,0.1203566417098045,0.1576911360025406,0.4241395890712738,0.1029490604996681
2018-07-24 00:00:00+00:00,87.93,87.93,87.46,87.32,-0.15,87.64,6.0,139.0,,,,69.03825164794922,68.42660118103028,6.682608079910279,6.634816007614136,121.61794288635254,120.20150123596191,-0.0010048191761597,-0.0014762131031602,0.0073076547123491,0.374166876077652,0.2222465276718139,-0.1240135207772255,-0.2513782680034637,-0.2203838378190994,-0.1775037497282028,-0.0166974775493145,-0.2073622643947601,-0.1245681196451187
2018-07-25 00:00:00+00:00,88.92,89.38,88.61,88.8,1.48,89.03,27.0,138.0,,,,69.03764907836914,68.54824996948243,6.682608079910279,6.634816007614136,121.61794288635254,120.20150123596191,-0.0107149425894021,-0.0100467773154377,-0.0102354036644101,-0.143471211194992,-0.1492549628019333,-0.1168894991278648,0.03505240380764,0.0423942096531391,0.1696355193853378,0.0625790208578109,0.1929593831300735,0.0567312911152839
2018-07-26 00:00:00+00:00,88.88,89.17,88.23,89.03,0.23,88.84,6.0,157.0,,,,68.98520652770996,68.56860008239747,6.682608079910279,6.634816007614136,121.61794288635254,120.20150123596191,-0.0014725246001034,0.0041174655780196,-0.0069110565818846,0.0928423330187797,0.0616604909300804,-0.0762353986501693,0.0127637675032019,-0.0098523832857608,0.1194414496421814,-0.0438677966594696,-0.2850294709205627,-0.3087679147720337
2018-07-27 00:00:00+00:00,89.03,89.17,88.23,89.06,0.03,,6.0,155.0,,,,68.97294486999512,68.48870140075684,6.682608079910279,6.634816007614136,121.61794288635254,120.20150123596191,0.0154536431655287,0.0196229834109544,0.0115968193858861,0.3228805959224701,0.2159637510776519,0.1047387793660163,-0.0516396798193454,-0.0332752540707588,0.0819936171174049,-0.0276194065809249,-0.2373429983854293,-0.3468371927738189
2018-07-30 00:00:00+00:00,89.08,90.61,88.48,89.95,0.89,89.59,77.0,155.0,,,,68.9307233428955,68.42615203857422,6.682608079910279,6.634816007614136,121.72067749023438,120.22130126953124,-0.0024320820812135,-0.002646745648235,-0.0067362808622419,1.070354461669922,0.8108234405517578,0.2271735072135925,0.0599999465048313,0.0613954067230224,0.2028990238904953,-1.0743602514266968,-4.618694305419922,-1.50480055809021
2018-07-31 00:00:00+00:00,90.44,90.57,90.31,90.28,0.33,90.45,5.0,176.0,,,,68.9825283050537,68.43190132141113,6.682608079910279,6.634816007614136,121.69702209472656,120.18940162658691,-1.40103256853763e-05,0.0019036022713407,0.0067619872279465,-0.0645274668931961,-0.0800351649522781,-0.0993392392992973,-0.0170936305075883,-0.0424225851893425,0.056569468230009,0.1831160932779312,1.1524364948272705,0.6330738663673401
2018-08-01 00:00:00+00:00,89.59,90.57,89.59,89.06,-1.22,89.92,13.0,176.0,,,,68.79143043518066,68.24408340454102,6.820405859947204,6.7678701066970826,124.04220497131348,120.17550003051758,-0.0067548202350735,-0.0029830525163561,-0.0072207199409604,0.2072598338127136,-0.1759144067764282,-0.1096420586109161,0.0038836698513478,-0.0478882119059562,0.0458354726433754,-0.0391133837401866,-0.1946600079536438,-0.08722535520792
2018-08-02 00:00:00+00:00,88.88,89.26,88.66,89.44,0.38,88.87,17.0,188.0,,,,68.66673057556153,68.17380088806152,6.831658859252929,6.787335047721863,124.04220497131348,120.17550003051758,-0.0019126248080283,-0.0029027238488197,-0.0073131751269102,1.0308161973953247,0.5324870347976685,-0.1721306443214416,0.1954432725906372,0.1630404442548751,0.1789236366748809,-0.03524661809206,-0.0933692380785942,-0.0648597031831741
2018-08-03 00:00:00+00:00,89.39,89.9,87.4,88.67,-0.77,88.66,48.0,191.0,,,,68.78749877929687,68.40094985961915,6.831691851615906,6.787962040901184,124.04220497131348,120.17550003051758,0.0260499287396669,0.0204864609986543,0.0109583660960197,0.0477363653481006,-0.0973599404096603,-0.1029369086027145,0.0567324869334697,0.0385364107787609,0.1455845981836319,0.0582473501563072,0.1133894324302673,0.0614017061889171
2018-08-06 00:00:00+00:00,87.87,88.54,87.63,88.69,0.02,88.01,33.0,199.0,,,,68.82532806396485,68.32400039672852,6.831691851615906,6.787962040901184,124.04220497131348,120.17550003051758,0.0122865140438079,0.0134892044588923,0.0084638111293315,-0.2115803211927414,-0.1224198117852211,-0.1187118142843246,0.1193502694368362,0.0786556378006935,0.1206664815545082,-0.0219102203845977,-0.175533577799797,-0.1376990675926208
2018-08-07 00:00:00+00:00,88.53,89.31,87.81,88.22,-0.47,88.88,25.0,204.0,,,,69.09800491333007,68.69409881591797,6.831691851615906,6.787962040901184,124.04220497131348,120.17550003051758,0.002107910811901,-0.0038234125822782,-0.0061965016648173,-0.6781757473945618,-0.2489950954914093,-0.1335490942001342,-0.0074668303132057,-0.0207413025200366,0.0522085018455982,-0.0203819777816534,-0.107689157128334,-0.0410984233021736
2018-08-08 00:00:00+00:00,88.08,88.08,87.49,87.39,-0.83,87.72,11.0,191.0,,,,68.77003051757812,68.43669975280761,6.831658859252929,6.787335047721863,124.04220497131348,120.17550003051758,0.0080252941697835,0.0075294086709618,0.0065989252179861,0.4008032381534576,0.1678286343812942,-0.1005132794380188,0.0606141053140163,0.0410370714962482,0.1334145963191986,-0.0220846980810165,-0.1572079807519912,0.1458154916763305
2018-08-09 00:00:00+00:00,87.38,87.38,87.05,87.26,-0.13,87.24,15.0,188.0,,,,68.82034461975098,68.37781631469727,6.827349858283997,6.782698059082032,124.04220497131348,120.17550003051758,-0.0018601438496261,-0.0053418930619955,-0.0067587024532258,0.6612515449523926,0.3442503809928894,-0.1513006836175918,0.2538392245769501,0.233087733387947,0.2288601845502853,-0.0207361653447151,-0.0868229195475578,0.1881144642829895
2018-08-10 00:00:00+00:00,87.66,87.82,85.52,85.86,-1.4,86.01,62.0,190.0,,,,69.00580101013183,68.58790084838867,6.831691851615906,6.787962040901184,124.04220497131348,120.17550003051758,0.009679777547717,0.0137197393923997,0.0072213481180369,0.3983582854270935,0.1421546339988708,-0.1008019670844078,-0.1192478984594345,-0.0928216055035591,-0.1513411700725555,0.0476533845067024,0.1010944470763206,0.203115776181221
2018-08-13 00:00:00+00:00,85.35,85.35,82.31,83.14,-2.72,84.12,38.0,194.0,,,,69.04764144897462,68.50330093383789,6.831691851615906,6.787962040901184,124.04220497131348,120.17550003051758,0.0112239364534616,0.02054039016366,0.0102316997945308,0.2147298455238342,0.1436976492404937,-0.0893802940845489,0.6888213157653809,0.6672071814537048,0.4227547645568847,-0.0227259397506713,-0.1236837282776832,0.2033153474330902
2018-08-14 00:00:00+00:00,82.78,83.5,82.67,83.41,0.27,83.03,10.0,189.0,,,,69.05694091796875,68.4705012512207,6.831691851615906,6.787962040901184,124.04220497131348,120.17550003051758,-0.0189164280891418,-0.0155734717845916,-0.008135238662362,0.7104527950286865,0.4139030575752258,0.1888361424207687,0.0145527655258774,0.051354955881834,0.1114968508481979,-0.013562356121838,-0.152582898736,0.038016490638256
2018-08-15 00:00:00+00:00,82.51,82.51,81.21,81.08,-2.33,81.83,5.0,188.0,,,,69.05694091796875,68.4705012512207,6.831691851615906,6.787962040901184,124.04220497131348,120.17550003051758,0.0289104655385017,0.0328502617776393,0.0150740155950188,0.941744029521942,0.5831857919692993,0.2231747210025787,0.600559413433075,0.6218522787094116,0.1870364397764206,-0.0204016808420419,-0.1089393123984336,0.0859659314155578
2018-08-16 00:00:00+00:00,81.6,82.35,81.55,82.13,1.05,82.03,27.0,188.0,,,,69.64645027160644,68.7515184020996,6.875284881591797,6.825794062614441,123.17791046142578,121.25839904785155,-0.0221677161753177,-0.0285299327224493,-0.0128390071913599,2.089119672775269,1.2795608043670654,-0.3415323197841644,-0.4332037568092346,-0.4055208265781402,-0.3061130940914154,-0.0203307978808879,-0.0955667868256568,0.0448311977088451
2018-08-17 00:00:00+00:00,81.58,81.75,81.58,81.75,-0.38,81.71,7.0,175.0,,,,69.64645027160644,68.7515184020996,6.875284881591797,6.825794062614441,123.1265104675293,121.27439903259275,0.0115991821512579,0.0104956701397895,0.0077365580946207,-0.7622855305671692,-0.5113564729690552,-0.21476711332798,-0.0467907525599002,0.0319107621908187,-0.1087474226951599,-0.0191528778523206,-0.1239774823188781,-0.1529222726821899
2018-08-20 00:00:00+00:00,81.75,83.1,81.58,83.1,1.35,,1.0,178.0,,,,69.64645027160644,68.7515184020996,6.872520899772644,6.822619018554687,123.6770790863037,121.11049934387206,0.0030641052871942,0.0024116064887493,0.0052790939807891,-0.0281467586755752,-0.100132867693901,-0.1544149965047836,0.2022398114204406,0.216998890042305,0.1303960233926773,-0.0192117486149072,-0.2170590609312057,-0.1624147146940231
2018-08-21 00:00:00+00:00,83.08,83.79,83.08,83.5,0.4,83.55,5.0,178.0,,,,69.5642504119873,68.7477084350586,6.857537007331848,6.811988935470581,123.32311897277832,121.22349853515624,4.764648838317953e-05,-0.0033615317661315,-0.0052517913281917,0.6705517172813416,0.313265711069107,-0.1402351558208465,0.1243303567171096,0.1021655574440956,0.1237658709287643,-0.0477503538131713,-0.3436195254325866,-0.2540875077247619
2018-08-22 00:00:00+00:00,83.74,83.74,83.23,82.52,-0.98,83.51,4.0,179.0,,,,69.5642504119873,68.7477084350586,6.855869030952453,6.811669893264771,123.8349390411377,120.95319969177244,0.0023184195160865,0.0032259649597108,0.0054105347953736,0.3026228249073028,0.1662319898605346,-0.1376585513353347,0.1703237146139145,0.1520001143217086,0.0875106826424598,-0.0226534269750118,-0.1084768325090408,-0.0651174336671829
2018-08-23 00:00:00+00:00,82.49,82.49,81.5,81.73,-0.79,81.8,5.0,178.0,,,,69.64645027160644,68.7515184020996,6.860561008453369,6.814711871147156,123.8731502532959,121.45179901123046,0.0080167157575488,0.0147074265405535,0.0081325313076376,0.3641165494918823,0.1951131820678711,-0.1814627647399902,0.2226911932229995,0.2185291498899459,0.1170905828475952,-0.0225675534456968,-0.1432113647460937,-0.0748147293925285
2018-08-24 00:00:00+00:00,81.96,82.72,81.96,81.81,0.08,82.48,10.0,179.0,,,,69.64645027160644,68.7515184020996,6.870409903526306,6.820720009803772,123.8506990814209,121.60369819641112,-0.0271263513714075,-0.0508372709155082,-0.0170693453401327,0.0829249396920204,-0.0470092296600341,-0.1474215984344482,-0.2164129018783569,-0.1301929354667663,-0.1450817286968231,-0.0687623992562294,-0.7344435453414917,-0.2902199327945709
2018-08-27 00:00:00+00:00,82.15,82.95,82.15,83.52,1.71,82.55,2.0,183.0,,,,69.64645027160644,68.7515184020996,6.819219903945923,6.77346408367157,122.86832008361816,119.83840072631835,0.0118050379678606,0.0148068545386195,0.0059686992317438,-0.4598612785339355,-0.3551090657711029,-0.180839717388153,0.1863697320222854,0.12143474817276,0.1810901015996933,0.3006393909454345,1.2688721418380735,0.5344569087028503
2018-08-28 00:00:00+00:00,83.14,83.98,83.12,83.81,0.29,83.69,18.0,184.0,,,,69.64645027160644,68.7515184020996,6.8358038854599,6.794352951049805,123.44250045776369,121.45849868774414,-0.0050521753728389,-0.008671024814248,-0.0038835098966956,-0.2710039615631103,-0.1552513390779495,-0.1201560199260711,0.3162659108638763,0.3114678263664245,0.1635139435529709,-0.0179773308336734,-0.1237419992685318,-0.1469401866197586
2018-08-29 00:00:00+00:00,83.98,83.98,83.3,82.97,-0.84,83.66,4.0,182.0,,,,69.64645027160644,68.7515184020996,6.838233876228332,6.787841062545777,123.72300079345705,121.5949006652832,0.0092312581837177,0.0108342096209526,0.0049440460279583,-0.6369362473487854,-0.2173372507095337,-0.1240667924284935,0.0921152979135513,0.0848738327622413,-0.0926960706710815,-0.0190237462520599,-0.1367936134338379,-0.1391986608505249
2018-08-30 00:00:00+00:00,82.9,82.9,82.09,82.42,-0.55,82.37,15.0,183.0,,,,69.64645027160644,68.7515184020996,6.839209060668946,6.804083051681519,123.5898504638672,121.73409858703612,0.0132919857278466,0.0163661483675241,0.0070279235951602,-0.5417289137840271,-0.229693979024887,-0.1207545027136802,0.22173772752285,0.2351401299238205,0.121738389134407,-0.0194862000644207,-0.1229522004723548,-0.1295103132724762
2018-08-31 00:00:00+00:00,82.71,82.98,82.61,82.31,-0.11,82.69,15.0,181.0,,,,69.64645027160644,68.7515184020996,6.855465025901794,6.811926875114441,123.73090087890624,121.55610084533691,0.0036004693247377,0.0039490875788033,0.0030820593237876,0.0707871094346046,0.142349362373352,-0.1065671220421791,-0.3256452083587646,-0.2792740762233734,-0.5124185681343079,-0.0190106648951768,-0.1408513039350509,-0.1095225811004638
2018-09-04 00:00:00+00:00,82.7,83.02,81.52,82.78,,82.25,12.0,179.0,,,,70.9524015045166,70.27629852294922,6.832628049850464,6.794195928573608,123.30969932556152,121.17949958801267,0.0129697881639003,0.0180683471262455,0.0062842206098139,0.4640530049800873,-0.3218461275100708,-0.1615264564752578,0.6370092034339905,0.6194071769714355,0.2079227417707443,-0.0218161456286907,-0.171732947230339,-0.1107937321066856
2018-09-05 00:00:00+00:00,82.78,83.02,81.52,81.71,-1.07,,26.0,177.0,,,,71.03940170288087,70.35951919555664,6.847439904212951,6.818301935195922,123.2263990020752,121.52959930419922,-0.0034357353579252,-0.0039443173445761,-0.0042986152693629,0.7960642576217651,0.3448640406131744,-0.1700822412967682,0.0954382568597793,0.0986500978469848,-0.1654942035675048,-0.0307583771646022,-0.1803106516599655,-0.109764315187931
2018-09-06 00:00:00+00:00,81.61,81.97,81.6,81.38,-0.33,81.74,12.0,176.0,,,,71.03940170288087,70.35951919555664,6.852259974479676,6.802494945526123,123.14969879150392,121.54120002746582,0.0003715749480761,0.0010704420274123,0.0024042984005063,-0.6553053855895996,-0.2149224281311035,-0.128448948264122,0.1138458475470542,0.0949417576193809,-0.2183706313371658,-0.0211001019924879,-0.1322450190782547,-0.0804833024740219
2018-09-07 00:00:00+00:00,82.13,82.13,82.13,82.13,0.75,82.13,1.0,175.0,,,,71.03940170288087,70.35951919555664,6.850314931869507,6.817092962265015,123.31379936218262,121.2397998046875,0.0019448846578598,0.0013959954958409,0.0014218144351616,-0.1403047740459442,-0.2394898682832718,-0.1692245602607727,0.0813721641898155,0.0798492282629013,-0.213678240776062,-0.0216728597879409,-0.1270202547311782,-0.0854764580726623
2018-09-10 00:00:00+00:00,83.15,83.82,83.15,83.93,1.8,83.55,9.0,174.0,,,,71.03940170288087,70.35951919555664,6.856473999023438,6.820020961761474,123.78510070800782,121.4242999267578,0.0024128803052008,0.0036048225592821,0.0031728104222565,0.0725739449262619,0.0559657998383045,-0.1233534216880798,0.2577364146709442,0.1891451030969619,-0.1390286237001419,-0.0221187360584735,-0.1364341825246811,-0.1272474974393844
2018-09-11 00:00:00+00:00,83.88,83.89,82.74,83.03,-0.9,83.5,9.0,169.0,,,,71.03940170288087,70.35951919555664,6.867467012405395,6.832970924377442,123.18849922180176,121.49879837036131,0.0040755188092589,0.008233088068664,0.0039642653428018,0.097410187125206,0.081032820045948,0.1385114043951034,0.2088499516248703,0.2911238968372345,-0.1729038059711456,-0.0307582654058933,-0.2028893679380417,-0.1348789036273956
2018-09-12 00:00:00+00:00,83.4,83.4,83.4,82.76,-0.27,83.4,1.0,166.0,,,,71.03940170288087,70.35951919555664,6.89420602798462,6.851186027526856,123.11379936218262,121.48129928588868,-0.0019028177484869,-0.0032004851382225,-0.0031360737048089,0.2413630336523056,0.1424906551837921,0.1317019909620285,-0.5990968346595764,-0.535427451133728,-0.4523859024047851,-0.0187370553612709,-0.0911107659339904,-0.1080070734024047
2018-09-13 00:00:00+00:00,82.18,82.2,81.91,81.62,-1.14,82.13,60.0,167.0,,,,71.03940170288087,70.35951919555664,6.871506948471069,6.830720934867859,123.293198928833,121.56440055847168,-0.0040803276933729,-0.0083450898528099,-0.0046224417164921,-0.1388598978519439,-0.1278951168060302,-0.1055232733488082,0.0275521241128444,0.0667625144124031,0.1350293159484863,-0.0212789587676525,-0.1335239559412002,-0.1083080321550369
2018-09-14 00:00:00+00:00,81.98,82.08,81.74,81.9,0.28,81.84,8.0,167.0,,,,71.03940170288087,70.35951919555664,6.855458979606628,6.828042893409729,123.25529975891114,121.21499946594238,0.0033169633243232,0.0073179802857339,0.0044706161133944,-0.0015513987746089,-0.0825081914663314,-0.1158289238810539,0.0508693121373653,0.0461611934006214,-0.0955518633127212,-0.0385979190468788,-0.2744099795818329,-0.1957228630781173
2018-09-17 00:00:00+00:00,81.94,82.34,81.94,81.51,-0.39,82.08,19.0,186.0,,,,72.58536979675293,71.71858917236328,6.88282609462738,6.847448034286499,123.509301071167,121.7384008026123,-0.0036435353104025,-0.0054734731093049,-0.0030322326347231,-0.3245337903499603,-0.1653890162706375,-0.1134165078401565,0.3024218678474426,0.351971834897995,0.1082107573747634,0.0295874327421188,-0.1586562693119049,0.1904050409793853
2018-09-18 00:00:00+00:00,82.01,82.01,79.17,79.15,-2.36,80.18,37.0,173.0,,,,72.6553598022461,71.85135772705078,6.868427143096924,6.836094880104065,123.15659889221192,121.351900100708,0.0037024668417871,0.0062815025448799,0.0032753152772784,-0.4706276357173919,-0.1632182151079177,-0.1049190536141395,0.2794025540351867,0.3484157919883728,-0.1135381609201431,-0.0410635136067867,-0.325136661529541,-0.2282139062881469
2018-09-19 00:00:00+00:00,79.39,80.07,79.3,79.63,0.48,79.5,6.0,146.0,,,,72.68925926208496,71.9291778564453,6.8797171020507815,6.847334027290344,123.16179954528808,121.53890113830566,-0.0020239036530256,-0.0018329787999391,-0.0018907103221863,0.0512967109680175,0.0598491057753562,0.1081109344959259,-0.6639049053192139,-0.6710523366928101,-0.4012041985988617,-0.0185832194983959,-0.0808862373232841,0.1258414834737777
2018-09-20 00:00:00+00:00,79.56,79.92,78.24,79.07,-0.56,79.45,38.0,142.0,,,,72.62996009826661,71.76467819213867,6.858919959068299,6.822532849311829,123.29509941101074,121.58899978637696,0.000175992201548,0.0014992553042247,0.0015060778241604,0.3727185428142547,0.1842095106840133,0.1489871144294738,-0.4448300302028656,-0.4291793704032898,0.1126126497983932,-0.0324021764099597,-0.2472588270902633,-0.1765444278717041
2018-09-21 00:00:00+00:00,79.18,79.44,79.1,79.28,0.21,79.18,5.0,137.0,,,,72.57652969360352,71.59424919128418,6.854916944503784,6.820533857345581,123.21409957885744,121.65769874572754,0.0012942205648869,0.0035269998479634,-0.0018760807579383,0.7014187574386597,0.4456732273101806,0.205201581120491,0.4798975884914398,0.4447106420993805,0.2358461916446685,-0.0535598769783973,-0.5407434701919556,-0.2976090312004089
2018-09-24 00:00:00+00:00,79.28,79.44,78.73,78.73,-0.55,,5.0,136.0,,,,72.54662063598633,71.73540794372559,6.87688003063202,6.839940948486328,122.82420555114746,121.2351000213623,0.003318364964798,0.0018169796094298,-0.0018994244746863,0.7170099020004272,0.3403410315513611,0.1550747454166412,0.2368532419204712,0.2507620453834533,0.188043862581253,0.2321627140045166,0.9381644129753112,0.4152345657348633
2018-09-25 00:00:00+00:00,80.0,80.2,80.0,80.41,1.68,80.1,2.0,116.0,,,,72.7061589050293,71.98722801208496,6.885194053649903,6.8496131372451785,122.80100517272948,121.21740020751952,-0.0024364299606531,-0.003650537924841,-0.0029061289969831,1.1006804704666138,0.639363169670105,0.2190051227807998,-0.3037563562393188,-0.2834526300430298,-0.2413667142391204,0.1955959945917129,0.674993634223938,0.3559790551662445
2018-09-26 00:00:00+00:00,80.41,80.41,79.0,79.0,-1.41,,2.0,48.0,,,,72.7061589050293,71.98722801208496,6.885552077293396,6.849165086746216,123.32270057678222,121.49920082092284,0.0007852063863538,-0.0009023103048093,0.0020955156069248,0.599481999874115,0.2796653807163238,-0.1721699833869934,-0.2751226723194122,-0.2258541136980056,-0.169247105717659,-0.0171021521091461,-0.0908084511756897,-0.0619525089859962
2018-09-27 00:00:00+00:00,79.0,80.41,78.12,78.12,-0.88,,2.0,47.0,,,,72.68925926208496,71.92387786865234,6.889878005981445,6.847726106643677,123.1580997467041,121.35369956970214,0.0079207280650734,0.0055757537484169,0.0033266809768974,0.1612328290939331,0.0957469195127487,-0.1455157697200775,-0.0327120535075664,-0.0439681932330131,-0.1396420300006866,-0.0460095480084419,-0.2692655026912689,-0.2626391053199768
2018-09-28 00:00:00+00:00,78.12,80.41,76.76,76.76,-1.36,,2.0,42.0,,,,72.7061589050293,71.98722801208496,6.895427021980286,6.848558111190796,123.23239929199218,121.388099899292,-0.0041518965736031,-0.0058627165853977,-0.0034704019781202,0.01028539147228,0.0955405235290527,-0.1621493697166443,-0.3690098524093628,-0.2152491509914398,-0.1737380772829055,-0.0422372110188007,-0.2898516654968261,-0.2668088972568512
2018-10-01 00:00:00+00:00,76.78,76.78,76.78,76.7,-0.06,76.78,1.0,42.0,,,,72.77912933349609,71.95230018615723,6.871180076599121,6.846109080314636,123.17129913330078,121.6701000213623,0.001548602594994,0.0011735018342733,0.0016664187423884,-0.1115594878792762,-0.1466436088085174,-0.1834053248167038,1.0190526247024536,1.0078341960906982,0.261864423751831,-0.0182246677577495,-0.1402240246534347,-0.1119003295898437
2018-10-02 00:00:00+00:00,76.7,76.78,76.58,76.58,-0.12,,1.0,42.0,,,,72.9786001586914,72.29260200500488,6.871121077537537,6.84665509223938,123.38279960632325,121.70939910888671,0.000503888411913,0.0003235796757508,0.0016767919296398,0.684977650642395,0.4059677124023437,-0.2411032319068908,-0.3771021664142608,-0.3341890573501587,-0.1202562600374221,-0.0211555324494838,-0.1428681910037994,-0.0782709270715713
2018-10-03 00:00:00+00:00,76.58,76.85,76.58,76.85,0.27,,1.0,42.0,,,,72.9786001586914,72.29260200500488,6.871121077537537,6.84665509223938,123.41729965209962,121.95769859313964,0.0013456911547109,0.001192026422359,0.0020425864495337,0.31118243932724,0.2264726608991623,-0.2115088403224945,0.2970589101314544,0.350198894739151,0.1399465501308441,-0.0314141064882278,-0.260418951511383,-0.1787749230861663
2018-10-04 00:00:00+00:00,76.85,76.85,76.39,76.39,-0.46,,1.0,41.0,,,,72.9786001586914,72.29260200500488,6.871121077537537,6.84665509223938,123.60380073547364,121.15109977722167,-0.0001644427247811,-0.001609542989172,-0.002715673064813,2.1833767890930176,1.1839797496795654,-0.4030495584011078,0.1310227513313293,0.1061204671859741,-0.1783652752637863,0.1271881163120269,0.3827597796916961,0.3499508500099182
2018-10-05 00:00:00+00:00,76.39,76.85,76.39,76.49,0.1,,1.0,22.0,,,,72.9786001586914,72.29260200500488,6.873642024993896,6.848467087745666,123.32689865112305,121.71079971313476,-0.0021618702448904,-0.0029537859372794,-0.0026694983243942,-1.2424415349960327,-0.9884178042411804,-0.3676817417144775,-0.3405243158340454,-0.2637786269187927,-0.1783676296472549,0.0505123622715473,-0.0954691469669342,0.2043933123350143
2018-10-08 00:00:00+00:00,76.49,77.94,76.39,77.94,1.45,,1.0,22.0,,,,72.9786001586914,72.29260200500488,6.89514612197876,6.860805087089538,122.73225471496582,121.56410079956056,0.0356052182614803,0.0359240211546421,0.0168034490197896,-0.5405071973800659,-0.4055466651916504,-0.2860555648803711,0.3817258179187774,0.4899196624755859,0.1262520253658294,0.2323966771364212,0.8463867902755737,0.4438343048095703
2018-10-09 00:00:00+00:00,77.5,77.89,76.2,77.01,-0.54,77.19,15786.0,138361.0,278.0,67.0,,72.9786001586914,72.29260200500488,6.915650081634522,6.871937122344971,124.142700881958,121.338099899292,-0.0079594487324357,-0.0117408288642764,-0.0060213264077901,1.123672366142273,1.0153881311416626,-0.3437482714653015,0.4703704714775085,0.5103905200958252,0.2432840168476104,0.2149875462055206,1.04491925239563,0.7578765749931335
2018-10-10 00:00:00+00:00,77.01,77.57,76.49,76.8,-0.21,77.03,14755.0,137735.0,113.0,100.0,,72.9786001586914,72.29260200500488,6.915650081634522,6.871937122344971,125.28240074157716,122.94519905090333,-0.0022570798173546,-0.0019931872375309,-0.003495080396533,-0.2070089280605316,-0.3302662670612335,-0.260468065738678,0.0510492883622646,-0.0456227883696556,-0.1638343334197998,1.111482858657837,4.994733810424805,1.7180315256118774
2018-10-11 00:00:00+00:00,76.87,77.76,76.15,76.81,0.01,76.82,18486.0,136980.0,89.0,,,72.9786001586914,72.29260200500488,6.915650081634522,6.871937122344971,128.9193978881836,127.54390014648438,-0.0087790368124842,-0.0122200772166252,-0.005938806105405,-0.6145086288452148,-0.4075438380241394,-0.2805775701999664,-0.1741304099559784,-0.1223853975534439,-0.213754802942276,-0.2159655094146728,-1.0797022581100464,-0.4506319463253021
2018-10-12 00:00:00+00:00,76.88,78.88,76.88,78.37,1.56,78.3,18051.0,137480.0,,,,72.9786001586914,72.29260200500488,6.902169971466065,6.8668641757965085,128.9193978881836,127.54390014648438,0.007321482989937,0.0123367793858051,0.0079980408772826,-0.2976230084896087,-0.1317537724971771,-0.2049724906682968,-0.282546192407608,-0.3210829794406891,-0.1684424430131912,0.2225909531116485,0.7599503397941589,0.322775274515152
2018-10-15 00:00:00+00:00,78.7,79.16,77.85,78.72,0.35,78.51,14952.0,138632.0,189.0,22.0,,72.9786001586914,72.29260200500488,6.915650081634522,6.871937122344971,128.9193978881836,127.54390014648438,-0.0034357199911028,-0.0040110968984663,-0.0037593266461044,0.1897442638874054,0.0576291382312774,-0.1452013701200485,0.5560129284858704,0.4869140684604645,0.1921074092388153,-0.031979776918888,-0.2341737747192382,-0.1850296109914779
2018-10-16 00:00:00+00:00,78.93,79.0,78.25,78.33,-0.39,78.53,13440.0,138188.0,,99.0,,74.04850166320801,73.28344993591308,6.929854989051819,6.887930994033813,127.65219909667968,124.35450073242188,-0.0005657093133777,-0.0007647286402061,-0.0032457259949296,-0.2276391834020614,-0.0722754672169685,-0.1437502950429916,-0.347222089767456,-0.4261968731880188,-0.1002321690320968,-0.0372164063155651,-0.1704483032226562,-0.140573963522911
2018-10-17 00:00:00+00:00,78.45,78.6,77.66,77.92,-0.41,78.07,11780.0,138316.0,10.0,,,73.5848014831543,72.89924697875976,6.930136981010437,6.886873993873596,127.65219909667968,124.35450073242188,2.9258912945806514e-06,-0.001080724876374,-0.0024291130248457,-0.3192674517631531,-0.106710635125637,-0.1689697802066803,0.0087783327326178,0.3389829993247986,0.1505761891603469,-0.0380358584225177,-0.2014261484146118,-0.194060742855072
2018-10-18 00:00:00+00:00,77.92,78.4,77.33,78.05,0.13,77.81,14282.0,136785.0,,,,73.80090171813964,73.22846015930176,6.922847967147828,6.891408014297485,130.68370124816894,125.54489990234374,0.0040200925432145,0.0035545020364224,0.0034555927850306,-0.9976962208747864,-0.3769107758998871,-0.1977230310440063,-0.0449219159781932,-0.0653039962053299,-0.1116189733147621,-0.0369411781430244,-0.2537111341953277,-0.1482172757387161
2018-10-19 00:00:00+00:00,78.15,78.15,77.52,77.92,-0.13,77.76,11228.0,134739.0,268.0,218.0,,73.81160125732421,73.16343032836915,6.924094023704529,6.884035029411316,130.68370124816894,125.54489990234374,-0.0029584371950477,-0.0039101717993617,-0.005629553925246,0.904606282711029,0.4804209768772125,-0.2001769244670868,-0.5073130130767822,-0.4878957867622375,-0.3320223987102508,0.0253994576632976,-0.1843446195125579,-0.1089019030332565
2018-10-22 00:00:00+00:00,77.85,80.14,77.76,80.02,2.1,79.48,23186.0,131743.0,469.0,,,73.59100158691406,72.92796188354492,6.923929009437561,6.882211031913758,129.5872004699707,124.80090042114256,0.0097395339980721,0.010237137787044,0.0054333214648067,-0.5089185237884521,-0.2443030625581741,-0.1700554639101028,0.1973284631967544,0.2234582901000976,0.0954232737421989,-0.041262000799179,-0.3534037172794342,-0.2326138317584991
2018-10-23 00:00:00+00:00,80.0,80.0,78.18,78.99,-1.03,78.8,22650.0,131501.0,73.0,101.0,,73.77410179138184,73.22323043823242,6.924094023704529,6.884035029411316,130.68370124816894,125.54489990234374,-0.0055391010828316,-0.0043992423452436,-0.0048240693286061,-0.1725433766841888,-0.1504392772912979,-0.1627625524997711,-0.1400200426578521,-0.1923202574253082,-0.0868240222334861,-0.0297360960394144,-0.1967013329267501,-0.1758885234594345
2018-10-24 00:00:00+00:00,79.03,79.5,77.0,77.07,-1.92,78.1,22799.0,130239.0,9.0,21.0,,73.5198006439209,72.77306701660156,6.924094023704529,6.884035029411316,128.74869987487793,125.09850021362304,-0.0032403995282948,-0.0016538923373445,-0.0032535910140722,-0.2205492705106735,-0.2174957692623138,-0.1567049771547317,0.0609421320259571,0.0720845311880111,0.1221784949302673,0.0186288934201002,-0.1517685651779174,-0.2372997254133224
2018-10-25 00:00:00+00:00,77.07,77.75,76.14,77.68,0.61,76.84,21000.0,127040.0,15.0,700.0,,73.46190032958984,72.73059700012207,6.924094023704529,6.884035029411316,127.57299896240234,124.35450073242188,-0.001623888965696,-0.0009217762271873,-0.0029100244864821,-0.0947223603725433,-0.0748703330755233,-0.1071475595235824,-0.24566650390625,-0.188544750213623,0.0563770644366741,-0.0602901056408882,-0.3174318671226501,-0.1349542438983917
2018-10-26 00:00:00+00:00,77.89,78.73,77.11,78.53,0.85,78.05,15186.0,127824.0,,,,73.54780090332031,72.82082717895508,6.924094023704529,6.884035029411316,130.68370124816894,125.54489990234374,0.0043726316653192,0.0020182337611913,0.0037127193063497,-0.3565504848957062,-0.1652413755655288,-0.1172562390565872,-0.0349621586501598,-0.0669505447149276,0.0830918177962303,-0.0306980870664119,-0.1462207287549972,-0.1014672964811325
2018-10-29 00:00:00+00:00,78.83,79.6,77.06,77.17,-1.36,77.95,12626.0,127153.0,171.0,141.0,,73.4874006652832,72.7361971282959,6.924094023704529,6.884035029411316,130.68370124816894,126.95849891662596,0.0004429420223459,0.0015799512621015,0.0040025035850703,-0.576991617679596,-0.3289862275123596,-0.1634964346885681,0.3436527848243713,0.3481637835502624,0.13046595454216,0.1189769059419632,0.504508376121521,0.1179237514734268
2018-10-30 00:00:00+00:00,77.11,77.5,76.55,76.9,-0.27,76.88,10570.0,126780.0,28.0,83.0,,73.71940208435059,73.10061630249024,6.924094023704529,6.884035029411316,130.68370124816894,125.54489990234374,0.0093479873612523,0.0113324159756302,0.0062055625021457,-0.1309913843870163,-0.1157153397798538,-0.1050236895680427,0.2006607502698898,0.1385452449321746,0.1367061138153076,-0.0174666214734315,-0.3851440846920013,-0.2280553579330444
2018-10-31 00:00:00+00:00,76.77,77.04,76.49,76.86,-0.04,76.74,11858.0,124967.0,227.0,1021.0,,74.12730155944824,73.3344645690918,6.924094023704529,6.884035029411316,130.68370124816894,125.54489990234374,0.002702921628952,0.0027943165041506,0.0037565913517028,-0.3829101920127868,-0.1845012009143829,-0.103845790028572,0.2579757869243622,0.2466012984514236,0.1738837659358978,0.1345003545284271,0.4214092791080475,0.2149608135223388
2018-11-01 00:00:00+00:00,77.07,79.6,76.53,79.03,2.17,78.57,29970.0,123666.0,67.0,5095.0,,74.42140083312988,73.64888793945312,6.957335023880005,6.942318964004516,132.81609924316408,130.53909744262694,-0.0191591791808605,-0.0266998466104269,-0.0119789466261863,0.4153496921062469,0.1378024369478225,-0.0882832631468772,-0.3986533582210541,-0.4644007086753845,-0.1601027250289917,0.1451489329338073,0.5074926614761353,0.246985986828804
2018-11-02 00:00:00+00:00,79.03,79.78,78.3,78.79,-0.24,78.83,15978.0,120218.0,27.0,,,73.34929962158203,72.78350006103516,6.919968948364258,6.880527033805847,133.02509979248046,130.4059959411621,-0.0246821828186512,-0.0249237306416034,-0.0103443311527371,-1.2355047464370728,-0.564937949180603,-0.1705729514360427,-0.3539749383926391,-0.3593891263008117,-0.1112788692116737,0.1541893184185028,0.5480512380599976,0.2594415545463562
2018-11-05 00:00:00+00:00,78.89,79.4,78.29,78.87,0.08,78.84,13216.0,116433.0,147.0,4400.0,,73.10969970703125,72.48731620788574,6.920069971084595,6.88105197429657,132.97879989624025,130.5744970703125,0.0134246153756976,0.0181696712970733,0.0076274750754237,2.0677590370178223,1.190922498703003,-0.3519530594348907,-0.0805758759379386,-0.0541181452572345,0.0720461681485176,0.1413399875164032,0.552454948425293,0.2346912324428558
2018-11-06 00:00:00+00:00,78.95,79.17,76.83,77.43,-1.44,77.64,29868.0,111660.0,121.0,593.0,800.0,73.20270011901856,72.50527626037598,6.929494962692261,6.89638897895813,132.89830169677734,130.97589981079102,-0.0046218014322221,-0.0070381900295615,-0.0043853516690433,0.3062628805637359,0.12099389731884,-0.1131563410162925,0.3499818742275238,0.3365456461906433,0.1483043730258941,-0.0402251109480857,-0.270483911037445,-0.2509333491325378
2018-11-07 00:00:00+00:00,77.36,79.77,77.2,78.96,1.53,78.84,25908.0,106931.0,25.0,4750.0,,73.30604957580566,72.71432945251465,6.927513980865479,6.894966988563538,132.9177018737793,130.97039978027342,-0.0030744667164981,-0.0038676369003951,-0.0028889877721667,0.173012763261795,0.1053067296743393,-0.1332954168319702,-0.6400946974754333,-0.6366058588027954,-0.2153795063495636,-0.0324871204793453,-0.2721247971057892,-0.2361595183610916
2018-11-08 00:00:00+00:00,79.07,80.5,78.7,79.01,0.05,79.48,27310.0,94586.0,233.0,1780.0,,72.79181060791015,71.8937198638916,6.92589503288269,6.896374950408935,133.1581008911133,130.42129669189453,0.000847848248668,0.0034827578347176,0.0025191234890371,0.2798411548137665,0.1708391457796096,-0.1456814706325531,0.2654508054256439,0.2108473032712936,0.1014096289873123,-0.0397951677441597,-0.4048591554164886,-0.2299703359603881
2018-11-09 00:00:00+00:00,79.01,79.19,77.2,78.09,-0.92,77.93,25661.0,84429.0,80.0,11051.0,,72.74542938232422,72.11936935424805,6.9427379655838015,6.9237629461288455,133.02259979248046,130.1801953125,-0.0026137072127312,-0.0026491153985261,-0.0030619862955063,0.2465547770261764,0.1350670158863067,-0.1623773127794265,-0.1840177625417709,-0.1006009727716445,-0.1213465109467506,0.1387941539287567,0.6243683695793152,0.2890898287296295
2018-11-12 00:00:00+00:00,78.09,78.11,76.34,76.38,-1.71,76.89,22233.0,64729.0,287.0,1986.0,,72.80765892028809,72.0806600189209,6.962321920394897,6.939995875358582,132.9378010559082,130.40289672851563,3.330074468976818e-05,0.0020753038115799,0.0039644432254135,0.1377371102571487,0.1958406418561935,-0.1963001638650894,0.4855172038078308,0.4408998489379883,0.1913090646266937,-0.0382555499672889,-0.3552040755748749,-0.2325119227170944
2018-11-13 00:00:00+00:00,76.38,76.82,75.62,75.86,-0.52,76.18,20977.0,57756.0,95.0,246.0,,73.09660011291504,72.37904037475586,6.964496021270752,6.943029918670654,132.9378010559082,130.40289672851563,-0.0012004484888166,-0.0025367245543748,-0.0042994068935513,-0.2507904171943664,-0.189860314130783,-0.2446767687797546,-0.3593825399875641,-0.3156540989875793,-0.1753495037555694,-0.0187718551605939,-0.2996249794960022,-0.1372769176959991
2018-11-14 00:00:00+00:00,76.08,76.79,75.86,76.39,0.53,76.42,18330.0,50680.0,19.0,,,72.83211570739746,72.13941024780273,6.9592999792099,6.936114902496338,132.53770233154296,130.89449874877928,-0.0014252227265387,-0.0021588096860796,-0.0035960131790488,-0.1614912301301956,-0.1368126571178436,-0.2086409330368042,-0.2194726020097732,-0.1143990755081176,0.0836936682462692,0.0333793871104717,0.0567737892270088,0.067663088440895
2018-11-15 00:00:00+00:00,76.45,76.87,75.85,76.25,-0.14,76.4,12251.0,40665.0,77.0,2000.0,,72.7949503326416,71.94051139831544,6.951765947341919,6.930532927513123,132.9378010559082,130.40289672851563,-0.0010473091388121,-0.0024663899093866,-0.003272257046774,0.3146698176860809,0.1501073539257049,-0.1657828390598297,-0.0233830884099006,-0.0631655305624008,0.0785106867551803,0.0343395881354808,0.0796616151928901,0.0505362078547477
2018-11-16 00:00:00+00:00,76.25,77.25,76.0,76.12,-0.13,76.65,9179.0,32187.0,447.0,2500.0,,72.15913642883301,71.49147994995117,6.945363883972168,6.926869902610779,133.80709915161134,132.7901010131836,0.0008194105466827,0.0013839866733178,0.0025003326591104,-0.1584633588790893,-0.1060817018151283,-0.1476387083530426,0.1364498734474182,0.1088752523064613,0.1333862543106079,-0.022422494366765,-0.2183736115694046,-0.065517708659172
2018-11-19 00:00:00+00:00,76.42,76.88,75.58,75.88,-0.24,75.98,8895.0,24363.0,225.0,1360.0,,72.03338531494141,71.29747879028321,6.941173915863037,6.923746905326843,133.52359954833983,132.58699905395508,-0.0026212886441498,-0.0012161402264609,-0.0024737897329032,0.6696516871452332,0.2960824370384216,-0.1766914874315261,-0.1342329233884811,-0.1441677361726761,0.0768248364329338,0.1816557645797729,0.6784499883651733,0.408590167760849
2018-11-20 00:00:00+00:00,75.79,76.19,75.22,75.27,-0.61,75.46,9663.0,18556.0,912.0,,,71.83807495117188,71.09593826293946,6.954584970474243,6.929232897758484,133.75959823608397,132.78240005493163,-0.0018853694200515,-0.0013162950053811,-0.0022867666557431,1.435448408126831,0.844105064868927,-0.2660139799118042,-0.121197298169136,-0.0730269029736518,-0.0771387070417404,0.0630180910229682,0.0583358332514762,0.1075905114412307
2018-11-21 00:00:00+00:00,75.3,77.2,75.11,76.51,1.24,76.03,10454.0,12236.0,20.0,34.0,,71.4346006011963,70.77032211303711,6.955073976516724,6.928252964019776,133.8340998840332,132.67610076904296,-0.0039310506545007,-0.0072138113901019,-0.0043501113541424,-1.4736558198928833,-0.9862440824508668,-0.3372117877006531,-0.1880681812763214,-0.1726933270692825,0.1730902194976806,-0.0471282377839088,-0.3739954531192779,-0.1942741125822067
2018-11-23 00:00:00+00:00,76.4,76.4,74.86,74.92,,75.26,3703.0,4550.0,,,,70.85956062316895,70.24533485412597,6.938861956596375,6.911188883781433,133.8340998840332,132.67610076904296,0.0018546020146459,0.0039036236703395,0.0040065185166895,1.4162734746932983,0.8727056384086609,-0.280765026807785,-0.1954829096794128,-0.1264175623655319,0.1928281933069229,-0.0482447557151317,-0.3820228576660156,-0.2150361537933349
2018-11-26 00:00:00+00:00,75.22,77.36,75.19,77.4,2.48,76.42,343.0,1305.0,,,,70.69791923522949,69.97276657104493,6.9578679656982425,6.93178394317627,133.75560012817382,132.77410049438475,-0.0008763806545175,-0.0022440268658101,-0.0027183739002794,0.2869515717029571,-0.105479285120964,-0.1520066708326339,0.0668920874595642,0.052392266690731,0.2266997396945953,0.1307807713747024,0.4664285778999328,0.1967792958021164
2018-11-27 00:00:00+00:00,77.09,77.13,76.5,76.77,-0.63,76.72,66.0,1069.0,144.0,,,70.94223098754883,70.33333198547363,6.937515916824341,6.911636877059936,133.8340998840332,132.67610076904296,0.0036523337475955,0.0055329399183392,0.0049817152321338,0.651300847530365,0.2447754442691803,-0.1983611732721328,0.0044720922596752,0.070251427590847,0.3452978730201721,0.0160502884536981,-0.1353755891323089,-0.093028225004673
2018-11-28 00:00:00+00:00,77.36,77.85,77.33,77.76,0.99,77.48,70.0,524.0,152.0,,,70.9295011138916,70.33152153015136,6.9628989696502686,6.9384108781814575,133.76990020751953,132.71650115966796,0.0012542298063635,-0.0010619744425639,0.0025114072486758,0.1407268792390823,0.1315038800239563,-0.1646749526262283,-0.0545194931328296,0.0521916449069976,0.1987802684307098,0.1132638677954673,0.2598329484462738,0.134972482919693
2018-11-29 00:00:00+00:00,78.11,78.11,76.45,76.64,-1.12,77.24,23.0,354.0,65.0,,,70.58424003601074,69.90634582519532,6.961417975425721,6.938593883514404,133.73979843139648,132.55980041503906,-0.0021474659442901,-0.0040072901174426,-0.0040422482416033,0.1946476101875305,0.329132080078125,-0.1977619975805282,-0.2150129377841949,-0.2702512741088867,0.1516937911510467,-0.0202084146440029,-0.1021141037344932,-0.1093515157699585
2018-11-30 00:00:00+00:00,77.94,77.94,77.79,77.16,0.52,77.84,10.0,239.0,62.0,,,70.0778997039795,69.36114944458008,6.9550280046463016,6.931377897262573,133.7746987915039,132.75880096435546,0.0018191443523392,0.0019817990250885,0.0034912198316305,0.2833497226238251,0.1350891888141632,-0.1666130125522613,0.1296793520450592,0.2611763477325439,0.1330666244029998,0.7182121872901917,3.496896743774414,1.276023030281067
2018-12-03 00:00:00+00:00,80.0,80.0,79.9,78.91,1.75,79.96,16.0,173.0,,,,70.25515045166016,69.67963333129883,6.952276997566223,6.918992981910706,134.26189682006836,132.46720260620117,-0.0454935431480407,-0.0547688379883766,-0.0229976270347833,0.141757071018219,0.135667085647583,-0.1900385916233062,0.5557823181152344,0.540120005607605,0.4078750014305115,0.3227290511131286,1.0185344219207764,0.4014562666416168
2018-12-04 00:00:00+00:00,79.22,79.25,78.45,78.77,-0.14,78.91,20.0,163.0,,,,70.63360931396484,70.07433799743653,6.894135017395019,6.845592031478882,134.26189682006836,132.46720260620117,-0.0377665534615516,-0.0377439372241497,-0.0157104767858982,0.9533386826515198,0.7980470657348633,-0.2900061011314392,0.1162969097495079,0.0977186411619186,0.2088989317417144,-0.0386165492236614,-0.409900814294815,-0.1517373621463775
2018-12-05 00:00:00+00:00,78.77,80.11,78.45,80.11,1.34,,20.0,152.0,,,,70.92210998535157,70.26139656066894,6.854227013587952,6.822260918617249,134.26189682006836,132.46720260620117,0.0115170590579509,0.0150310862809419,0.0083280010148882,-0.2061242759227752,-0.0896915271878242,-0.1507904678583145,0.0700871348381042,0.1178226098418235,0.0776040703058242,0.2093736827373504,1.067880630493164,0.3782761096954345
2018-12-06 00:00:00+00:00,80.79,80.79,78.6,79.08,-2.07,79.29,21890.0,133427.0,251.0,,,71.04748329162598,70.67422164916992,6.881237072944641,6.856481032371521,134.26189682006836,132.46720260620117,0.0109902722761034,0.0175293460488319,0.0093835946172475,0.6968016624450684,0.4033627510070801,-0.2547123432159424,0.100947268307209,0.1142669767141342,-0.0589394457638263,-0.029939878731966,-0.2900424301624298,-0.1486382782459259
2018-12-07 00:00:00+00:00,78.9,80.93,78.8,80.23,1.15,80.13,19451.0,132262.0,10.0,,,70.97053771972656,70.42933898925781,6.897133927345276,6.86418402671814,134.26189682006836,132.46720260620117,-0.0023575876839458,-0.0034349199850112,-0.0033699227496981,0.5365899205207825,0.2844275534152984,-0.1846609562635421,0.4026698768138885,0.3459507822990417,0.0895066410303115,0.0598386526107788,-0.0552322790026664,0.1086329445242881
2018-12-10 00:00:00+00:00,80.35,80.6,79.35,79.88,-0.35,79.97,11445.0,131831.0,11.0,,,71.62768775939941,71.1836587524414,6.887818055152893,6.873423976898193,134.26189682006836,132.46720260620117,0.007245001848787,0.0149663146585226,0.0058364095166325,0.2202028781175613,0.2089593857526779,-0.1412302255630493,1.1997621059417725,1.2247835397720337,0.3360244333744049,0.1240207701921463,0.2792083323001861,0.1412778496742248
2018-12-11 00:00:00+00:00,79.88,80.66,79.11,80.02,0.14,80.09,14118.0,131279.0,130.0,,,72.92941535949707,72.14416061401367,6.927726063728333,6.9019590091705325,134.26189682006836,132.46720260620117,-0.0060575446113944,-0.0072141080163419,-0.0038826770614832,0.0030895732343196,0.0685623735189437,-0.1305573284626007,-0.2571467161178589,-0.1984991133213043,-0.2840668857097626,0.1161102801561355,0.3343474566936493,0.2086295783519745
2018-12-12 00:00:00+00:00,80.14,80.3,79.57,79.97,-0.05,79.91,8147.0,131165.0,129.0,1500.0,,72.74451065063477,72.01317131042481,6.920932030677795,6.872024040222168,134.26189682006836,132.46720260620117,-0.0022273955401033,-0.0046914215199649,-0.0037418042775243,-0.1394667625427246,-0.0800003111362457,-0.1225306019186973,-0.3912054300308227,-0.4011632800102234,-0.4238094687461853,0.1283380091190338,0.3323203921318054,0.2275013476610183
2018-12-13 00:00:00+00:00,79.94,79.97,78.95,79.41,-0.56,79.37,11405.0,131547.0,253.0,1500.0,,72.10550018310546,71.47519989013672,6.889700908660888,6.859949049949646,134.26189682006836,132.46720260620117,0.0027631684206426,0.003677574917674,0.0023357549216598,0.2820811867713928,0.1739192008972168,-0.1314660906791687,-0.2994455397129059,-0.3408704698085785,-0.375258207321167,0.0834863185882568,0.0529840812087059,-0.1587548553943634
2018-12-14 00:00:00+00:00,79.4,79.94,78.62,79.6,0.19,79.31,10297.0,130847.0,,,,71.86357231140137,71.3571785736084,6.902261962890625,6.868164019584656,134.26189682006836,132.46720260620117,0.0031266950536519,0.0047855358570814,0.0027485680766403,0.3251689374446869,0.1549921780824661,-0.137022778391838,0.0296690519899129,0.1344447433948516,-0.0689433217048645,0.1141919940710067,0.2218904942274093,0.2043257057666778
2018-12-17 00:00:00+00:00,79.21,79.8,77.9,78.54,-1.06,78.45,14959.0,130073.0,81.0,36.0,,72.36797058105469,71.66117988586426,6.917069015502929,6.880543932914734,139.1447966003418,137.8943997192383,-0.0016730350907891,-0.0025557165499776,-0.0034275574143975,0.1938268542289734,0.1243196278810501,-0.123431272804737,-0.1545852124691009,-0.2193334847688675,-0.1453570127487182,0.0563697107136249,-0.1073111295700073,-0.0671480745077133
2018-12-18 00:00:00+00:00,78.4,78.65,77.76,77.85,-0.69,78.09,12082.0,130238.0,227.0,2110.0,,71.83154594421387,71.13973777770997,6.911846861839295,6.880010085105896,139.13119812011718,137.80370025634767,-0.0026032677851617,-0.0025691902264952,-0.0025354062672704,0.4832892119884491,0.2475254833698272,-0.146928995847702,-0.6779568195343018,-0.6794772148132324,-0.1521463692188263,-0.0320234820246696,-0.2125139683485031,-0.2049041986465454
2018-12-19 00:00:00+00:00,77.76,78.03,76.63,76.71,-1.14,77.24,17965.0,128875.0,153.0,,,70.57967132568359,70.11756568908692,6.9169149541854855,6.86494505405426,139.13119812011718,137.8181005859375,-0.0028959580231457,-0.0022526944521814,-0.0026638431008905,1.188049554824829,0.6676279306411743,-0.2546937167644501,0.0202595107257366,-0.0493779703974723,0.1845435351133346,-0.0321907065808773,-0.3165364861488342,-0.2174237221479416
2018-12-20 00:00:00+00:00,76.67,77.44,75.02,75.06,-1.65,76.15,24623.0,127806.0,190.0,,,70.93665588378906,70.15183464050293,6.910689883232116,6.865278005599976,139.02909942626954,137.77990142822264,0.0011657907161861,0.0010308396304026,-0.002627337584272,-0.250213474035263,-0.2714061737060547,-0.2175091505050659,-0.1954715400934219,-0.1573938429355621,0.1445705741643905,0.1283236443996429,0.4368135929107666,0.3049867749214172
2018-12-21 00:00:00+00:00,75.06,75.6,73.07,73.18,-1.88,73.99,24635.0,127355.0,103.0,,,70.31839088439942,69.86464935302735,6.906456956863403,6.870192947387696,139.04690048217773,137.65940139770507,0.0063054719939827,0.0084289740771055,0.0036954402457922,-0.2043900489807129,-0.115181565284729,-0.2075115442276001,-0.0607903711497783,-0.0476362779736518,0.1296277791261673,-0.0211810320615768,-0.1483021676540374,0.0549951680004596
2018-12-24 00:00:00+00:00,73.8,74.0,72.4,72.55,-0.63,73.04,13392.0,123711.0,20.0,,,70.40600677490234,69.87181846618653,6.918542037010193,6.882619934082031,138.9305989074707,137.93690155029296,-0.0025772051885724,-0.0041423267684876,-0.003076268127188,0.5142442584037781,0.2949891090393066,-0.2151226252317428,0.0153583632782101,0.0488918609917163,0.1741161048412323,0.1268670260906219,0.3985132575035095,0.2792310416698456
2018-12-26 00:00:00+00:00,72.7,73.54,72.15,73.5,,72.7,10452.0,124594.0,,,,70.26872116088867,69.85443885803222,6.9118788623809815,6.879408087730408,139.14629776000976,137.6943002319336,-0.0022315506357699,-0.0009969802340492,-0.002077285433188,2.236994504928589,1.692575216293335,-0.5358384847640991,-0.0959429964423179,-0.0361625254154205,0.2009454220533371,0.0322072319686412,0.2393801659345626,0.0716387778520584
2018-12-27 00:00:00+00:00,73.8,74.18,71.87,72.06,-1.44,72.47,16666.0,124287.0,237.0,30.0,,70.4522452545166,69.85197891235352,6.91963285446167,6.882530069351196,139.01309936523438,137.29030136108398,-0.0259550455957651,-0.0302192866802215,-0.0123935090377926,-0.4618164598941803,-0.5270659923553467,-0.3828567862510681,-0.0472444668412208,-0.0331308059394359,0.2042440921068191,0.1941096037626266,0.7238677740097046,0.5320374369621277
2018-12-28 00:00:00+00:00,72.05,72.87,72.05,72.19,0.13,72.43,11346.0,124602.0,63.0,,,70.47650650024414,69.77724884033204,6.872383050918579,6.848087120056152,139.34379745483398,135.3352976989746,-0.0102534973993897,-0.0053766658529639,-0.0043495292775332,0.1249426156282424,0.0516283325850963,-0.3027026951313019,-0.0349287092685699,-0.0672415494918823,0.1566968560218811,0.2136707305908203,0.9100357294082642,0.5151612162590027
2018-12-31 00:00:00+00:00,72.25,72.86,72.1,72.2,0.01,72.32,9085.0,125063.0,,18.0,,70.32663375854492,69.48941574096679,6.888401069641113,6.858955998420715,139.04429916381835,137.6773013305664,-0.0027024096343666,-0.0022830064408481,-0.0024491869844496,-1.1338894367218018,-0.5731574892997742,-0.3725615441799164,-0.201783686876297,-0.1165025979280471,0.1473836302757263,0.1452745944261551,0.5660784244537354,0.2662136256694793
2019-01-02 00:00:00+00:00,72.3,72.59,70.76,70.84,,71.43,18913.0,125586.0,2.0,8.0,,70.1096654510498,69.63134140014648,6.886473035812378,6.85270504951477,139.29540313720702,138.3319970703125,-0.0212122518569231,-0.0198240391910076,-0.0083333002403378,-1.452936768531799,-1.1475701332092283,-0.521517276763916,0.1827047765254974,0.2088567465543747,0.2789968848228454,-0.0524633154273033,-0.4798905849456787,-0.1958990544080734
2019-01-03 00:00:00+00:00,70.83,72.0,70.65,70.83,-0.01,71.08,13970.0,125415.0,138.0,,502.0,70.29889892578124,69.65305946350098,6.874630970954895,6.857065095901489,139.32280029296874,138.30540130615233,0.0044252891093492,0.002849122043699,0.002539268694818,-0.0096115330234169,0.2736669182777405,-0.2912085354328155,0.2873087525367737,0.2287828177213668,0.3026497960090637,0.1566115766763687,0.4980135560035705,0.3464531898498535
2019-01-04 00:00:00+00:00,71.0,73.37,70.93,72.52,1.69,72.37,19703.0,125562.0,71.0,,,70.36677772521972,69.6459383392334,6.875189046859742,6.850018091201783,139.6609016418457,138.0110006713867,-0.0024962774477899,-0.0027356289792805,-0.0030528060160577,-0.1603471934795379,-0.3345484137535095,-0.2705387771129608,-0.4346238970756531,-0.3730968832969665,-0.1404624730348587,0.046224620193243,0.0363268330693244,0.1844645291566848
2019-01-07 00:00:00+00:00,72.52,73.92,72.48,72.75,0.23,73.22,13930.0,126870.0,176.0,181.0,,70.05467498779296,69.52689102172852,6.885958971977234,6.8525690793991085,139.40070449829102,138.3132000732422,-0.0155033459886908,-0.0194779597222805,-0.0084416922181844,0.8632075190544128,0.4692195951938629,-0.3527862131595611,-0.1410872787237167,-0.1469063013792038,0.078820489346981,0.1306376904249191,0.401559442281723,0.3022146821022033
2019-01-08 00:00:00+00:00,72.81,73.85,71.54,71.67,-1.08,72.57,16930.0,128184.0,40.0,,172.0,70.07836456298828,69.66076667785644,6.862663860321045,6.837037887573242,139.39470291137695,138.328701171875,-0.0054164845496416,-0.0047395243309438,-0.0030798465013504,0.248535469174385,-0.1725512593984604,-0.3229373693466186,0.2035625874996185,0.1739067882299423,0.1302092969417572,0.0677915140986442,0.0518545992672443,0.2065178453922271
2019-01-09 00:00:00+00:00,71.64,73.64,71.64,73.13,1.46,72.93,16706.0,127179.0,20.0,,,70.42040878295899,69.80216522216797,6.86425295829773,6.823269958496094,139.47170486450196,138.20229873657226,-0.0189599767327308,-0.0234768725931644,-0.0097549697384238,0.223552331328392,-0.2067319452762603,-0.3448720276355743,0.1087407767772674,0.1089308410882949,0.0388734936714172,0.1219007223844528,0.3467401564121246,0.2711724042892456
2019-01-10 00:00:00+00:00,73.2,73.82,72.44,72.85,-0.28,72.95,14357.0,127579.0,90.0,,,70.9375602722168,70.14903335571289,6.823803000450134,6.782214012145996,139.70069961547853,136.81109786987304,-0.0225534364581108,-0.0247855708003044,-0.0100791798904538,-1.1241573095321655,-0.8610926866531372,-0.5072002410888672,-0.0283803977072238,-0.0418896228075027,-0.0749605819582939,-0.0508268885314464,-0.3035953342914581,-0.4252189099788666
2019-01-11 00:00:00+00:00,72.8,73.25,72.34,72.49,-0.36,72.74,12850.0,125749.0,,,,70.6892756652832,70.0606297302246,6.805792021751404,6.756807026863098,139.38010345458986,138.1844982910156,-0.0258632227778434,-0.0263553373515605,-0.0101142646744847,-0.4280105829238891,-0.5243993997573853,-0.4556478261947632,-0.2985064387321472,-0.2826122939586639,-0.3459681868553161,-0.0549551621079444,-0.3939604163169861,-0.355191171169281
2019-01-14 00:00:00+00:00,72.6,73.58,72.43,72.99,0.5,73.0,11215.0,124355.0,19.0,,,70.5715396118164,69.84230690002441,6.7950648593902585,6.740444006919861,139.24820053100586,138.25759841918946,0.0045362166129052,0.0055080940946936,0.0034884708002209,-2.58886981010437,-1.8993240594863887,-0.7597806453704834,0.2256878018379211,0.2841612696647644,0.1135984063148498,-0.033531691879034,-0.4141809940338135,-0.3053814470767975
2019-01-15 00:00:00+00:00,73.02,73.46,72.25,72.36,-0.63,72.79,12546.0,124302.0,52.0,,,71.00301628112793,70.62145957946777,6.788023853302002,6.73209596157074,139.30650329589844,138.29529663085938,0.000791611499153,-0.0025467765517532,0.0027786951977759,-3.165745735168457,-2.608612537384033,-0.973317325115204,-0.2323570847511291,-0.12319116294384,-0.1226667910814285,-0.0530976578593254,-0.3872658610343933,-0.3021112084388733
2019-01-16 00:00:00+00:00,72.3,73.56,72.21,73.27,0.91,73.18,12650.0,123542.0,62.0,1629.0,,71.21325904846191,70.69469978332519,6.80357590675354,6.750773034095764,139.80120315551758,138.0252995300293,0.0062834802083671,0.0047675096429884,0.0044982992112636,-3.685455560684204,-2.820605754852295,-0.984795331954956,-0.1133965030312538,-0.0944475978612899,-0.1528594493865966,0.1327979266643524,0.4925559163093567,0.2505188286304474
2019-01-17 00:00:00+00:00,73.21,74.6,73.21,74.37,1.1,74.01,13638.0,121506.0,104.0,,,71.4154266357422,70.72317962646484,6.802901830673218,6.749257040023804,139.7339028930664,138.3508024597168,0.0022679716348648,0.006360724568367,0.0039872252382338,-0.2293276190757751,-0.285795122385025,-0.3805652558803558,-0.1519099324941635,-0.1853174716234207,-0.1395704746246338,-0.0400983393192291,-0.3525169491767883,-0.286739319562912
2019-01-18 00:00:00+00:00,74.37,74.66,73.76,73.89,-0.48,74.1,12095.0,122969.0,197.0,,,71.18114906311035,70.689580078125,6.789542942047119,6.725818901062012,139.78090377807618,138.0184996032715,-5.541619975701906e-05,-0.0008930908516049,-0.0017324611544609,0.3774746358394623,-0.1862139850854873,-0.2445139288902282,0.0219161231070756,0.0462736897170543,-0.1027997508645057,0.1248459666967392,0.3410441279411316,0.1838766038417816
2019-01-22 00:00:00+00:00,74.0,74.29,72.75,73.13,,73.32,16436.0,122621.0,117.0,176.0,,71.61296806335449,71.0417487335205,6.855114984512329,6.794013948440552,139.8481005859375,135.74729690551757,0.0003859969147015,0.0012054120888933,-0.0016236200463026,0.0446448661386966,-0.110884703695774,-0.1368971616029739,-0.2258237302303314,-0.1969367265701294,-0.3166929185390472,-0.0256641060113906,-0.2210905104875564,-0.2406977713108062
2019-01-23 00:00:00+00:00,73.13,74.28,72.98,73.52,0.39,73.67,12334.0,119477.0,10.0,88.0,,71.30935607910156,70.75293983459473,6.834263105392456,6.801146006584167,139.73520385742188,138.17109954833984,-0.005510741379112,-0.0075515494681894,-0.0041595809161663,-0.3130058646202087,-0.1886326968669891,-0.1655723601579666,-0.0988126471638679,-0.0600531212985515,-0.1195219531655311,-0.04472566395998,-0.4064772725105285,-0.2610644400119781
2019-01-24 00:00:00+00:00,73.51,73.91,73.03,73.14,-0.38,73.38,9827.0,119756.0,292.0,10.0,,71.26372230529785,70.7313299560547,6.818418002128601,6.770009026527405,139.75920333862305,138.28410049438477,-0.0068893651477992,-0.0061945654451847,-0.0029556946828961,0.1310348063707351,0.1683821231126785,-0.1867552697658538,-0.0557842217385768,-0.0389186330139637,-0.0868323072791099,0.0689619034528732,0.0390046946704387,0.113555684685707
2019-01-25 00:00:00+00:00,73.25,74.24,73.25,74.13,0.99,73.78,13794.0,117835.0,52.0,,,71.15533103942872,70.64397003173828,6.81873502254486,6.769185028076172,139.78910339355468,138.0086993408203,-0.0093286326155066,-0.016221459954977,-0.005847938824445,-0.2622519731521606,-0.2461111545562744,-0.249409019947052,0.0137565918266773,-0.0268690735101699,0.0646659359335899,0.1271795928478241,0.3346748948097229,0.2215255051851272
2019-01-28 00:00:00+00:00,74.0,74.13,73.15,73.85,-0.28,73.61,11112.0,115798.0,260.0,442.0,,71.10190902709961,70.61140998840332,6.797721843719483,6.74538902759552,139.7009014892578,138.0563995361328,-0.0107463775202631,-0.0108267720788717,-0.003873074427247,0.1390058249235153,-0.0968755707144737,-0.2613789439201355,0.0499903671443462,0.1246254667639732,-0.03869004920125,0.2301355600357055,0.725388765335083,0.3247885704040527
2019-01-29 00:00:00+00:00,73.66,74.45,73.5,74.15,0.3,74.04,15228.0,114448.0,46.0,,,71.23413696289063,70.73645957946778,6.799821844100952,6.745938034057617,139.72930267333984,138.29790237426758,-0.0087971184402704,-0.007684975862503,-0.0029599561821669,-0.5846546292304993,-0.3956874907016754,-0.3057515919208526,0.1830122470855713,0.2203631848096847,0.1108615174889564,0.0920028761029243,0.1312973946332931,0.1214294880628585
2019-01-30 00:00:00+00:00,74.14,74.55,73.76,74.36,0.21,74.2,10366.0,111370.0,15.0,6520.0,,71.83462646484375,71.26668815612793,6.727618079185486,6.688140969276429,139.67620407104494,138.09159912109374,-0.0186058282852172,-0.0166805386543273,-0.0062406081706285,-0.0718221589922905,-0.204525277018547,-0.1894077509641647,-0.2934144735336303,-0.2727729380130768,-0.220777228474617,0.1329579055309295,0.3157775998115539,0.1590731739997863
2019-01-31 00:00:00+00:00,74.16,74.85,74.0,74.4,0.04,74.47,19122.0,109659.0,204.0,7010.0,,71.2165609741211,70.68899993896484,6.716272077560425,6.677622985839844,139.700001373291,138.1227989196777,-0.0145525904372334,-0.0131179001182317,-0.0050463094376027,-0.2600714266300201,-0.2584956288337707,-0.1422563940286636,-0.0129379983991384,0.0371758304536342,-0.0474206581711769,0.0717936009168624,0.119025632739067,0.1193861812353134
2019-02-01 00:00:00+00:00,74.45,74.73,73.56,73.64,-0.76,74.22,15836.0,108349.0,14.0,5.0,,71.27743103027343,70.9697541809082,6.746733913421631,6.716688013076782,139.71730056762695,138.29020080566406,0.0132125159725546,0.0216649528592824,0.008168127387762,1.8647804260253904,1.2622296810150146,0.3473347425460815,-0.0038570056203752,0.0625278949737548,-0.0535669028759002,0.223923847079277,0.7923215627670288,0.3633612096309662
2019-02-04 00:00:00+00:00,73.75,73.87,72.66,72.76,-0.88,73.08,21295.0,106075.0,151.0,1000.0,,71.57160041809082,71.20939865112305,6.768226046562194,6.737998127937317,139.76460021972656,138.2522010803223,-0.0076031549833714,-0.0088912360370159,-0.0043895547278225,0.1148840934038162,0.1493471562862396,-0.123375691473484,0.3861793279647827,0.3420092165470123,0.2456341236829757,0.2216189801692962,0.947182297706604,0.3846281766891479
2019-02-05 00:00:00+00:00,72.78,73.74,72.65,73.4,0.64,73.29,16041.0,102378.0,180.0,105.0,,72.03458526611328,71.38892860412598,6.768226046562194,6.737998127937317,139.6849006652832,138.33210174560546,-0.0030081390868872,-0.0024586184881627,-0.0036712544970214,0.8802855610847473,0.7164307832717896,0.2907508909702301,-0.0525224357843399,-0.0569069162011146,0.0932115092873573,-0.0257676299661397,-0.3091498911380768,-0.2696463167667389
2019-02-06 00:00:00+00:00,73.4,74.11,73.1,73.66,0.26,73.8,20013.0,100892.0,23.0,564.0,,72.09013397216796,71.58764846801758,6.765582017898559,6.73540412902832,139.54499893188478,138.1820004272461,-0.0032136579975485,-0.0022364701144397,-0.0023757400922477,0.6850244998931885,0.6605914235115051,-0.2749924957752228,-0.1121672466397285,-0.1100909933447837,-0.0886024609208107,0.1870110183954239,0.6840757727622986,0.3513079285621643
2019-02-07 00:00:00+00:00,73.6,73.86,72.48,72.81,-0.85,73.0,24975.0,95111.0,146.0,443.0,,71.80845481872558,71.204478225708,6.768226046562194,6.737998127937317,139.74510025024415,138.23040084838868,-0.0042591956444084,-0.0030841995030641,-0.0036110992077738,3.302485227584839,1.8131225109100344,0.5455238819122314,-0.0299767740070819,-0.0408244207501411,0.0685124993324279,0.1897600591182708,0.6499062776565552,0.3504419922828674
2019-02-08 00:00:00+00:00,72.66,73.01,72.45,72.55,-0.26,72.72,18179.0,85844.0,40.0,3919.0,,71.7563868713379,71.20587814331054,6.768121032714844,6.734160070419311,139.62759841918944,137.6298992919922,-0.0027331323362886,-0.0020433464087545,-0.0032153765205293,0.1659023612737655,0.1795442551374435,-0.2216332107782364,-0.2048858702182769,-0.1620158404111862,-0.1421249359846115,0.1928115636110305,0.6787164211273193,0.2499642819166183
2019-02-11 00:00:00+00:00,72.49,72.71,70.3,70.55,-2.0,71.38,32443.0,71701.0,329.0,991.0,,71.40629447937012,71.04065475463867,6.769291005134583,6.739841060638428,139.82620223999024,136.86849731445312,0.0120012909173965,0.0222145523875951,0.0075807678513228,0.1214545592665672,-0.3700880110263824,-0.3050751984119415,0.0495687201619148,0.0607260949909687,0.158555120229721,0.1319742649793625,0.3429221212863922,0.2544283866882324
2019-02-12 00:00:00+00:00,70.62,70.93,69.72,69.78,-0.77,70.23,20742.0,60346.0,223.0,1000.0,400.0,71.34902954101562,70.89892738342286,6.805358948707581,6.771409993171692,139.80150344848633,138.11989761352538,-0.0107977846637368,-0.0130576016381382,-0.0058329538442194,0.2949792742729187,0.1585672944784164,-0.2244707494974136,-0.3548729121685028,-0.326381653547287,-0.1045113801956176,0.1175075322389602,0.3461089134216308,0.2532038986682892
2019-02-13 00:00:00+00:00,69.85,70.62,69.65,69.86,0.08,69.99,20197.0,49475.0,132.0,,,70.89597785949707,70.34368835449219,6.778989982604981,6.742140908241272,139.81480178833007,138.28929946899413,-0.0033014307264238,-0.0047559887170791,-0.0031102993525564,-0.3540859520435333,-0.2348629981279373,-0.249495044350624,-0.1492400616407394,-0.1301077008247375,0.0291501432657241,0.0622323378920555,0.1364799290895462,0.1444161832332611
2019-02-14 00:00:00+00:00,69.96,70.39,69.53,70.13,0.27,69.91,13685.0,37458.0,6.0,1500.0,,71.13753234863282,70.65145553588867,6.778733072280883,6.737446880340576,139.7488020324707,138.1116976928711,0.0048691960982978,0.0048412759788334,0.0038470486178994,-0.0497763343155384,-0.085672341287136,-0.2294507175683975,0.0594662055373191,0.0936903953552246,0.1104853153228759,-0.0317038521170616,-0.4172598719596863,-0.2687568962574005
2019-02-15 00:00:00+00:00,70.28,70.5,69.71,70.22,0.09,70.06,9788.0,30200.0,2.0,,,71.31178108215332,70.89474243164062,6.778389964103699,6.742941842079163,139.81860076904297,138.28300018310546,-0.0010690450435504,-0.0008908038726076,-0.0019464790821075,-0.4120064675807953,-0.1866144388914108,-0.2700971364974975,0.167453184723854,0.1223677843809127,0.0962514132261276,0.1383302956819534,0.3998699784278869,0.280744194984436
2019-02-19 00:00:00+00:00,70.22,71.09,70.2,70.41,,70.64,11296.0,23315.0,49.0,1000.0,,71.55211151123046,71.05377853393554,6.779796085357666,6.742694845199585,139.7305989074707,138.09079986572266,-0.0005724715301766,-0.0009192462894134,-0.0019490544218569,-0.1400188952684402,0.2142906188964843,-0.2197186648845672,-0.1893345862627029,-0.1341986209154129,-0.3094644248485565,-0.0264948271214962,-0.3853275775909424,-0.2805049419403076
2019-02-20 00:00:00+00:00,70.3,70.85,70.2,70.28,-0.13,70.49,8596.0,13626.0,22.0,,,71.51297805786133,71.11400039672851,6.77586407661438,6.73522606086731,139.7861018371582,138.5192024230957,-0.0117875542491674,-0.0213713906705379,-0.008090772666037,1.0456593036651611,0.5714794993400574,-0.2937335073947906,-0.2573065757751465,-0.2585870027542114,-0.3601953387260437,0.0458274073898792,-0.0398429371416568,0.1251889169216156
2019-02-21 00:00:00+00:00,70.37,72.3,70.05,72.19,1.91,71.04,5364.0,4926.0,23.0,22.0,,71.32148414611817,70.94728416442871,6.735744900703431,6.709213962554932,139.76200134277343,138.2631994628906,0.0003180553030688,0.0036908113397657,0.0021211917046457,0.2321694791316986,0.1545054912567138,-0.2558131515979767,-0.1031646281480789,-0.1277076452970504,-0.1242925375699997,0.1213730424642562,0.4290953576564789,0.28268963098526
2019-02-22 00:00:00+00:00,72.42,72.99,71.0,71.84,-0.35,71.97,138.0,388.0,,,,71.45564125061036,71.05673149108887,6.740721879005432,6.7135360097885135,139.80650314331055,138.10429733276368,0.0021170708350837,0.0025942148640751,0.0017442762618884,0.9517409205436708,0.3039031326770782,-0.267382800579071,-0.0195842962712049,-0.0311521086841821,-0.0369876101613044,-0.0374260246753692,-0.2749137580394745,-0.175338864326477
2019-02-25 00:00:00+00:00,72.2,72.54,72.06,71.93,0.09,72.4,55.0,202.0,,,,71.20123153686524,70.58864418029785,6.729832925796509,6.704713926315308,139.69740020751954,138.09690002441403,-0.0133489454165101,-0.0161850210279226,-0.0057899341918528,0.2519360780715942,0.0889948084950447,-0.217213898897171,-0.0194551143795251,-0.0287901815026998,-0.0562092661857605,0.1620151102542877,0.6250087022781372,0.3634231090545654
2019-02-26 00:00:00+00:00,72.27,72.27,71.16,70.85,-1.08,71.38,33.0,161.0,,,,71.15914321899415,70.57157943725586,6.726160974502563,6.702581944465638,139.69509887695312,138.0961000061035,0.0058694700710475,0.0072164013981819,0.0040053441189229,-0.1021171957254409,-0.2382207810878753,-0.2952779233455658,-0.1120460033416748,-0.0900617092847824,0.0428037047386169,-0.0308532863855361,-0.4027168750762939,-0.2681761384010315
2019-02-27 00:00:00+00:00,71.25,71.27,71.25,71.19,0.34,71.26,6.0,131.0,,,,71.19159133911133,70.80994972229004,6.726160974502563,6.702581944465638,139.81930130004883,138.28440200805665,-0.009529716335237,-0.0087433354929089,-0.0033159756567329,-0.5676761269569397,-0.4815196990966797,-0.3510980904102325,0.1419705897569656,0.116671584546566,0.1840163618326187,0.1524704247713089,0.4142693877220154,0.287189781665802
2019-02-28 00:00:00+00:00,71.8,71.8,71.8,71.74,0.55,71.8,8.0,95.0,,,,71.29217109680175,70.92021392822265,6.726160974502563,6.702581944465638,139.7514013671875,138.05130004882812,0.0036171218380331,0.0044634346850216,0.0022852644324302,0.0537665896117687,-0.2356556355953216,-0.2910605669021606,-0.1318817883729934,-0.1222376823425293,0.0470457822084426,0.1487663984298706,0.5921975374221802,0.2908906042575836
2019-03-01 00:00:00+00:00,72.34,72.34,71.4,72.73,0.99,72.12,9.0,93.0,,,,70.92409530639648,70.35118865966797,6.715901012420654,6.680540056228637,139.7969023132324,138.1901983642578,0.0031985582318156,0.0059614861384034,0.0029013063758611,-0.7838954925537109,-0.6366836428642273,-0.3720440566539764,0.0378714427351951,0.0592962019145488,0.0868838503956794,-0.0468690618872642,-0.4913530349731445,-0.3123812973499298
2019-03-04 00:00:00+00:00,72.97,72.98,72.48,71.97,-0.76,72.85,5.0,53.0,,,,71.15849182128906,70.86529312133788,6.717704019546509,6.686154026985168,139.69390075683594,137.8293992614746,-0.002428435254842,0.0030962279997766,-0.0025186233688145,-1.0637497901916504,-0.815759003162384,-0.4130959808826446,0.0397536233067512,0.044900719076395,0.0860518813133239,0.162235215306282,0.6341643333435059,0.2739323377609253
2019-03-05 00:00:00+00:00,72.73,72.73,72.62,73.45,1.48,72.68,4.0,46.0,,,,71.03304504394531,70.5961107635498,6.719363021850586,6.68826003074646,139.74870193481445,137.690799407959,-0.0017196529079228,-0.0018580991309136,-0.0020135017111897,-0.649569034576416,-0.5147932767868042,-0.3144137263298034,0.0228504221886396,0.04042199999094,-0.0725739896297454,-0.032006062567234,-0.2804439663887024,-0.2536187767982483
2019-03-06 00:00:00+00:00,73.45,73.45,72.62,73.05,-0.4,,4.0,42.0,,,,70.72990715026856,70.25047996520996,6.726901006698609,6.694865045547485,139.80240203857423,137.96449966430663,0.0002050202019745,0.0023678671568632,0.0013054700102657,-0.6294441223144531,-0.4623376429080963,-0.2892206609249115,-0.2993384599685669,-0.331644058227539,-0.1326582729816436,0.1338388472795486,0.4130133092403412,0.2614755928516388
2019-03-07 00:00:00+00:00,74.35,74.63,73.05,73.11,-1.1,73.54,16540.0,118667.0,602.0,,,70.44030067443848,69.98467933654786,6.732837982177735,6.701749038696289,139.7852001953125,137.99559997558595,-0.0033260406926274,-0.0015944676706567,-0.0023700469173491,-0.2059904634952545,-0.2476324737071991,-0.2219116240739822,-0.1530170291662216,-0.1153060644865036,-0.136170744895935,0.1405093371868133,0.496187150478363,0.2611221075057983
2019-03-08 00:00:00+00:00,73.14,73.77,72.51,73.49,0.38,73.1,14328.0,118275.0,149.0,,,70.63577911376953,69.94780136108399,6.73333598613739,6.702907042503357,139.7994038391113,137.9393977355957,0.0017916368087753,0.003000920638442,0.0020495508797466,-0.9552921652793884,-0.8142757415771484,-0.3338342607021332,-0.305388480424881,-0.2868592739105224,-0.0361594669520854,0.0448622442781925,0.2838257849216461,-0.1569983661174774
2019-03-11 00:00:00+00:00,73.37,73.85,73.05,73.2,-0.29,73.51,11303.0,116468.0,41.0,,,70.3902138519287,69.8627799987793,6.746678948402405,6.705301003456116,139.77940032958983,138.11779998779298,0.0004669383051805,0.0007498574559576,-0.0016118531348183,-1.3982058763504028,-1.2741177082061768,-0.4580394029617309,0.0158725548535585,0.0579080954194068,0.1749901920557022,0.210355132818222,0.9178215265274048,0.3955184519290924
2019-03-12 00:00:00+00:00,73.1,75.0,73.1,74.85,1.65,74.37,22543.0,115385.0,5.0,,,69.99146163940429,69.33230155944824,6.747962946891785,6.704965009689331,139.7921014404297,138.2145002746582,-0.0069454666227102,-0.0079854140058159,-0.0054864413104951,-0.041986271739006,-0.1609378308057785,-0.2580625712871551,-0.0947562083601951,-0.0624104514718055,0.1784641146659851,-0.02900374494493,-0.2300849705934524,-0.2404017895460128
2019-03-13 00:00:00+00:00,74.94,75.98,74.72,75.72,0.87,75.57,22507.0,111926.0,,170.0,,70.00871200561524,69.41320144653321,6.729567008018494,6.699029054641724,139.85740234375,138.2610008239746,-0.0018645259551703,-0.0027440767735242,-0.0017786551034078,0.2458643317222595,-0.2252770662307739,-0.2075896710157394,-0.1244755089282989,-0.0924373269081115,0.1135060340166091,-0.0441689081490039,-0.3711974024772644,-0.2798413336277008
2019-03-14 00:00:00+00:00,75.7,75.88,74.02,74.3,-1.42,74.56,18958.0,109481.0,194.0,1.0,,69.94430953979492,69.49130096435547,6.722079048156738,6.689762015342712,139.8337014770508,137.6010012817383,0.0024364127311855,0.0011852342868223,-0.0024599654134362,0.14103764295578,0.1484331935644149,-0.192124456167221,-0.1695738434791565,-0.1359744369983673,0.2092743813991546,0.0655068382620811,0.0619576275348663,0.151739552617073
2019-03-15 00:00:00+00:00,74.3,75.83,74.28,75.5,1.2,75.36,13690.0,108775.0,406.0,,,69.99077659606934,69.5108999633789,6.746265959739685,6.702331004142761,139.54020156860352,138.1934957885742,-0.0022726280149072,-0.0022299985866993,-0.0025480382610112,-0.4677757322788238,-0.184742659330368,-0.2100943922996521,-0.1856687813997268,-0.1946038603782653,0.2347066402435302,-0.0445759445428848,-0.4067660868167877,-0.243272989988327
2019-03-18 00:00:00+00:00,75.4,75.91,74.89,75.27,-0.23,75.45,12628.0,107316.0,111.0,,,69.98538208007812,69.51747978210449,6.722298064231873,6.697393002510071,139.83990341186524,138.1288981628418,-0.0018061860464513,-0.0023103137500584,-0.0022528676781803,0.3494869768619537,0.1527791917324066,-0.168692260980606,-0.1428978443145752,-0.1194032654166221,0.26494961977005,0.1361961811780929,0.4341084957122803,0.3463439345359802
2019-03-19 00:00:00+00:00,75.22,76.35,75.21,75.65,0.38,75.9,17287.0,107074.0,,,,69.98538208007812,69.51747978210449,6.7109029531478885,6.690493931770325,139.72890396118163,138.13619735717774,0.0024106975179165,0.0022696445230394,-0.003480861429125,-0.6022106409072876,-0.2894825935363769,-0.1934461146593094,0.4250859320163727,0.4115135669708252,0.3599888682365417,0.1230919808149337,0.3839908540248871,0.2971847653388977
2019-03-20 00:00:00+00:00,75.53,75.88,75.15,75.5,-0.15,75.55,11139.0,106287.0,45.0,,,69.98538208007812,69.51747978210449,6.721627011299133,6.699622015953064,139.73030364990234,138.18269775390624,-0.0038152255583554,-0.0059483041986823,-0.003000421449542,-0.5571951270103455,-0.3953729569911957,-0.1943381279706955,-0.2624157965183258,-0.2671940922737121,0.1050132736563682,0.0964650362730026,0.259255588054657,0.1989239603281021
2019-03-21 00:00:00+00:00,75.69,77.82,75.37,77.18,1.68,76.67,24798.0,104839.0,41.0,,,69.98538208007812,69.51747978210449,6.702846922874451,6.675028038024903,139.81260314941406,138.26380126953126,-0.0154360746964812,-0.0171030350029468,-0.0076354383490979,-0.4316149652004242,-0.2168146818876266,-0.1467827409505844,-0.0093023460358381,-0.0168327838182449,0.1443921774625778,-0.0581969209015369,-0.4945683479309082,-0.357431560754776
2019-03-22 00:00:00+00:00,77.0,77.59,76.05,76.58,-0.6,76.77,18611.0,103213.0,247.0,58.0,,69.98538208007812,69.51747978210449,6.706144967079163,6.68407000541687,139.8691044616699,137.9941990661621,-0.000458883063402,0.0014626377960667,-0.0018998659215867,-0.0300644449889659,-0.0527047738432884,-0.1290377229452133,0.1333528757095337,0.1105833053588867,0.2130972445011139,-0.0591500885784626,-0.5210302472114563,-0.2964082360267639
2019-03-25 00:00:00+00:00,76.7,77.77,76.17,77.73,1.15,77.11,18710.0,102799.0,27.0,12.0,,69.98538208007812,69.51747978210449,6.730571913719177,6.69684196472168,139.84960342407226,138.137296295166,-0.0061011551879346,-0.0050061396323144,-0.0048188921064138,0.6649284958839417,0.2598776817321777,-0.1584151983261108,-0.0144437570124864,0.0223130993545055,-0.0586294420063495,0.1663093864917755,0.7067025899887085,0.4364582598209381
2019-03-26 00:00:00+00:00,77.63,77.98,77.42,77.89,0.16,77.77,14609.0,98123.0,70.0,,,69.98538208007812,69.51747978210449,6.717656087875366,6.694099884033204,139.8691044616699,137.9941990661621,-0.0024259556084871,-0.0025348239578306,-0.0030973758548498,0.0754699036478996,-0.0489298701286315,-0.1359821856021881,0.0439997762441635,0.0339529700577259,0.1459911614656448,-0.020086120814085,-0.0745111480355262,-0.0623118393123149
2019-03-27 00:00:00+00:00,77.75,77.77,76.59,76.95,-0.94,77.22,16598.0,97181.0,78.0,16.0,,69.98538208007812,69.51747978210449,6.720492091178894,6.697149105072022,139.86680404663085,138.01269927978515,-0.0015704656252637,-0.001294590299949,-0.0016670960467308,-0.3226259648799896,-0.198129191994667,-0.1632838994264602,-0.0486395470798015,-0.038450825959444,-0.2195204794406891,-0.0366058722138404,-0.2737734913825989,-0.1822910755872726
2019-03-28 00:00:00+00:00,76.95,77.15,75.52,75.87,-1.08,76.14,16420.0,93979.0,186.0,30.0,,69.98538208007812,69.51747978210449,6.7319308853149415,6.711701612472535,139.86770416259765,138.00839935302736,0.0033444440923631,0.0027254442684352,-0.0023757447488605,-0.2244698852300644,-0.1276364773511886,-0.1247993260622024,0.0021061382722109,0.0615289993584156,-0.1549084484577179,-0.0410570986568927,-0.3225505650043487,-0.2014581263065338
2019-03-29 00:00:00+00:00,75.9,77.8,75.72,77.61,1.74,77.07,20251.0,92691.0,86.0,,,69.98538208007812,69.51747978210449,6.743857851028443,6.730226964950561,139.8365042114258,137.99519912719725,-0.0113550750538706,-0.0153292417526245,-0.0057206032797694,-0.2831496000289917,-0.1022507175803184,-0.1082487404346466,-0.0194106288254261,-0.0219475198537111,-0.2780651748180389,-0.0339511409401893,-0.2154719829559326,-0.1755260229110717
2019-04-01 00:00:00+00:00,77.73,77.88,77.18,77.36,-0.25,77.61,17500.0,88316.0,84.0,,,69.70003234863282,69.29909599304199,6.716939039230347,6.697097868919372,140.52759963989257,139.585,-0.0009218400227837,-0.001876457594335,-0.0020375184249132,0.1799120903015136,0.1172967404127121,-0.1200265139341354,-0.0212587881833314,0.0598465725779533,-0.0651803985238075,-0.0236576311290264,-0.1754381507635116,-0.1491413861513137
2019-04-02 00:00:00+00:00,77.27,77.37,76.47,77.27,-0.09,76.92,15110.0,85892.0,32.0,,,69.37690879821777,68.83960014343262,6.715884037017823,6.696610927581787,140.54080108642577,139.3288037109375,0.0012375018559396,0.0020803906954824,0.0024011593777686,-0.089145503938198,-0.2372372597455978,-0.1846654713153839,-0.1807519793510437,-0.1435567438602447,-0.0539869889616966,-0.0345712453126907,-0.2039553672075271,-0.1685411632061004
2019-04-03 00:00:00+00:00,77.27,77.93,76.91,77.05,-0.22,77.5,15097.0,83393.0,174.0,136.0,,69.33658966064453,68.70512550354005,6.7308868885040285,6.70514301776886,140.49120010375975,139.5581999206543,-0.0035917439963668,-0.0042095980606973,-0.0027639460749924,0.232136383652687,0.2166235446929931,-0.1270874291658401,-0.1139128431677818,-0.0862092599272728,0.0582332834601402,0.0692365020513534,0.2186661213636398,0.0812914669513702
2019-04-04 00:00:00+00:00,76.85,77.8,76.85,77.32,0.27,77.44,14211.0,81041.0,50.0,,,69.17548439025879,68.66964050292968,6.712473025321961,6.690919947624207,140.54080108642577,139.3288037109375,0.0021479739807546,0.0020989391487091,0.0027861858252435,-0.4857388138771057,-0.3446830809116363,-0.138067290186882,-0.1204463392496109,-0.1594407856464386,0.0960035845637321,-0.0255868099629879,-0.1811656206846237,-0.1626752912998199
2019-04-05 00:00:00+00:00,77.32,78.48,77.05,78.25,0.93,78.11,22955.0,77629.0,16.0,,,69.28152946472169,68.72983055114746,6.721945953369141,6.69748902797699,140.53820053100586,139.40640243530274,-0.0015301202656701,-0.0012958564329892,-0.0016501807840541,0.4147950410842895,0.2837097644805908,-0.1326230764389038,-0.0388994812965393,-0.0370172224938869,0.0660779252648353,-0.0388895347714424,-0.2928884029388428,-0.1858786642551422
2019-04-08 00:00:00+00:00,78.39,79.08,77.85,78.92,0.67,78.56,23547.0,70436.0,,4515.0,,69.5412680053711,69.05138481140136,6.721104912757873,6.695078029632568,140.54080108642577,139.3288037109375,-0.0026981416158378,-0.0013116888003423,-0.0016067631077021,-0.5075922608375549,-0.3133649230003357,-0.1761480569839477,0.4039055109024048,0.3518044054508209,0.1624864041805267,-0.0322008617222309,-0.2698431313037872,-0.19293212890625
2019-04-09 00:00:00+00:00,78.88,79.31,77.57,78.09,-0.83,78.46,27428.0,60992.0,4.0,4300.0,,69.89327407836915,69.44343032836915,6.719596014022828,6.697842893600464,140.54080108642577,139.3288037109375,-0.0005630325176753,-0.0009218322811648,-0.0016248549800366,-0.4274382591247558,-0.2137769013643264,-0.1542780548334121,-0.179251030087471,-0.1358669102191925,-0.0676845833659172,-0.0408148244023323,-0.3222382664680481,-0.1977785378694534
2019-04-10 00:00:00+00:00,78.18,78.35,77.32,77.62,-0.47,77.76,19775.0,51151.0,183.0,2536.0,,69.48038612365723,69.00891082763673,6.719677019119263,6.6991988468170165,140.54080108642577,139.3288037109375,-0.001983824186027,0.0009007229236885,0.001677852589637,-0.6865847706794739,-0.2999910414218902,-0.1567439436912536,0.0988481417298317,0.0723613202571868,0.0385572873055934,-0.0236308462917804,-0.1062778234481811,-0.1193316578865051
2019-04-11 00:00:00+00:00,77.77,77.94,76.86,76.98,-0.64,77.45,22789.0,44009.0,338.0,3529.0,,69.36894172668457,68.84872985839844,6.722598934173584,6.699374995231628,140.54080108642577,139.3288037109375,-0.0028853102121502,-0.0017341978382319,-0.0015522104222327,0.0450545735657215,-0.0927038118243217,-0.1260419636964798,0.1368539482355117,0.123645581305027,0.0300030466169118,-0.0382487848401069,-0.2669224739074707,-0.1955396831035614
2019-04-12 00:00:00+00:00,76.98,78.65,76.88,78.11,1.13,78.13,21238.0,33176.0,269.0,210.0,,69.34020210266114,68.81477905273438,6.725571913719177,6.694688014984131,140.54080108642577,139.3288037109375,-0.0036593081895262,-0.0036479097325354,-0.0018933909013867,-0.2306301593780517,-0.2167035639286041,-0.1587994992733001,-0.107307881116867,-0.0695790573954582,-0.1843148469924926,0.1260723322629928,0.3743954300880432,0.3001917004585266
2019-04-15 00:00:00+00:00,78.14,78.43,75.7,76.49,-1.62,76.82,13244.0,22627.0,555.0,679.0,,69.44023902893066,68.96253997802734,6.709295015335083,6.68965292930603,140.49100158691405,139.27650100708007,-0.0030034417286515,-0.0035879421047866,-0.0017240160377696,-1.6242772340774536,-1.013134241104126,-0.3072198033332824,0.058777742087841,0.0876472890377044,0.0666100308299064,0.1380689442157745,0.5554007887840271,0.3576579689979553
2019-04-16 00:00:00+00:00,76.49,78.22,76.49,77.94,1.45,77.46,8000.0,16711.0,408.0,514.0,,69.71987663269043,69.34063552856445,6.720130982398987,6.693307933807373,141.57240142822266,140.1244044494629,-0.001841265708208,-0.0019728138577193,0.0014401759253814,0.1613033562898636,-0.2130507230758667,-0.1681009829044342,-0.1337142139673233,-0.1968618184328079,-0.3064970970153808,-0.0305305812507867,-0.2243636399507522,-0.2182831317186355
2019-04-17 00:00:00+00:00,77.94,78.44,77.5,78.11,0.17,78.12,6588.0,12554.0,64.0,,,70.23985984802246,69.4909058380127,6.730609936714172,6.698969941139222,141.61120040893556,139.95290267944335,-0.0202496331185102,-0.0201445780694484,-0.0102096041664481,-0.2855892181396484,-0.2341870367527008,-0.1952536404132843,-0.2343862056732177,-0.2522890567779541,-0.4194462895393371,-0.0209943130612373,-0.1259540021419525,-0.1786436587572097
2019-04-18 00:00:00+00:00,78.32,78.32,77.03,77.31,-0.8,77.44,4032.0,8823.0,305.0,,,69.47236282348632,69.12883140563964,6.704045038223267,6.676481008529663,141.58750228881837,140.1205047607422,0.0042527406476438,0.0044931191951036,0.0030861722771078,-0.5957732796669006,-0.3186507523059845,-0.1994641125202179,-0.0653760284185409,-0.0343368053436279,-0.0306891202926635,-0.0417415574193,-0.3188980221748352,-0.2732732892036438
2019-04-22 00:00:00+00:00,77.65,77.86,77.0,77.19,,77.51,4241.0,6345.0,81.0,,,69.69661468505859,69.36909049987793,6.713539028167725,6.69689790725708,141.61230041503907,139.94660263061525,-0.0048297964967787,-0.0032007172703742,-0.0032940858509391,0.9062440395355223,0.522297739982605,-0.2249757796525955,0.4436958134174347,0.4083572328090668,0.1371950805187225,-0.0173516608774662,-0.1422710716724395,-0.1005889326333999
2019-04-23 00:00:00+00:00,77.1,77.1,76.11,76.57,-0.62,76.57,2666.0,1917.0,,29.0,,70.36130653381348,69.78714645385742,6.714520030021667,6.698770031929016,141.6570979309082,139.8446025085449,0.0120946001261472,0.0089104892686009,0.0030818528030067,-1.103378176689148,-0.5097678303718567,-0.2230696678161621,-0.1683865338563919,-0.2370912730693817,-0.2634319067001343,-0.0167769230902194,-0.1641620099544525,-0.1102903932332992
2019-04-24 00:00:00+00:00,76.4,76.4,75.85,75.77,-0.8,76.13,43.0,448.0,,,,69.97623085021972,69.56968116760254,6.7252469158172605,6.7039430046081545,141.57430145263672,140.12990463256835,-0.0066305710934102,-0.0050749159418046,-0.0040657455101609,-0.4283322095870971,-0.2440315783023834,-0.1479291021823883,0.1257844716310501,0.0599434562027454,0.0640213415026664,-0.0363877713680267,-0.2753679156303406,-0.2551124691963196
2019-04-25 00:00:00+00:00,76.3,76.5,76.3,76.97,1.2,76.4,21.0,344.0,,,,70.27854583740235,69.75377876281738,6.72943696975708,6.706520042419434,141.58640029907227,140.18980514526368,0.0132843889296054,0.0118942270055413,0.0065508862026035,-0.54189133644104,-0.1987893283367157,-0.145313560962677,0.0254670437425375,0.0521220974624156,0.1066320315003395,0.0200844760984182,-0.1436963081359863,-0.1715009957551956
2019-04-26 00:00:00+00:00,76.58,76.58,76.54,76.75,-0.22,76.56,2.0,275.0,,,,70.30236488342285,69.73292663574219,6.7440308618545535,6.722190309047699,141.58040267944335,140.14590408325196,-0.0028990320861339,-0.0036880441475659,-0.0026067879516631,0.2663518786430359,0.1023331731557846,-0.1061712056398391,-0.0180962793529033,-0.0527757033705711,-0.0567841604351997,-0.0229563005268573,-0.176052838563919,-0.194166213274002
2019-04-29 00:00:00+00:00,76.07,76.15,76.07,76.13,-0.62,76.09,26.0,271.0,,,,70.0185171508789,69.46906898498536,6.7330459880828855,6.705599660873413,141.13639694213867,139.61120040893556,-0.0007624371792189,-0.0011195994447916,-0.0022979695349931,-0.2675433158874511,-0.2393798828125,-0.1959563046693802,0.0694663003087043,0.068763218820095,0.0507856607437133,0.257541686296463,1.301752686500549,0.6451566219329834
2019-04-30 00:00:00+00:00,76.13,76.15,75.98,75.98,-0.15,,3.0,244.0,,,,70.0085270690918,69.48186294555664,6.74441388130188,6.720603671073913,141.1895979309082,140.00480026245117,-0.0007177083170972,-0.0010640918044373,-0.0021178442984819,0.0799870491027832,0.1644828021526336,-0.1704725474119186,-0.0157408528029918,-0.0406264290213584,-0.052529502660036,-0.0295890960842371,-0.2930302023887634,-0.3280887603759765
2019-05-01 00:00:00+00:00,75.46,75.46,75.46,75.91,-0.07,75.46,1.0,213.0,,,,69.92387184143067,69.49796966552735,6.74092086315155,6.7236899209022525,141.59269943237305,140.24439895629882,-0.0012400319101288,-0.0011738543398678,-0.0017216902924701,-0.1757011264562606,-0.0983139425516128,-0.1505244672298431,0.0497180148959159,0.057697843760252,0.1074965745210647,-0.039319921284914,-0.3016229569911957,-0.3291209638118744
2019-05-02 00:00:00+00:00,75.65,75.65,74.98,74.65,-1.26,75.15,4.0,211.0,,,,69.78337158203125,69.29827590942382,6.740961861610413,6.7236899209022525,141.60809982299804,140.35800201416015,-0.0023648769129067,-0.0015321224927902,-0.0015008240006864,0.2935894429683685,0.3091596364974975,-0.1608302742242813,0.0114954179152846,0.0296423528343439,-0.1520692855119705,-0.0376516543328762,-0.2800061404705047,-0.2552637755870819
2019-05-03 00:00:00+00:00,74.65,75.65,74.65,74.78,0.13,,4.0,207.0,,,,69.61479751586914,69.27400100708007,6.740961861610413,6.7236899209022525,141.5890998840332,140.20959884643554,-0.0010293237864971,-0.0006964679341763,-0.0013656036462634,0.945104956626892,0.6724467873573303,-0.2406169474124908,-0.0276313833892345,-0.0374783650040626,-0.0302581880241632,-0.0431444644927978,-0.3594537377357483,-0.2731204926967621
2019-05-06 00:00:00+00:00,73.2,73.2,72.4,72.65,-2.13,72.8,2.0,191.0,,,,69.37134742736816,68.893666305542,6.743529868125916,6.727331647872925,141.090597076416,139.79039566040038,0.0225109178572893,0.023259749636054,0.0098913256078958,-0.5175538659095764,-0.3535706400871277,-0.1660567671060562,0.1700984239578247,0.1662904918193817,0.0732762888073921,-0.02966995164752,-0.177817091345787,-0.2265091389417648
2019-05-07 00:00:00+00:00,72.9,72.9,72.27,72.28,-0.37,72.59,2.0,193.0,,,,69.65900268554688,69.23524085998535,6.7749170351028445,6.743561916351318,141.5480986022949,139.9152978515625,0.0059329974465072,0.0054809423163533,0.0053221229463815,0.0437135584652423,0.0309260692447423,-0.0969125255942344,0.1074104830622673,0.0983539745211601,0.1225826740264892,-0.0334080345928669,-0.2372048199176788,-0.2253223359584808
2019-05-08 00:00:00+00:00,73.15,73.69,71.9,72.31,-0.87,72.54,26911.0,104622.0,1128.0,,,69.97593399047851,69.50501022338867,6.780254926681518,6.7470309448242185,141.54230010986328,139.90189865112305,0.0013856012374162,0.0011449696030467,0.0034097260795533,0.2499037235975265,0.1577040404081344,0.1244383975863456,-0.0480341725051403,-0.0732034146785736,-0.2464072257280349,-0.0358894169330596,-0.2353333979845047,-0.2234211415052414
2019-05-09 00:00:00+00:00,72.2,72.34,69.64,70.23,-2.08,70.68,34297.0,104937.0,276.0,,,69.98869171142579,69.50237487792968,6.801905913352966,6.775763111114502,141.5592012023926,140.1630010986328,0.0370905436575412,0.0421116948127746,0.0170101355761289,0.2735522389411926,0.3419195711612701,0.1582578122615814,0.0625272691249847,0.0723536163568496,-0.1089263334870338,-0.0389848425984382,-0.2641597390174866,-0.2337738573551178
2019-05-10 00:00:00+00:00,70.31,71.52,68.35,68.45,-1.78,69.77,26796.0,103817.0,155.0,,,70.40157119750977,69.85455810546875,6.848221035003662,6.812526063919068,141.0846974182129,139.70859741210938,-0.0074049942195415,-0.0063770278356969,-0.0050864811055362,0.2372403442859649,0.1270033419132232,-0.102047398686409,-0.2356437444686889,-0.2024916410446167,-0.2253525704145431,-0.0197210665792226,-0.0816328823566436,-0.1524276286363601
2019-05-13 00:00:00+00:00,68.5,68.59,65.45,65.45,-3.0,66.15,32132.0,103750.0,626.0,,,70.30873085021973,69.83520050048828,6.859869971275329,6.82034206867218,141.5907002258301,140.22950134277343,0.0437969118356704,0.0472266711294651,0.0180292353034019,0.0888381153345108,0.0733255743980407,-0.0797358676791191,0.4345652461051941,0.4270614683628082,0.1551641970872879,-0.0392554476857185,-0.2965405583381653,-0.293601930141449
2019-05-14 00:00:00+00:00,65.85,67.15,64.5,66.76,1.31,66.05,27457.0,103445.0,322.0,850.0,,70.86372970581054,70.37454368591308,6.883812074661255,6.857855072021485,141.6658999633789,140.0412026977539,-0.0002754529705271,-0.0023247017525136,-0.0059300027787685,-0.1113302931189537,0.1245338171720504,0.0969010442495346,-0.0681158155202865,-0.1260279566049575,0.0911263599991798,-0.0196477472782135,-0.0835387706756591,-0.1025993824005127
2019-05-15 00:00:00+00:00,66.8,67.27,65.79,66.35,-0.41,66.49,18365.0,101228.0,47.0,15.0,,70.43998977661133,69.78994262695312,6.8840710544586186,6.861871094703674,141.6853012084961,140.2509977722168,-0.002650840440765,-0.0017612345982342,-0.0054648113436996,0.2754170000553131,0.1876941919326782,0.1168254017829895,0.0628031566739082,0.0272158198058605,0.0879872143268585,-0.0330562964081764,-0.2019699066877365,-0.1940806359052658
2019-05-16 00:00:00+00:00,66.33,67.17,66.33,66.8,0.45,66.75,12615.0,101973.0,89.0,1028.0,,70.30256446838379,69.81096420288085,6.883758935928345,6.8532950305938725,141.6165020751953,140.07680114746094,-0.0022642319090664,-0.0014884067932143,-0.0054792226292192,0.234404519200325,0.2086765021085739,0.123370237648487,0.0338113345205783,0.0318176746368408,0.0805192813277244,0.0975965708494186,0.2649575173854828,0.5356605648994446
2019-05-17 00:00:00+00:00,66.66,66.8,65.83,65.99,-0.81,66.2,12020.0,102361.0,216.0,,,70.29115417480469,69.80359390258789,6.903991923332215,6.862136955261231,141.64819885253905,140.30110305786133,0.0182974785566329,0.0222540330141782,0.0108733186498284,1.0684587955474854,0.5720562934875488,0.1802994012832641,0.0564448460936546,0.04561273381114,0.0705524533987045,1.05595862865448,4.308292865753174,1.86216413974762
2019-05-20 00:00:00+00:00,66.15,67.99,65.85,67.91,1.92,66.74,16986.0,103545.0,70.0,,,70.44499046325683,69.74170013427734,6.9209610414505,6.880765857696534,141.66370071411131,140.3311018371582,-0.0061787660233676,-0.0062574753537774,-0.0081450128927826,-0.6721166968345642,-0.5387228727340698,-0.1704075187444687,-0.2737919390201568,-0.2330405414104461,-0.3156013786792755,-0.0270835813134908,-0.3795855343341827,-0.2362312376499176
2019-05-21 00:00:00+00:00,68.0,68.24,67.01,67.32,-0.59,67.46,14096.0,100248.0,120.0,,,69.80481773376465,69.43205612182618,6.909509057998657,6.8739188861846925,141.66370071411131,140.3311018371582,-0.0048207538202404,-0.0037499878089874,-0.0074228886514902,-1.3928601741790771,-0.8394611477851868,-0.2248706072568893,-0.2309352457523346,-0.1608235538005828,-0.2899602651596069,0.5416844487190247,2.4941277503967285,0.9480465054512024
2019-05-23 00:00:00+00:00,66.75,68.22,66.51,67.48,0.73,67.51,14626.0,101876.0,101.0,,,69.89988609313964,69.43776100158692,6.909106101989746,6.876890926361084,141.66370071411131,140.3311018371582,-0.0040196953341364,-0.0023875061888247,-0.0062187518924474,0.321322351694107,0.2437385618686676,-0.1014926508069038,-0.2829357981681824,-0.2474110424518585,-0.1164740920066833,0.3441650867462158,1.3845189809799194,0.4655833840370178
2019-05-24 00:00:00+00:00,67.35,68.59,67.35,68.39,0.91,68.22,13417.0,100847.0,5.0,,,69.90369735717773,69.44686569213867,6.908839063644409,6.875603909492493,141.66370071411131,140.3311018371582,-0.0045798830687999,-0.0049051796086132,-0.0078011183068156,0.0638170391321182,0.117182657122612,-0.104194238781929,-0.3026147186756134,-0.2791875898838043,-0.1659052520990371,-0.0258465372025966,-0.3205186724662781,-0.1035391315817833
2019-05-27 00:00:00+00:00,68.39,68.59,67.35,68.39,0.0,,13417.0,98466.0,,,,69.62568656921387,69.25057579040528,6.905914053916932,6.88111496925354,141.66370071411131,140.3311018371582,-0.0041341842152178,-0.0038083591498434,-0.0059045976959168,-0.5242948532104492,-0.3570904433727264,-0.1666480004787445,0.1809391677379608,0.2204091250896453,0.1232383996248245,0.207293227314949,0.6613062024116516,0.2972583174705505
2019-05-28 00:00:00+00:00,68.46,69.5,68.46,69.47,1.08,69.08,17309.0,98476.0,14.0,,,69.71716995239258,69.36862075805664,6.907147068977356,6.879949927330017,141.66370071411131,140.3311018371582,-0.0027148951776325,-0.0013541552470996,-0.0047119329683482,-0.1164452657103538,0.0964719206094741,-0.0971967875957489,-0.120259016752243,-0.125935673713684,-0.1659793555736541,-0.077823668718338,-0.1373618245124817,-0.1505138874053955
2019-05-29 00:00:00+00:00,69.66,69.81,68.61,69.06,-0.41,69.39,13943.0,97933.0,351.0,100.0,,70.38085655212403,69.7348747253418,6.911619062423706,6.874835863113403,141.66370071411131,140.3311018371582,-0.0057226410135626,-0.0046696113422513,-0.0047239367850124,-0.0118536632508039,0.0593670234084129,-0.0884278416633606,-0.0807047858834266,-0.0925212725996971,-0.0538540780544281,0.0964524000883102,0.1736861616373062,0.1096559390425682
2019-05-30 00:00:00+00:00,68.81,69.5,68.18,69.34,0.28,69.01,12002.0,96821.0,80.0,,,70.05695892333985,69.42170524597168,6.910748057365417,6.873280854225158,141.66370071411131,140.3311018371582,-0.0066895359195768,-0.0057229199446737,-0.0058794165961444,1.4954378604888916,0.7080076336860657,-0.2203955650329589,-0.0483767129480838,-0.0207718051970005,0.0342450141906738,0.1869004070758819,0.7214887142181396,0.2682353556156158
2019-05-31 00:00:00+00:00,69.48,69.69,68.0,68.08,-1.26,68.92,13822.0,95207.0,,,,70.29615127563477,69.45784606933594,6.906970038414001,6.878199911117553,141.66370071411131,140.3311018371582,-0.0009420270216651,-0.00133837480098,-0.0041296361014246,-0.2801009714603424,-0.177205204963684,-0.2245734930038452,-0.1762299239635467,-0.1850280165672302,-0.1598391681909561,-0.2994228303432464,-1.5166479349136353,-0.3937820196151733
2019-06-03 00:00:00+00:00,68.2,69.54,66.9,69.42,1.34,68.43,29034.0,93449.0,173.0,770.0,,69.73927192687988,69.23267059326172,6.910445318222046,6.886829032897949,148.24286191813152,142.4904483795166,-0.0036563372705131,-0.0038297958672046,-0.0045109968632459,-0.1550630629062652,-0.1173036471009254,-0.1139725223183631,-0.185274451971054,-0.1428035199642181,-0.0180921889841556,0.4296490252017975,1.6412601470947266,0.4328981041908264
2019-06-04 00:00:00+00:00,69.91,69.91,68.48,68.97,-0.45,69.28,24444.0,88609.0,20.0,,,69.39822357177735,68.86662071228028,6.911781239509582,6.889643293619156,148.24745146433514,143.8993991088867,0.0007613812340423,0.0018033499363809,0.0029377848841249,-0.0111200362443923,-0.0520494282245636,-0.1271087378263473,0.1049781814217567,0.1742726862430572,0.1263550519943237,0.0920377820730209,0.4119015336036682,0.0635739341378212
2019-06-05 00:00:00+00:00,69.3,69.62,68.42,68.74,-0.23,69.03,16630.0,82351.0,10.0,,,69.55630676269531,69.12773101806641,6.912969950437546,6.89258059310913,149.7075008646647,148.7481024169922,-0.0016246481100097,-0.001492301817052,-0.0030875257216393,0.7967263460159302,0.4498748779296875,-0.1569868624210357,-0.0659783110022544,-0.083728939294815,-0.107696309685707,0.1025291457772255,0.6972330212593079,-0.2868057787418365
2019-06-06 00:00:00+00:00,68.64,68.72,67.48,68.59,-0.15,68.07,16357.0,79345.0,151.0,6.0,,69.58510856628418,69.14994705200195,6.91513643860817,6.893161192893982,149.46169373321536,144.5847487640381,-0.0034724858123809,-0.0027647092938423,-0.0031934815924614,-1.1474593877792358,-0.4054494798183441,-0.2651383876800537,-0.3098636567592621,-0.3092456459999084,-0.1495075672864914,-0.1531278789043426,-0.9700932502746582,-0.3704819679260254
2019-06-07 00:00:00+00:00,68.59,68.72,65.59,65.59,-3.0,66.54,29202.0,76364.0,49.0,2000.0,,69.6578359222412,69.22953636169433,6.91133588552475,6.890104546149571,149.36597030385337,148.17715156555178,-0.0022473284043371,-0.0022917808964848,-0.0029322558548301,-0.4503505229949951,-0.2554873824119568,-0.1941324472427368,-0.0643028318881988,-0.0583456754684448,0.0456938259303569,0.123292401432991,0.4280780255794525,0.2027076780796051
2019-06-10 00:00:00+00:00,65.65,66.5,64.85,65.99,0.4,65.82,29728.0,74118.0,47.0,2810.0,,69.71897499084473,69.24130645751953,6.9146998238563535,6.889635109106699,150.24865131378172,148.91550216674804,0.0182810667902231,0.0195590909570455,0.011793109588325,-0.7069733738899231,-0.4479194581508636,-0.3894228339195251,0.0623569972813129,0.0780065506696701,0.0726150199770927,0.1142511591315269,0.4966871738433838,0.1258209496736526
2019-06-11 00:00:00+00:00,66.14,66.36,65.29,65.65,-0.34,65.68,21226.0,65804.0,52.0,88.0,,69.708451461792,69.34830490112304,6.917483141422272,6.880481345653534,151.53000396728515,147.0831788253784,-0.0036908632609993,-0.0054318686015903,-0.0044779647141695,0.3237960636615753,0.2049438655376434,-0.1381387859582901,0.0463173054158687,0.0372913852334022,0.0477326102554798,-0.0375080332159996,-0.2157365977764129,-0.1172727569937706
2019-06-12 00:00:00+00:00,65.66,66.95,65.43,66.57,0.92,66.3,23002.0,57973.0,250.0,1365.0,,69.58115234375,69.17451469421387,6.917090336084366,6.89071070075035,151.87060012817383,147.1860778427124,0.0039109699428081,0.0036657198797911,0.005583934020251,-0.0437685288488864,-0.0808089226484298,-0.0646222233772277,0.0987169742584228,0.0789660140872001,0.0857273489236831,0.2377049624919891,1.0228140354156494,0.3502786755561828
2019-06-13 00:00:00+00:00,66.57,67.52,66.04,66.83,0.26,66.95,19562.0,47960.0,7.0,158.0,,69.8981583404541,69.40171112060547,6.9171001648902894,6.881921360492706,152.18770248413085,146.79808456675212,0.0020655211992561,0.0017164403107017,0.0048479628749191,-0.1411776691675186,-0.0764641985297203,-0.070223718881607,-0.0764748677611351,-0.0677480995655059,-0.1389494240283966,0.0527342781424522,0.0941912084817886,0.0993681848049163
2019-06-14 00:00:00+00:00,66.84,66.96,65.9,65.94,-0.89,66.28,11362.0,40304.0,201.0,2235.0,,69.80706334431967,69.3404727935791,6.9171001648902894,6.881921360492706,152.21420318603515,146.71668380991616,0.0018159736646339,0.0015960827004164,0.0044697551056742,0.0224519614130258,-0.0352223590016365,-0.0640817508101463,-0.0436842739582061,-0.0479364842176437,-0.1572175770998001,0.4677318036556244,1.8592345714569087,0.7538801431655884
2019-06-17 00:00:00+00:00,66.03,66.5,65.32,65.63,-0.31,66.17,10465.0,26765.0,250.0,1587.0,,70.12175003051757,69.45170944213868,6.924841079711914,6.904842939376831,152.94749816894532,148.85400070190428,-0.000430483079981,-0.0011420403607189,0.0035495001357048,-0.2440834939479828,-0.108111098408699,-0.0952072516083717,0.0745818391442298,0.0586072094738483,-0.0398466326296329,0.3880292475223541,1.5096017122268677,0.4151225686073303
2019-06-18 00:00:00+00:00,65.63,66.99,64.97,65.32,-0.31,66.05,9460.0,17825.0,50.0,156.0,,70.1030101331075,69.5949732208252,6.927039012908936,6.9036969518661495,152.94749816894532,148.85400070190428,-0.0045921672135591,-0.0055597471073269,-0.0038032552693039,0.0344073213636875,0.0940892919898033,-0.072685606777668,-0.2298014611005783,-0.2697740197181701,-0.3283446133136749,-0.0249725077301263,-0.1273762285709381,-0.1612917631864547
2019-06-19 00:00:00+00:00,65.49,66.3,65.32,65.38,0.06,65.63,6600.0,11679.0,7.0,88.0,,69.81972625732422,69.37975761413574,6.910523014068604,6.890145030021667,152.94749816894532,148.85400070190428,0.0024626201484352,0.0034542761277407,0.0033064123708754,0.3182450830936432,0.2522638440132141,-0.1104172319173812,-0.1073670461773872,-0.0962457209825515,-0.1184371933341026,-0.0262047052383422,-0.1851171404123306,-0.1433747708797454
2019-06-20 00:00:00+00:00,65.32,65.8,62.38,63.21,-2.17,64.4,6440.0,7074.0,20.0,1112.0,,69.81138656616211,69.42657368469239,6.905210061073303,6.882943029403687,152.94749816894532,148.85400070190428,-0.043612603098154,-0.0470879189670085,-0.01836409419775,-0.7708677649497986,-0.2699552178382873,-0.0962817370891571,-0.1065371111035347,-0.1160184517502784,-0.1455246806144714,0.0370902307331562,-0.222687691450119,-0.0740685611963272
2019-06-21 00:00:00+00:00,63.35,64.0,60.27,61.19,-2.02,62.48,2619.0,2096.0,,40.0,,69.67487854003906,69.25723037719726,6.875748925209045,6.841387991905212,152.94749816894532,148.85400070190428,-0.004077167250216,0.0042593600228428,0.0036838718224316,1.1970816850662231,0.7463346719741821,0.2096759229898452,-0.1450967341661453,-0.1062196344137191,-0.1811140477657318,-0.0344963446259498,-0.2506507933139801,-0.2086385935544967
2019-06-24 00:00:00+00:00,61.75,62.79,61.75,62.3,1.11,62.54,150.0,396.0,,4.0,,69.83991477966309,69.39715034484863,6.880339994430542,6.857702984809875,152.94749816894532,148.85400070190428,-9.71438203123398e-05,-0.001569950254634,-0.0023281155154109,-0.3137155771255493,-0.1314020454883575,-0.0645154789090156,0.0120230233296751,-0.0262578688561916,0.0379009693861007,-0.0421288982033729,-0.3274115920066833,-0.2266977280378341
2019-06-25 00:00:00+00:00,62.43,62.55,61.8,62.2,-0.1,62.2,85.0,295.0,21.0,,,69.49220985412597,69.06490356445312,6.883015007972717,6.854632902145386,152.94749816894532,148.85400070190428,-0.0015964496415108,-0.003841507481411,-0.0026727423537522,0.2277212291955948,0.178674429655075,0.0814851000905036,-0.0860266834497451,-0.08719402551651,-0.190788984298706,-0.0409775599837303,-0.3970038294792175,-0.2451412379741668
2019-06-26 00:00:00+00:00,64.46,64.46,64.46,63.49,1.29,64.46,17.0,66.0,,,,69.8603448486328,69.43025085449219,6.881833024024964,6.861872010231018,152.94749816894532,148.85400070190428,-0.0025137711782008,-0.0043324241414666,-0.0031244151759892,-0.4746617078781128,-0.2740453779697418,-0.0947172194719314,-0.1067481860518455,-0.1034804731607437,-0.1308854967355728,0.286036878824234,1.0288705825805664,0.4184719026088714
2019-06-27 00:00:00+00:00,62.38,64.29,62.0,62.99,-0.5,63.12,24.0,16.0,,,,69.89773200988769,69.40612686157226,6.882037096023559,6.8651470279693605,152.94749816894532,148.85400070190428,-0.0023623900488018,-0.0040209186263382,-0.0031349277123808,0.3090066611766815,0.3547673225402832,0.1331545114517212,-0.1313321888446808,-0.1507328450679779,-0.1560247838497162,0.8312703967094421,3.235689163208008,0.890973687171936
2019-06-28 00:00:00+00:00,63.6,63.6,63.6,63.15,0.16,63.6,3.0,17.0,,,,69.48143043518067,68.91888328552245,6.881974987983703,6.853071961402893,152.94749816894532,148.85400070190428,0.0015543684130534,-0.0019058811012655,-0.0024780540261417,1.325065016746521,0.7897176742553711,0.2640541195869446,-0.2783380448818207,-0.2761605083942413,-0.0690533965826034,0.1562648266553878,0.3301231861114502,0.3475047647953033
2019-07-01 00:00:00+00:00,66.23,66.23,66.23,63.17,0.02,66.23,2.0,14.0,,,,69.26661506652832,68.67896614074706,6.875173926353455,6.847824931144714,161.34289764404298,156.52240325927735,-0.0012397527461871,-0.0054253926500678,-0.0035097356885671,0.2287341654300689,0.1507389396429062,0.2085984796285629,0.1659948825836181,0.1447607576847076,0.0726674124598503,0.1560646593570709,0.1823295354843139,-0.2932851910591125
2019-07-02 00:00:00+00:00,63.17,66.23,63.17,63.77,0.6,,2.0,14.0,,,,69.33414497375489,68.67261276245117,6.882360968589783,6.839629044532776,160.5288980102539,155.82500289916993,0.0067921732552349,0.0093816416338086,0.004921197425574,0.4087099134922027,0.1432979702949524,-0.1437943428754806,-0.0374520719051361,-0.0616391897201538,-0.0913317278027534,-1.023292899131775,-4.359432697296143,-1.358007788658142
2019-07-03 00:00:00+00:00,63.77,66.23,63.17,63.75,-0.02,,2.0,14.0,,,,69.29081665039062,68.64396209716797,6.882939071655273,6.850686950683594,158.1974969482422,153.9391017150879,0.0010561362141743,-0.0028041386976838,0.0026520097162574,-0.570571780204773,-0.2234134674072265,-0.1513075828552246,-0.0931424498558044,-0.0923065766692161,-0.0872726738452911,1.0686957836151123,3.722846508026123,0.9364567995071412
2019-07-04 00:00:00+00:00,63.75,66.23,63.17,63.75,0.0,,2.0,14.0,,,,69.22419891357421,68.59259918212891,6.882149114608764,6.857952008247375,157.91929824829103,155.39840408325196,-0.005326721817255,-0.0038004119414836,-0.0021679021883755,0.6664684414863586,0.3604527115821838,-0.1735390871763229,-0.2559531629085541,-0.2220910489559173,-0.0415770933032035,-0.5320615768432617,-2.005820751190185,-0.950644314289093
2019-07-05 00:00:00+00:00,65.57,65.57,62.93,63.44,-0.31,64.25,2.0,14.0,,,,69.28044792175292,68.64982864379883,6.882371063232422,6.84906494140625,157.35560104370117,155.17030319213868,0.0043868534266948,0.0054796515032649,0.0029818592593073,-0.0952517464756965,0.0660505294799804,-0.1164627745747566,-0.1601687222719192,-0.1580554097890854,0.1034335494041442,-0.143041580915451,-0.7271884083747864,-0.2812734842300415
2019-07-08 00:00:00+00:00,63.44,65.57,62.33,62.33,-1.11,,2.0,13.0,,,,69.25128845214844,68.57009567260742,6.903123087882996,6.878989048004151,158.23870132446288,155.80810119628907,-0.0040423907339572,-0.0045280898921191,-0.0032334618736058,0.1666440367698669,0.1503467261791229,-0.1211801022291183,0.274538904428482,0.2437985688447952,0.2753601372241974,0.3235472440719604,0.95370352268219,0.1534372866153717
2019-07-09 00:00:00+00:00,65.12,65.12,62.8,63.03,-2.1,64.01,53.0,213.0,,,,69.21944358825684,68.59539054870605,6.886721153259277,6.862117910385132,158.24600143432616,155.25020156860353,0.0016936598112806,0.0009999917820096,-0.0014813335146754,0.0984025746583938,0.0910502672195434,-0.1021068319678306,-0.0604176335036754,-0.0646816045045852,-0.0809326544404029,-0.0229404289275407,-0.1096011400222778,-0.2345872372388839
2019-07-10 00:00:00+00:00,62.87,63.8,62.87,63.54,0.51,63.45,43.0,209.0,,,,69.27989311218262,68.60117469787598,6.892612133026123,6.86684901714325,158.24600143432616,155.25020156860353,-0.003035100409761,-0.0043666078709065,-0.0029340225737541,-0.2027708292007446,0.1153796538710594,-0.1087926924228668,-0.2591516077518463,-0.2254515886306762,-0.0607491806149482,-0.0269668903201818,-0.1331308484077453,-0.2395664751529693
2019-07-11 00:00:00+00:00,63.63,63.75,62.57,62.89,-0.65,63.23,32.0,222.0,,,,69.26349296569825,68.57314376831054,6.8812180519104,6.859943108558655,157.3984031677246,155.16630325317382,-0.0036779807414859,-0.0064265066757798,-0.0033417197410017,-0.0572893060743808,0.0959157571196556,-0.1042140647768974,0.009132188744843,0.044515736401081,0.2429103404283523,-0.0242979042232036,-0.1164538636803627,-0.1271188557147979
2019-07-12 00:00:00+00:00,63.22,63.22,62.36,62.36,-0.53,62.86,25.0,234.0,,,,69.26349296569825,68.57314376831054,6.879050064086914,6.846035904884339,158.50560104370118,155.26540145874023,-0.0018135325517505,-0.0025292364880442,-0.0020714148413389,-0.1969561129808426,-0.1433814615011215,-0.1095720082521438,-0.0418776385486125,-0.0571775436401367,-0.0769905298948288,-0.0215454194694757,-0.1006556004285812,-0.0543232187628746
2019-07-15 00:00:00+00:00,62.65,63.68,62.12,63.7,1.34,62.64,35.0,246.0,,,,69.26384292602539,68.57776397705078,6.884094114303589,6.861228895187378,158.5026008605957,155.26670150756837,-0.0027071358636021,-0.0027361032553017,-0.0027399144601076,-0.6635619401931763,-0.3146277964115143,-0.1412594467401504,0.0084268283098936,0.017699034884572,0.0637254789471626,0.1004283279180526,0.3935593366622925,0.2093863189220428
2019-07-16 00:00:00+00:00,63.24,63.38,62.25,62.33,-1.37,62.89,29.0,246.0,,,,68.83626808166504,68.44787231445312,6.882462000846862,6.85037784576416,158.63029876708984,156.19979873657226,-0.0028486184310168,-0.0027867252938449,-0.0028128868434578,-0.8734044432640076,-0.3443790674209595,-0.1310613602399826,-0.0228015556931495,-0.0260203666985034,-0.0644649639725685,-0.0237020589411258,-0.1124595627188682,0.0756149739027023
2019-07-17 00:00:00+00:00,62.25,62.44,61.54,61.89,-0.44,62.1,13.0,254.0,,,,69.07368751525878,68.51573051452637,6.882214045524597,6.855765914916992,158.63029876708984,156.27519775390624,-0.0015781415859237,-0.0011327734682708,-0.0017459950176998,-1.06350576877594,-0.5518666505813599,-0.2105039805173874,-0.0565648935735225,-0.0428035296499729,-0.1404241174459457,0.0463039614260196,0.0667922273278236,0.1123490184545517
2019-07-18 00:00:00+00:00,61.6,61.6,60.78,60.78,-1.11,61.17,34.0,255.0,,,,69.09241775512696,68.62690719604493,6.884034028053284,6.860486874580383,158.83389892578126,156.2675979614258,-0.0012693955795839,-0.0008360156789422,-0.0016034469008445,0.2673865854740143,-0.1867320537567138,-0.132552221417427,0.0338592417538166,0.0301562063395977,0.022428523749113,-0.0257987231016159,-0.126939371228218,0.1084694638848304
2019-07-19 00:00:00+00:00,60.96,62.32,60.96,62.25,1.47,61.58,32.0,268.0,,,,69.09883224487305,68.64706527709961,6.888073058128357,6.861697859764099,158.83389892578126,156.2675979614258,-0.0014406710397452,-0.0010923732770606,-0.0020934618078172,-0.2434577047824859,-0.1987828910350799,-0.1575365513563156,-0.0211041271686553,-0.0219654999673366,-0.0693753883242607,-0.0248664412647485,-0.0698494538664817,-0.0563704669475555
2019-07-22 00:00:00+00:00,62.7,63.71,62.64,62.79,0.54,63.32,66.0,262.0,,,,69.13496002197266,68.72300468444824,6.890705013275147,6.859777836799622,159.377899017334,156.3523991394043,-0.0026258053258061,-0.0017651232192292,-0.0018225982785224,0.4720006585121155,0.1803624331951141,-0.1906752586364746,0.2143020629882812,0.2490792721509933,0.0659252554178237,0.1538154780864715,0.6405430436134338,0.2893880307674408
2019-07-23 00:00:00+00:00,62.79,63.25,62.52,63.29,0.5,62.94,10.0,238.0,,,,69.30043296813965,68.7550838470459,6.890589032173157,6.859877834320068,159.25159912109376,156.3568000793457,-0.0026258053258061,-0.0017319929320365,-0.0018107030773535,-0.8496633172035217,-0.4107327461242676,-0.2405394166707992,-0.1101911514997482,-0.120728313922882,-0.0574529580771923,0.1069319024682045,0.3072003722190857,0.1541951149702072
2019-07-24 00:00:00+00:00,63.53,64.17,63.53,63.89,0.6,63.79,17.0,237.0,,,,69.36430885314941,68.72079055786133,6.884387040138245,6.857100901603698,159.6070993041992,156.08789916992188,-0.0042031686753034,-0.0038632620126008,-0.0033557363785803,0.2801441550254822,0.1283744871616363,0.1793579459190368,0.1805958002805709,0.1675892323255539,0.1160448789596557,-0.0288679935038089,-0.0736463069915771,-0.1068895608186721
2019-07-25 00:00:00+00:00,63.98,64.3,63.6,63.81,-0.08,63.98,18.0,230.0,,,,69.31136985778808,68.68959503173828,6.881856942176819,6.851470079421997,159.68269927978517,156.3429997253418,-0.0003653818275779,-0.0020490060560405,-0.0024857560638338,0.1831728667020797,0.1257680654525756,0.2264721244573593,-0.0624057240784168,-0.0679259747266769,-0.1405878961086273,0.1138147488236427,0.3169396817684173,0.204736441373825
2019-07-26 00:00:00+00:00,63.82,63.82,63.45,64.24,0.43,63.64,8.0,232.0,,,,69.29692077636719,68.8626498413086,6.881509952545166,6.85001307964325,161.00960021972656,156.23680099487305,-0.0017177774570882,-0.0019245601724833,-0.002430388238281,0.3959152102470398,0.2313306331634521,0.244568645954132,0.0237317569553852,0.0331119820475578,-0.0681868866086006,0.0273294150829315,-0.1071038618683815,-0.1115268468856811
2019-07-29 00:00:00+00:00,63.53,63.66,62.81,63.77,-0.47,63.15,23.0,232.0,,,,69.13918769836425,68.7188526916504,6.884580054283142,6.854885950088501,159.68269927978517,156.3429997253418,0.0128857037052512,0.0106650590896606,0.0052936654537916,0.2265045791864395,0.2407774925231933,0.2015725672245025,0.0117997350171208,0.0142862405627965,-0.0414160713553428,0.0971732884645462,0.2788025438785553,0.1005871295928955
2019-07-30 00:00:00+00:00,63.84,63.84,63.0,62.87,-0.9,63.2,6.0,238.0,,,,69.03188743591309,68.5697095489502,6.894252071380615,6.86586097240448,161.69590118408203,156.43240112304687,-0.0054132491350173,-0.0053332722745835,-0.0031523543875664,0.3090299069881439,0.271848052740097,0.2487184852361679,-0.0545622669160366,-0.058436494320631,-0.1150192990899086,-0.0449524335563182,-0.3466139435768127,-0.1951860785484314
2019-07-31 00:00:00+00:00,62.57,63.34,62.57,63.22,0.35,63.08,10.0,237.0,,,,69.26207748413086,68.6717993927002,6.889572052955628,6.867268934249878,159.59179931640625,156.33449966430663,-2.8121230570832267e-05,-0.0012650073040276,-0.0030155200511217,0.081840731203556,0.0681880712509155,0.174440786242485,-0.050416775047779,-0.0539830103516578,-0.1075649261474609,0.0688300281763076,0.1089416369795799,0.0608337111771106
2019-08-01 00:00:00+00:00,64.02,64.02,61.61,61.84,-1.38,62.94,25.0,239.0,,,,69.3654167175293,68.84157768249511,6.89396406173706,6.871682043075562,160.98250061035156,158.88489974975585,0.0138962222263216,0.0096510052680969,0.0085261343047022,-0.1929137557744979,0.1602078378200531,0.1865889132022857,-0.1792630851268768,-0.2059761583805084,-0.1770118176937103,0.0596288628876209,0.0844150930643081,-0.1010124832391738
2019-08-02 00:00:00+00:00,61.5,61.5,58.84,58.94,-2.9,60.25,36.0,239.0,,,,69.71827255249023,69.19165390014649,6.90530604839325,6.901034016609192,160.53670288085937,158.57070068359374,0.0247121565043926,0.0255207754671573,0.0136650027707219,0.6269926428794861,0.3200454115867615,0.233924850821495,0.213603675365448,0.2455048859119415,0.2008912861347198,-0.0274941772222518,-0.2515676617622375,-0.1946489512920379
2019-08-05 00:00:00+00:00,59.01,59.01,56.49,57.91,-1.03,57.44,64.0,249.0,,,,69.96574081420898,69.42575584411621,6.928648972511292,6.911081962585449,160.3203012084961,158.63820037841796,0.0773053392767906,0.0878215283155441,0.0333354324102401,0.0453521646559238,0.0418264307081699,0.173043206334114,1.4992241859436035,1.5290634632110596,0.7042584419250488,0.121951974928379,0.2752956748008728,0.1783694922924041
2019-08-06 00:00:00+00:00,57.95,58.23,57.92,58.27,0.36,58.08,10.0,245.0,,,,71.70592323303222,71.25071723937988,6.928648972511292,6.911081962585449,159.86440231323243,157.86500122070314,-0.0173079688102006,-0.0190002620220184,-0.0134556498378515,0.4424402713775635,0.1364146322011947,0.1796739250421524,-0.3816275000572204,-0.2533904910087585,-0.2296472489833831,0.1130200028419494,0.3306793570518493,0.1959207504987716
2019-08-07 00:00:00+00:00,57.99,58.41,57.24,58.58,0.31,57.87,31.0,243.0,,,,71.33991111755371,70.98642227172851,6.928648972511292,6.911081962585449,158.92720108032228,157.57639892578126,0.0160504262894392,0.0184149499982595,0.0133275082334876,0.4979020953178406,0.1929592788219452,0.1886598169803619,-0.2169054448604583,-0.1778155118227005,-0.4410305023193359,0.1999779492616653,0.8623452186584473,0.3326029181480407
2019-08-08 00:00:00+00:00,58.78,59.53,58.61,59.54,0.96,59.05,45.0,252.0,,,,71.25536590576172,70.97388557434083,6.928648972511292,6.911081962585449,159.7670034790039,157.89029907226563,-0.00749152014032,-0.0068767918273806,-0.0101190079003572,0.1371250748634338,0.1331405788660049,0.1998187452554702,-0.0511154569685459,-0.1022881269454956,-0.4651305079460144,0.0244806353002786,-0.1091318577527999,-0.239449143409729
2019-08-09 00:00:00+00:00,59.0,59.35,58.76,59.05,-0.49,59.01,17.0,264.0,,,,70.83506874084473,70.09702987670899,6.928648972511292,6.911081962585449,159.6987013244629,157.62309768676758,-7.812574767740443e-05,0.0023357777390629,-0.0081708254292607,0.4106243252754211,0.2583317160606384,0.2446998059749603,0.4740763008594513,0.3983490169048309,0.1452198922634124,-0.0216465406119823,-0.4405904412269592,-0.2511115074157715
2019-08-12 00:00:00+00:00,58.92,58.92,57.76,58.03,-1.02,58.23,52.0,269.0,,,,71.27169990539551,70.84300842285157,6.928648972511292,6.911081962585449,158.64710144042968,156.26620010375976,-0.0005222241161391,-0.0022420450113713,-0.009707954712212,0.634006679058075,0.2916979193687439,0.1998167037963867,0.3426855802536011,0.3437886834144592,-0.1509129703044891,0.2140413075685501,1.0082402229309082,0.3662400841712951
2019-08-13 00:00:00+00:00,58.14,59.91,57.7,59.34,1.31,58.83,20.0,266.0,,,,71.54990089416503,71.25278739929199,6.928648972511292,6.911081962585449,160.53390228271485,158.26560119628903,-0.0054130968637764,-0.0078985188156366,-0.0105687240138649,-0.23354472219944,0.1194120496511459,0.1652181595563888,-0.3187186419963836,-0.3368910253047943,-0.294327437877655,-0.0187385566532611,-0.1278494894504547,-0.1671774834394455
2019-08-14 00:00:00+00:00,59.38,59.68,59.15,59.61,0.27,59.51,6.0,265.0,,,,71.37362182617187,70.93547950744629,6.928648972511292,6.911081962585449,160.9313998413086,159.48779907226563,-0.0117340246215462,-0.0139302210882306,-0.0112155117094516,-0.2764801979064941,0.0884012132883071,0.1682512313127517,0.2819989621639251,0.2790044248104095,0.1423050910234451,-0.0195240080356597,-0.1382798105478286,-0.174829751253128
2019-08-15 00:00:00+00:00,59.9,60.12,59.52,59.66,0.05,59.81,8.0,265.0,,,,71.60310134887695,71.36159873962403,6.928648972511292,6.911081962585449,160.84610092163086,158.96129959106446,0.0007753819809295,0.0023029022850096,-0.0075119244866073,-0.1072951927781105,0.0785865932703018,0.1510451138019561,0.0215931087732315,0.0631308704614639,-0.1757117211818695,-0.0214933473616838,-0.148550659418106,-0.157515674829483
2019-08-16 00:00:00+00:00,60.0,60.0,59.95,60.08,0.42,59.98,3.0,265.0,,,,71.44476043701172,71.06800750732423,7.057435035705566,7.002426052093506,160.11020233154298,158.01120025634765,-0.0001527166459709,0.0030021837446838,-0.0072875316254794,-0.4874061346054077,-0.2035614997148513,0.1571155488491058,-0.4289180934429168,-0.4523740708827972,-0.2761209607124328,0.0274548940360546,-0.1138975396752357,-0.1702700555324554
2019-08-19 00:00:00+00:00,59.68,60.03,59.2,59.18,-0.9,59.82,7.0,265.0,,,,71.4635166168213,70.87253044128418,7.057455968856812,7.0084200191497805,159.53690048217774,156.32450088500977,-0.0019163286779075,-0.001476505654864,-0.0070341201499104,0.3119401335716247,0.1934507340192794,0.169056087732315,0.644262433052063,0.6266587972640991,0.0909500271081924,-0.0210981629788875,-0.1839095801115036,-0.2186123877763748
2019-08-20 00:00:00+00:00,59.59,59.76,59.59,59.17,-0.01,59.7,24.0,266.0,,,,71.49261627197265,71.17451324462891,7.05961889743805,7.024308981895447,160.40670181274413,157.97639953613282,-0.0028691396582871,0.0025997911579906,-0.0055423332378268,0.209321528673172,0.1520518213510513,0.1342130899429321,-0.2835229039192199,-0.2346199005842209,-0.1043756231665611,-0.0236154161393642,-0.1835959404706955,-0.1444685906171798
2019-08-21 00:00:00+00:00,59.0,59.66,58.65,59.87,0.7,59.3,34.0,285.0,,,,71.44143539428711,71.07778732299805,7.0616340065002445,7.028967876434326,160.18139907836914,157.7739990234375,-0.0037635390181094,-0.0017225922783836,-0.0061874012462794,0.0866179913282394,0.0923127606511116,0.1289175152778625,-0.172405794262886,-0.2174928933382034,-0.105466678738594,-0.0284062176942825,-0.1821003407239914,-0.1799772083759308
2019-08-22 00:00:00+00:00,60.03,60.07,59.19,58.87,-1.0,59.53,8.0,274.0,,,,71.44704551696778,70.98307540893555,7.061800966262817,7.032605857849121,160.35640274047853,158.17559890747071,0.0158789791166782,0.0175236258655786,0.0108341947197914,-0.0291133560240268,0.176103264093399,0.1465912461280822,0.2138316184282302,0.1860064417123794,0.2144033908843994,-0.0415070131421089,-0.2693541049957275,-0.1906414180994033
2019-08-23 00:00:00+00:00,58.43,58.74,58.07,57.97,-0.9,58.48,7.0,272.0,,,,71.44143539428711,71.07778732299805,7.061800966262817,7.032605857849121,160.00119995117188,157.76349945068358,0.0089694960042834,0.0081276353448629,0.0084486762061715,-0.2459805160760879,-0.0998373255133628,-0.1171049624681472,-0.2183012217283249,-0.1622052043676376,0.1120104044675827,-0.0668366849422454,-0.4535883963108063,-0.2475182712078094
2019-08-26 00:00:00+00:00,57.58,57.6,56.19,57.66,-0.31,57.14,27.0,268.0,,,,71.40536491394043,70.95468894958496,7.061800966262817,7.032605857849121,158.35810287475587,156.78609832763672,0.0370671898126602,0.0443307310342788,0.0207476709038019,-0.4705985486507416,-0.1771348267793655,-0.1775353848934173,0.7007343173027039,0.6276926398277283,0.2526808977127075,0.4538343548774719,1.7932237386703491,0.8485024571418762
2019-08-27 00:00:00+00:00,57.25,58.61,57.24,57.54,-0.12,58.28,42.0,262.0,,,,71.44143539428711,71.07778732299805,7.061800966262817,7.032605857849121,158.76590103149414,157.39609848022462,0.0035479795187711,0.0028129084967076,0.0100578013807535,-0.241954430937767,-0.1253736913204193,-0.0907904729247093,-0.2344581335783004,-0.1934401839971542,-0.0958465337753295,0.3305210173130035,1.1996090412139893,0.4535599648952484
2019-08-28 00:00:00+00:00,58.03,58.03,58.03,58.35,0.81,58.03,4.0,236.0,,,,71.40936515808106,70.96818878173828,7.061800966262817,7.032605857849121,159.62209991455077,157.69359878540038,-0.0070893140509724,-0.0031454055570065,-0.0087236687541008,0.1348266452550888,0.0938151776790618,0.0714208632707595,0.287980169057846,0.2076414823532104,0.1708137392997741,0.0232200007885694,-0.2117311060428619,-0.3070735037326813
2019-08-29 00:00:00+00:00,58.36,58.68,57.72,58.88,0.53,58.49,40.0,233.0,,,,71.44143539428711,71.07778732299805,7.061800966262817,7.032605857849121,158.55650299072266,156.71259887695314,-0.0033922116272151,-0.0051806820556521,-0.0092279566451907,0.0212714374065399,0.0426002964377403,0.0779203251004219,-0.1920658349990844,-0.2435466051101684,-0.0589416846632957,0.4087451100349426,1.537559986114502,0.5574141144752502
2019-08-30 00:00:00+00:00,58.74,59.08,58.73,59.05,0.17,58.95,15.0,220.0,,,,71.44143539428711,71.07778732299805,7.061800966262817,7.032605857849121,158.94930236816407,156.44580017089845,-0.0007002150523476,0.0022146597038954,0.0080498363822698,-0.1725105494260788,-0.0698036774992942,-0.0807255357503891,0.1833986341953277,0.140602558851242,0.1472512185573578,0.1937074363231659,0.5125161409378052,0.2948115170001983
2019-09-02 00:00:00+00:00,59.05,59.08,58.73,59.05,0.0,,15.0,227.0,,,,71.74149436950684,71.2440966796875,7.159790077209473,7.126536946296692,156.9582975769043,154.72870239257813,-0.0008610428194515,0.0033795547205954,0.0084037389606237,0.0307508073747158,0.0395061746239662,-0.064967505633831,0.1604285091161728,0.0992035418748855,0.087893009185791,-0.0161989144980907,-0.1217614263296127,-0.1235671639442443
2019-09-03 00:00:00+00:00,59.21,59.21,58.0,58.31,-0.74,58.6,35.0,227.0,,,,72.10601829528808,71.40014572143555,7.162146024703979,7.13511899471283,156.976297454834,154.74480239868163,-0.0013661161065101,0.0014047810109332,-0.0083548501133918,0.0733470767736435,-0.068644568324089,-0.0683212131261825,0.5034816265106201,0.4698485434055328,0.3535742163658142,-0.015357295051217,-0.0635632053017616,-0.0789413228631019
2019-09-04 00:00:00+00:00,58.82,59.42,58.59,58.77,0.46,59.1,40.0,236.0,,,,72.1435683441162,71.4255763244629,7.1634450340271,7.137382998466491,156.95249740600585,154.65420227050782,-0.0243494790047407,-0.0273082014173269,-0.0160403437912464,-0.4224121570587158,-0.2612594664096832,-0.1350796073675155,-0.3220511972904205,-0.3056865334510803,0.0771251022815704,-0.0141909541562199,-0.1110919564962387,-0.0967204198241233
2019-09-05 00:00:00+00:00,58.79,59.44,58.79,59.16,0.39,59.1,23.0,228.0,,,,72.10231826782227,71.40505043029785,7.156661005020141,7.122177858352661,156.95199737548828,154.6990023803711,-0.0060267555527389,-0.0080893095582723,-0.0086834579706192,0.0405450873076915,-0.0572351105511188,-0.1222112476825714,0.2114602923393249,0.1789694130420684,0.1835699826478958,-0.0155824543908238,-0.1895702630281448,-0.1141643524169921
2019-09-06 00:00:00+00:00,59.49,59.49,58.55,58.73,-0.43,58.89,38.0,224.0,,,,72.18281860351563,71.41990585327149,7.147894005775452,7.109319839477539,157.11830184936522,154.78870193481444,-0.0137585578486323,-0.0192800834774971,-0.0111175123602151,0.0527403280138969,0.0840587764978408,-0.1329931318759918,-0.4104053974151611,-0.3612284064292907,-0.0935653299093246,-0.0149995107203722,-0.4184975028038025,-0.1185545474290847
2019-09-09 00:00:00+00:00,58.75,59.2,58.71,59.12,0.39,58.96,19.0,229.0,,,,72.05775581359863,71.34936561584473,7.112245979309082,7.085515851974487,156.60209732055665,153.37690277099608,-0.0005300547345541,-0.0019445900106802,0.0061183292418718,-0.0094651905819773,0.1465934962034225,0.1412991136312484,0.2992153167724609,0.1749071776866912,0.1010807305574417,0.2733533084392547,1.3355631828308103,0.6892226338386536
2019-09-10 00:00:00+00:00,59.2,59.76,59.2,59.5,0.38,59.49,19.0,229.0,,,,72.02561790466308,71.42422630310058,7.124918971061707,7.099005861282349,156.3285974121094,152.93950256347657,-0.0038836866151541,-0.0046256678178906,-0.0060402671806514,0.3984076678752899,0.4508979916572571,0.2342676222324371,0.0296895988285541,-0.0355254225432872,0.1434201896190643,0.2652580142021179,1.0164371728897097,0.4316933751106262
2019-09-11 00:00:00+00:00,59.48,59.48,59.35,59.37,-0.13,59.4,6.0,223.0,,,,72.09406936645507,71.42287590026855,7.099275956153869,7.074735889434814,156.64049713134764,154.4331025695801,0.0001429307740181,0.0017919884994626,0.005432978272438,0.3988445997238159,0.1914255172014236,0.1630035191774368,-0.0498582758009433,-0.049662597477436,0.1318545937538147,-0.0169933531433343,-0.0695607289671897,-0.106512114405632
2019-09-12 00:00:00+00:00,59.4,62.25,59.4,62.25,2.88,60.66,142.0,220.0,,,,71.7213663482666,71.16326248168946,7.098188943862915,7.070904893875122,156.638397064209,154.4571028137207,-0.0319687500596046,-0.0373115390539169,-0.0152987912297248,0.1919142305850982,0.0776359885931015,0.1460043787956237,-0.4584587216377258,-0.3711249232292175,-0.0842120051383972,0.0157060977071523,-0.0488888137042522,0.0954627320170402
2019-09-13 00:00:00+00:00,62.27,62.81,61.58,61.63,-0.62,62.06,73.0,222.0,,,,71.30956939697266,70.58232223510743,7.079812889099121,7.052215962409973,156.95279724121093,154.70590255737304,0.0052957404404878,0.0048936465755105,0.0049693719483911,0.003499140497297,0.0594162121415138,0.0767924487590789,-0.2444178462028503,-0.2204860746860504,-0.1376265585422516,-0.0142862172797322,-0.0748811364173889,-0.0874713882803917
2019-09-16 00:00:00+00:00,61.3,61.62,61.3,61.59,-0.04,61.58,56.0,208.0,,,,71.56637031555175,70.78504035949707,7.095509867668152,7.053625974655152,156.7678985595703,155.03969665527345,-0.0071107777766883,-0.0086265159770846,-0.0055417120456695,0.0128089543431997,-0.0344161689281463,-0.0522025525569915,0.492555171251297,0.5055478811264038,0.1983685940504074,-0.0155281396582722,-0.2051688730716705,-0.0819211825728416
2019-09-17 00:00:00+00:00,61.59,61.59,59.97,60.12,-1.47,60.98,35.0,162.0,,,,72.11020294189453,71.51746643066406,7.072693853378296,7.047811880111694,156.1273974609375,154.88070251464845,0.0096924714744091,0.0135181071236729,0.0084556182846426,-0.5896528959274292,-0.1629815250635147,-0.0910510718822479,0.0413413047790527,0.0476969704031944,0.1428792029619217,0.2255552560091018,1.170522689819336,0.4931029677391052
2019-09-18 00:00:00+00:00,59.76,59.76,59.25,59.36,-0.76,59.48,36.0,132.0,,,,71.84922096252441,71.2251301574707,7.095312914848328,7.063763976097107,156.62029800415038,155.2286982727051,-0.0012828400358557,-0.0016245702281594,0.0038306917995214,0.0530520416796207,0.1274776309728622,0.0760164186358451,-0.0455106981098651,-0.0550271272659301,-0.0469136387109756,0.0383957102894783,0.1071522682905197,0.126043826341629
2019-09-19 00:00:00+00:00,59.1,59.38,59.1,58.99,-0.37,59.31,30.0,123.0,,,,71.59819496154785,70.78761215209961,7.098339910507202,7.062046041488648,156.94689666748047,155.44820114135743,0.0039658588357269,0.0084576187655329,0.0056658806279301,0.490076869726181,0.2128857374191284,0.1169055625796318,0.0956693813204765,-0.0464714467525482,-0.0665683895349502,0.0496671274304389,0.0399193130433559,-0.1072112768888473
2019-09-20 00:00:00+00:00,59.35,59.43,59.02,59.13,0.14,59.12,56.0,97.0,,,,71.52973114013672,71.01754692077637,7.097886943817139,7.067819991111755,156.93349700927735,155.30999771118164,0.0007289424538612,0.0027893078513443,0.0039195688441395,0.610211193561554,0.2520830035209656,0.1141362637281417,-0.3339966833591461,-0.4283261895179748,-0.149986982345581,-0.0427593551576137,-0.434246689081192,-0.3240454494953155
2019-09-23 00:00:00+00:00,58.82,60.25,58.68,59.83,0.7,59.62,69.0,45.0,,,,71.49587913513183,70.6699055480957,7.105019931793213,7.070463953018188,156.86439682006835,155.4538005065918,0.0121470922604203,0.0186581164598464,0.0095448158681392,-0.3371782600879669,-0.1329856514930725,0.0986467003822326,-0.1623725593090057,-0.1247594356536865,0.034403920173645,0.0880787223577499,0.3285429775714874,0.0865671336650848
2019-09-24 00:00:00+00:00,60.34,60.34,58.8,59.32,-0.51,59.31,8.0,16.0,,,,71.25151016235351,70.51137466430664,7.127930960655212,7.101125931739807,156.64479873657226,154.83569702148438,-0.0017315328586846,-0.0034248288720846,-0.0042540552094578,0.9495186805725098,0.433976948261261,0.1741555035114288,0.3683238923549652,0.4631285667419433,0.3193908631801605,-0.0229332391172647,-0.1654889732599258,-0.2068805247545242
2019-09-25 00:00:00+00:00,59.32,60.34,58.8,59.37,0.05,,8.0,13.0,,,,71.64697799682617,70.76531394958496,7.145643920898437,7.1043089532852175,156.46769805908204,154.97580017089842,0.0024485362228006,0.0023559664841741,-0.0048254439607262,-0.371550589799881,-0.1459303498268127,-0.1553054749965667,-0.029870081692934,-0.0893422961235046,-0.0563432686030864,0.0434033647179603,0.1580933332443237,0.1644302010536193
2019-09-26 00:00:00+00:00,59.37,60.34,58.8,59.2,-0.17,,8.0,13.0,,,,71.60118339538575,70.74996795654297,7.157847986221314,7.114352922439576,156.9309976196289,155.50920028686522,-0.0042130318470299,-0.0037854898255318,-0.0050511416047811,0.2480298727750778,0.0977112799882888,0.0747708678245544,-0.0529370158910751,-0.0977709144353866,-0.1129248514771461,0.1231434345245361,0.5207381248474121,0.2531887888908386
2019-09-27 00:00:00+00:00,59.2,60.34,58.8,59.82,0.62,,8.0,7.0,,,,71.39394989013672,70.41069602966309,7.158564009666443,7.114776921272278,156.88099868774415,155.18559677124023,-0.0053720106370747,-0.0053105079568922,-0.0057193175889551,0.2541276514530182,0.2061803042888641,0.1149137467145919,-0.5541417002677917,-0.5420633554458618,-0.140512615442276,-0.0457096099853515,-0.4316234588623047,-0.2857253849506378
2019-09-30 00:00:00+00:00,59.82,60.34,58.8,59.75,-0.07,,8.0,1.0,,,,70.95756500244141,70.19611083984375,7.153876962661744,7.11432391166687,156.73659713745118,155.09970169067384,0.0110765937715768,0.0103001603856682,0.0082493321970105,0.1210391521453857,0.0945514291524887,0.1099641397595405,0.343449592590332,0.2849506139755249,0.1506260335445404,0.1972196996212005,0.6135607361793518,0.3891856074333191
2019-10-01 00:00:00+00:00,59.75,60.34,58.8,59.9,0.15,,8.0,1.0,,,,71.22286445617675,70.53316291809082,7.159394116401672,7.124345836639404,156.69940063476562,155.17299819946288,-0.0043622856028378,-0.0049119824543595,-0.0061995070427656,0.1047543287277221,0.157213807106018,0.1289228498935699,0.1261037588119506,0.067927747964859,0.1492778956890106,0.1286205500364303,0.3198770880699157,0.2529160678386688
2019-10-02 00:00:00+00:00,60.71,60.71,60.71,60.25,0.35,60.71,1.0,1.0,,,,71.62153602600098,70.8278970336914,7.157862138748169,7.124109835624695,156.4033987426758,153.64210235595704,-0.0051345233805477,-0.0026896870695054,-0.0057848207652568,0.3069615066051483,0.1774488985538482,0.10397519916296,0.0655642971396446,0.1164973601698875,0.2929971814155578,0.2268846333026886,0.7780682444572449,0.4460800290107727
2019-10-03 00:00:00+00:00,60.25,60.71,60.25,60.52,0.27,,1.0,1.0,,,,71.63634971618653,70.78390174865723,7.157862138748169,7.124109835624695,156.42989868164062,153.63450256347656,-0.0051345233805477,-0.0031703077256679,-0.0056819631718099,-0.6806670427322388,-0.2084885537624359,-0.0906242057681083,-0.054198857396841,-0.0482345148921012,0.1894181072711944,0.2277062237262725,0.8329057693481445,0.4538496136665344
2019-10-04 00:00:00+00:00,60.52,60.71,60.25,60.59,0.07,,1.0,0.0,,,,71.36159545898437,70.73041793823242,7.154953155517578,7.12170184135437,156.46509857177733,155.01600204467775,-0.0063733654096722,-0.0030692699365317,-0.005611756350845,0.2904963791370392,0.1898119151592254,0.0919903293251991,0.1493952274322509,0.1033773869276046,0.1572172939777374,-0.0153166074305772,-0.173666313290596,-0.1013544201850891
2019-10-07 00:00:00+00:00,60.59,60.75,60.25,60.75,0.16,,1.0,,,,,71.18115470886231,70.56326393127442,7.154953155517578,7.12170184135437,156.3196992492676,154.62989944458008,-0.0052386964671313,-0.0029352398123592,-0.0058579258620738,0.010584257543087,0.1059263199567794,0.0825129598379135,0.2996504604816437,0.2522514462471008,0.1456127762794494,0.1159567832946777,0.3301672339439392,0.1470629423856735
2019-10-08 00:00:00+00:00,60.75,60.75,60.24,60.24,-0.51,,1.0,,,,,71.39989265441895,70.84672637939452,7.161618175506592,7.125923829078674,156.60949981689453,154.77150131225585,-0.0078363930806517,-0.0105763394385576,-0.0082007441669702,0.0712124556303024,0.0896888077259063,-0.0736218467354774,-0.00358253181912,-0.0683718472719192,-0.2010812014341354,0.229772537946701,1.105766534805298,0.5435030460357666
2019-10-09 00:00:00+00:00,61.32,62.38,60.98,62.09,0.77,61.99,13436.0,133701.0,147.0,2.0,,71.61114051818848,70.8792569732666,7.158664102554321,7.119440851211548,156.5400993347168,154.73860260009766,-0.0097811743617057,-0.0127866817638278,-0.009196207858622,-0.0850051566958427,0.1135537475347518,-0.0753849670290947,0.1176473349332809,0.0917177870869636,0.1847581714391708,0.0659157186746597,0.2249303311109542,-0.1609453856945037
2019-10-10 00:00:00+00:00,62.0,62.47,61.36,61.42,-0.67,61.98,12206.0,132471.0,272.0,93.0,,71.60348892211914,70.8108137512207,7.1322340440750125,7.096689047813416,156.61669815063476,155.08750122070313,-0.0140855927020311,-0.0183884464204311,-0.0094020999968051,0.5877829790115356,0.3075290322303772,0.1130127906799316,-0.1620939373970031,-0.1797902137041092,-0.0654782652854919,-0.0158397555351257,-0.170805424451828,-0.1689380556344986
2019-10-11 00:00:00+00:00,61.82,64.0,61.48,63.88,2.46,63.2,36784.0,131385.0,9.0,2240.0,,71.4631509399414,70.74509498596191,7.1236849212646485,7.090220041275025,156.3713995361328,154.65040100097656,-0.0120718069374561,-0.0171194765716791,-0.0078681632876396,-0.112887755036354,-0.0858430713415145,-0.0749145075678825,0.0475412718951702,0.0470481254160404,0.1813975870609283,-0.0162769872695207,-0.1519436538219452,-0.0730282291769981
2019-10-14 00:00:00+00:00,64.2,65.85,62.19,62.22,-1.66,63.6,33192.0,134005.0,48.0,5.0,,71.20050971984864,70.59206680297852,7.082628865242004,7.069679050445557,156.38419982910156,154.67020065307617,-0.0210196711122989,-0.0204446520656347,-0.0099759921431541,0.6014338731765747,0.3258357942104339,-0.1142900735139846,0.1829542517662048,0.129260703921318,0.0891662910580635,0.165594220161438,0.5056021213531494,0.2816466391086578
2019-10-15 00:00:00+00:00,62.15,63.68,61.72,63.53,1.31,63.01,21470.0,130001.0,239.0,569.0,,71.68113311767578,70.95767532348633,7.074767804145813,7.052769923210144,156.30809921264648,154.67240020751953,0.0030161852482706,0.0055117011070251,0.005198277067393,0.0604398250579834,0.086214855313301,-0.0965214818716049,-0.0243573635816574,-0.0578391551971435,-0.0911694392561912,0.1810314804315567,0.5930794477462769,0.3051786422729492
2019-10-16 00:00:00+00:00,63.5,64.58,63.04,64.54,1.01,64.11,20736.0,127447.0,15.0,386.0,,71.92300971984864,71.4179702758789,7.094515900611878,7.066729073524475,156.27169952392578,155.12230056762695,0.0016493865987285,0.003389713121578,0.0044838595204055,-0.576050877571106,-0.1953734308481216,-0.1354340016841888,-0.1338156759738922,-0.131953939795494,-0.0868267640471458,-0.0172936394810676,-0.2352132499217987,-0.0818615332245826
2019-10-17 00:00:00+00:00,64.5,65.14,64.19,64.99,0.45,64.68,17538.0,128217.0,11.0,,,71.61960624694824,70.98077949523926,7.098724908828736,7.0759130859375,156.31769973754882,155.12820083618163,-0.004684115294367,-0.0078633045777678,-0.0051151667721569,-0.2388136684894561,-0.2484165132045745,-0.1359715014696121,-0.2003531008958816,-0.1724085658788681,-0.1126915663480758,-0.0145506057888269,-0.1508376598358154,-0.0892577618360519
2019-10-18 00:00:00+00:00,65.2,65.39,65.0,65.16,0.17,65.18,16386.0,128751.0,93.0,,,71.49928833007813,70.9331063079834,7.085295820236206,7.062733025550842,156.27559982299806,155.14760116577148,0.000546725525055,0.0023832616861909,0.0036825560964643,0.6898102760314941,0.290951132774353,-0.1473983973264694,-0.2521382868289947,-0.2214775830507278,-0.115460492670536,-0.0202170629054307,-0.0741618275642395,-0.1422771364450454
2019-10-21 00:00:00+00:00,65.19,65.48,64.44,64.56,-0.6,64.9,16455.0,124604.0,19.0,2400.0,,71.40487060546874,70.75429214477539,7.088925843238831,7.068746075630188,156.26859954833984,155.1667008972168,-0.000331973307766,-0.0026726112700998,-0.0035078059881925,-0.1868208050727844,-0.212313026189804,-0.137259379029274,0.0305439494550228,0.0792071819305419,0.0824668258428573,-0.0156714674085378,-0.1063675433397293,-0.1389794796705246
2019-10-22 00:00:00+00:00,64.44,65.2,63.96,64.67,0.11,64.79,16035.0,123212.0,36.0,1840.0,,71.46372108459472,70.7482413482666,7.077431807518005,7.05248592376709,156.04649993896484,155.09030029296875,0.0044693108648061,0.002905330620706,0.0045296587049961,0.000657336669974,-0.0670374631881713,-0.105821244418621,-0.0330166481435298,-0.025147384032607,0.034914243966341,-0.0187926925718784,-0.1914152652025222,-0.1797369420528412
2019-10-23 00:00:00+00:00,64.45,65.18,64.4,64.95,0.28,64.8,11951.0,122404.0,4.0,22.0,500.0,71.45407562255859,70.75334480285645,7.088849830627441,7.069775090217591,156.04099990844728,155.09210006713866,0.0033070358913391,0.0017302535707131,0.0035857090260833,-0.682769238948822,-0.3079298138618469,-0.1429769843816757,-0.2489840686321258,-0.2460943907499313,0.0376093313097953,-0.0188273973762989,-0.1558548957109451,-0.2023200094699859
2019-10-24 00:00:00+00:00,65.0,65.55,64.6,64.65,-0.3,64.96,12223.0,121232.0,47.0,,,71.1873787689209,70.73944290161133,7.071083884239197,7.04872992515564,156.33539962768555,155.15250091552736,0.0042595551349222,0.0028618951328098,0.0046155177988111,0.0869576036930084,0.10572350025177,-0.0882677659392356,0.3106611967086792,0.3031402826309204,0.287393182516098,-0.0157377831637859,-0.2402550280094146,-0.2243791073560714
2019-10-25 00:00:00+00:00,64.7,65.7,64.58,64.9,0.25,65.21,16091.0,120809.0,282.0,75.0,,71.26828330993652,70.7668571472168,7.07440381526947,7.053311934471131,156.31119964599608,155.13050079345703,0.000936523952987,0.0014478886732831,0.0037380852736532,0.6306402087211609,0.1548619717359542,-0.1032086834311485,-0.1509456634521484,-0.1719058454036712,-0.1596509218215942,-0.016657929867506,-0.148694634437561,-0.1641473472118377
2019-10-28 00:00:00+00:00,65.11,65.3,64.48,64.79,-0.11,64.74,14581.0,118213.0,200.0,118.0,,71.17078872680663,70.71970436096191,7.07208683013916,7.0515819263458255,156.2329002380371,155.12659957885742,0.0017760827904567,0.0010524422395974,0.0033265983220189,0.3819677531719208,0.0904711931943893,-0.1372229903936386,-0.0318537168204784,-0.0414990969002246,0.0313768051564693,0.1388172954320907,0.3840701878070831,0.1639769673347473
2019-10-29 00:00:00+00:00,64.91,65.48,64.7,64.72,-0.07,65.07,13266.0,118596.0,35.0,247.0,,71.1458985900879,70.69185356140137,7.072613873481751,7.050036950111389,156.3558999633789,155.10640060424805,-0.0080527691170573,-0.0068092094734311,-0.0053458516485989,-0.5140724182128906,-0.3468551635742187,-0.2768104672431946,0.2036357969045639,0.1725688576698303,0.171616643667221,-0.0197629816830158,-0.1022047623991966,-0.0563107728958129
2019-10-30 00:00:00+00:00,64.65,65.99,64.64,65.7,0.98,65.44,21965.0,118770.0,213.0,536.0,,71.18359870910645,70.73646514892579,7.071921887397767,7.047396969795227,156.31119964599608,155.13050079345703,-0.0127840060740709,-0.0095616374164819,-0.0065188244916498,-0.3021116554737091,-0.2438720017671585,-0.2343595623970031,0.062875211238861,0.1035363525152206,0.1531452685594558,-0.0376264825463295,-0.3163126111030578,-0.2939994931221008
2019-10-31 00:00:00+00:00,65.6,65.96,64.02,64.44,-1.26,64.76,30277.0,117387.0,79.0,5027.0,,71.28968032836914,70.79876548767089,7.060027942657471,7.017743954658508,156.2849998474121,155.08570083618164,-0.0170216765254735,-0.0166459344327449,-0.0090129459276795,-0.2561242878437042,-0.1386917233467102,-0.1455759406089782,0.0263751577585935,0.0195665545761585,0.0877654179930687,-0.021416425704956,-0.215875893831253,-0.2689988315105438
2019-11-01 00:00:00+00:00,64.46,64.91,63.81,64.23,-0.21,64.26,23830.0,114921.0,81.0,500.0,,71.32630195617676,70.53216926574707,7.049904918670654,7.025578093528748,155.0662414550781,152.40593124389648,-0.0034508127719163,-0.0031010056845843,-0.0040512783452868,0.2587445676326751,0.1096056252717971,-0.1629242300987243,-0.2568962872028351,-0.2521790266036987,0.061458796262741,-0.0263114757835865,-0.4139887690544128,-0.3067357540130615
2019-11-04 00:00:00+00:00,64.73,64.98,63.54,63.66,-0.57,64.1,19677.0,113548.0,280.0,4182.0,,71.13874839782714,70.31750106811523,7.049908933639526,7.015253109931946,155.434229888916,152.75801345825195,-0.0073434365913271,-0.0072430544532835,-0.0056307725608348,-0.5270476937294006,-0.2216248512268066,-0.1334766894578933,0.2834908664226532,0.2682759165763855,0.1322393119335174,0.235136866569519,0.9014582633972168,0.4227499067783355
2019-11-05 00:00:00+00:00,63.67,64.21,63.55,63.81,0.15,63.85,19096.0,109079.0,321.0,4665.0,,71.11463729858399,70.54185020446778,7.05500105381012,6.996540079116821,155.6038381958008,154.6497073364258,-0.025145836174488,-0.0274745225906372,-0.0126315625384449,0.3611446022987366,0.1416771709918975,-0.1083276644349098,-0.0152519978582859,-0.0323568731546402,-0.0602179653942585,-0.0318951196968555,-0.181359127163887,-0.2372616082429886
2019-11-06 00:00:00+00:00,63.81,64.11,63.45,63.69,-0.12,63.77,19713.0,103167.0,124.0,3430.0,,71.07220619201661,70.71571723937988,7.053151016235352,6.993388032913208,155.74422073364258,154.96789138793946,-0.0019178767688572,-0.0020891446620225,-0.004304748494178,0.0747522711753845,-0.0688872262835502,-0.0634128749370575,0.0017956013325601,0.0204299353063106,0.0663797706365585,0.0334128066897392,0.0595722086727619,-0.1707059293985366
2019-11-07 00:00:00+00:00,63.63,64.85,63.46,64.35,0.66,64.33,27286.0,96947.0,103.0,1846.0,,71.45116600036621,70.85277412414551,7.034255976676941,6.977728004455567,155.57111114501953,154.70856384277343,-0.017891177907586,-0.0139061463996768,-0.0066964905709028,-0.1363703608512878,0.0715155228972435,-0.0826538354158401,0.1327762603759765,0.1317294389009475,0.1829207241535186,-0.0342861339449882,-0.3269171118736267,-0.2010304480791092
2019-11-08 00:00:00+00:00,64.35,65.06,63.61,64.72,0.37,64.37,30667.0,88467.0,281.0,4709.0,,71.45419441223144,70.88206329345704,7.034255976676941,6.977728004455567,155.52422225952148,154.48178787231444,0.0013629962923005,0.0013142981333658,0.0033714859746396,-0.2512732744216919,-0.083601139485836,-0.078050248324871,-0.053608801215887,-0.0670383125543594,0.1061734557151794,0.0537173934280872,0.0889302343130111,0.114958606660366
2019-11-11 00:00:00+00:00,64.57,64.85,63.73,64.29,-0.43,64.24,28267.0,74412.0,155.0,5459.0,,71.53689498901367,71.13932571411132,7.054166016578674,6.994666032791137,155.65761199951172,154.68484848022462,-0.0034934722352772,-0.0042491476051509,-0.0045869229361414,-0.446152925491333,-0.1302141547203064,-0.0811857134103775,0.086673118174076,0.0758555904030799,0.1281285285949707,-0.0291586108505725,-0.2266996353864669,-0.1469010859727859
2019-11-12 00:00:00+00:00,64.1,64.83,64.01,64.74,0.45,64.5,24749.0,62522.0,602.0,335.0,,72.05565864562988,71.42241012573243,7.054166016578674,6.994666032791137,155.62178085327147,154.58759033203123,-0.0013033902505412,0.0013967674458399,-0.0035338909365236,-0.6830933690071106,-0.3236560225486755,-0.124869205057621,0.0720481798052787,0.1017404645681381,0.1551931202411651,-0.0199097860604524,-0.153337076306343,-0.1077236160635948
2019-11-13 00:00:00+00:00,64.8,64.85,64.13,64.22,-0.52,64.5,18326.0,47967.0,462.0,,,71.99475875854492,71.52104652404785,7.054166016578674,6.994666032791137,155.62428131103516,154.61562759399413,-0.0032368316315114,-0.0020791345741599,-0.0040532564744353,0.6234517693519592,0.2202906310558319,-0.1101889833807945,0.2140513658523559,0.1844896972179412,0.1231617107987403,-0.0204951111227273,-0.1482937633991241,-0.0955554991960525
2019-11-14 00:00:00+00:00,64.18,64.92,63.85,64.27,0.05,64.31,10128.0,37594.0,134.0,62.0,,72.38748847961426,71.6897257232666,7.047132925987244,6.990980024337769,155.57318298339842,154.53789001464844,-0.0042061270214617,-0.006816049106419,-0.0054046199657022,-0.2742758989334106,-0.1482638269662857,-0.1433799117803573,-0.0217717848718166,-0.0394053757190704,-0.0830017104744911,-0.034109853208065,-0.2887429893016815,-0.1603294312953949
2019-11-15 00:00:00+00:00,64.26,65.0,64.24,64.86,0.59,64.78,11313.0,33551.0,22.0,,,72.09437255859375,71.62324378967286,7.054128017425537,6.994966039657593,155.54668991088866,154.00471252441406,-0.001097411615774,0.0015737876528874,-0.003949171397835,-0.1577898263931274,-0.1461368650197982,-0.1410419791936874,-0.1013162732124328,-0.0956340581178665,-0.100852370262146,-0.0343208312988281,-0.2751457691192627,-0.2183088809251785
2019-11-18 00:00:00+00:00,64.9,64.9,63.51,64.21,-0.65,64.03,8490.0,28045.0,278.0,,,71.94841094970702,71.48819549560547,7.020386118888855,6.991607115268708,154.42419921875,153.63162109375,-0.0026091400068253,-0.001083334791474,-0.0040150377899408,0.2657620310783386,0.1435387879610061,-0.107814610004425,0.0105689205229282,0.0362981744110584,-0.0788685232400894,0.2368051260709762,0.9287422299385072,0.524645209312439
2019-11-19 00:00:00+00:00,63.85,64.24,63.3,63.44,-0.77,63.84,8728.0,23380.0,88.0,,,72.01940223693848,71.55864860534668,7.039844007492065,7.010288071632385,154.95308853149413,154.21591766357423,-0.0011080711847171,-0.001080451766029,-0.0038445952814072,-0.1755173206329345,-0.1736339330673217,-0.1303744912147522,-0.0532728023827075,-0.0492751374840736,-0.0989997833967208,-0.0278071258217096,-0.2010987550020218,-0.1753660440444946
2019-11-20 00:00:00+00:00,63.35,63.8,62.15,62.24,-1.2,63.28,13150.0,17977.0,79.0,,,71.95430465698242,71.5408546447754,7.045237984657288,7.013066034317017,155.16981201171876,154.67687438964845,-0.0038028371054679,-0.0041359821334481,-0.0052141011692583,-0.9639986753463744,-0.5773490071296692,-0.2125910222530365,0.0758741423487663,0.0503147840499877,0.0823773741722107,-0.0222628805786371,-0.2146778106689453,-0.2020995616912841
2019-11-21 00:00:00+00:00,62.1,62.75,61.73,61.84,-0.4,62.32,5802.0,7524.0,1540.0,,,71.88109588623047,71.51566162109376,7.048752994537353,7.026879110336304,155.29281509399414,154.07370208740235,-0.0028595454059541,-0.002297181636095,-0.0042308466508984,-0.1141491755843162,-0.263241708278656,-0.1461534351110458,-0.0157777965068817,0.0178231541067361,0.114523246884346,0.0209641549736261,-0.1469853222370147,-0.2251625806093216
2019-11-22 00:00:00+00:00,63.35,63.62,62.27,63.42,1.58,63.24,31.0,1843.0,205.0,,,71.77852836608886,71.40608444213868,7.046109962463379,7.014298028945923,155.32891479492187,153.8791633605957,-0.0051114708185195,-0.0038741480093449,-0.0049261869862675,-1.1130222082138062,-0.6582139730453491,-0.2526978254318237,0.0077843093313276,0.0248788446187973,0.0419910512864589,-0.0158478561788797,-0.1512792408466339,-0.1974955350160598
2019-11-25 00:00:00+00:00,64.0,64.75,63.5,64.69,1.27,64.11,45.0,1222.0,,,,71.85046043395997,71.47361686706543,7.0480130004882815,7.027136073112488,155.2994757080078,154.3533058166504,-0.0031360986176878,-0.0030405416619032,-0.0043113036081194,-0.2022814154624939,-0.1168120503425598,-0.1291771084070205,-0.0224579013884067,-0.0310304425656795,-0.0469427555799484,-0.0207388363778591,-0.150990143418312,-0.1872896403074264
2019-11-26 00:00:00+00:00,64.71,64.71,64.66,64.9,0.21,64.69,5.0,942.0,,,,72.01760383605956,71.44627075195312,7.047648010253906,7.027731108665466,155.29095306396485,154.4454489135742,-0.0047191553749144,-0.0046467902138829,-0.0050206198357045,-0.1835671365261078,-0.1164442747831344,-0.1571750193834304,-0.0764150619506836,-0.0818801745772361,-0.0249004531651735,0.1100858822464943,0.3783120512962341,0.1735624819993972
2019-11-27 00:00:00+00:00,64.85,64.86,64.67,64.91,0.01,64.72,32.0,914.0,553.0,,,71.50164978027344,70.80496925354004,7.044309015274048,7.025236120223999,155.2865167236328,153.6414585876465,-0.00256566144526,-0.0023567895404994,-0.0040548886172473,-1.4443281888961792,-0.8837488293647766,-0.3203972578048706,0.0235002394765615,0.0157018788158893,0.0801067799329757,-0.0231187175959348,-0.1942500472068786,-0.1619131565093994
2019-11-28 00:00:00+00:00,64.91,64.91,64.67,64.91,0.0,,32.0,289.0,,,,71.55998008728028,70.95337226867676,7.044587984085083,7.012555012702942,155.28213897705078,153.54073013305663,-0.0044145649299025,-0.0024068374186754,-0.0044017154723405,-1.4880231618881226,-0.9189489483833312,-0.3293551504611969,0.2963252663612366,0.3174967169761657,0.288451075553894,-0.0233559161424636,-0.294937789440155,-0.3089867234230041
2019-11-29 00:00:00+00:00,64.69,64.69,63.38,64.4,-0.51,63.6,41.0,289.0,,,,72.07120445251465,71.41421676635743,7.047133045196533,7.0270101356506345,154.80669525146484,153.64849197387696,-0.0027593148406594,-0.0016078965272754,-0.0038952848408371,-2.301802158355713,-1.475226640701294,-0.4519186913967132,0.0948645398020744,0.0598323941230773,0.1074075922369957,0.22529336810112,0.8677285313606262,0.4822819828987121
2019-12-02 00:00:00+00:00,64.75,64.75,64.52,63.85,-0.55,64.7,6.0,235.0,,,,71.96039810180665,71.59849349975586,7.042782073020935,7.0199350118637085,154.3063102722168,153.796337890625,0.0119012566283345,0.0098894853144884,0.007850281894207,-0.0015603613574057,-0.1704616248607635,-0.2236733585596084,-0.0382777340710163,-0.0527888722717762,-0.1086743846535682,0.2352804243564605,0.9801925420761108,0.4908957481384277
2019-12-03 00:00:00+00:00,63.85,64.75,63.1,63.1,-0.75,,6.0,219.0,,,,71.96845466613769,71.44659904479981,7.0553519153594975,7.029959049224853,154.92757934570312,153.79014739990234,0.0013861034531146,-0.0026900109369307,-0.0059460080228745,-0.4370988309383392,-0.3584821224212646,-0.2649883031845093,0.020909309387207,0.0180632509291172,-0.0464790537953376,-0.0261890143156051,-0.2300296276807785,-0.3440639674663543
2019-12-04 00:00:00+00:00,63.54,64.5,63.2,63.17,0.07,63.97,146.0,194.0,75.0,,,72.0003736114502,71.47119834899902,7.06619197845459,7.041564965248108,154.8876644897461,153.65421508789063,0.00163663784042,-0.0014352329308167,-0.0050740563310682,0.7742515802383423,-0.3108729720115661,0.2536078095436096,-0.3030292093753814,-0.2222678959369659,-0.213773488998413,-0.0466118343174457,-0.3777638077735901,-0.6164685487747192
2019-12-05 00:00:00+00:00,64.7,64.71,64.7,63.51,0.34,64.71,2.0,94.0,,,,71.87150032043456,71.2377554321289,7.05413592338562,7.0171040391922,154.89508209228515,153.66806259155274,-0.005852919537574,-0.0066479691304266,-0.0041984468698501,-0.4409648478031158,-0.1395270526409149,-0.237900823354721,-0.1365781426429748,-0.1362050771713256,-0.0474026575684547,-0.0173603668808937,-0.0876893699169159,-0.1068569421768188
2019-12-06 00:00:00+00:00,64.51,66.32,64.51,66.0,1.49,65.57,24205.0,120872.0,,,,71.36420890808105,70.92086380004883,7.044514002799988,7.024123120307922,154.79812042236327,153.66655990600586,0.0001437791943317,-0.0007187364390119,-0.0034889292437583,1.6299854516983032,0.8966196775436401,0.424127459526062,-0.0143002737313508,-0.0223397202789783,-0.0975769609212875,-0.0174339693039655,-0.0716806277632713,-0.0996281057596206
2019-12-09 00:00:00+00:00,66.01,66.25,64.81,65.38,-0.62,65.28,19189.0,120790.0,,125.0,,71.40791923522949,70.827509765625,7.04193606376648,7.022738003730774,155.0000129699707,153.78823791503908,-0.0020789832342416,-0.0024022753350436,-0.0029697099234908,-0.3853165805339813,-0.2016533315181732,-0.212596133351326,-0.1258333921432495,-0.1266659796237945,-0.0796578377485275,0.0713459774851799,0.1572457402944564,0.071862131357193
2019-12-10 00:00:00+00:00,65.74,66.23,64.88,65.93,0.55,65.77,15777.0,118618.0,163.0,293.0,,71.19938598632812,70.74175010681152,7.042487096786499,7.026351089477539,155.01249877929686,153.76512420654296,0.0017143654404208,0.0018367122393101,0.003212135983631,-0.0356714613735675,0.0386941246688365,-0.1187050119042396,-0.047264214605093,-0.0310173220932483,0.0946765393018722,-0.0301712211221456,-0.1850699484348297,-0.1566139906644821
2019-12-11 00:00:00+00:00,65.93,66.19,65.34,65.88,-0.05,65.81,12620.0,118789.0,30.0,,,71.01322647094726,70.61784767150878,7.041086049079895,7.021858038902283,154.91731643676758,153.73770111083985,-0.005242352373898,-0.0040767081081867,-0.0037789195775985,0.0994274765253067,0.0554323308169841,-0.1168235018849372,-0.108813852071762,-0.1614652872085571,-0.0622511878609657,-0.0175755284726619,-0.0796161368489265,-0.0912366062402725
2019-12-12 00:00:00+00:00,65.76,67.38,65.57,67.17,1.29,66.85,31698.0,118047.0,,,,71.0575862121582,70.5226072692871,7.040302038192749,7.025904130935669,154.91981643676758,153.71189224243165,-0.0331683717668056,-0.0390029624104499,-0.0169885568320751,0.1026566997170448,0.0648552700877189,0.1037225797772407,-0.0419862084090709,-0.0540016777813434,0.0561014525592327,-0.0226448737084865,-0.2798075675964355,-0.2068839818239212
2019-12-13 00:00:00+00:00,67.49,67.8,66.43,66.8,-0.37,67.12,30988.0,121019.0,16.0,,,71.1856494140625,70.4956354522705,7.022096169630686,6.999975992441177,154.91981643676758,153.73976654052734,0.0077667338773608,0.0131308510899543,0.0055752946063876,-0.2576515972614288,0.1462597250938415,0.111805610358715,0.1495894193649292,0.1136009693145752,0.2522893846035003,-0.0225414875894784,-0.2495519667863845,-0.2046530991792678
2019-12-16 00:00:00+00:00,66.8,67.43,66.43,66.97,0.17,66.88,19153.0,120276.0,80.0,114.0,,71.02156204223633,70.64813163757324,7.017260112762451,6.966877224047978,154.8840838623047,153.7275485229492,0.00480233784765,0.0050603384152054,0.0046538058668375,0.1975756585597992,0.1627538055181503,0.1062841415405273,0.1162126958370208,0.1194830387830734,0.2417150288820266,-0.0183303318917751,-0.2384823262691497,-0.1951036155223846
2019-12-17 00:00:00+00:00,66.75,67.07,66.3,66.44,-0.53,66.67,14318.0,119759.0,866.0,220.0,,71.16432022094726,70.73888565063477,7.01717394431432,6.967857900857926,154.6487580871582,153.5644207763672,0.0027356159407645,-0.0011718466412276,0.0030968217179179,-0.0331002324819564,-0.0636761933565139,-0.1088429167866706,0.0813002586364746,0.0702617019414901,0.1259218454360962,-0.0213111415505409,-0.1770384609699249,-0.1459484100341797
2019-12-18 00:00:00+00:00,66.45,67.18,66.25,66.74,0.3,66.68,13713.0,118785.0,152.0,,,71.51313369750977,70.81106155395508,7.015285091400146,6.975913008451462,154.0871322631836,153.5206904602051,-0.0004243505536578,-0.0012181744677945,-0.0022932919673621,-0.1639737337827682,-0.0693513005971908,0.1126089692115783,-0.0867633745074272,-0.1019032821059227,-0.0759915187954902,0.1703225821256637,0.5762529373168945,0.2868403792381286
2019-12-19 00:00:00+00:00,66.74,67.88,66.69,67.58,0.84,67.42,15497.0,117773.0,18.0,582.0,,71.21755546569824,70.74904991149903,7.014591690699259,6.985955452521642,154.45361053466797,153.60803756713867,-0.0024720840156078,-0.0027202318888157,-0.0031815415713936,-0.3845577836036682,-0.1201204285025596,-0.0925724431872367,0.1154782176017761,0.099678136408329,0.1226691603660583,-0.0203614998608827,-0.1630840897560119,-0.1623219549655914
2019-12-20 00:00:00+00:00,67.58,68.31,67.12,67.96,0.38,67.88,17808.0,118165.0,156.0,130.0,,71.4949747467041,71.00723304748536,7.020793274243673,6.985758493741354,154.37612579345702,153.52694778442384,-0.0004243505536578,-0.0013969207648187,-0.0027711007278412,0.2876679003238678,0.2452228516340255,0.1155619174242019,-0.0621396414935588,-0.0260474923998117,-0.0200610216706991,0.0962061434984207,0.2079414874315261,0.1627748012542724
2019-12-23 00:00:00+00:00,67.97,68.75,67.57,68.61,0.65,68.44,16262.0,118771.0,10.0,127.0,,71.3864005279541,70.86744720458984,7.016675712267557,6.9879204507668815,154.4656085205078,153.25232788085938,-0.0013955769827589,-0.001575244939886,-0.0040531517006456,-0.5889612436294556,-0.2520679831504822,-0.095254898071289,0.0827982276678085,0.0853985100984573,0.1445216387510299,-0.0165203269571065,-0.0854542106389999,-0.2107070386409759
2019-12-24 00:00:00+00:00,68.5,68.73,68.22,68.7,0.09,68.51,8675.0,119563.0,591.0,130.0,,71.4664093017578,70.9981118774414,7.020767272313436,6.98572348912557,154.6633152770996,153.55208404541017,-0.0076937307603657,-0.0090636108070611,-0.0060979751870036,-0.0735068023204803,-0.1137018352746963,-0.0666603296995163,0.0442692711949348,0.0378298163414001,0.0342074669897556,-0.018785011023283,-0.1536353528499603,-0.2054505050182342
2019-12-26 00:00:00+00:00,68.7,69.34,68.46,68.7,,68.91,13688.0,119520.0,16.0,9.0,,71.49080963134766,71.09912086486817,7.016790948708851,6.967798897027969,154.7766014099121,153.60245193481444,-0.0065136128105223,-0.0043678218498826,-0.0032994148787111,-2.1326494216918945,-1.2298989295959473,-0.3192414045333862,-0.1317265331745147,-0.1708080470561981,-0.188413456082344,0.2288471758365631,0.7864099740982056,0.4159437119960785
2019-12-27 00:00:00+00:00,68.75,69.33,68.5,68.92,0.22,69.02,13691.0,119254.0,17.0,,,71.71204193115234,71.05822174072266,7.015712094306945,6.974895001649856,154.63637130737305,153.19742614746093,-0.0066465162672102,-0.0065126009285449,-0.0042734914459288,0.2852919101715088,0.212163046002388,-0.107650302350521,0.0894171372056007,0.0857419520616531,0.0673701837658882,-0.0379021055996418,-0.2903545498847961,-0.2766131162643432
2019-12-30 00:00:00+00:00,68.94,69.69,68.94,69.56,0.64,69.42,17451.0,119594.0,75.0,108.0,,71.57271865844727,71.08101181030274,7.017259946664174,6.967689899206161,154.43524002075196,153.4379034423828,-0.0172073543071746,-0.0183828584849834,-0.0081730699166655,-0.3076688051223755,-0.2849146425724029,-0.1609634757041931,-0.0078491996973752,-0.0246954634785652,0.0569464154541492,-0.0200205035507679,-0.1556291580200195,-0.2074805051088333
2019-12-31 00:00:00+00:00,69.56,69.72,68.8,69.05,-0.51,69.26,14292.0,122032.0,44.0,104.0,,71.40024925231934,70.9812287902832,7.020151081085204,6.9620032234986615,154.7113151550293,153.55071578979494,0.0013856830773875,0.0032419904600828,0.0033874365035444,0.3915753960609436,-0.1465808600187301,-0.1409897655248642,-0.0500004664063453,-0.0342885963618755,-0.0405682399868965,-0.0327679626643657,-0.2522668838500976,-0.1743537932634353
2020-01-02 00:00:00+00:00,69.12,69.74,69.04,69.27,,69.43,19704.0,120663.0,16.0,1757.0,,71.33357154846192,70.96340873718262,7.006458892822265,6.959933717250824,154.20803344726562,153.5056201171875,0.006295499857515,0.0051777185872197,0.0047087692655622,-0.1841529309749603,-0.0906856805086135,-0.0860745459794998,0.1141218096017837,0.0911589711904525,0.1069919317960739,-0.0185391064733266,-0.0859590098261833,-0.0845644101500511
2020-01-03 00:00:00+00:00,69.01,69.61,68.5,69.2,-0.07,68.96,19412.0,123333.0,100.0,,,71.72346694946289,71.31635406494141,7.008518905639648,6.963097722530365,154.35369094848633,153.72549377441408,0.0082100620493292,0.0056307474151253,0.0048746815882623,0.7886081337928772,0.3018716871738434,-0.125026136636734,0.3294621407985687,0.2880842685699463,0.2400963306427002,0.0700439810752868,0.2143548727035522,0.2811461091041565
2020-01-06 00:00:00+00:00,69.29,70.1,69.29,70.04,0.84,69.81,21348.0,124444.0,144.0,188.0,,71.91090324401856,71.59874710083008,7.010889897346496,6.964566731452942,154.40313903808592,153.0749656677246,-0.0294598285108804,-0.0317990705370903,-0.0126563813537359,0.1897001415491104,0.0765592977404594,-0.0891376435756683,0.3315934538841247,0.3574528694152832,0.144426017999649,-0.0194714423269033,-0.1356892585754394,-0.0914488658308982
2020-01-07 00:00:00+00:00,70.07,70.25,69.46,69.83,-0.21,69.81,14070.0,126009.0,12.0,104.0,,72.09301712036132,71.62381370544433,6.993643898963928,6.953486683368683,154.4408413696289,153.3725898742676,0.0067353402264416,0.008368482813239,0.0046976790763437,0.2458428293466568,0.1182354912161827,0.1021758019924163,0.1120436117053031,0.1143171563744545,0.0853350162506103,-0.0290820933878421,-0.2024518251419067,-0.1215959638357162
2020-01-08 00:00:00+00:00,69.69,70.04,69.05,69.96,0.13,69.72,18118.0,126964.0,10.0,,668.0,72.2322312927246,71.35555610656738,6.95526683807373,6.913334536552429,154.3938818359375,153.4723941040039,0.0058750165626406,0.0038050985895097,0.0040270071476697,0.1794187426567077,0.1570883989334106,0.1269385814666748,0.1283919513225555,0.1009124144911766,-0.1221814528107643,-0.0227712728083133,-0.1484655290842056,-0.0940117239952087
2020-01-09 00:00:00+00:00,69.96,70.85,69.56,70.69,0.73,70.39,22372.0,125680.0,115.0,,,71.9267822265625,71.34408950805664,6.95526683807373,6.913334536552429,154.33167022705078,153.4984747314453,-0.0198329836130142,-0.0289290994405746,-0.0107023809105157,0.4878134429454803,0.1982256919145584,-0.1476752609014511,-0.0067261941730976,0.0746539533138275,0.2160224914550781,-0.0200910568237304,-0.100122295320034,-0.0721402913331985
2020-01-10 00:00:00+00:00,70.5,71.39,70.35,71.31,0.62,70.96,25022.0,127080.0,498.0,,,71.4514348602295,71.00904083251953,6.94759084701538,6.908533554077149,154.38663269042968,153.46776596069336,-0.0029067010618746,-0.0055639157071709,-0.0035907393321394,0.6738477945327759,0.3189954757690429,-0.208444207906723,-0.0636381059885025,-0.0872735977172851,0.1027986407279968,-0.0215605907142162,-0.0651885718107223,-0.1381624042987823
2020-01-13 00:00:00+00:00,71.31,71.96,71.18,71.53,0.22,71.61,19330.0,127048.0,181.0,154.0,,70.9878815460205,70.61861976623535,6.895292963981628,6.874486045837402,153.75470901489257,153.15432510375976,-0.0035356802400201,-0.0032401238568127,-0.0028908781241625,0.2242441922426223,-0.1417225897312164,-0.1925814598798751,-0.0995974391698837,-0.0764594301581382,0.0329775288701057,0.2365778386592865,0.9618755578994752,0.5213605165481567
2020-01-14 00:00:00+00:00,71.5,71.75,70.9,71.38,-0.15,71.45,19441.0,126507.0,20.0,130.0,55.0,70.94439643859863,70.54266464233399,6.888396053314209,6.865260014533996,154.40650085449218,153.06568130493164,-0.0014186346670612,-0.0027094245888292,-0.0025853544939309,0.3216297328472137,0.1021570712327957,-0.1687026619911193,0.199737936258316,0.1581862717866897,0.0951079875230789,-0.0400443151593208,-0.2820942997932434,-0.2655160129070282
2020-01-15 00:00:00+00:00,71.38,71.38,70.1,70.32,-1.06,70.69,19470.0,124433.0,10.0,,,71.20747146606445,70.68122222900391,6.895292963981628,6.874486045837402,154.41842208862306,153.43911071777345,0.0018974433187395,0.0021522245369851,0.003268958069384,-0.157397910952568,-0.095281958580017,-0.1243839040398597,0.1540660858154297,0.109727956354618,0.2206045687198639,-0.0259085185825824,-0.2253396064043045,-0.2319119721651077
2020-01-16 00:00:00+00:00,70.25,70.38,69.73,70.22,-0.1,70.02,15302.0,123768.0,174.0,463.0,,71.1028263092041,70.69470359802246,6.897323031425476,6.872857136726379,154.28558273315429,153.00878005981446,-0.0044039417989552,-0.0084488792344927,-0.0044574858620762,0.0547226779162883,-0.1095841154456138,-0.1286216527223587,0.2567085921764374,0.2048338651657104,0.2421799600124359,-0.0164979584515094,-0.1308909356594085,-0.2211868315935135
2020-01-17 00:00:00+00:00,70.0,71.37,69.95,71.25,1.03,71.0,19477.0,122142.0,196.0,,,71.2936415863037,70.89813064575195,6.881652984619141,6.8649869155883785,154.4088313293457,153.254072265625,-0.001162362168543,-0.0025350244250148,-0.0036466000601649,0.190328910946846,0.0946973860263824,0.1161528527736663,0.1234425231814384,0.0923834145069122,0.2139493972063064,-0.0174973122775554,-0.2850708663463592,-0.2343952357769012
2020-01-20 00:00:00+00:00,71.25,71.37,69.95,71.25,0.0,,19477.0,122410.0,,,,71.28889640808106,70.81100769042969,6.880703897476196,6.863550066947937,153.84138778686523,153.42396881103517,0.0173041522502899,0.0249933935701847,0.0112581280991435,-0.1174795478582382,-0.0413590297102928,-0.0474410280585289,0.0693336576223373,0.0528682991862297,0.1146610379219055,0.2342221289873123,0.920836329460144,0.5086402297019958
2020-01-21 00:00:00+00:00,71.25,71.25,69.12,69.24,-2.01,69.84,31655.0,122231.0,105.0,135.0,,71.36290031433106,71.02259498596192,6.8819969320297245,6.866253986358642,154.39249862670897,153.1881658935547,-7.453055150108412e-05,-0.0015663538360968,-0.0024140218738466,-0.2067697793245315,-0.1056424602866172,-0.0830875560641288,0.1356149166822433,0.1241331323981285,0.2854823470115661,-0.0163431763648986,-0.112082339823246,-0.1087757498025894
2020-01-22 00:00:00+00:00,69.02,71.3,68.71,71.13,1.89,70.31,31536.0,123217.0,254.0,391.0,,71.44286407470703,71.01500518798828,6.937579851150513,6.899480891227722,154.3834437561035,153.46152877807617,0.0015110411914065,0.0064685344696044,0.0039324359968304,0.0280417893081903,0.1084164157509803,-0.0788316279649734,0.0720532462000846,0.0462723560631275,0.1570270508527755,0.0313037857413291,-0.0707194954156875,-0.1074714213609695
2020-01-23 00:00:00+00:00,71.0,71.0,69.8,70.03,-1.1,70.18,19083.0,122431.0,38.0,,,71.44206558227539,70.99224891662598,6.939055871963501,6.901963891983033,154.4344984436035,153.23590805053712,-0.0012658791383728,0.00168004760053,-0.0027023672591894,-0.2370106279850006,-0.0882518962025642,-0.0755424201488494,0.1059538796544075,0.0842720419168472,0.1723726838827133,-0.016564892604947,-0.1189161092042923,-0.1928229182958603
2020-01-24 00:00:00+00:00,69.98,70.25,69.35,69.4,-0.63,69.68,16434.0,120858.0,80.0,,,71.51114860534668,71.18655944824219,6.954052934646606,6.909818878173828,154.43799911499025,153.4156172180176,-0.0032973869238048,-0.0020589127670973,-0.0039929198101162,-0.3299709856510162,-0.1573949009180069,-0.1059726253151893,0.0906490385532379,0.0740290433168411,0.0751754194498062,0.0489314869046211,-0.0913210287690162,-0.1891321986913681
2020-01-27 00:00:00+00:00,69.25,69.81,68.0,69.51,0.11,68.76,29674.0,121943.0,75.0,108.0,,71.50815010070801,71.18789848327637,6.955223937034607,6.909818878173828,154.39099868774414,153.19213592529297,-0.0030515752732753,-0.0019825734198093,-0.0041188211180269,-0.0320182032883167,-0.109770156443119,-0.1293146014213562,0.1243307664990425,0.1239667683839798,0.1143080964684486,-0.0167282335460186,-0.1862037926912307,-0.1829949617385864
2020-01-28 00:00:00+00:00,69.03,70.6,69.02,70.36,0.85,69.85,17635.0,121863.0,517.0,104.0,,72.15118576049805,71.38477394104004,6.954052934646606,6.909818878173828,154.38364654541016,153.20956420898438,-0.0030182828195393,-0.0019811436068266,-0.0032462948001921,1.1970744132995603,0.4283456206321716,0.1736891716718673,0.003742606146261,-0.0360187329351902,-0.0634050369262695,-0.0182241182774305,-0.1261453628540039,-0.1188926696777343
2020-01-29 00:00:00+00:00,70.4,70.92,69.87,70.06,-0.3,70.35,13328.0,121841.0,178.0,,,71.4530184173584,71.06996467590332,6.954052934646606,6.909818878173828,154.4269984436035,153.24281967163083,-0.0072175557725131,-0.0051717315800487,-0.0051782606169581,0.1397741287946701,0.181564375758171,0.162260815501213,0.0378079041838645,0.0491460114717483,0.0449695251882076,-0.0177692435681819,-0.1128980666399002,-0.1897885501384735
2020-01-30 00:00:00+00:00,70.06,70.06,68.54,69.05,-1.01,69.08,15810.0,122214.0,410.0,279.0,,71.47124053955078,71.07233421325684,6.954052934646606,6.909818878173828,154.43099838256836,153.2699382019043,-0.0046171294525265,-0.0039546359330415,-0.0045515354722738,0.2908830046653747,0.1952295899391174,0.1561645120382309,0.2231689989566803,0.2703191936016083,0.1059980019927024,-0.0175537001341581,-0.1121108084917068,-0.1920655071735382
2020-01-31 00:00:00+00:00,68.96,69.35,67.4,67.5,-1.55,68.02,26652.0,120915.0,183.0,775.0,,72.06921257019043,71.40181915283203,6.954052934646606,6.909818878173828,154.43549850463867,153.2587240600586,0.0503530576825141,0.0663468614220619,0.0246523097157478,0.9988475441932678,0.5475424528121948,0.244049072265625,-0.062449749559164,-0.0734933987259864,-0.1280108392238617,-0.016966912895441,-0.1344315260648727,-0.1916746199131012
2020-02-03 00:00:00+00:00,67.29,68.06,66.75,66.84,-0.66,67.3,28897.0,120131.0,301.0,135.0,,71.91564346313477,71.34028778076171,6.949878111680349,6.9207306049135004,154.20999908447266,153.03450500488282,-0.0139984935522079,-0.0168052967637777,-0.0096520241349935,-0.9535642862319946,-0.7121645212173462,-0.2476623952388763,-0.0408370047807693,-0.0398106835782527,-0.062303327023983,-0.0349373295903205,-0.3405734896659851,-0.3881560266017914
2020-02-04 00:00:00+00:00,66.85,68.23,66.85,67.35,0.51,67.72,23911.0,113834.0,115.0,12840.0,,71.47786941528321,71.1398932647705,7.028497009277344,7.012898015975952,153.724306640625,153.19020965576172,-0.0028461418114602,-0.0101369004696607,-0.0072673493996262,0.0648298785090446,0.159152552485466,0.1443337798118591,0.00662133237347,-0.0271707363426685,0.0494343116879463,0.1908514350652694,0.6021230816841125,0.3356209099292755
2020-02-05 00:00:00+00:00,67.6,68.42,67.32,67.51,0.16,67.82,18616.0,101000.0,167.0,6051.0,,71.34461578369141,70.97741050720215,7.0097649010022485,6.9777864567438765,154.19350051879883,153.17412643432618,0.0025961978826671,0.0063650258816778,-0.0063153998926281,-0.0615098141133785,-0.0709438920021057,0.1327351629734039,0.0596926212310791,0.1091341972351074,0.137982964515686,-0.0289251804351806,-0.178201287984848,-0.1933974772691726
2020-02-06 00:00:00+00:00,67.53,68.2,67.51,67.91,0.4,67.79,20370.0,93477.0,144.0,4500.0,,71.37015922546387,70.99769836425781,6.985777959823609,6.962159987688064,154.21163650512696,153.19202987670897,0.0103397630155086,0.0102801006287336,0.0082802530378103,0.9629737734794616,0.4478234350681305,0.2341683059930801,0.0166686680167913,0.0314716026186943,0.1073076501488685,-0.0204383805394172,-0.092246189713478,-0.0998934283852577
2020-02-07 00:00:00+00:00,67.85,68.0,67.1,67.75,-0.16,67.54,27493.0,92138.0,157.0,285.0,,71.59163078308106,71.22197982788086,7.004329891204834,6.962237068414688,154.23312377929688,153.23738433837892,-0.0025221516843885,-0.0049173138104379,-0.0047795115970075,0.0888802111148834,0.1195012554526329,0.1347892582416534,-0.0368666537106037,-0.0336164981126785,-0.0794350355863571,0.1271027624607086,0.3986545205116272,0.2716155648231506
2020-02-10 00:00:00+00:00,67.62,68.36,67.62,68.19,0.44,68.08,22176.0,75878.0,65.0,8075.0,,71.5795955657959,71.15776794433594,7.008349886735281,6.980631743272146,154.1297785949707,153.12168228149417,0.0025285293813794,0.0032364320941269,-0.0048237978480756,0.1983999162912368,0.0780382305383682,0.0911285132169723,-0.0544124953448772,-0.0491886660456657,-0.1045562028884887,-0.0417820326983928,-0.2752121686935425,-0.2421157360076904
2020-02-11 00:00:00+00:00,68.0,68.55,67.89,68.23,0.04,68.31,24179.0,66099.0,4.0,106.0,,71.5275104522705,71.13964767456055,6.9942141008377074,6.972927361329396,154.17542465209962,153.23253295898436,0.0043465476483106,0.0062902183271944,0.0069312620908021,0.4336223900318146,0.1040706038475036,0.1121064573526382,0.0414194501936435,0.0597018487751483,0.1769315302371978,-0.0175813734531402,-0.1982328593730926,-0.2144099920988083
2020-02-12 00:00:00+00:00,68.25,68.79,67.77,68.58,0.35,68.38,22024.0,48453.0,10.0,500.0,,71.47502906799316,71.12991348266601,6.975049018859863,6.960258855819702,154.22499908447264,153.09948272705077,0.0063217948190867,0.0070205614902079,0.0062304208986461,-0.0590344369411468,0.0398645438253879,0.0907703340053558,-0.1110479086637497,-0.1159709095954895,0.0456331633031368,-0.041874460875988,-0.351744681596756,-0.2916086316108703
2020-02-13 00:00:00+00:00,68.57,68.57,67.72,67.75,-0.83,68.06,17985.0,36085.0,44.0,176.0,,71.46389442443848,71.10936424255371,6.99481791973114,6.961722036600113,153.76477767944337,153.26341613769532,0.0051221097819507,0.0052326838485896,0.0050914352759718,0.6300464272499084,0.1951386630535125,0.101335123181343,-0.0038181005511432,0.0184629932045936,0.0667376518249511,0.2050035744905471,0.7518009543418884,0.527902364730835
2020-02-14 00:00:00+00:00,67.76,67.93,67.21,67.41,-0.34,67.45,11433.0,26266.0,114.0,6.0,,71.50281539916992,71.04913070678711,7.001272921562195,6.965133031606674,154.22899871826172,153.26104446411134,0.0031179841607809,0.0019813640974462,0.0030977753922343,0.1722739487886428,0.0664612501859664,0.0670272186398506,0.0460899956524372,0.0582003593444824,0.1800562143325805,-0.0202699489891529,-0.1062261089682579,-0.0901659950613975
2020-02-17 00:00:00+00:00,67.41,67.93,67.21,67.41,0.0,,11433.0,18895.0,,,,71.70903526306152,71.21076042175292,6.997463979721069,6.976404604117076,154.0594989013672,153.0005532836914,0.0048873336054384,0.0064990981481969,0.006335075944662,0.0776333957910537,0.0915073901414871,0.0622863620519638,-0.0296351201832294,0.0076921358704566,-0.108905553817749,-0.0221223589032888,-0.1903335154056549,-0.1128515005111694
2020-02-18 00:00:00+00:00,67.94,68.91,67.83,67.87,0.46,68.29,10231.0,18895.0,282.0,,,71.47632598876953,71.22707122802734,7.003788108825684,6.973617074489593,154.11349639892578,153.07949600219726,0.0073791723698377,0.0057577812112867,0.0047784335911273,-0.1913971751928329,-0.3255453407764435,-0.1091215535998344,0.0590821206569671,0.0682471618056297,0.1454304456710815,-0.0457927286624908,-0.3674314022064209,-0.2151285111904144
2020-02-19 00:00:00+00:00,67.94,69.03,67.94,68.48,0.61,68.44,9234.0,13317.0,9.0,,,71.83439453125,71.46989318847656,7.009991559505463,6.979590328534445,154.12499954223634,153.0436311340332,0.0208173207938671,0.0212731175124645,0.0101787820458412,-0.9784713983535768,-0.5835384726524353,-0.1661587655544281,0.1901198625564575,0.1941631585359573,0.1214638724923133,-0.0367466211318969,-0.2708190083503723,-0.1905652731657028
2020-02-20 00:00:00+00:00,68.4,68.8,67.73,68.75,0.27,68.18,7551.0,9634.0,262.0,3.0,,72.00430877685547,71.53525680541992,7.017191716829936,6.979792317946752,154.10699920654298,152.9905842590332,0.0172088108956813,0.0151920719072222,0.0094933602958917,-1.9405643939971924,-1.1082770824432373,-0.2764670252799988,0.0214795134961605,0.0316398441791534,-0.0477353744208812,-0.0195580553263425,-0.0458245798945426,-0.0583897121250629
2020-02-21 00:00:00+00:00,68.75,68.99,68.0,68.93,0.18,68.35,3728.0,3219.0,22.0,,,71.96016319274902,71.56155204772949,7.031387028694152,7.010431108474731,154.03149948120117,152.9506428527832,0.0041230814531445,0.0041990387253463,0.0059977862983942,-0.1297822594642639,-0.1210554614663124,-0.1264720112085342,-0.1090175881981849,-0.1468412578105926,0.0657153725624084,-0.0190132074058055,-0.1224528104066848,-0.0902266353368759
2020-02-24 00:00:00+00:00,67.93,67.93,65.9,67.53,-1.4,66.77,112.0,477.0,,,,72.16713333129883,71.67334663391114,7.030669980049133,7.014114136695862,154.05549896240234,152.98945663452147,-0.0002916845842264,-0.0013564076507464,-0.0042393254116177,0.155888482928276,0.1550931632518768,-0.1833871304988861,0.3096978366374969,0.2887153923511505,0.2091550081968307,-0.0240558665245771,-0.2186761796474456,-0.2038558274507522
2020-02-25 00:00:00+00:00,67.05,67.05,67.05,66.33,-1.2,67.05,3.0,178.0,,,,72.10093292236328,71.67024932861328,7.03637300491333,7.014088983535767,154.05549896240234,152.98945663452147,-0.0031043500639498,-0.0031137333717197,-0.0050546717830002,0.3915928900241852,0.1546365022659301,-0.2026376575231552,-0.0837728008627891,-0.0464021861553192,0.0620139129459857,-0.0301768984645605,-0.1823062598705291,-0.213432028889656
2020-02-26 00:00:00+00:00,65.68,65.73,65.66,65.55,-0.78,65.68,26.0,137.0,,,,72.11475006103515,71.60344467163085,7.041614060401916,7.025336074829101,154.04749908447266,152.98945663452147,-0.0193944629281759,-0.0236793495714664,-0.0115962838754057,0.3462565243244171,0.237670823931694,-0.199459969997406,-0.0534746684134006,-0.0175355188548564,-0.0586430057883262,-0.0218118578195571,-0.1581133306026458,-0.1784539669752121
2020-02-27 00:00:00+00:00,65.25,64.38,64.38,62.6,-2.95,64.38,5.0,101.0,3.0,,,71.99807975769043,71.54742698669433,7.042654066085816,7.02501609325409,154.05549896240234,152.98945663452147,-0.0043730526231229,-0.0087147941812872,-0.0051245857030153,0.0042144902981817,-0.0528020150959491,-0.1470645070075988,0.0931487753987312,0.1306876838207245,0.1568372994661331,-0.0318829789757728,-0.2421347349882125,-0.2322885990142822
2020-02-28 00:00:00+00:00,61.95,61.95,60.7,61.59,-1.01,61.55,4.0,72.0,,,,71.99619453430176,71.61958129882812,7.017035997390747,6.982537315686543,154.04299926757812,152.98945663452147,-0.0184977408498525,-0.0106820706278085,-0.0053982837125658,-0.2550839185714721,-0.1136665120720863,-0.1843987852334976,0.3405201733112335,0.3359781503677368,0.2871247231960296,-0.0469962880015373,-0.4525488317012787,-0.3109776675701141
2020-03-02 00:00:00+00:00,62.98,62.98,62.98,63.48,1.89,62.98,1.0,69.0,,,,72.26854965209961,71.59584091186524,7.004939387639364,6.980474673906963,153.8235043334961,152.59448196411134,-0.0118978945538401,-0.0178179554641246,-0.0075734662823379,0.3413567841053009,0.2031554877758026,0.1963293254375457,0.522316575050354,0.568314254283905,0.4154528081417084,-0.0322055257856845,-0.2768921852111816,-0.2811051607131958
2020-03-03 00:00:00+00:00,63.48,63.48,62.75,62.75,-0.73,,1.0,30.0,,,,72.38507492065429,71.6023812866211,7.008795346577963,6.979196690718332,153.9435009765625,152.81146667480468,-0.0179271940141916,-0.0146549064666032,-0.0067199901677668,0.2005529552698135,0.0845493748784065,0.1394427716732025,0.5629316568374634,0.4883245527744293,0.1442425698041916,-0.0403597950935363,-0.2597881257534027,-0.2454134225845337
2020-03-04 00:00:00+00:00,62.75,63.48,62.75,62.96,0.21,,1.0,30.0,,,,72.38507492065429,71.6023812866211,6.965168447494507,6.958231978416443,153.81600402832032,152.46015411376953,-0.0083583211526274,-0.0126232113689184,-0.0057485662400722,0.1700059175491333,0.1354781687259674,0.1599618792533874,0.5691068768501282,0.4855135977268219,-0.1126266494393348,-0.0329056903719902,-0.2530683875083923,-0.2678456902503967
2020-03-05 00:00:00+00:00,63.69,63.69,63.69,63.53,0.57,63.69,1.0,30.0,,,,72.38507492065429,71.6023812866211,6.979471383094787,6.958524889945984,153.93250076293944,152.77832702636718,0.0047299149446189,0.0039645018987357,0.0040498506277799,0.2457931786775589,0.1640432626008987,0.1506103426218032,-0.2230899333953857,-0.203983873128891,-0.4636844098567962,-0.0328021049499511,-0.240543931722641,-0.1971006691455841
2020-03-06 00:00:00+00:00,63.53,63.69,62.97,62.97,-0.56,,1.0,29.0,,,,72.38507492065429,71.6023812866211,6.942725143432617,6.935299559048243,153.81700271606445,152.5007470703125,0.0074171950109303,0.0054940516129136,0.0052156914025545,-0.0339436493813991,-0.1374359428882599,-0.1231661885976791,0.1515784561634063,0.1167019456624984,-0.2229468822479248,-0.0336985774338245,-0.2316065579652786,-0.2889794707298279
2020-03-09 00:00:00+00:00,62.0,62.5,60.5,61.21,-1.58,61.4,29665.0,105315.0,157.0,200.0,,72.38507492065429,71.6023812866211,6.946233377456665,6.917547544797261,156.25749938964844,153.0641928100586,0.003768359310925,0.0053611830808222,0.0037060966715216,0.1126618757843971,0.0905741676688194,0.1147292926907539,0.5300042629241943,0.5264643430709839,0.1377803981304168,0.0751700103282928,0.4936765730381012,0.4935076832771301
2020-03-10 00:00:00+00:00,62.25,62.91,61.01,61.41,0.2,61.68,19910.0,104733.0,21.0,,,72.38507492065429,71.6023812866211,6.961288394927979,6.934260444641113,156.73540298461913,155.21209930419923,0.000607183901593,0.0010285468306392,0.0022494012955576,0.3905819654464721,0.2661761045455932,0.153384268283844,-0.0530287809669971,-0.050062209367752,-0.241019457578659,0.1976881623268127,0.6894688606262207,0.5539630055427551
2020-03-11 00:00:00+00:00,61.41,61.94,61.31,61.55,0.14,61.53,14462.0,103885.0,18.0,,,72.38507492065429,71.6023812866211,6.959291572570801,6.94868791103363,156.58510299682618,155.19009826660155,0.006168539635837,0.0132793057709932,0.0087355636060237,-0.5112033486366272,-0.272340714931488,-0.1444701850414276,-0.0299901701509952,0.1288761347532272,-0.3443363308906555,0.1635960042476654,1.004140019416809,0.572317898273468
2020-03-12 00:00:00+00:00,61.6,61.6,59.35,59.7,-1.85,60.12,34512.0,104256.0,206.0,,,72.38507492065429,71.6023812866211,6.982727615038553,6.965790901184082,156.48280044555665,155.5692984008789,-0.0089962724596261,-0.01494294218719,-0.007025015540421,0.6705770492553711,0.447563886642456,0.1965117454528808,0.409635066986084,0.360210120677948,-0.2461305111646652,-0.0271592587232589,-0.2065411061048507,-0.2062885463237762
2020-03-13 00:00:00+00:00,59.35,61.91,58.57,60.49,0.79,60.4,30831.0,102854.0,197.0,,,72.38507492065429,71.6023812866211,7.0364489126205445,7.012353920936585,156.59349960327148,155.63939956665038,0.0004458953626453,-0.0028165741823613,-0.0032675475813448,0.0334150902926921,0.0959522798657417,0.1355178505182266,-0.8765013813972473,-0.9621100425720216,-0.5421310067176819,-0.0408022180199623,-0.5821226835250854,-0.1531325727701187
2020-03-16 00:00:00+00:00,59.4,59.72,58.1,58.8,-1.69,58.8,25194.0,101436.0,40.0,48.0,550.0,74.46622589111328,73.4149910736084,7.014772028923034,6.989966025352478,156.6548571777344,154.47899795532226,0.0042073098011314,0.0076071210205554,0.0054904599674046,0.3103026151657104,0.1197527274489402,-0.1248224079608917,0.9346981048583984,0.9475685358047484,0.1808939278125763,0.2118773907423019,0.965500831604004,0.4896767139434814
2020-03-17 00:00:00+00:00,58.76,59.67,57.86,57.92,-0.88,58.66,19078.0,99923.0,49.0,,,75.0450486755371,73.78845085144043,7.013972259680429,6.96676249106725,156.97455703735352,156.51150833129884,0.0233520772308111,0.0272779650986194,0.011327794753015,0.4361180067062378,0.2310536354780197,0.1626130491495132,-0.9777711033821106,-0.9426385164260864,-0.316497802734375,-0.0302355885505676,-0.2658345699310303,-0.1654415130615234
2020-03-18 00:00:00+00:00,57.96,58.59,55.65,56.64,-1.28,56.89,27824.0,97173.0,25.0,156.0,,74.51035057067871,73.51998985290527,7.026083006858825,6.996887974739074,157.1118165588379,156.530516204834,0.0390871986746788,0.0470817796885967,0.0203104075044393,0.186969056725502,0.1429981291294098,0.1317402720451355,0.8867915868759155,0.7948546409606934,0.2210839092731475,0.045450784265995,0.1766739189624786,0.0752744823694229
2020-03-19 00:00:00+00:00,56.3,56.95,53.64,54.93,-1.71,54.8,26980.0,94938.0,302.0,145.0,,74.70002365112305,73.54143211364746,7.074916982650757,7.045144953727722,157.7809567260742,156.652166595459,-0.0044730007648468,-0.0113472333177924,-0.0094207134097814,0.1256138831377029,0.1260403841733932,0.1125744804739952,0.2132924497127533,0.1641104519367218,0.185832217335701,0.0289540030062198,0.0527420938014984,-0.0668287873268127
2020-03-20 00:00:00+00:00,55.32,56.35,53.2,53.68,-1.25,54.55,22731.0,92157.0,3.0,73.0,,74.729048538208,73.57093193054199,7.121000032424927,7.086142144203186,157.1118165588379,156.530516204834,-0.0034297714009881,-0.0088977701961994,-0.0098860766738653,-0.0092713702470064,0.0943180322647094,-0.1257078349590301,0.732668936252594,0.6300674676895142,0.2336681336164474,-0.0260568056255579,0.1064109429717063,-0.0857846140861511
2020-03-23 00:00:00+00:00,52.77,52.9,50.68,52.15,-1.53,51.4,30114.0,88995.0,114.0,149.0,,74.729048538208,73.57093193054199,7.106357998847962,7.076948146820069,157.3111473083496,156.60858383178712,-0.0083363838493824,-0.0115746306255459,-0.0089856283739209,-0.0389864146709442,-0.1095371022820472,-0.1345497667789459,0.8558390736579895,0.9329986572265624,0.4625651240348816,0.0245287679135799,-0.209005668759346,-0.1656711101531982
2020-03-24 00:00:00+00:00,52.04,54.87,51.16,52.89,0.74,53.51,23464.0,85758.0,92.0,,,74.729048538208,73.57093193054199,7.108065991401673,7.074236116409302,156.9162635803223,156.48545318603516,0.01530955825001,0.0210685320198535,0.0114271305501461,0.2013779282569885,0.1546268612146377,0.1345593333244323,0.6889880895614624,0.5591501593589783,0.225380390882492,-0.0305612534284591,-0.2592716813087463,-0.2086004912853241
2020-03-25 00:00:00+00:00,53.19,54.28,52.22,53.44,0.55,53.15,15521.0,81742.0,1.0,,,74.729048538208,73.57093193054199,7.074720964431763,7.0491259765625,157.64369720458984,156.63315872192382,-0.0130143407732248,-0.0190597660839557,-0.0115104736760258,-0.0799761638045311,0.1234930902719497,0.1236654445528984,-1.2056277990341189,-1.2174251079559326,-0.5145203471183777,0.1167280301451683,0.4836972653865814,0.1937253922224044
2020-03-26 00:00:00+00:00,53.44,54.01,52.5,52.78,-0.66,53.01,11432.0,79435.0,312.0,,,74.729048538208,73.57093193054199,7.121861023902893,7.087835140228272,157.54373672485352,156.41689346313476,-0.0031787345651537,-0.005667554680258,-0.0075236498378217,0.0992710590362548,0.1481562852859497,0.1036906689405441,0.5807256102561951,0.4863609373569488,0.2325238287448883,-0.0457016974687576,-0.6145423650741577,-0.1046226024627685
2020-03-27 00:00:00+00:00,52.78,53.32,51.15,51.33,-1.45,51.98,13733.0,78279.0,23.0,270.0,,74.6192236328125,73.50354209899902,7.085890049934387,7.059709105491638,157.7809567260742,156.652166595459,-0.0053938142955303,-0.0054674362763762,-0.007171532139182,0.205521211028099,0.2000739574432373,0.1236537396907806,0.6809437870979309,0.7041952610015869,0.1973167955875396,-0.0210649538785219,-0.2442446947097778,-0.1793660670518875
2020-03-30 00:00:00+00:00,51.05,51.13,48.8,50.7,-0.63,50.02,18424.0,77353.0,297.0,,,74.729048538208,73.57093193054199,7.104381985664368,7.076603164672852,157.7809567260742,156.652166595459,-0.0065154442563652,-0.0076025747694075,-0.008002677001059,0.1922395676374435,0.1880313605070114,0.1307102441787719,-0.1998716294765472,-0.1562459170818328,-0.1816862374544143,0.4499090313911438,1.889951467514038,0.6681184768676758
2020-03-31 00:00:00+00:00,50.5,51.73,49.46,51.13,0.43,50.67,15755.0,77559.0,28.0,,,74.729048538208,73.57093193054199,7.104448957443237,7.075711197853089,157.7809567260742,156.652166595459,0.0010982209350913,0.001575221074745,-0.0062999348156154,-0.1390701979398727,0.1170808225870132,0.1024460718035698,-0.0269340686500072,-0.0867362841963768,0.1589768975973129,-0.0284065846353769,-0.1583935916423797,-0.1184028163552284
2020-04-01 00:00:00+00:00,50.98,51.25,48.35,48.41,-2.72,49.22,18081.0,76452.0,8.0,,1000.0,76.63634368896484,74.70224922180176,7.099401040077209,7.060566959381103,164.17149963378907,160.40584732055663,-0.0043812119401991,-0.0050118248909711,-0.00670823501423,1.8325728178024288,1.0969518423080444,0.301997572183609,1.9092634916305544,1.925305724143982,0.4320823550224304,-0.0319190882146358,-0.1689810305833816,-0.1853741109371185
2020-04-02 00:00:00+00:00,48.95,51.48,48.58,49.99,1.58,50.24,20767.0,75667.0,12.0,,,77.58149917602539,75.07562866210938,7.102273111343384,7.063961906433105,164.17149963378907,160.81838180541993,0.0007706419564783,0.0025676293298602,0.0055115222930908,-0.4727804362773895,-0.1890741288661956,-0.0905946791172027,-0.5182045102119446,-0.5530410408973694,-0.5513505935668945,-0.0282335765659809,-0.1900814473628997,-0.1602392494678497
2020-04-03 00:00:00+00:00,49.97,51.14,49.67,50.98,0.99,50.62,13726.0,72356.0,4.0,,,77.57844932556152,75.1274681854248,7.1021620512008665,7.070649037361145,164.17149963378907,160.81838180541993,0.0014169998466968,0.0012545576319098,0.0050069610588252,-0.0843031257390976,0.1041051968932151,-0.0705343261361122,-0.6079334020614624,-0.7435246706008911,-0.6115965843200684,0.0914470702409744,0.1535155922174453,0.1668579578399658
2020-04-06 00:00:00+00:00,50.88,53.86,49.31,53.05,2.07,52.31,21178.0,71351.0,10.0,12900.0,,77.3366488647461,74.91482429504394,7.111058092117309,7.080744023323059,164.17149963378907,160.81838180541993,-0.0217638593167066,-0.0295235179364681,-0.0135819287970662,0.0783742666244506,-0.1093126684427261,-0.090637132525444,0.0484096370637416,0.3150942325592041,-0.1516124010086059,-0.0438055209815502,-0.2361198961734771,-0.2187664061784744
2020-04-07 00:00:00+00:00,53.42,53.58,52.36,52.9,-0.15,53.06,23517.0,62997.0,5.0,492.0,,76.83001983642578,74.86831893920899,7.105210046768189,7.0645720624923705,164.17149963378907,160.81838180541993,0.0086033837869763,0.0091355610638856,0.0067658419720828,-0.2578036487102508,0.1334825903177261,-0.0755877941846847,0.2722225189208984,0.4544943869113922,0.120470143854618,-0.0302123930305242,-0.166293203830719,-0.2199948579072952
2020-04-08 00:00:00+00:00,52.71,54.13,52.19,53.84,0.94,53.63,20960.0,55269.0,168.0,2825.0,,77.56159858703613,75.21971900939941,7.054867978096008,7.031509017944336,164.17149963378907,160.81838180541993,-0.0174284745007753,-0.0217137448489666,-0.0098725287243723,0.1124614551663398,0.132201999425888,0.1010455414652824,-0.4964218437671661,-0.4523718357086181,0.1005417332053184,-0.0330245308578014,-0.2344837188720703,-0.2978164255619049
2020-04-09 00:00:00+00:00,53.63,54.5,53.07,54.37,0.53,53.96,18492.0,48423.0,165.0,498.0,,76.89276992797852,74.86674392700195,7.067902956008911,7.049494075775146,164.17149963378907,160.81838180541993,-0.0016824554186314,-0.0023920652456581,-0.0041730762459337,0.2069458812475204,0.0911232978105545,-0.1188317015767097,0.4970183074474334,0.5355421304702759,0.1974037587642669,-0.0413260869681835,-0.2267254143953323,-0.3250681161880493
2020-04-13 00:00:00+00:00,54.33,54.55,52.35,52.76,,53.04,15439.0,34615.0,278.0,900.0,,77.22544883728027,74.97166915893554,7.0477689743042,7.024336876869202,164.17149963378907,160.81838180541993,0.0050962343811988,0.0049453601241111,0.0038620741106569,0.018941331654787,0.066675528883934,0.122904323041439,0.455876737833023,0.602820634841919,-0.1288084685802459,-0.0324036702513694,-0.2304895669221878,-0.2854248583316803
2020-04-14 00:00:00+00:00,52.76,53.07,52.35,52.51,-0.25,52.63,12371.0,27013.0,120.0,131.0,,77.50909912109375,75.19429321289063,7.06900200843811,7.043132929801941,164.17149963378907,160.81838180541993,0.0051297806203365,0.0050318576395511,0.0038426998071372,0.0558003187179565,0.1418911963701248,0.1500570625066757,-0.3255434036254883,0.1026316136121749,-0.2607936263084411,-0.0395100824534893,-0.3973181843757629,-0.2404826879501342
2020-04-15 00:00:00+00:00,52.64,53.19,51.91,52.75,0.24,52.37,13984.0,20937.0,111.0,,,76.74911964416503,74.81068862915039,7.064871001243591,7.038546962738037,164.17149963378907,160.81838180541993,0.0044191526249051,0.006683062762022,0.0043014069087803,0.0526899620890617,0.062959000468254,0.1489438563585281,0.9268303513526917,0.9842084646224976,0.0930513739585876,-0.0414418876171112,-0.3576407134532928,-0.233442023396492
2020-04-16 00:00:00+00:00,52.71,53.38,52.1,52.79,0.04,52.83,4019.0,13945.0,28.0,400.0,,77.43669418334962,75.389033203125,7.082234058380127,7.060926952362061,166.42972229003905,165.2532760620117,-0.0027007802855223,-0.0022683932911604,-0.0047923917882144,0.2372812777757644,0.1429049372673034,0.1885640919208526,-0.3819986581802368,-0.4138786196708679,0.1338197886943817,-0.0522676035761833,-0.413799375295639,-0.1988730877637863
2020-04-17 00:00:00+00:00,53.5,53.76,52.65,52.77,-0.02,53.28,2910.0,10900.0,106.0,64.0,,77.3836784362793,75.42448318481445,7.087895936965943,7.064670100212097,166.1448683166504,164.52779800415038,0.0022108503617346,0.0016495917225256,0.0034595725592225,-0.2138520330190658,0.0877280682325363,0.1530284285545349,-0.7689357995986938,-0.8039313554763794,-0.3100026845932007,-0.3846845030784607,-1.4243125915527344,-0.5044232606887817
2020-04-20 00:00:00+00:00,52.77,54.27,52.51,54.03,1.26,53.42,4286.0,8840.0,198.0,64.0,,77.34361656188965,75.60372428894043,7.084216060638428,7.061904997825622,164.1995477294922,160.1490641784668,0.0015634823357686,0.001754772500135,0.0036877486854791,-0.061835128813982,0.0670932233333587,0.1430870294570922,0.4587143957614898,0.4415889680385589,0.1050467044115066,0.4729819297790527,1.818990707397461,0.7417300343513489
2020-04-21 00:00:00+00:00,54.1,54.1,52.0,53.31,-0.72,52.76,3264.0,5714.0,206.0,,,77.43227226257324,75.37083305358887,7.085828099250794,7.062436037063598,163.19683853149414,158.52459716796875,0.0045314934104681,0.0037314998917281,0.0048808874562382,-0.0349608324468135,0.0627853274345398,0.1480391770601272,-0.1453249603509903,-0.2799826264381408,-0.3065010905265808,-0.0225454811006784,-0.4181947708129883,-0.2027615010738372
2020-04-22 00:00:00+00:00,52.73,56.31,52.3,56.28,2.97,55.27,3063.0,3361.0,112.0,,,77.4772518157959,75.54978477478028,7.091517081260681,7.062839007377624,160.43338287353515,156.8791470336914,-0.0026008582208305,-0.0054230033420026,-0.0057548773474991,0.0834651291370391,0.1038767546415329,0.1205803304910659,-0.1946180760860443,-0.2519379258155823,0.1673528850078582,-0.0532153360545635,-0.4017575681209564,-0.1611628234386444
2020-04-23 00:00:00+00:00,56.54,57.95,56.01,56.88,0.6,56.89,1661.0,1865.0,661.0,52.0,,77.14157318115234,75.77782012939453,7.102299089431763,7.071730074882507,159.41233673095704,156.6247688293457,0.0059610358439385,0.0071206293068826,0.0063938568346202,0.0189145784825086,0.1034484505653381,0.1192963868379592,0.0511406101286411,0.0693536922335624,-0.0940274745225906,0.1676051318645477,0.7166534662246704,0.1656377613544464
2020-04-24 00:00:00+00:00,56.25,56.6,54.63,54.93,-1.95,56.01,59.0,49.0,,,,77.20754737854004,75.70953872680664,7.086737079620361,7.06098397731781,159.33616348266602,156.6384713745117,-0.0004245872842147,-0.0005903595010749,-0.0039111883379518,0.1791437417268753,0.141248419880867,0.1160393878817558,0.0053832600824534,-0.0630617886781692,0.093588188290596,0.0436902046203613,0.2937881052494049,0.1492338478565216
2020-04-27 00:00:00+00:00,54.93,56.6,53.93,53.93,-1.0,,59.0,14.0,,,,77.05092338562012,75.75994506835937,7.094736046791077,7.0667990922927855,159.68899673461914,156.474158782959,-0.0025018048472702,-0.0019194455817341,-0.0042992630042135,-0.7189563512802124,-0.2425813674926757,-0.1383422613143921,0.1398114114999771,0.1442057192325592,-0.0993433445692062,-0.022135354578495,-0.1281587183475494,-0.0710031390190124
2020-04-28 00:00:00+00:00,57.77,57.77,57.77,56.18,2.25,57.77,1.0,8.0,,,,77.16014778137207,75.75731498718261,7.104248046875,7.075810041427612,160.15513320922852,156.7297869873047,0.0001180171020678,0.0004139341472182,0.0036835363134741,1.211316704750061,0.6292712092399597,0.2126449197530746,0.191850408911705,0.2330824434757232,0.1297150254249572,-0.0198860634118318,-0.1195007115602493,-0.1466127634048462
2020-04-29 00:00:00+00:00,57.83,57.83,57.83,58.02,1.84,57.83,3.0,3.0,,,,77.18719757080078,75.4983292388916,7.086746006011963,7.064734086990357,160.7502932739258,156.92823928833008,-0.0057388977147638,-0.0085358852520585,-0.005293168593198,-0.0187044776976108,0.028389785438776,0.1100146993994712,-0.8481831550598145,-0.8442661166191101,-0.2796086966991424,0.0383987240493297,0.0276038739830255,0.1430538594722747
2020-04-30 00:00:00+00:00,58.02,58.06,57.83,58.06,0.04,,3.0,0.0,,,,75.51936912536621,74.11981475830078,7.0842189645767215,7.06190405368805,160.66679321289064,156.94669509887694,0.0013870778493583,0.0024516154080629,0.0047249258495867,1.4571306705474854,0.7730876207351685,0.3052064180374145,0.291063517332077,0.3064834177494049,0.1333865374326706,-0.0221533123403787,-0.2882861196994781,-0.1756737977266311
2020-05-01 00:00:00+00:00,58.06,58.06,56.56,56.56,-1.5,,3.0,,,,,76.24921936035156,75.26618919372558,7.067250990867615,7.04323595046997,159.95609420776367,157.9857080078125,-0.0010134339099749,-0.0009812655625864,-0.0031698998063802,0.0593589209020137,0.082575649023056,-0.0849479883909225,0.0616772696375846,0.0768954530358314,0.0767325982451438,0.0213181152939796,0.1254378855228424,0.2336325645446777
2020-05-04 00:00:00+00:00,56.56,58.06,55.0,55.0,-1.56,,3.0,,,,,76.06799949645996,74.99048835754394,7.067557992935181,7.042509932518005,159.82959396362304,157.18239990234375,-0.0010667869355529,-0.0014125463785603,-0.0032754419371485,1.3653486967086792,0.7966532707214355,0.2407709509134292,0.2063243389129638,0.1642058789730072,0.0785454958677291,0.0187185108661651,0.2201553583145141,0.1955653429031372
2020-05-05 00:00:00+00:00,54.06,54.06,52.15,53.91,-1.09,53.11,4.0,,,,,76.50284423828126,75.39123580932618,7.067250990867615,7.04323595046997,158.3649703979492,157.62629180908203,0.0224477164447307,0.0250864122062921,0.0123582538217306,0.8061603903770447,0.4085810780525207,0.1781959384679794,0.1672990769147873,0.1974277049303054,-0.0744120106101036,0.2390515506267547,1.0570076704025269,0.5281137824058533
2020-05-06 00:00:00+00:00,53.6,55.05,53.2,54.51,0.93,54.25,11620.0,97140.0,2145.0,,,76.55589447021484,75.5913631439209,7.097630963325501,7.048715996742248,159.22377883911133,157.87910217285156,-0.0039382688701152,-0.0095233740285038,-0.0054806773550808,0.3433662354946136,0.2111809253692627,0.1134339496493339,0.0124038197100162,-0.0983141511678695,-0.0771876275539398,0.0336846597492694,0.1420287787914276,0.1643809527158737
2020-05-07 00:00:00+00:00,54.6,56.45,54.42,55.39,0.88,55.63,14084.0,94717.0,1.0,1.0,351.0,76.95577507019043,75.83788940429687,7.1094610166549685,7.070293068885803,159.33734054565429,157.21620178222656,0.0005365984980016,-0.004194987937808,-0.0041377530433237,0.1151969656348228,0.092377558350563,-0.0939223989844322,-0.0835101306438446,-0.0577542074024677,0.090349443256855,0.0379387997090816,0.2059191465377807,0.2101670503616333
2020-05-08 00:00:00+00:00,55.39,57.05,55.39,56.27,0.88,56.55,12673.0,93238.0,,,,76.5365690612793,75.58287689208984,7.087802047729492,7.070882072448731,159.8898666381836,157.05419692993163,0.0043305102735757,0.0083704497665166,0.0079602068290114,-0.2407144159078598,-0.1346716731786728,-0.1064874157309532,-0.0467253364622592,-0.0312106497585773,-0.118710733950138,-0.0201187748461961,-0.1441906541585922,-0.0687221735715866
2020-05-11 00:00:00+00:00,55.75,57.15,55.75,56.63,0.36,56.72,10137.0,91346.0,70.0,,,76.37791481018067,74.38583374023438,7.105300002098083,7.06978892326355,159.7231007385254,158.2308088684082,-0.0021835234947502,-0.004648202098906,-0.0045060878619551,-0.5489276051521301,-0.2015978395938873,-0.0914739146828651,0.3806212544441223,0.3815034925937652,0.1168129220604896,0.0270730294287204,-0.1107580885291099,0.0953456982970237
2020-05-12 00:00:00+00:00,56.56,58.59,56.0,58.34,1.71,57.48,19223.0,90205.0,,,,76.84441986083985,75.56063468933105,7.104851055145264,7.0758329772949216,160.26531814575196,158.42201553344728,0.00483327684924,0.0023271315731108,0.0057339584454894,0.2241873294115066,0.1486927270889282,-0.0691121071577072,-0.4850112795829773,-0.3530323505401611,-0.2932868003845215,-0.0216966345906257,-0.0629564523696899,-0.1039110198616981
2020-05-13 00:00:00+00:00,58.3,58.43,56.96,57.46,-0.88,57.81,18913.0,88674.0,,48.0,,76.03782493591308,74.10769004821778,7.102365012168884,7.072867112159729,160.16702377319336,158.3739012145996,0.001661614049226,0.0018121941247954,0.0050828303210437,-0.1156186386942863,0.0688696801662445,0.1144495382905006,-0.1667474806308746,-0.1423975527286529,-0.0860119685530662,-0.0221161730587482,-0.0856338515877723,-0.0998077541589737
2020-05-14 00:00:00+00:00,57.67,58.23,56.8,57.85,0.39,57.57,9917.0,87822.0,,,,76.06859344482422,74.28101997375488,7.099274959564209,7.07255494594574,160.71852615356443,159.06988662719726,0.0077675022184848,0.0049684331752359,0.0056010824628174,0.169251412153244,0.111943319439888,0.1213391125202179,0.0845239162445068,0.1040849536657333,0.0751742720603942,0.0866504311561584,0.2422831058502197,0.1383373737335205
2020-05-15 00:00:00+00:00,57.85,58.86,57.35,58.25,0.4,58.16,12545.0,87311.0,,,,76.1938394165039,74.33514358520507,7.1023030281066895,7.059981923103333,159.91830673217774,158.10501098632812,0.0134326042607426,0.0123899625614285,0.0081103341653943,0.207676351070404,0.1511158645153045,0.1684862971305847,0.1755586713552475,0.2149616181850433,0.1719056516885757,-0.0215013772249221,-0.2162375152111053,-0.1806979328393936
2020-05-18 00:00:00+00:00,58.4,58.96,57.4,57.8,-0.45,58.07,11952.0,86781.0,,,,75.98485488891602,75.32569160461426,7.104059062004089,7.058480916023254,159.46157760620116,157.5270443725586,-9.611642599338666e-05,0.0013920001219958,0.0043516946025192,0.380390852689743,0.139280766248703,0.1677884459495544,-0.0229698866605758,-0.05764701962471,-0.0620267800986766,-0.0195335894823074,-0.0861742347478866,-0.1139549762010574
2020-05-19 00:00:00+00:00,57.99,59.49,57.92,59.2,1.4,58.9,14653.0,85138.0,54.0,,,76.02950469970703,75.12910232543945,7.110738024711609,7.054759016036988,160.01584609985352,157.4843196105957,0.0040342942811548,0.0033022768329828,0.0049910950474441,0.4814946055412292,0.2444458901882171,0.2002434134483337,0.2263918966054916,0.168980211019516,0.1288178563117981,-0.0201655905693769,-0.1657376289367675,-0.149184301495552
2020-05-20 00:00:00+00:00,59.39,59.85,58.1,58.21,-0.99,58.99,14090.0,83642.0,199.0,,,76.07840751647949,75.44066802978516,7.102522072792053,7.059922938346863,160.8205014038086,158.63309448242188,0.0083696218207478,0.0098111573606729,0.0082851909101009,-0.3085803985595703,-0.1254706382751464,-0.1355437040328979,-0.2607840299606323,-0.1561914384365081,-0.1069790571928024,-0.0199158750474452,-0.2840757071971893,-0.1665132641792297
2020-05-21 00:00:00+00:00,58.15,58.7,57.32,58.06,-0.15,58.04,15676.0,82864.0,56.0,,,75.94449974060059,75.14570327758788,7.102893929481507,7.057936902046204,160.55600234985351,158.6990283203125,0.0288240425288677,0.0262056328356266,0.0132429813966155,-0.2908544540405273,-0.1073999628424644,-0.080039843916893,-0.0261635594069957,-0.0503684058785438,0.0879072174429893,0.0252497885376214,0.0854621529579162,0.1321626007556915
2020-05-22 00:00:00+00:00,58.07,58.21,57.06,57.61,-0.45,57.41,9516.0,82796.0,206.0,1.0,,75.96242736816406,75.0877604675293,7.1098580026626585,7.052716045379639,160.7565020751953,158.6317626953125,0.0020128530450165,0.0030638580210506,0.0065238960087299,-0.0691910833120346,0.1201269850134849,0.1669768542051315,0.1569422036409378,0.2661100029945373,0.2758599817752838,0.1028897985816001,0.4358963370323181,0.2316521406173706
2020-05-25 00:00:00+00:00,57.61,58.21,57.06,57.61,0.0,,9516.0,83268.0,,,,76.1945492553711,75.62295944213867,7.1098580026626585,7.052716045379639,161.09275268554688,158.3961441040039,-0.0020645174663513,-0.0022078009787946,-0.0049829394556581,-0.0184618905186653,0.216292142868042,-0.1410365104675293,0.1043275520205497,0.1584086716175079,0.0579943060874938,-0.023046227172017,-0.3284931480884552,-0.259522795677185
2020-05-26 00:00:00+00:00,57.8,59.45,57.66,58.23,0.62,58.63,11587.0,83268.0,233.0,,,76.13541137695313,75.45748458862305,7.1098580026626585,7.052716045379639,160.34075454711913,158.4112985229492,0.0309327002614736,0.0296849701553583,0.0153171643614768,0.0463740900158882,0.1544689238071441,0.1480763554573059,-0.2373747825622558,-0.1613828390836715,-0.1457327902317047,0.1108408570289611,0.3882223665714264,0.2544871866703033
2020-05-27 00:00:00+00:00,58.46,58.6,57.62,58.34,0.11,58.08,9742.0,82418.0,80.0,,,76.03799026489258,75.0998038482666,7.1098580026626585,7.052716045379639,160.69275421142578,158.82432266235352,-0.0031117654871195,-0.0051761982031166,0.0063478965312242,0.3698724210262298,0.4050922393798828,0.2050674259662628,0.0706588774919509,0.0387919731438159,-0.0919834151864051,-0.0322022065520286,-0.2202362567186355,-0.1378233432769775
2020-05-28 00:00:00+00:00,58.49,58.54,57.53,57.57,-0.77,57.83,8632.0,81653.0,7.0,,,76.07090583801269,75.50195686340332,7.1098580026626585,7.052716045379639,160.75675323486328,158.36325286865235,0.011317528784275,0.0065938322804868,0.0074245063588023,0.1415698528289795,0.1865779459476471,0.1646278798580169,-0.2075273841619491,-0.2011992484331131,-0.2282062470912933,-0.025291109457612,-0.2200240194797516,-0.1882784813642501
2020-05-29 00:00:00+00:00,57.5,57.73,56.56,57.59,0.02,57.06,15365.0,81701.0,16.0,1364.0,,76.18493354797363,75.6140885925293,7.1098580026626585,7.052716045379639,160.68100357055664,158.98371017456054,0.0010660481639206,0.0030994566623121,0.0047989292070269,-0.1741320490837097,0.0909375771880149,-0.1046311110258102,-0.2864391803741455,-0.2456111013889312,-0.164125844836235,-0.0298543665558099,-0.4308933317661285,-0.1083107739686966
2020-06-01 00:00:00+00:00,57.59,60.39,57.26,60.06,2.47,59.27,27144.0,82704.0,4970.0,,,76.0991293334961,75.19715713500976,7.1325860643386845,7.1178931140899655,164.7152507019043,159.98350036621093,-0.0021663266234099,-0.0052738329395651,-0.0052401418797671,0.0767224356532096,0.1112691015005111,-0.1111081689596176,0.1171339005231857,0.1005405411124229,0.0736263990402221,-0.0330503694713115,-0.1908514499664306,-0.2019942700862884
2020-06-02 00:00:00+00:00,60.3,61.15,60.0,60.37,0.31,60.64,20383.0,77496.0,7.0,,,76.19477432250977,75.05460220336914,7.1312390279769895,7.106923117637634,164.62175064086915,159.97442962646485,0.0100843785330653,0.0112730730324983,0.0086555359885096,-0.1353427916765213,-0.0689263567328453,-0.133703276515007,-0.4793553948402405,-0.5273427963256836,-0.2469845712184906,-0.0325143858790397,-0.2274377793073654,-0.1732285320758819
2020-06-03 00:00:00+00:00,60.37,60.73,59.84,60.48,0.11,60.34,10481.0,72161.0,7.0,156.0,,75.86939361572266,74.3966731262207,7.107280998229981,7.085988926887512,165.63049987792968,162.43316528320312,0.0036937326658517,0.0046073948033154,0.0053712273947894,0.3750787377357483,0.1785207986831665,0.1658476889133453,0.2042963504791259,0.2106786221265792,0.0854543298482894,-0.0323172993957996,-0.2289370000362396,-0.15469691157341
2020-06-04 00:00:00+00:00,60.17,60.43,59.66,60.0,-0.48,60.16,11104.0,69156.0,7.0,1019.0,1320.0,75.9560498046875,74.64067123413086,7.1163920879364015,7.090594987869263,165.78075149536133,160.74939727783203,-0.0140885300934314,-0.0189119298011064,-0.0084820054471492,-0.1958964616060257,0.1206857785582542,0.1441151797771453,-0.1158770322799682,-0.1243908032774925,-0.1717139482498169,0.02435820735991,-0.1655108034610748,0.0846192464232444
2020-06-05 00:00:00+00:00,59.89,62.32,59.75,61.79,1.79,61.23,26579.0,64745.0,7.0,156.0,,75.91332000732422,75.16588722229004,7.117133116722107,7.058007011413574,162.69537979125977,159.28142532348633,-0.0006540142348967,-0.0027096425183117,-0.0035144698340445,-0.1927099078893661,-0.1248081177473068,-0.1448132544755935,0.0348467044532299,0.0261758863925933,-0.0872353538870811,0.0241455771028995,0.2302320003509521,0.0795833691954612
2020-06-08 00:00:00+00:00,62.16,62.16,60.58,60.81,-0.98,61.25,15175.0,55868.0,17.0,1.0,,76.02597496032715,75.283099899292,7.089078040122986,7.068645958900452,165.67275146484374,160.69952423095702,0.0089683607220649,0.0087956879287958,0.0060037700459361,-0.1138040572404861,-0.1734412014484405,-0.1461361199617386,0.0596054792404174,0.0370163321495056,-0.0663960725069046,0.0242718905210495,0.1478379219770431,0.1140102371573448
2020-06-09 00:00:00+00:00,60.86,61.33,60.21,60.52,-0.29,60.56,14505.0,49685.0,154.0,251.0,,76.04093460083008,74.98137336730957,7.084100050926208,7.067439956665039,165.7517517089844,160.42879760742187,-0.0020906655117869,-0.0059295119717717,-0.0043351929634809,-0.4382984638214111,-0.2180315554141998,-0.1734958440065384,-0.0634234920144081,-0.0535566285252571,-0.1077755689620971,-0.0152899697422981,-0.1179801002144813,-0.0916773527860641
2020-06-10 00:00:00+00:00,60.6,60.7,59.81,60.51,-0.01,60.23,12339.0,41938.0,916.0,550.0,,76.00378974914551,75.26544204711914,7.084745850563049,7.064584965705872,165.64475128173828,159.860068359375,0.001524235587567,0.0030968636274337,0.0048044309951364,-0.1279239356517791,-0.0819429382681846,-0.1477541327476501,0.0891051515936851,0.0803164914250373,-0.0640026777982711,-0.0194365791976451,-0.1176041364669799,-0.0926662534475326
2020-06-11 00:00:00+00:00,60.2,60.51,59.35,60.02,-0.49,59.96,17970.0,36512.0,11.0,3264.0,,76.00311958312989,75.42631629943848,7.0638179683685305,7.037222909927368,165.77575134277345,160.57683654785157,0.0097239259630441,0.0089684026315808,0.0062897815369069,0.8614176511764526,0.4857243001461029,0.279354840517044,-0.0705932825803756,0.0819423049688339,0.0474661365151405,-0.0235470812767744,-0.2429308593273162,-0.244160771369934
2020-06-12 00:00:00+00:00,60.02,60.38,59.48,59.84,-0.18,59.98,9509.0,29405.0,9.0,485.0,,76.53931617736816,75.66250877380371,7.075806970596314,7.053925094604492,165.57975021362304,161.2538777160645,0.0052089407108724,0.0062383711338043,0.0048474594950675,0.5118926763534546,0.2955073714256286,0.2055352628231048,-0.3422959744930267,-0.249973252415657,-0.1501665562391281,0.0400473624467849,0.101539671421051,0.0546213798224926
2020-06-15 00:00:00+00:00,59.8,59.8,58.69,59.01,-0.83,59.27,9139.0,23665.0,64.0,414.0,,76.14608924865723,75.68958892822266,7.099227976799011,7.074084033966065,165.59175033569335,161.39327514648437,-0.0013027397217229,0.0017262945184484,-0.00345463398844,0.5343275666236877,0.2295332700014114,0.1617207378149032,0.1312055885791778,0.064755380153656,-0.0392452105879783,0.0516595430672168,0.126755952835083,0.0932191163301467
2020-06-16 00:00:00+00:00,59.4,60.38,59.15,60.07,1.06,59.72,4708.0,18765.0,47.0,980.0,,76.26409072875977,75.58180458068847,7.103956031799316,7.076468997001648,164.35705139160157,161.5799185180664,0.0004128817818127,-0.0009945278288796,-0.0031456663273274,-0.0050941938534379,0.1441087871789932,0.1497228443622589,0.2534586787223816,0.1804224252700805,0.0372287705540657,-0.0265830196440219,-0.1728432774543762,-0.1144171729683876
2020-06-17 00:00:00+00:00,60.06,61.36,59.91,61.34,1.27,60.76,4796.0,17034.0,8.0,,,76.92192550659179,75.77881950378418,7.09948498249054,7.079554018974304,164.16951629638672,162.6049674987793,-8.155540126608685e-05,-0.0008671336690895,-0.0032264108303934,0.4968403875827789,0.2027297914028167,0.1484781801700592,-0.2209393382072448,-0.28580242395401,-0.277523785829544,0.032762061804533,0.173637181520462,0.0964328199625015
2020-06-18 00:00:00+00:00,61.38,61.73,60.85,61.17,-0.17,61.28,4420.0,14091.0,29.0,,,76.59358337402344,75.76941131591796,7.100773048400879,7.076222972869873,165.36269958496095,162.53765045166017,-0.0060133761726319,-0.0061107673682272,-0.0051937424577772,0.240094780921936,0.284327894449234,0.1558400988578796,-0.1991768479347229,-0.2127898633480072,-0.2425552904605865,-0.0276197008788585,-0.1973847448825836,-0.1199068278074264
2020-06-19 00:00:00+00:00,61.03,62.0,61.03,61.56,0.39,61.66,2747.0,10564.0,110.0,,,76.89772117614746,75.7968963623047,7.1047520208358765,7.076807007789612,166.24966232299803,164.24859893798828,0.0015283495886251,0.0008572173537686,0.0036574730183929,-0.3130337297916412,-0.0979209467768669,-0.0707370042800903,-0.1308196038007736,-0.1336312294006347,-0.1138634532690048,0.0677774548530578,0.1993037760257721,0.1134143024682998
2020-06-22 00:00:00+00:00,61.5,62.85,61.15,62.52,0.96,61.86,3480.0,7315.0,105.0,13.0,,76.368408203125,75.63297828674317,7.083925056457519,7.06794894695282,166.39231185913087,165.54373092651366,0.0009741262765601,-0.0012726011918857,-0.0037112648133188,0.215220957994461,0.1563190221786499,0.1108158528804779,-0.2701991200447082,-0.2525300681591034,-0.1441570818424224,-0.0212765522301197,-0.1898187398910522,-0.1329440176486969
2020-06-23 00:00:00+00:00,62.52,63.14,61.75,63.04,0.52,62.82,2746.0,5694.0,2266.0,13.0,,76.01382087707519,75.49920516967774,7.0739350938797,7.048083972930908,166.08025924682616,164.4237026977539,0.0051097143441438,0.004292709287256,0.0046837856061756,0.0578477680683136,0.3367930948734283,0.1572413295507431,-0.02292400598526,0.0784910172224044,0.1125316619873046,-0.030248824506998,-0.1735875606536865,-0.1073456034064292
2020-06-24 00:00:00+00:00,63.04,63.04,61.8,61.66,-1.38,62.21,60.0,1031.0,130.0,,,76.02065742492675,75.44381477355957,7.078925032615661,7.048653845787048,166.62404388427734,165.31578063964844,-0.003211349947378,-0.0035376928281039,-0.0046696402132511,0.5346435308456421,0.4002400934696197,0.1761492490768432,0.164358913898468,0.1631612926721573,0.0987042039632797,0.0809887424111366,0.2608318924903869,0.1382514834403991
2020-06-25 00:00:00+00:00,61.5,61.8,61.5,61.81,0.15,61.6,8.0,679.0,240.0,,,76.15439033508301,75.5684846496582,7.087372932434082,7.069453001022339,166.86544067382812,165.72025085449218,0.0007410682737827,0.0011902952101081,-0.0037693362683057,1.4785408973693848,1.0764210224151611,1.3137356042861938,-0.1167245358228683,-0.1419574469327926,-0.1273801326751709,0.0249609798192977,-0.1414985507726669,0.11470927298069
2020-06-26 00:00:00+00:00,61.5,61.5,60.1,60.55,-1.26,60.88,104.0,431.0,30.0,,,75.91714073181153,75.41453971862794,7.08747893333435,7.069453001022339,166.88328857421874,165.7955046081543,-0.0019494849257171,-0.0015734832268208,-0.0036302111111581,-0.1861317008733749,-0.0941018685698509,-0.0961489304900169,0.1059765070676803,0.0752608627080917,0.1163053661584854,-0.0301254335790872,-0.1708979159593582,-0.1121444925665855
2020-06-29 00:00:00+00:00,60.1,60.1,59.13,59.62,-0.93,59.83,79.0,340.0,,,,75.93184440612794,75.41634155273438,7.087276887893677,7.068665943145752,166.9579214477539,165.8863737487793,-0.0030857380479574,-0.0034944652579724,-0.0044942633248865,0.3411451876163482,0.3021912574768066,0.1791188418865203,0.0352952182292938,0.0344406329095363,-0.0420137979090213,-0.0286032948642969,-0.1900383532047271,-0.0897541940212249
2020-06-30 00:00:00+00:00,59.62,60.98,59.13,60.98,1.36,,79.0,210.0,37.0,,,75.93600936889648,75.32848182678222,7.086757893562317,7.069811949729919,166.92452056884767,165.71590835571288,-0.002319568535313,-0.0021432295907288,0.004036406520754,0.1285242587327957,0.1296430230140686,0.1392553448677063,-0.0127661675214767,-0.0890210717916488,-0.1655083745718002,-0.0231649987399578,-0.2605121731758117,-0.1430281698703766
2020-07-01 00:00:00+00:00,60.98,62.58,59.13,62.58,1.6,,79.0,173.0,,,,75.9441121673584,75.45569946289062,7.075986981391907,7.050041851997375,167.63549713134765,165.81887130737306,-0.0025811493396759,-0.0015950720990076,-0.0038416939787566,0.6005591154098511,0.2713329195976257,0.1614048182964325,-0.1250031143426895,-0.0937682166695594,-0.0887850970029831,-0.0325731448829174,-0.2827506959438324,-0.1441630572080612
2020-07-02 00:00:00+00:00,62.58,63.05,59.13,63.05,0.47,,1.0,173.0,,,,75.88560569763183,75.04944686889648,7.0816730117797855,7.058494873046875,167.60544464111328,165.82804946899415,-0.0016164190601557,-0.0022790923248976,-0.003580032614991,-0.179490178823471,-0.0886682197451591,-0.0865642353892326,-0.5353851914405823,-0.438408225774765,-0.0812540426850318,-0.0379167906939983,-0.4287981390953064,-0.1646114289760589
2020-07-06 00:00:00+00:00,63.05,63.07,59.13,63.07,0.02,,1.0,172.0,,,,74.78151496887207,73.59846969604492,7.064721975326538,7.036795921325684,166.0312042236328,165.10835327148436,-0.0065786754712462,-0.0060191391967237,-0.0055284933187067,-0.0029701823368668,0.062959685921669,0.0835869312286377,-0.0539483539760112,-0.0652055591344833,0.1060232147574424,-0.0208885110914707,-0.0345574654638767,0.091736190021038
2020-07-07 00:00:00+00:00,63.07,63.24,59.13,63.24,0.17,,1.0,172.0,,,,74.79616493225097,73.75741981506347,7.027472043037415,6.989993052482605,166.28800628662108,164.50902923583985,-0.0058641261421144,-0.0047548958100378,-0.0045752287842333,0.3050043284893036,0.2052004337310791,0.143595814704895,0.278001606464386,0.2988713383674621,0.1704760193824768,-0.0237099602818489,-0.0317644514143466,0.0822313949465751
2020-07-08 00:00:00+00:00,64.87,64.88,64.87,64.66,1.42,64.88,43.0,172.0,,,,75.10793022155762,74.07662872314454,7.029208002090454,6.975979127883911,166.4724319458008,165.48375137329103,-0.0080346725881099,-0.0095122288912534,-0.0052357036620378,0.3778974115848541,0.1961286962032318,0.1387451291084289,-0.0622052289545536,-0.0586091876029968,0.055456269532442,0.0200037248432636,-0.0681518465280532,0.0541658587753772
2020-07-09 00:00:00+00:00,64.87,65.09,64.33,64.34,-0.23,64.66,34.0,152.0,,,,75.0678653717041,74.04100379943847,7.031228070259094,6.984076118469238,166.80651489257812,165.45855712890625,0.0015152444830164,0.001366377226077,0.0046207271516323,0.2534737586975097,0.1765962988138198,0.1113743111491203,0.0820240676403045,0.076049767434597,0.1371471881866455,-0.0210376754403114,-0.0915858224034309,-0.0880674049258232
2020-07-10 00:00:00+00:00,64.94,64.94,64.42,64.71,0.37,64.67,15.0,165.0,,,,75.31853981018067,74.3973860168457,7.011465973854065,6.984178047180176,166.41966445922853,165.2213868713379,0.0034466818906366,0.0024050679057836,0.0046525220386683,0.402098149061203,0.2251587659120559,0.1411323547363281,-0.0517570115625858,-0.0425045154988765,-0.1241364106535911,0.1096847429871559,0.3604940176010132,0.1989187747240066
2020-07-13 00:00:00+00:00,64.71,64.94,63.75,63.75,-0.96,,15.0,157.0,,,,75.25197036743164,74.25896369934082,7.007597975730896,6.976114068031311,165.90028015136718,163.63512664794922,0.0040787938050925,0.0022945536766201,0.0042888168245553,0.0127437245100736,0.0974514335393905,0.1050411239266395,0.1179244294762611,0.0675499811768531,0.0861178636550903,0.2441809177398681,1.149787664413452,0.5499140024185181
2020-07-14 00:00:00+00:00,63.06,63.06,62.81,62.69,-1.06,62.86,11.0,157.0,,,,75.4191234588623,74.57182022094726,7.00801995754242,6.97849214553833,166.35923904418945,164.98882034301758,0.0052541992627084,0.0038203604053705,0.0044421749189496,-0.0574077740311622,-0.0735916271805763,-0.1094074696302414,-0.0347965024411678,-0.0687397345900535,-0.0865170136094093,-0.0208755377680063,-0.0719193369150161,-0.0697606429457664
2020-07-15 00:00:00+00:00,63.22,63.31,62.6,62.59,-0.1,63.02,12.0,152.0,,,,75.64281600952148,75.024946975708,7.010799980163574,6.975771107673645,166.18831756591797,164.9979426574707,0.0058728889562189,0.0034137170296162,0.0049827983602881,0.0846587792038917,0.0588568560779094,0.0992003455758094,-0.2235409319400787,-0.1986245810985565,-0.1811898350715637,-0.0202174484729766,-0.0823947563767433,-0.0668243616819381
2020-07-16 00:00:00+00:00,62.3,62.86,62.3,62.88,0.29,62.69,5.0,155.0,,,,75.15470962524414,74.8601619720459,6.9946060419082645,6.9778140354156495,166.43978927612304,164.62438385009764,0.0074507282115519,0.0045326515100896,0.0055398223921656,0.3366596400737762,0.1518608331680297,0.1202115640044212,-0.0060845045372843,-0.0401040092110633,0.0859797149896621,0.1206060424447059,0.3549006283283233,0.1837074011564254
2020-07-17 00:00:00+00:00,62.96,62.96,62.08,62.01,-0.87,62.48,10.0,154.0,,,,75.2969660949707,74.9573959350586,6.998711032867432,6.987017059326172,166.2215138244629,164.8519108581543,0.0071868728846311,0.0038527350407093,0.0048403423279523,-0.2264542132616043,0.0840133801102638,-0.108023777604103,-0.1031623929738998,-0.0959367007017135,0.0411650612950325,-0.0228198207914829,-0.1381969302892685,-0.0789071917533874
2020-07-20 00:00:00+00:00,62.59,63.06,62.59,62.99,0.98,62.9,10.0,154.0,,,,75.20660614013671,74.6921118927002,7.0064719820022585,6.980507025718689,167.06800079345703,165.8664860534668,0.0034265969879925,0.0018884241580963,0.004407821688801,0.2436522990465164,0.1288054883480072,0.1076038107275962,0.049875471740961,0.0510044582188129,0.0444153472781181,-0.0202969796955585,-0.1619060635566711,-0.1441743671894073
2020-07-21 00:00:00+00:00,63.11,63.27,62.89,62.91,-0.08,63.12,20.0,153.0,,,,75.0439762878418,74.34395965576172,6.991588039398193,6.976037039756775,167.52149749755858,165.91318161010742,0.0107242977246642,0.0124601740390062,0.0068529285490512,0.4156550168991089,0.1630203425884246,-0.0844875499606132,-0.0561139322817325,-0.0570140853524208,-0.1203117817640304,-0.0246665347367525,-0.1397766768932342,-0.1175452470779419
2020-07-22 00:00:00+00:00,62.62,62.96,62.62,62.74,-0.17,62.82,13.0,164.0,,,,74.91863830566406,74.31482711791992,6.994337029457093,6.970950040817261,167.4869990539551,165.8992366027832,0.0019751659128814,0.0027928184717893,-0.0037014088593423,0.4481087028980255,0.1965190768241882,-0.1173494085669517,-0.0027025763411074,-0.0118735134601593,0.0663461685180664,-0.0238841138780117,-0.1156174913048744,-0.1065194457769393
2020-07-23 00:00:00+00:00,62.93,62.94,61.68,61.68,-1.06,62.25,40.0,172.0,,,,75.28444816589355,74.48245956420898,7.010239000320435,6.97986207485199,167.33819869995116,165.89504959106446,0.008385756984353,0.0064146355725824,0.0045168693177402,-0.010383459739387,-0.031544804573059,-0.0847479254007339,0.0019740590360015,0.0085190795361995,-0.0680091604590416,-0.0272463299334049,-0.1807728707790374,-0.1007567793130874
2020-07-24 00:00:00+00:00,62.07,62.13,59.55,59.96,-1.72,60.15,93.0,179.0,,,,75.15207061767578,74.62020668029785,7.028897957801819,6.986900086402893,167.33469863891602,165.89905899047852,-0.0024535909760743,-0.0039238398894667,-0.0052285403944551,0.1858417391777038,0.0928031504154205,-0.0931310951709747,0.0608998909592628,0.0421825014054775,0.1053725257515907,-0.0277196373790502,-0.2068955451250076,-0.1099472269415855
2020-07-27 00:00:00+00:00,59.51,61.46,59.05,60.69,0.73,60.05,148.0,162.0,,,,75.04256828308105,74.43503883361817,7.0332669830322265,6.982032957077027,167.07840072631836,165.94962646484376,0.0014431732706725,0.0021808247547596,0.0042429994791746,0.3479522168636322,0.1308477222919464,-0.1245424002408981,0.0509970597922802,0.0331051126122474,0.0562500357627868,-0.0235695354640483,-0.1650479286909103,-0.0968019217252731
2020-07-28 00:00:00+00:00,60.54,60.95,60.12,60.59,-0.1,60.57,75.0,150.0,,,,75.17335098266602,74.52597732543946,7.011731014251709,6.982884011268616,166.814599609375,164.85575180053712,0.0026581329293549,0.0025930318515747,0.0037110394332557,0.1288442015647888,0.068551979959011,-0.1073110103607177,-0.0268010422587394,-0.0169932208955287,-0.1898182481527328,-0.0217878296971321,-0.0409808941185474,-0.0852184742689132
2020-07-29 00:00:00+00:00,61.2,61.2,61.0,61.03,0.44,61.07,5.0,128.0,,,,75.07562469482421,74.67176551818848,7.007868976593017,6.985954036712647,166.4746580505371,165.01113067626954,0.0034446034114807,0.0037479090970009,0.0042997552081942,-0.2455358505249023,-0.1135988384485244,-0.1284797191619873,-0.0760544389486312,-0.0905853882431984,-0.2131483852863311,0.0260778181254863,-0.0271933320909738,0.1395653039216995
2020-07-30 00:00:00+00:00,61.06,62.67,60.53,62.82,1.79,61.51,14.0,127.0,,,,75.24201362609864,74.6445825958252,7.008005981445312,6.982923069000244,166.3780372619629,165.02723526000975,-0.0133554767817258,-0.0186023376882076,-0.0100482879206538,-0.5762010812759399,-0.1895191669464111,-0.148666426539421,0.0614991821348667,0.0536204501986503,0.0302329305559396,0.0452612116932868,0.1715002059936523,0.1925549805164337
2020-07-31 00:00:00+00:00,62.62,62.63,61.96,62.3,-0.52,62.28,6.0,125.0,,,,75.20610061645507,74.52669136047363,7.032018013000489,6.972405104637146,167.28599044799805,165.25362915039062,0.001514567178674,0.0044634165242314,0.003995057195425,-0.2528141438961029,-0.3027172982692718,-0.1697459071874618,-0.041017934679985,-0.0696070343255996,-0.2009792327880859,-0.040762610733509,-0.2870431244373321,-0.3067023754119873
2020-08-03 00:00:00+00:00,62.7,63.7,62.3,63.53,1.23,63.18,75.0,125.0,,,,75.13069343566895,74.82320724487305,6.989076886177063,6.967596940994262,167.1367460632324,165.773231048584,0.0003444554749876,0.000683203630615,-0.0027617081068456,-0.3059047162532806,-0.1107253581285476,-0.114392340183258,0.1479230970144271,0.1124465316534042,0.0717604532837867,-0.0411676466464996,-0.2383599281311035,-0.1974141299724578
2020-08-04 00:00:00+00:00,63.8,63.94,63.25,63.93,0.4,63.7,10.0,111.0,,,,75.28755233764649,74.8381723022461,6.988334012031555,6.971181983947754,166.54402053833007,165.06249572753907,-0.025055518373847,-0.0244561359286308,-0.0116066122427582,0.3231929242610931,-0.1693693697452545,-0.1463052034378051,-0.0832885950803756,-0.1020775288343429,-0.1215947419404983,-0.021234955638647,-0.071969136595726,-0.0604978986084461
2020-08-05 00:00:00+00:00,63.9,64.14,63.49,64.36,0.43,63.92,14.0,109.0,,,,75.21533401489258,74.85202011108399,6.994013848304749,6.960957007408142,166.3801840209961,165.14895950317384,0.0100925657898187,0.0128217469900846,0.0063420478254556,-0.3698912262916565,-0.2074545919895172,-0.1675956547260284,-0.2038029283285141,-0.1452243030071258,-0.1537703871726989,0.03861515969038,-0.0350091382861137,0.0653692185878753
2020-08-06 00:00:00+00:00,64.58,64.58,64.17,64.41,0.05,64.35,15.0,104.0,,,,75.03982620239258,74.641088180542,6.958304944038392,6.922117061614991,167.12493103027344,165.9372671508789,0.0038642063736915,0.0056049153208732,0.0044570653699338,-1.3188084363937378,-0.7122358083724976,-0.268523246049881,0.0673347041010856,0.0769333988428115,0.2137042731046676,0.0677587911486625,0.231261521577835,0.1972778588533401
2020-08-07 00:00:00+00:00,64.74,64.74,61.78,61.88,-2.53,63.08,27.0,102.0,,,,75.2038271331787,74.71916862487792,6.969792923927307,6.943220944404602,167.6981137084961,166.16411376953124,-0.0004243505536578,-0.0025191768072545,-0.003838412463665,-0.0679343193769455,-0.1449811160564422,-0.1273596137762069,0.0867441445589065,0.0883123353123664,0.127639502286911,-0.0382585413753986,-0.2512160539627075,-0.2183420658111572
2020-08-10 00:00:00+00:00,62.4,62.78,62.4,62.34,0.46,62.64,8.0,104.0,,,,75.10931297302245,74.84350700378418,6.982779998779296,6.957482938766479,167.19430038452148,166.04134017944335,0.0017366643296554,0.0020572580397129,-0.0036514461971819,-0.6858479976654053,-0.3573090434074402,-0.185286745429039,0.0503263846039772,0.0417578853666782,0.0458174422383308,0.0374497175216674,-0.0419470891356468,-0.09198047965765
2020-08-11 00:00:00+00:00,62.77,62.77,62.45,63.03,0.69,62.56,7.0,102.0,,,,75.04209022521972,74.5974073791504,6.971718997955322,6.927238993644714,167.69221420288085,166.0244924926758,-0.0049144327640533,-0.004325047135353,-0.0037806653417646,-0.3907971084117889,-0.3451782166957855,-0.1851079016923904,-0.1852322667837143,-0.174282044172287,-0.2529250085353851,-0.0351609364151954,-0.277965635061264,-0.1733496636152267
2020-08-12 00:00:00+00:00,61.98,61.98,61.98,61.84,-1.19,61.98,2.0,104.0,,,,75.13382637023926,74.56184257507324,6.956996870040894,6.922248978614807,167.69221420288085,166.0244924926758,-0.0025556585751473,-0.0023907686118036,-0.0032679261639714,0.3625730872154236,0.1581549346446991,-0.1493488550186157,-0.0400371998548507,-0.0478755198419094,-0.0850752517580986,-0.0331297628581523,-0.1410863846540451,-0.1122550219297409
2020-08-13 00:00:00+00:00,62.37,62.66,62.23,62.43,0.59,62.49,5.0,105.0,,,,75.11606048583984,74.62285171508789,6.958245944976807,6.922022066116333,167.72871307373046,166.15890365600586,0.0046046585775911,0.0027725468389689,0.003361543174833,0.4977000951766968,-0.2486905306577682,-0.1952437758445739,0.0508060306310653,0.0617012456059455,0.0896828770637512,-0.0338727161288261,-0.2202948033809662,-0.1461559832096099
2020-08-14 00:00:00+00:00,62.79,62.79,62.56,62.29,-0.14,62.68,10.0,106.0,,,,75.05332641601562,74.60377555847168,6.957963891029358,6.924680933952332,167.26227920532227,166.06556350708007,-0.0123112313449382,-0.0126063581556081,-0.0063312198035418,-0.6810891032218933,-0.4415276646614074,-0.2004597783088684,-0.0504649728536605,-0.0546397380530834,-0.2242380678653717,0.0390838161110878,-0.0437331572175025,0.1385904997587204
2020-08-17 00:00:00+00:00,62.88,62.88,62.86,62.62,0.33,62.87,3.0,103.0,,,,75.05625129699708,74.67820861816406,6.956042914390564,6.925751099586487,166.84681350708007,166.0554069519043,-0.0086139095947146,-0.0083479415625333,-0.0042089284397661,-0.5836387872695923,-0.3989281952381134,-0.1745829731225967,-0.0110542848706245,0.0138434441760182,-0.1369334757328033,0.0680170431733131,0.2017399966716766,0.1998440325260162
2020-08-18 00:00:00+00:00,62.62,62.88,62.39,62.39,-0.23,,1.0,105.0,,,,75.03096801757812,74.62426376342773,6.967313928604126,6.928276171684265,167.61574127197267,166.1339894104004,-0.0077577359043061,-0.0064603155478835,-0.0040114722214639,-1.0836117267608645,-0.5395205020904541,-0.204468160867691,-0.0691571831703186,-0.0697894096374511,-0.1568185538053512,-0.0257289018481969,-0.2006217241287231,-0.1494309902191162
2020-08-19 00:00:00+00:00,62.29,62.65,62.29,63.21,0.82,62.53,3.0,105.0,,,,74.95543716430664,74.6518741607666,6.967313928604126,6.928276171684265,166.86993743896485,166.09986740112305,-0.0002733143046498,-0.001382595160976,-0.0026007038541138,-0.4045091569423675,-0.3324190080165863,-0.1748982369899749,0.008518679998815,0.0228216759860515,0.0515839532017707,0.0498198941349983,0.1219732388854026,0.1514153778553009
2020-08-20 00:00:00+00:00,62.69,64.25,62.69,63.92,0.71,63.39,45.0,103.0,,,,75.13879661560058,74.84037628173829,6.967313928604126,6.928276171684265,167.33694458007812,166.5051428222656,-0.0003779135877266,-0.0006890102522447,-0.002082300139591,-0.6380473375320435,-0.2483641803264618,-0.183666780591011,0.0117432344704866,0.0298076514154672,0.0235392190515995,0.1461455821990966,0.530674159526825,0.4878040850162506
2020-08-21 00:00:00+00:00,63.77,63.77,63.57,63.73,-0.19,63.62,4.0,114.0,,,,75.0926089477539,74.81442924499511,6.967313928604126,6.928276171684265,166.9941781616211,166.4239614868164,-0.0014630100922659,-0.0012198232579976,-0.0024807238951325,-0.5221580862998962,-0.2419253289699554,-0.2789618968963623,-0.0108882039785385,-0.0120323570445179,-0.0288875941187143,-0.02295683324337,-0.0696074813604354,-0.2014867812395095
2020-08-24 00:00:00+00:00,64.13,65.29,64.09,65.16,1.43,64.95,31.0,114.0,,,,75.02095077514649,73.77903030395508,6.967313928604126,6.928276171684265,166.97128982543944,166.4157228088379,-0.0006288111908361,-0.0012857696274295,-0.0026179628912359,0.0158982947468757,-0.024007461965084,-0.0926362723112106,-0.3369958996772766,-0.3664227128028869,-0.4853723645210266,0.1362710744142532,0.662514865398407,0.4916120171546936
2020-08-25 00:00:00+00:00,65.2,65.79,65.16,64.98,-0.18,65.46,10.0,118.0,,,,74.892060546875,73.72370788574219,6.967313928604126,6.928276171684265,167.10914001464843,166.62361679077148,-0.0138055169954895,-0.0158673021942377,-0.0066718459129333,-0.0487282983958721,-0.0698370784521102,-0.1151416078209877,-0.0278565138578414,-0.0356201492249965,-0.0773331969976425,0.123880885541439,0.3574643135070801,0.4075819551944732
2020-08-26 00:00:00+00:00,64.98,65.79,64.98,64.98,0.0,,10.0,116.0,,,,74.79595077514648,73.78895057678223,6.967313928604126,6.928276171684265,167.22472229003907,166.22697540283204,-0.0085217375308275,-0.0076401969417929,-0.0037125777453184,-0.1631476432085037,-0.0991708040237426,-0.1677309423685073,-0.0376601256430149,-0.0179539211094379,-0.0647850856184959,0.1228478178381919,0.3174157440662384,0.3620297908782959
2020-08-27 00:00:00+00:00,64.49,64.95,64.49,64.76,-0.22,64.72,2.0,116.0,,,,74.9791651916504,73.68205413818359,6.967313928604126,6.928276171684265,166.95337600708007,165.86129104614258,-0.0179476309567689,-0.0176853537559509,-0.0074035264551639,-0.273901879787445,0.086708053946495,-0.1324899047613144,-0.2485332787036895,-0.1847334206104278,-0.0494913198053836,0.0406566150486469,0.1279750913381576,0.1410117000341415
2020-08-28 00:00:00+00:00,64.32,64.32,64.25,64.37,-0.39,64.29,3.0,116.0,,,,74.04277442932128,72.91700424194336,6.967313928604126,6.928276171684265,166.3133253479004,164.952889251709,-0.0104836616665124,-0.0141094122081995,-0.0056965081021189,0.0991882681846618,-0.0567830093204975,-0.1087010130286216,-0.1748099476099014,-0.1768757402896881,0.0798001959919929,0.0696877241134643,0.3566654324531555,0.3543091118335724
2020-08-31 00:00:00+00:00,64.6,64.6,64.6,64.41,0.04,64.6,1.0,116.0,,,,73.66612342834473,72.35726913452149,6.967313928604126,6.928276171684265,166.12032440185547,164.71802169799804,-0.0124670248478651,-0.0139050185680389,-0.0054257716983556,-0.4029767215251922,-0.2102406769990921,-0.1326865255832672,0.4081820845603943,0.3817668855190277,0.2493600845336914,0.1373304277658462,0.4251910746097564,0.2009658813476562
2020-09-01 00:00:00+00:00,64.94,65.61,64.88,64.66,0.25,65.22,22.0,117.0,,,,73.88532371520996,72.57780654907226,6.8940449237823485,6.865964150428772,164.3319985961914,163.29363937377929,0.0037337888497859,0.0050108591094613,0.0042026243172585,-0.2537572681903839,-0.1616697013378143,-0.1066239774227142,-0.2950725555419922,-0.3663023114204407,-0.0935824885964393,0.0471847876906394,0.2223120629787445,0.2439577132463455
2020-09-02 00:00:00+00:00,64.75,64.75,64.15,64.18,-0.48,64.39,26.0,121.0,,,,73.71982376098633,72.50840164184571,6.8940449237823485,6.865964150428772,164.351356048584,163.3008433532715,-0.0003095506690442,-0.0014898779336363,0.0029855188913643,-0.1888352334499359,0.0776597633957862,-0.1056453958153724,-0.0197372660040855,0.0629524812102317,0.0846362933516502,0.2658550143241882,1.0199018716812134,0.5240926742553711
2020-09-03 00:00:00+00:00,63.79,63.79,63.53,63.56,-0.62,63.66,15.0,130.0,,,,73.71982376098633,72.50840164184571,6.8940449237823485,6.865964150428772,164.89481140136718,163.4076414489746,-0.0014473418705165,-0.0018812182825058,-0.0021041149739176,0.0716470256447792,0.0790430679917335,0.1345583796501159,0.0363264940679073,0.0680990442633628,0.2600882649421692,0.263456791639328,1.1156456470489502,0.4863866865634918
2020-09-04 00:00:00+00:00,63.43,63.48,63.43,64.12,0.56,63.46,2.0,127.0,,,,74.01612503051757,72.95078788757324,6.8940449237823485,6.865964150428772,165.1740409851074,164.0474987792969,-0.0018234879244118,-0.0028799320571124,-0.0023496069479733,0.0664590075612068,0.0502515137195587,0.1343068480491638,-0.0471282564103603,-0.0559189692139625,0.1757007986307144,-0.0199148245155811,-0.1337897777557373,-0.0985102206468582
2020-09-07 00:00:00+00:00,64.12,64.12,63.43,64.12,0.0,,2.0,128.0,,,,73.93695007324219,72.90536102294922,6.8940449237823485,6.865964150428772,164.65711456298828,163.3858006286621,0.0035335184074938,0.0040421793237328,0.0046822414733469,-0.1136384606361389,0.0805258154869079,0.1434866487979889,0.0578973442316055,0.0891835018992424,0.1789298951625824,-0.0158306993544101,-0.1802679598331451,-0.1312575042247772
2020-09-08 00:00:00+00:00,64.33,64.43,63.01,63.19,-0.93,63.37,9.0,128.0,,,,74.29470008850097,73.27174507141113,6.8940449237823485,6.865964150428772,164.92881240844727,163.43055358886718,0.0002811822050716,0.0014512572670355,0.0023769352119416,0.0288234837353229,0.0395574644207954,0.1240499764680862,0.0287209022790193,0.078330285847187,0.1070407405495643,0.2279991805553436,0.9616857767105104,0.5055689811706543
2020-09-09 00:00:00+00:00,63.05,63.33,63.05,63.35,0.16,63.19,16.0,125.0,,,,74.2458748626709,73.28483695983887,6.8940449237823485,6.865964150428772,166.42248062133788,165.33282943725587,0.0031489538960158,0.0039695473387837,0.0038656932301819,-0.6895495057106018,-0.2116908133029937,-0.129492774605751,-0.1238166689872741,-0.1224451661109924,-0.0844903588294982,-0.0165183637291193,-0.0887504369020462,-0.0774607956409454
2020-09-10 00:00:00+00:00,64.37,64.45,64.37,63.96,0.61,64.4,9.0,121.0,,,,73.99052513122558,72.94469909667968,6.8940449237823485,6.865964150428772,166.00278091430664,164.27096633911134,0.0018978969892486,0.0024889423511922,0.0039077345281839,-0.8045675754547119,-0.416292130947113,-0.1253328621387481,-0.0474007800221443,-0.0222226567566394,0.0867981538176536,-0.0152139468118548,-0.0931568518280983,-0.0903861969709396
2020-09-11 00:00:00+00:00,64.71,64.72,64.71,64.06,0.1,64.72,3.0,121.0,,,,74.23332511901856,73.22570220947266,6.8940449237823485,6.865964150428772,165.7822933959961,164.1065916442871,-0.0091513618826866,-0.0085294749587774,-0.0043208380229771,-0.3608615100383758,-0.2741458415985107,-0.1382705569267273,0.0525890588760376,0.086051307618618,0.0976263880729675,-0.0150630278512835,-0.1556468158960342,-0.0962210372090339
2020-09-14 00:00:00+00:00,64.68,65.84,64.68,65.46,1.4,65.58,38.0,113.0,,,,74.08754974365235,73.17106918334962,6.8940449237823485,6.865964150428772,165.1122317504883,164.29227416992188,-0.0253657829016447,-0.0243263244628906,-0.0099002812057733,-1.9299792051315308,-1.3598787784576416,-0.3641690015792846,0.022597374394536,0.0632132142782211,-0.0626411512494087,-0.01817880384624,-0.098145991563797,-0.1595339775085449
2020-09-15 00:00:00+00:00,65.5,65.5,64.37,65.39,-0.07,64.76,22.0,100.0,,,,74.20117469787597,73.1962989807129,6.8940449237823485,6.865964150428772,165.58030410766602,163.64604583740234,-0.0137358428910374,-0.0141446469351649,-0.0063645686022937,-0.629794716835022,-0.6183663010597229,-0.2543769180774688,-0.0277295187115669,-0.0777534246444702,-0.0857710465788841,0.0348372496664524,0.049535546451807,0.1761675626039505
2020-09-16 00:00:00+00:00,65.43,65.43,65.21,64.97,-0.42,65.25,11.0,97.0,,,,73.82468757629394,73.27212486267089,6.845938014984131,6.817246975898743,166.30914764404298,165.3529866027832,0.015248411335051,0.0138598205521702,0.0064613651484251,1.0854003429412842,0.7538540959358215,-0.3045098483562469,-0.0691688582301139,-0.0902678146958351,-0.1378889828920364,-0.0202538073062896,-0.2955755889415741,-0.2505562305450439
2020-09-17 00:00:00+00:00,64.97,64.97,64.43,64.35,-0.62,64.61,49.0,98.0,,,,73.64704399108886,73.10728950500489,6.845938014984131,6.817246975898743,166.11669143676758,165.3048472595215,-0.0048326617106795,-0.0038743515033274,-0.0031458451412618,0.934385359287262,0.5162628293037415,-0.2416121065616607,0.0409470498561859,0.0420006178319454,0.0914081931114196,-0.0378011092543602,-0.183519572019577,-0.1678058356046676
2020-09-18 00:00:00+00:00,64.18,64.18,64.18,64.16,-0.19,64.18,12.0,96.0,,,,73.81519775390625,73.16343505859375,6.845938014984131,6.817246975898743,165.8952653503418,164.39775772094723,0.0096221966668963,0.0175391267985105,0.0072790519334375,0.2424474060535431,0.2753359675407409,0.1822286993265152,-0.1100542470812797,-0.0686766281723976,0.0655630752444267,-0.0533389039337635,-0.3897909522056579,-0.2348163574934005
2020-09-21 00:00:00+00:00,65.05,65.79,63.96,63.74,-0.42,64.51,11.0,98.0,,,,73.80966331481933,73.1685415649414,6.845938014984131,6.817246975898743,166.23585388183594,165.23618118286132,-0.0109445014968514,-0.0139522571116685,-0.0067996219731867,-0.0226017404347658,0.1476165354251861,0.161232516169548,-0.0239692106842994,-0.0092798499390482,-0.0606027655303478,-0.0507546551525592,-0.369265615940094,-0.2360861599445343
2020-09-22 00:00:00+00:00,63.92,64.31,63.56,63.84,0.1,63.79,12.0,95.0,,,,73.74173889160156,73.11471435546875,6.845938014984131,6.817246975898743,165.9021438598633,164.0340734863281,0.0033998428843915,0.008370628580451,0.0038061121013015,-0.4504052698612213,-0.2198866307735443,-0.1599826216697693,-0.0205959603190422,0.0451031550765037,0.0633422434329986,-0.0220981035381555,-0.1824735403060913,-0.1270326673984527
2020-09-23 00:00:00+00:00,63.38,63.59,63.38,63.76,-0.08,63.49,2.0,91.0,,,,73.63246696472169,73.15112419128418,6.845938014984131,6.817246975898743,166.03223846435546,164.90746597290038,0.0037840344011783,0.0088218729943037,-0.0034521478228271,-0.7548198103904724,-0.3768892586231231,-0.1802374422550201,0.0825309827923774,0.0834744572639465,0.091738149523735,0.0200112722814083,-0.1995157301425933,-0.1565193235874176
2020-09-24 00:00:00+00:00,63.76,63.97,63.38,63.97,0.21,,2.0,90.0,,,,74.27251327514648,73.61366775512695,6.845938014984131,6.817246975898743,165.91708084106446,164.96592208862305,-0.000602985266596,0.0010994528420269,-0.003067965619266,0.1514763832092285,-0.074721872806549,-0.1503309309482574,0.1737427562475204,0.1330848932266235,0.1530669927597046,0.0604684874415397,0.0492129139602184,-0.0956784263253212
2020-09-25 00:00:00+00:00,63.97,64.66,63.38,64.66,0.69,,2.0,90.0,,,,74.11621147155762,73.41123039245605,6.845938014984131,6.817246975898743,165.67947082519532,164.3306278991699,-0.0026982175186276,-0.0039778067730367,-0.00340370927006,-0.0139534827321767,0.0747589915990829,-0.1613089442253112,0.0996672958135604,0.0648082718253135,0.1005059108138084,-0.0362906083464622,-0.3125783205032348,-0.1683264672756195
2020-09-28 00:00:00+00:00,64.66,64.66,63.38,64.4,-0.26,,2.0,90.0,,,,73.75951629638672,73.12205337524414,6.845938014984131,6.817246975898743,165.44078170776368,163.84668548583986,-0.0004262764705345,-0.0013020406477153,-0.0019585753325372,-0.6997858285903931,-0.2590308785438537,-0.2063406556844711,0.0731771364808082,0.0675014778971672,-0.0751029998064041,0.0519347712397575,0.1132145747542381,0.17005655169487
2020-09-29 00:00:00+00:00,64.4,64.66,63.38,64.0,-0.4,,2.0,70.0,,,,74.13256729125976,73.40176322937012,6.845938014984131,6.817246975898743,165.8093292236328,164.36039413452147,-0.0053305909968912,-0.009021459147334,-0.0053187436424195,0.253252774477005,0.1039636582136154,-0.1672638356685638,-0.1013954356312751,-0.0943606570363044,-0.1419101059436798,-0.0301216803491115,-0.2169514149427414,-0.194701001048088
2020-09-30 00:00:00+00:00,64.0,64.66,63.38,64.49,0.49,,2.0,70.0,,,,73.91818313598633,73.313265914917,6.845938014984131,6.817246975898743,165.89210540771484,164.39025390625,0.0001519914949312,0.0008724892395548,-0.0019765195902436,-0.8648126125335693,-0.5227805972099304,-0.2465099096298217,-0.0222304929047822,-0.0323454439640045,-0.1056361049413681,-0.0390427038073539,-0.3450097739696502,-0.2899194955825805
2020-10-01 00:00:00+00:00,64.49,64.66,63.38,64.61,0.12,,2.0,70.0,,,,73.86597213745117,73.21073593139648,6.807234110832215,6.766197938919067,164.84735137939452,163.39704177856444,-0.0011142829898744,-0.0015129874227568,-0.0024945109616965,-0.7628305554389954,-0.5149304866790771,-0.3086885213851928,-0.3330279886722564,-0.3435557186603546,-0.2140438109636306,-0.0210014246404171,-0.1615871489048004,-0.1099830865859985
2020-10-02 00:00:00+00:00,64.61,64.66,63.38,64.52,-0.09,,2.0,70.0,,,,73.56837097167968,73.15910751342773,6.807234110832215,6.766197938919067,164.52568649291993,162.82153091430663,-0.0020490656606853,-0.0008656938443891,-0.0025338372215628,-1.04539692401886,-0.5484655499458313,-0.331680566072464,0.070862628519535,0.0485088042914867,0.1160250455141067,-0.0207701064646244,-0.0597132667899131,-0.0662590414285659
2020-10-05 00:00:00+00:00,64.52,64.73,63.38,64.73,0.21,,2.0,70.0,,,,73.68242492675782,73.01230415344239,6.807234110832215,6.766197938919067,164.60904235839843,163.04581573486328,-0.0004181703552603,-0.0003939715679734,-0.0025400107260793,-1.367304801940918,-0.8300551176071167,-0.3822982907295227,-0.035936988890171,-0.0335002318024635,-0.0345667637884616,-0.0203231163322925,-0.1006287112832069,0.0688165351748466
2020-10-06 00:00:00+00:00,64.73,65.56,63.38,65.56,0.83,,2.0,70.0,,,,73.6974269104004,73.01760528564454,6.807234110832215,6.766197938919067,164.55084915161132,163.04736267089845,0.0015634302981197,0.0021709285210818,0.0021394053474068,-0.6477359533309937,-0.4814435541629791,-0.3303409516811371,0.3482242226600647,0.3208052515983581,0.1098401546478271,-0.0193174444139003,-0.0663233995437622,-0.0833252444863319
2020-10-07 00:00:00+00:00,65.56,66.29,63.38,66.29,0.73,,2.0,70.0,,,,73.89885078430176,73.3958780670166,6.807234110832215,6.766197938919067,164.59344161987303,163.1789273071289,0.001132964505814,0.0012316198553889,0.0021750798914581,0.1229507625102996,0.1973073780536651,0.2934834063053131,-0.2310987561941146,-0.1860138177871704,-0.2753458619117737,-0.020116601139307,-0.0751627534627914,-0.0599425956606864
2020-10-08 00:00:00+00:00,67.77,68.29,67.1,67.49,-0.1,67.8,16718.0,126387.0,3.0,,,73.8362412261963,73.20380302429199,6.807234110832215,6.766197938919067,164.11099807739257,161.22061111450196,-0.0614217594265937,-0.0722792595624923,-0.0252609476447105,0.3933600187301636,0.2074067592620849,0.2955727875232696,-0.1108820587396621,-0.1203387975692749,-0.1349948197603225,0.2421662807464599,0.8814031481742859,0.4218092858791351
2020-10-09 00:00:00+00:00,67.75,68.68,67.54,67.64,0.15,68.21,18578.0,125433.0,44.0,2100.0,,73.70429046630859,72.93767585754395,6.804925169944763,6.7626828908920285,163.99822280883788,161.39497955322267,0.0392951034009456,0.0414421930909156,0.013245228677988,0.1982820481061935,0.1031075716018676,0.2738950848579407,-0.138772115111351,-0.140922412276268,0.0433469116687774,-0.0161988083273172,-0.0546046607196331,-0.1240635737776756
2020-10-12 00:00:00+00:00,68.02,69.47,68.02,68.37,0.73,68.89,21355.0,126441.0,51.0,,,73.65966621398925,72.8456642150879,6.781449041366577,6.749611110687256,164.47286087036133,160.7324020385742,-0.006553447805345,-0.005651765037328,-0.0026959714014083,-0.665863037109375,-0.3734501302242279,-0.333217442035675,0.2549920082092285,0.2707473337650299,0.1475172936916351,-0.0195375308394432,-0.1588136255741119,-0.1070466265082359
2020-10-13 00:00:00+00:00,68.67,69.25,68.26,68.83,0.46,68.76,14142.0,127320.0,140.0,,,73.70274124145507,73.19599060058594,6.781449041366577,6.749611110687256,164.1234979248047,161.11585067749024,-0.0092160748317837,-0.0131965158507227,-0.0047086304984986,-1.0522066354751587,-0.6007935404777527,-0.391884297132492,0.0890952125191688,0.0475368574261665,0.0304534472525119,0.2215236872434616,0.8018021583557129,0.4118320345878601
2020-10-14 00:00:00+00:00,68.82,69.39,68.55,68.93,0.1,68.92,13303.0,125869.0,182.0,224.0,,73.74298286437988,73.2504207611084,6.781449041366577,6.749611110687256,163.81803939819335,161.39347290039063,0.0026338584721088,0.0028619528748095,0.0036229554098099,0.1077551543712616,0.2710948884487152,0.3243356049060821,-0.1224406510591507,-0.1366667449474334,-0.1967828273773193,0.0472214594483375,-0.0848879739642143,0.1253805309534073
2020-10-15 00:00:00+00:00,69.1,69.27,68.41,69.22,0.29,68.93,13503.0,125824.0,36.0,115.0,,73.6892074584961,73.18503067016601,6.781449041366577,6.749611110687256,163.48582015991212,161.20163772583007,-0.0110128186643123,-0.0114152505993843,-0.0039215590804815,0.0371862687170505,0.0788842663168907,0.2683223485946655,0.0352201350033283,0.045131754130125,0.0868839025497436,-0.017981456592679,-0.1856137216091156,-0.0991046428680419
2020-10-16 00:00:00+00:00,69.01,70.04,69.0,69.92,0.7,69.68,19573.0,126423.0,,380.0,,73.69978897094727,73.03807106018067,6.764709076881409,6.706427035331726,163.1852328491211,161.253175201416,-0.0094646727666258,-0.0111585203558206,-0.0036671501584351,-1.891255259513855,-1.0184104442596436,-0.4285996258258819,0.0395491011440753,0.0269554741680622,0.0442664325237274,-0.0150480642914772,-0.0780381709337234,-0.105557844042778
2020-10-19 00:00:00+00:00,70.0,71.22,70.0,71.16,1.24,70.83,22047.0,126117.0,64.0,371.0,,73.66413078308105,73.10725067138672,6.777598042488098,6.698752903938294,163.0560678100586,160.62815139770507,-0.004370626527816,-0.0057075209915637,-0.0035332452971488,1.4471158981323242,1.0595813989639282,0.4751891791820526,-0.0089833810925483,-0.0123585946857929,-0.0601241700351238,0.0139951156452298,-0.0633818656206131,0.1024841293692588
2020-10-20 00:00:00+00:00,70.97,71.65,70.3,71.02,-0.14,71.05,17589.0,128696.0,449.0,346.0,,73.68573989868165,73.18585815429688,6.777598042488098,6.698752903938294,163.05206787109375,160.5730000305176,-0.0137629266828298,-0.0160453021526336,-0.0057019982486963,0.84947669506073,0.6066055297851562,0.3680787682533264,-0.0123205501586198,-0.025776732712984,-0.1793218106031417,-0.0152110308408737,-0.1403662264347076,-0.1032964959740638
2020-10-21 00:00:00+00:00,70.81,72.13,70.57,71.04,0.02,71.37,18840.0,128099.0,1093.0,2.0,,73.63600036621094,73.23370704650878,6.777598042488098,6.698752903938294,163.0910888671875,160.35666976928712,0.0072585050947964,0.0146400230005383,0.0074538206681609,0.3725729584693908,0.2452257573604583,0.2962558269500732,-0.0436044260859489,-0.0710777938365936,0.0362497605383396,-0.017520198598504,-0.1404778659343719,-0.1009282320737838
2020-10-22 00:00:00+00:00,71.0,72.1,70.82,71.94,0.9,71.79,15855.0,128297.0,645.0,13.0,,73.8686555480957,73.45375053405762,6.777598042488098,6.698752903938294,163.0753726196289,160.42696823120116,0.0031302066054195,0.0060181273147463,0.0030661178752779,0.2844223082065582,0.2250562161207199,-0.3211376667022705,0.0838046595454216,0.0497699901461601,0.050645612180233,-0.0168938785791397,-0.1779872477054596,-0.0989694222807884
2020-10-23 00:00:00+00:00,71.7,71.91,71.1,71.29,-0.65,71.43,14571.0,129086.0,747.0,,,73.8588402557373,73.47064392089844,6.777598042488098,6.698752903938294,162.49623748779297,159.8396075439453,0.0012975548161193,0.0064413854852318,0.0027989288792014,0.7115533351898193,0.4545156359672546,0.2487149089574813,0.0348990373313427,0.0353634282946586,-0.0575823001563549,0.0351566188037395,-0.0702848583459854,0.0943166762590408
2020-10-26 00:00:00+00:00,71.35,72.38,71.22,72.11,0.82,71.91,15545.0,127400.0,530.0,133.0,,73.85658706665039,73.52035217285156,6.777598042488098,6.698752903938294,161.39750228881837,159.79618591308594,-0.0008769385167397,-0.0025472142733633,-0.002759123686701,0.6133075952529907,0.2852542996406555,0.1720302999019622,0.164975956082344,0.1434853971004486,0.0489804483950138,-0.0165612362325191,-0.0927995592355728,0.0934609845280647
2020-10-27 00:00:00+00:00,72.0,72.53,71.76,72.03,-0.08,72.17,17272.0,126533.0,15.0,,,74.01137046813965,73.54070259094239,6.777598042488098,6.698752903938294,160.76392456054688,159.56241195678712,0.0033761996310204,0.0051345406100153,-0.0023474849294871,-0.4946467280387878,-0.2016710489988327,0.1169573813676834,-0.0438376180827617,-0.0386340618133544,-0.0800424218177795,-0.0156895462423563,-0.1059940606355667,0.094595655798912
2020-10-28 00:00:00+00:00,72.0,72.6,70.05,70.17,-1.86,71.06,26099.0,123856.0,512.0,13.0,,73.82940139770508,73.46904167175293,6.775236048698425,6.700442910194397,160.67555465698243,158.9166403198242,-0.0041129998862743,-0.0053341910243034,-0.0051230271346867,-0.2806378304958343,0.089495301246643,-0.095767505466938,0.37214395403862,0.370674729347229,0.1096685752272605,0.0149157550185918,-0.0976017713546752,0.101355992257595
2020-10-29 00:00:00+00:00,70.15,70.46,69.58,69.82,-0.35,70.0,22025.0,121635.0,9.0,603.0,,74.64791038513184,74.08482597351075,6.764709076881409,6.706427035331726,160.1735824584961,158.29715591430664,-0.0079443454742431,-0.0126399723812937,-0.0066661923192441,-0.2166838645935058,0.1285125911235809,0.115416869521141,-0.1133678704500198,-0.114507719874382,-0.1125808730721473,-0.015495958738029,-0.0749802142381668,0.1006671637296676
2020-10-30 00:00:00+00:00,69.86,70.05,68.37,68.92,-0.9,69.22,24444.0,117776.0,,,,74.74888381958007,74.0599301147461,6.777598042488098,6.698752903938294,159.86971267700196,158.49257888793946,-0.0042309523560106,-0.0054497420787811,-0.0032511062454432,0.2660119235515594,0.1724664270877838,0.1523276567459106,0.3033446669578552,0.2478960007429123,0.0937962755560875,0.1512651145458221,0.5349443554878235,0.2653048634529114
2020-11-02 00:00:00+00:00,68.75,69.09,68.06,68.73,-0.19,68.6,17708.0,111976.0,113.0,34.0,,74.9214584350586,74.33975883483886,6.703374934196472,6.6738700103759765,160.19512512207032,157.71512817382813,-0.0040594893507659,-0.004589351825416,-0.0034318484831601,0.0746196806430816,0.1455269753932953,0.1273744851350784,-0.0918104127049446,-0.0812918171286583,-0.1312383115291595,0.0365056544542312,0.0745525732636451,0.1248342245817184
2020-11-03 00:00:00+00:00,68.74,70.33,68.73,70.24,1.51,69.63,18557.0,108636.0,23.0,,,74.80471031188965,74.09097213745117,6.69805597782135,6.675238971710205,160.0225535583496,158.10083786010742,0.0141315264627337,0.0106768421828746,-0.0076119224540889,0.0146791841834783,0.28147953748703,0.2203699052333831,-0.0095794070512056,-0.0388545766472816,-0.1337088048458099,0.0307491179555654,0.1087599992752075,0.1287797689437866
2020-11-04 00:00:00+00:00,69.95,70.72,69.63,70.23,-0.01,70.15,14561.0,107273.0,,2509.0,,75.25394386291504,74.60272087097168,6.755542073249817,6.668855962753296,160.03023315429687,157.88271591186523,-0.0248222686350345,-0.0297111868858337,-0.0100315632298588,-0.2675697207450866,0.1854272037744522,0.2103340327739715,-0.0140733420848846,-0.0476036481559276,-0.1326881796121597,-0.0155615787953138,-0.1312021315097808,-0.1086835414171218
2020-11-05 00:00:00+00:00,70.29,70.94,69.86,70.07,-0.16,70.42,17441.0,102822.0,7.0,2.0,,74.35954895019532,73.77668106079102,6.682881178855896,6.650974011421203,159.96976608276367,157.87892013549805,0.0124993911013007,0.0135059058666229,0.0066548204049468,2.4089906215667725,1.8028911352157595,0.5256657600402832,-0.1704900860786438,-0.1624810695648193,-0.1989823281764984,-0.015500508248806,-0.0950139462947845,-0.1054229140281677
2020-11-06 00:00:00+00:00,70.0,70.27,68.55,68.62,-1.45,69.15,28441.0,101367.0,7.0,,,74.22595893859864,73.75172080993653,6.682881178855896,6.650974011421203,159.81116317749024,157.84234741210938,0.0015997072914615,0.0020639947615563,-0.0024237215984612,0.7315561175346375,0.4111513495445251,0.1735483705997467,0.0255901329219341,0.0248015020042657,-0.057741891592741,-0.0151652619242668,-0.1243449598550796,-0.1043799296021461
2020-11-09 00:00:00+00:00,68.66,70.44,68.62,70.0,1.38,69.75,29260.0,92627.0,,,1500.0,74.07645385742188,73.59654441833496,6.682881178855896,6.650974011421203,159.75253021240235,157.73849349975586,0.0062482790090143,0.0065698837861418,0.0034091011621057,-0.0514875277876853,0.2459803819656372,0.1269115954637527,0.0149059975519776,0.0218336675316095,0.0382365621626377,0.0300552602857351,0.1534312069416046,0.1222718507051467
2020-11-10 00:00:00+00:00,70.0,70.16,69.11,69.85,-0.15,69.72,28948.0,80861.0,216.0,3300.0,,74.23000617980956,73.72753105163574,6.682881178855896,6.650974011421203,159.3189192199707,157.9543717956543,0.0095184110105037,0.0137203093618154,0.0046605709940195,-0.4725328683853149,-0.3449195027351379,-0.1332202106714248,0.1378697901964187,0.103919431567192,0.1703301668167114,0.1819599419832229,0.5026809573173523,0.2597092986106872
2020-11-11 00:00:00+00:00,69.94,70.38,69.25,69.28,-0.57,69.64,22195.0,65001.0,44.0,84.0,,74.5473329925537,74.0465901184082,6.682881178855896,6.650974011421203,159.16173721313476,157.6983999633789,0.002546924399212,0.0048711718991398,0.0032250711228698,1.654009222984314,1.2278735637664795,0.3380281031131744,0.018863370642066,-0.0421353057026863,-0.0528272613883018,-0.0179848130792379,-0.2474604099988937,-0.1286293715238571
2020-11-12 00:00:00+00:00,69.36,69.42,68.37,68.48,-0.8,68.81,23501.0,54685.0,344.0,1372.0,,74.9258055114746,74.45538650512695,6.682881178855896,6.650974011421203,159.16173721313476,157.6983999633789,0.0049881231971085,0.0049559762701392,0.0024443683214485,1.1361150741577148,0.7920978665351868,0.2109822034835815,0.0719403252005577,0.0266037285327911,-0.08698071539402,0.1433822214603424,0.4983544945716858,0.2695765793323517
2020-11-13 00:00:00+00:00,68.45,68.77,68.22,68.46,-0.02,68.45,14646.0,42840.0,400.0,2165.0,,75.07759925842285,74.62489074707031,6.682881178855896,6.650974011421203,159.16173721313476,157.6983999633789,-0.0138398250564932,-0.0136965960264205,-0.0057537383399903,-0.0453235246241092,-0.0964231267571449,-0.0682969838380813,-0.2089120149612426,-0.1866641342639923,-0.2601286172866821,-0.0157182682305574,-0.0622888803482055,-0.0855744928121566
2020-11-16 00:00:00+00:00,68.4,70.0,68.4,69.57,1.11,69.42,11786.0,24787.0,18.0,2406.0,,74.65128440856934,74.14429069519043,6.639643921852112,6.59892092704773,157.85960983276368,157.01175918579102,-0.0144961448386311,-0.0192441213876009,-0.0063010002486407,-1.063664436340332,-0.7210752367973328,-0.2143130749464035,0.0292521119117736,0.0520822294056415,0.0561731047928333,-0.0205875132232904,-0.1554101854562759,-0.1086308732628822
2020-11-17 00:00:00+00:00,69.57,69.88,68.85,69.11,-0.46,69.28,9108.0,18767.0,93.0,450.0,,74.70277198791504,74.00199729919433,6.639643921852112,6.59892092704773,157.79772079467773,157.00157302856445,-0.0038586982991546,-0.0045027039013803,-0.0033313441090285,-1.211273193359375,-0.667400062084198,-0.2132714837789535,0.0212085265666246,0.0242233406752347,0.0618508756160736,-0.0162277556955814,-0.0614591240882873,-0.0910916477441787
2020-11-18 00:00:00+00:00,68.96,69.76,68.92,69.68,0.57,69.47,6386.0,12485.0,11.0,19.0,,74.65746459960937,74.07322456359863,6.639643921852112,6.59892092704773,158.4076136779785,157.20180633544922,0.0127861201763153,0.0163217950612306,0.0072144968435168,-0.7427774667739868,-0.2921179533004761,-0.1324390918016433,-0.0303061641752719,-0.0325338914990425,-0.0437755919992923,0.0346879139542579,0.1261081397533416,0.088283970952034
2020-11-19 00:00:00+00:00,69.5,69.9,69.15,69.32,-0.36,69.52,5150.0,8387.0,109.0,22.0,,74.65225379943848,73.90680717468261,6.639643921852112,6.59892092704773,159.53662628173828,158.38703079223632,0.0016254673246294,0.0043485136702656,0.0026030379813164,0.0934975445270538,0.2432613372802734,-0.1360218822956085,-0.0646367147564888,-0.0527647547423839,-0.0846099853515625,0.1402926743030548,0.6303305625915527,0.1946956366300583
2020-11-20 00:00:00+00:00,69.32,71.25,69.32,70.88,1.56,69.98,3006.0,2651.0,140.0,,,74.3871477508545,73.87124534606933,6.639643921852112,6.59892092704773,160.05436813354493,158.41632568359375,0.0105600208044052,0.0115628782659769,0.0042627053335309,0.7747237086296082,0.6688662767410278,0.3005704879760742,0.0146976811811327,0.0174173321574926,0.1058041080832481,-0.0378526076674461,-0.1936619132757187,-0.2552386820316314
2020-11-23 00:00:00+00:00,71.74,72.7,71.51,72.15,1.27,72.14,133.0,580.0,,,,74.43569526672363,73.91181213378906,6.639643921852112,6.59892092704773,160.64442123413085,158.96169189453124,-0.000581323809456,-0.0016667221207171,-0.0028078479226678,0.3670147955417633,0.5189048051834106,0.2449952065944671,0.0009766824077814,0.0145330680534243,0.0200760774314403,-0.032915711402893,-0.1940191388130188,-0.2298606634140014
2020-11-24 00:00:00+00:00,72.0,72.0,70.87,71.53,-0.62,71.1,93.0,398.0,,,,74.4427571105957,73.93964111328125,6.639643921852112,6.59892092704773,160.6788542175293,158.9646615600586,-0.0032641778234392,-0.0040352810174226,-0.0046273535117506,0.5940638184547424,0.4916626811027527,0.2157746851444244,-0.061059970408678,-0.0588077008724212,-0.0954924970865249,-0.035548098385334,-0.378160297870636,-0.2100243866443634
2020-11-25 00:00:00+00:00,71.02,71.02,70.9,70.8,-0.73,70.95,24.0,313.0,50.0,,,74.19609764099121,73.674926071167,6.639643921852112,6.59892092704773,160.22825897216796,158.2015881347656,-0.0044353511184453,-0.0045318575575947,-0.003986966330558,1.3084803819656372,0.8256440162658691,0.2682755887508392,-0.0161074642091989,-0.0194290876388549,0.0295817609876394,-0.0474850721657276,-0.411519855260849,-0.2103643864393234
2020-11-26 00:00:00+00:00,70.8,71.02,70.8,70.8,0.0,,24.0,205.0,,,,73.9307411956787,73.52374519348145,6.639643921852112,6.59892092704773,158.81607666015626,157.46578536987306,-0.0024760761298239,-0.0016410751268267,-0.0020998623222112,-0.5080404281616211,-0.1918275505304336,-0.1162907630205154,0.0897589102387428,0.1196530610322952,0.1092545613646507,0.0149633307009935,-0.2624836564064026,0.1235047131776809
2020-11-27 00:00:00+00:00,71.53,71.53,71.53,71.68,0.88,71.53,6.0,205.0,,,,74.28702445983886,73.89154266357421,6.639643921852112,6.59892092704773,159.1836668395996,157.70725662231445,-0.0011347234249114,-0.0016879001632332,-0.0019078862387686,0.4515415132045746,0.2321259528398513,-0.1162317246198654,-0.0095841400325298,-0.043499369174242,0.0363891907036304,0.1901841610670089,0.6471661329269409,0.3407402634620666
2020-11-30 00:00:00+00:00,70.75,70.75,69.56,70.59,-1.09,70.3,6.0,191.0,,,,74.15614547729493,73.61630897521972,6.639643921852112,6.59892092704773,159.00380981445312,157.56861221313477,-0.0021215276792645,-0.0019596612546592,-0.0019606996793299,0.2429856061935424,0.1158049702644348,-0.0975466072559356,0.0259845722466707,0.0342285260558128,0.0526276342570781,-0.0205327048897743,-0.0916663482785224,-0.1352456361055374
2020-12-01 00:00:00+00:00,71.19,71.21,69.98,70.59,0.0,70.81,14.0,175.0,,,,74.00784729003907,73.5446492767334,6.5887289810180665,6.560829000473023,159.30356506347655,157.94207992553712,-0.0035346236545592,-0.0055180052295327,-0.0037228579167276,0.0453978553414344,0.0757733061909675,-0.080591581761837,-0.3312298655509949,-0.3049630224704742,-0.1506789177656173,-0.0191014967858791,-0.0763083845376968,-0.1240558624267578
2020-12-02 00:00:00+00:00,70.16,70.16,69.65,69.99,-0.6,70.01,53.0,153.0,20.0,,,73.67656295776368,73.2593083190918,6.585713953971863,6.559239053726197,159.88071395874024,157.7521826171875,-0.006106823682785,-0.0068236873485147,-0.0041142194531857,0.5771476626396179,0.3768097460269928,-0.1267021745443344,-0.0557390935719013,-0.0601538904011249,0.0575090758502483,-0.0185731332749128,-0.07886952906847,-0.1451171338558197
2020-12-03 00:00:00+00:00,69.85,69.85,69.25,69.42,-0.57,69.54,3.0,64.0,,,,73.95628242492675,73.49452339172363,6.583288946151733,6.550972971916199,159.53761138916016,158.28995147705078,-0.0137649560347199,-0.008224812336266,-0.0048887659795582,0.0460543595254421,-0.1114570870995521,-0.0707651227712631,0.0683711618185043,0.0558338873088359,0.1388726830482483,-0.0400490351021289,-0.2786296010017395,-0.2670932114124298
2020-12-04 00:00:00+00:00,69.45,69.55,69.45,69.86,0.44,69.5,10.0,54.0,,,,74.1630037689209,73.62591918945313,6.583217926025391,6.546557931900025,159.88702270507812,158.7985627746582,0.0043092942796647,0.0049679540097713,0.0028713312931358,0.0048168618232011,0.0930715575814247,0.093554601073265,0.0481065548956394,0.0501123182475566,0.039883267134428,-0.0393519885838031,-0.2813975811004638,-0.2065052092075348
2020-12-07 00:00:00+00:00,69.86,70.63,69.45,70.63,0.77,,10.0,46.0,,,,73.99079597473144,73.57990295410156,6.583217926025391,6.546557931900025,159.99910736083984,158.79526428222655,-0.0030646512750536,-0.0021449886262416,-0.0018134819110855,-0.1735217124223709,0.115508995950222,0.1196575164794921,0.0531365871429443,0.0559563636779785,0.0446658805012702,-0.0193740800023078,-0.1546410322189331,-0.0770493000745773
2020-12-08 00:00:00+00:00,72.44,72.48,71.7,71.98,-0.4,72.0,9001.0,127692.0,11.0,,,73.94119438171387,73.60287353515625,6.583217926025391,6.546557931900025,159.95508728027343,158.87464569091796,-0.0030970429070293,-0.0036274641752243,-0.0022152129095047,0.3202220797538757,0.1540824323892593,0.1556576043367386,-0.1453723460435867,-0.1533005684614181,-0.2242557257413864,-0.0365208871662616,-0.2666003704071045,-0.1671942174434662
2020-12-09 00:00:00+00:00,72.0,73.22,71.86,73.05,1.07,72.66,14615.0,126274.0,82.0,,,73.90853408813477,73.51179336547851,6.583217926025391,6.546557931900025,160.02597839355468,158.79072647094728,0.0010466595413163,0.0010178571101278,-0.0023637134581804,0.190355509519577,0.1188138499855995,0.17632757127285,0.0588077753782272,0.0579554326832294,0.03229271620512,-0.0292233861982822,-0.2232166826725006,-0.1324197053909301
2020-12-10 00:00:00+00:00,73.05,74.6,72.73,74.26,1.21,73.87,23455.0,126635.0,190.0,54.0,,73.96160499572754,73.59449783325195,6.583217926025391,6.546557931900025,160.32660614013673,158.93231704711914,0.0008281318005174,0.0007542158127762,-0.0029805793892592,0.2579595148563385,0.126503437757492,0.1789260357618332,-0.1135166361927986,-0.1124937981367111,-0.1689975559711456,-0.0247709490358829,-0.1958426684141159,-0.1561032235622406
2020-12-11 00:00:00+00:00,74.25,74.75,74.0,74.08,-0.18,74.29,13996.0,129064.0,105.0,,,73.89422889709472,73.50777503967285,6.583217926025391,6.546557931900025,159.53711151123048,158.3590414428711,-0.0010116230696439,-0.0012094837147742,-0.0027124725747853,0.4327202141284942,0.1664261519908905,0.1896063238382339,0.020524913445115,0.0294534601271152,-0.0443749316036701,-0.0291845090687274,-0.2580201625823974,-0.1744751781225204
2020-12-14 00:00:00+00:00,74.2,75.2,74.2,74.67,0.59,74.79,14717.0,129712.0,3.0,,,73.76853118896484,73.41708023071288,6.583217926025391,6.546557931900025,159.92820526123046,158.77348831176758,-0.0027331323362886,-0.0028070060070604,-0.0032260385341942,0.4586288332939148,0.2231349647045135,0.2244191914796829,0.0047765281051397,0.0143022267147898,-0.0782438740134239,-0.0283227227628231,-0.2023313343524933,-0.1668466031551361
2020-12-15 00:00:00+00:00,74.67,75.68,74.55,75.59,0.92,75.13,14187.0,129164.0,465.0,531.0,,73.89281570434571,73.52115951538086,6.583217926025391,6.546557931900025,160.27248626708985,158.83520980834962,-1.1153813829878343e-05,0.0022161775268614,-0.0019830286037176,1.4028980731964111,0.7641059756278992,0.2897796928882599,-0.0702824220061302,-0.0665120929479599,-0.1116205304861068,-0.0400967672467231,-0.2791661620140075,-0.191605731844902
2020-12-16 00:00:00+00:00,75.53,76.07,75.34,75.65,0.06,75.71,11831.0,130366.0,63.0,352.0,,73.87078063964844,73.48176628112793,6.5504439210891725,6.528808975219727,160.06350143432618,158.87005416870116,0.00044444334344,0.0007366582867689,0.0014239522861316,0.137969434261322,0.0664877742528915,-0.1537986546754837,-0.0290561392903327,-0.0555335879325866,-0.1186180710792541,-0.0381115972995758,-0.2533465027809143,-0.1946289837360382
2020-12-17 00:00:00+00:00,75.65,77.41,75.51,77.19,1.54,76.82,19031.0,130647.0,5.0,20.0,,73.80643600463867,73.27157661437988,6.546976842880249,6.524701948165894,159.98950073242187,158.85470138549806,-2.6897967472905293e-05,0.0008857734501361,0.0013757357373833,0.2329832464456558,0.097477301955223,0.0874709412455558,-0.1115614026784896,-0.121268555521965,0.0348407588899135,-0.0386799685657024,-0.284801185131073,-0.1779183149337768
2020-12-18 00:00:00+00:00,77.19,77.41,76.85,77.16,-0.03,77.12,11444.0,133252.0,27.0,2721.0,,73.72496070861817,73.36335998535156,6.549796853065491,6.524468927383423,159.64390563964844,158.28814224243163,-0.0015090929809957,-0.0011524524306878,-0.0017511580372229,-0.1423732787370681,-0.0653640478849411,-0.0757041573524475,0.0008136739488691,0.0223658569157123,0.078115589916706,-0.0284408573061227,-0.2140712738037109,-0.1438692808151245
2020-12-21 00:00:00+00:00,77.2,77.3,74.6,74.76,-2.4,75.31,24328.0,133043.0,281.0,96.0,,73.82796699523925,73.40057182312012,6.550667924880981,6.51985595703125,160.245555267334,158.88400817871093,-0.0004021473578177,-0.0011751430574804,-0.0031059712637215,0.8158839344978333,0.3745444118976593,0.1731412708759308,0.1418495029211044,0.1379317492246627,0.2369443625211715,0.0312818996608257,-0.1580970734357834,-0.1247154474258422
2020-12-22 00:00:00+00:00,74.76,75.22,74.28,74.82,0.06,74.73,13645.0,128367.0,842.0,88.0,,74.22191566467285,73.70927742004395,6.550279922485352,6.528546061515808,159.55128616333008,158.32735061645508,0.0013827410293743,0.0012896826956421,-0.0024679086636751,-0.5817214846611023,-0.1884381771087646,-0.095825046300888,0.2040083706378936,0.113937459886074,0.0942180603742599,-0.0320073142647743,-0.2843944430351257,-0.2122537791728973
2020-12-23 00:00:00+00:00,74.8,76.4,74.4,76.14,1.32,75.89,12764.0,125875.0,47.0,62.0,,74.3851596069336,74.00625282287598,6.5496109580993656,6.527056999206543,160.4034994506836,159.0561311340332,-0.0030880577396601,-0.003044081153348,-0.0033895529340952,-0.2809630036354065,0.1869991719722747,-0.0718084797263145,-0.2617394030094147,-0.2893944680690765,-0.2586829364299774,-0.0306937061250209,-0.0863553285598754,-0.0692049115896225
2020-12-24 00:00:00+00:00,76.05,76.59,75.91,76.2,0.06,76.27,5069.0,125728.0,42.0,32.0,,73.92797119140624,73.43397506713868,6.549943909645081,6.528897981643677,160.4779960632324,158.69487594604493,0.0007076695910654,0.0009624337544664,0.0016028534155339,0.0290782824158668,0.0840594619512558,0.0828275457024574,-0.0336753576993942,-0.0307767800986766,-0.0265758242458105,-0.0407000556588172,-0.2939361929893493,-0.1799934655427932
2020-12-28 00:00:00+00:00,76.4,76.67,76.15,76.35,,76.4,5765.0,125592.0,5.0,,,73.83336967468261,73.41990463256836,6.549307947158813,6.527399969100952,159.29442657470702,158.24685272216797,-0.0037399653811007,-0.0034182600211352,-0.0027846551965922,-0.0789427235722541,-0.135005921125412,-0.0914739072322845,-0.0112720560282468,0.013312192633748,-0.0443322360515594,0.1629144251346588,0.6387563943862915,0.3891720175743103
2020-12-29 00:00:00+00:00,76.7,77.25,76.36,77.01,0.66,76.8,9315.0,125242.0,199.0,,,73.72327545166016,73.24140853881836,6.5452858304977415,6.524776945114136,160.2709976196289,158.88000228881836,-0.0149381449446082,-0.0127366362139582,-0.0054883481934666,-0.2821128368377685,0.1296888291835785,-0.1050608530640602,-0.1162766218185424,-0.1296107023954391,-0.0308473315089941,-0.0296722799539566,-0.2056560069322586,-0.1692094355821609
2020-12-30 00:00:00+00:00,77.0,78.06,76.9,77.97,0.96,77.62,12802.0,126158.0,229.0,,,73.70495101928711,73.0600161743164,6.544021816253662,6.523295922279358,160.4794960021973,158.26338287353516,-0.0104647409170866,-0.0059605082497,-0.0026361208874732,0.1841757595539093,0.2941603064537048,0.1786306053400039,-0.1248059421777725,-0.1789125949144363,-0.0444011203944683,-0.0539610497653484,-0.37135711312294,-0.3230496048927307
2020-12-31 00:00:00+00:00,77.97,78.39,77.48,78.12,0.15,77.97,8154.0,127970.0,348.0,120.0,,73.54469520568847,72.93498138427735,6.543726830482483,6.524528942108154,160.26799713134767,158.75028701782227,-0.0028363578021526,-0.0016191962640732,-0.0024621787015348,-0.1184648498892784,0.1394303739070892,0.1363166868686676,-0.0449885055422782,-0.0418946519494056,-0.052227396517992,-0.0214068833738565,-0.2359761297702789,-0.2273062467575073
2021-01-04 00:00:00+00:00,78.25,79.9,78.25,78.97,,79.15,22278.0,127824.0,5.0,6.0,,73.56790740966797,72.88098030090332,6.538870906829834,6.51929093837738,160.06170227050782,158.68780136108398,-0.0104778669774532,-0.0084716575220227,-0.0046850214712321,0.3004683554172516,0.2293200939893722,0.1499214023351669,-0.0344796702265739,-0.057999599725008,-0.047542430460453,-0.0163876134902238,-0.0777710825204849,-0.1801945120096206
2021-01-05 00:00:00+00:00,78.97,80.72,78.97,80.35,1.38,79.89,20166.0,129469.0,571.0,5.0,,73.57479385375977,73.07313385009766,6.53750696182251,6.519378018379212,160.24300216674806,158.6705876159668,0.0021026323083788,0.0036578816361725,0.0031586207915097,0.4855719208717346,0.3013482093811035,0.1825436651706695,-0.0438466034829616,-0.0445766448974609,-0.0758320912718772,0.1182628646492958,0.3449350595474243,0.2093009501695633
2021-01-06 00:00:00+00:00,80.41,80.93,79.92,80.06,-0.29,80.54,17361.0,129789.0,71.0,51.0,,73.56136367797852,73.07182342529296,6.53750696182251,6.519378018379212,160.2498992919922,158.7586653137207,0.0035775743890553,0.0046469578519463,0.0039781699888408,0.209982618689537,0.1392690688371658,0.0984335541725158,-0.0171226859092712,-0.0343284718692302,-0.0620288327336311,-0.0396074131131172,-0.3168907761573791,-0.3113519549369812
2021-01-07 00:00:00+00:00,79.99,80.7,79.65,79.76,-0.3,80.05,14550.0,128438.0,104.0,2.0,,73.50567146301269,73.06283851623535,6.53750696182251,6.519378018379212,160.0758186340332,158.7757389831543,-0.0031189927831292,-0.0013954655732959,-0.0014346642419695,-0.4946974515914917,0.1695629954338073,-0.1012430563569068,0.0269669573754072,0.0269642677158117,-0.03611421585083,-0.0217265076935291,-0.204593226313591,-0.230940967798233
2021-01-08 00:00:00+00:00,79.76,80.39,79.55,79.77,0.01,79.84,11960.0,127512.0,292.0,,,73.70155097961425,73.1537548828125,6.53750696182251,6.519378018379212,160.07120178222655,158.62729522705078,-0.002823855029419,0.0027359663508832,-0.0017271077958866,0.0496388413012027,0.1125906333327293,0.0948400124907493,0.0069725518114864,0.019527792930603,0.0518752448260784,-0.0168347917497158,-0.0973752439022064,-0.1716413795948028
2021-01-11 00:00:00+00:00,80.0,80.5,78.65,80.43,0.66,79.45,20155.0,125372.0,6.0,,,73.56611221313477,73.18144256591796,6.53750696182251,6.519378018379212,160.23500213623046,158.68045944213867,-0.0042591956444084,-0.0043803579173982,-0.0034934186842292,-0.5848650932312012,-0.3284466564655304,-0.1623347848653793,0.1024448573589325,0.080415204167366,0.1098740100860595,0.1773899495601654,0.63215571641922,0.276096761226654
2021-01-12 00:00:00+00:00,80.45,81.77,79.86,81.7,1.27,80.83,22760.0,122770.0,4.0,,,73.73093338012696,73.28813301086426,6.53750696182251,6.519378018379212,160.2335011291504,158.7389859008789,0.0056895539164543,0.0044710142537951,0.0022787158377468,-0.2573828101158142,-0.1529556810855865,-0.103821761906147,-0.0933586582541465,-0.0946284309029579,0.0514502227306366,-0.037480391561985,-0.2801425457000732,-0.2772545218467712
2021-01-13 00:00:00+00:00,81.7,82.08,80.76,80.92,-0.78,81.39,18437.0,122430.0,272.0,,,73.57033592224121,73.08025314331054,6.53750696182251,6.519378018379212,160.2730648803711,158.71042694091796,-0.0001108293436118,0.0020654087420552,0.0015239205677062,0.7217784523963928,0.3762368559837341,0.1538449227809906,0.0633504092693328,0.0709240809082984,0.1823556125164032,0.0290246549993753,-0.110153242945671,-0.2418639361858368
2021-01-14 00:00:00+00:00,80.92,81.52,80.25,81.15,0.23,81.1,12517.0,121022.0,124.0,2.0,,73.63268478393555,73.00276245117188,6.53750696182251,6.519378018379212,160.2449185180664,158.75448822021485,-0.0016875960864126,-0.001844712300226,-0.0017115621594712,-0.0570120625197887,-0.0459118373692035,0.1158875450491905,0.0310995019972324,0.0431218855082988,0.0788232535123825,-0.0272951982915401,-0.197579950094223,-0.2247995138168335
2021-01-15 00:00:00+00:00,81.12,81.43,80.6,80.7,-0.45,80.95,12886.0,120235.0,19.0,3.0,,73.55284034729004,73.02936370849609,6.53750696182251,6.519378018379212,160.2640023803711,158.6676005554199,0.0002273836144013,0.0024499171413481,-0.0018166076624765,0.2487042695283889,0.1359308212995529,0.1153031513094902,0.0626295134425163,0.0765194445848465,0.1129512190818786,-0.0175815299153327,-0.1127175092697143,-0.1394936144351959
2021-01-18 00:00:00+00:00,80.7,81.43,80.6,80.7,0.0,,12886.0,119650.0,,,,73.53743080139161,73.08585289001465,6.4854640293121335,6.461655135154724,159.98158416748046,158.9311344909668,-0.0028366914484649,-0.0034096366725862,-0.0031629663426429,0.3886813521385193,0.1628351956605911,0.1042786762118339,0.0776282921433448,0.0744711905717849,0.1114691048860549,0.100689873099327,0.2493323385715484,0.1792725026607513
2021-01-19 00:00:00+00:00,80.88,81.85,80.75,81.15,0.45,81.37,16216.0,119650.0,133.0,132.0,,73.42889541625976,73.0737109375,6.4854640293121335,6.461655135154724,159.9912889099121,158.82495635986328,-0.0056309318169951,-0.0077126598916947,-0.0042342245578765,0.6008015871047974,0.2441565096378326,0.1318496316671371,0.0615176148712635,0.0701565369963646,0.0566428899765014,0.0766014829277992,0.2495423853397369,0.2605690658092499
2021-01-20 00:00:00+00:00,81.0,81.75,80.6,81.59,0.44,81.17,15914.0,119111.0,5.0,,,73.43592575073242,72.95063179016114,6.481845092773438,6.454096984863281,159.923243560791,159.21585021972658,-0.0026944279670715,-0.0019278191030025,-0.0021536783315241,0.3327295482158661,0.2227406203746795,-0.1246122568845748,-0.0326790884137153,0.0392467603087425,-0.0959449037909507,-0.0383500382304191,-0.2337582409381866,-0.2438966035842895
2021-01-21 00:00:00+00:00,81.59,83.06,81.4,82.57,0.98,82.51,17483.0,117684.0,42.0,10.0,,73.39612144470215,72.9224479675293,6.477481970787048,6.4512020778656005,159.8182571411133,159.06028579711915,0.0009665375691838,0.0043917568400502,0.0027490351349115,0.0332881920039653,-0.0993411913514137,-0.2961363196372986,0.0427021645009517,0.0462525784969329,0.0424601584672927,-0.0388118512928485,-0.2515309453010559,-0.2726559638977051
2021-01-22 00:00:00+00:00,82.52,82.56,81.5,81.56,-1.01,81.79,21533.0,118340.0,876.0,22.0,,73.39074531555175,72.9517140197754,6.472994923591614,6.451088976860047,160.211397857666,158.7652229309082,-0.0007822489715181,-0.0010316858533769,-0.0017271426040679,0.035309724509716,0.1104094237089157,-0.1344119906425476,0.1523378789424896,0.1206877455115318,0.1458517163991928,-0.0335820578038692,-0.20682954788208,-0.2381565272808075
2021-01-25 00:00:00+00:00,81.56,82.47,81.5,82.33,0.77,82.13,14739.0,114318.0,74.0,,,73.39612144470215,72.9224479675293,6.485596032142639,6.461655135154724,160.38864883422852,159.026102142334,-0.0043886881321668,-0.0057845734991133,-0.0035923013929277,-0.0637557730078697,-0.2121951580047607,-0.1402549743652343,0.0379711501300334,-0.0437289550900459,0.0971730276942253,-0.0332175195217132,-0.2385465204715728,-0.2156704217195511
2021-01-26 00:00:00+00:00,82.3,82.32,81.11,81.71,-0.62,81.66,18843.0,113801.0,390.0,3346.0,,73.38216949462891,72.93141128540039,6.484648079872131,6.459947113990784,160.3746485900879,158.98382110595702,0.0022196986246854,0.004550046287477,0.0030917492695152,-0.3677780330181122,-0.2374811172485351,-0.1556651443243026,-0.0595537684857845,-0.0438866727054119,0.0826177299022674,-0.0318805836141109,-0.2458571642637252,-0.209838718175888
2021-01-27 00:00:00+00:00,81.72,82.43,80.68,80.84,-0.87,81.34,17385.0,109529.0,41.0,,,73.38216949462891,72.93141128540039,6.477348914146424,6.449780988693237,160.33039688110352,158.93786300659178,-0.0203147772699594,-0.0233806297183036,-0.0084838988259434,-0.1982798725366592,-0.0843014121055603,-0.1027465313673019,0.0552184768021106,0.0467650592327117,0.066691979765892,-0.0537000074982643,-0.3919668197631836,-0.2632807195186615
2021-01-28 00:00:00+00:00,80.85,81.4,79.85,79.93,-0.91,80.34,20302.0,106745.0,77.0,262.0,,73.39439445495606,72.92723701477051,6.482319030761719,6.459115104675293,159.93988265991212,159.0128924560547,-0.0221484564244747,-0.0235512163490057,-0.0095729641616344,0.0897468999028205,0.0526476874947547,0.09579349309206,0.0280551873147487,0.0345192849636077,-0.0437566563487052,-0.0774181336164474,-0.5446983575820923,-0.3415763080120086
2021-01-29 00:00:00+00:00,79.98,80.85,79.75,80.64,0.71,80.34,14186.0,101862.0,416.0,20.0,,73.38216949462891,72.93141128540039,6.50409200668335,6.442428951263428,159.89933944702148,158.93830932617186,0.0129229826852679,0.0209827069193124,0.0074142492376267,-0.4581847488880157,-0.1909194439649582,-0.1461185812950134,-0.0290057249367237,-0.0386677980422973,0.0440406873822212,-0.0752763599157333,-0.5418118238449097,-0.353607177734375
2021-02-01 00:00:00+00:00,80.68,81.6,79.81,80.03,-0.61,80.7,20102.0,99020.0,46.0,2.0,,73.20689788818359,72.87217834472656,6.501350078582764,6.445826926231384,159.03601104736327,158.71635787963868,-0.0050127762369811,-0.0081490390002727,-0.0053170449100434,0.3215378820896148,0.3174547553062439,0.1816606074571609,0.0714686140418052,0.0774126425385475,0.0960113257169723,0.2385365664958953,0.9362480044364928,0.4725146293640136
2021-02-02 00:00:00+00:00,80.24,81.01,79.8,80.69,0.66,80.44,17849.0,94234.0,138.0,,,73.3774200439453,73.01893119812011,6.475721907615662,6.452544050216675,160.00888702392578,158.8940414428711,-0.002085638931021,-0.0012304647825658,-0.0028466861695051,-0.2046035677194595,-0.1092272028326988,0.1384507566690445,0.0500678420066833,0.0307925250381231,0.0397596471011638,-0.0217674430459737,-0.1554006785154342,-0.213950902223587
2021-02-03 00:00:00+00:00,80.69,81.14,80.45,80.99,0.3,80.86,14313.0,89736.0,71.0,2001.0,,73.18814407348633,72.85908432006836,6.479397916793824,6.438962965011597,159.9607255554199,158.8584931945801,0.0002317775215487,0.0018128014635294,-0.0022821030579507,-0.1741548627614975,-0.0765350088477134,0.1314569413661956,0.0721427500247955,0.0482266284525394,0.1034412533044815,-0.0185053329914808,-0.0750592499971389,-0.0922608226537704
2021-02-04 00:00:00+00:00,81.0,84.82,80.84,84.28,3.29,83.03,34961.0,83782.0,20.0,3450.0,,73.18995918273926,72.86522872924805,6.477742943763733,6.454295992851257,159.96739990234374,158.8054769897461,0.0001915108441608,0.0017935466021299,-0.0033207591623067,-0.6116553544998169,-0.2681046724319458,0.1838787794113159,0.0656248778104782,0.0697562843561172,0.1272886991500854,-0.0186471343040466,-0.0690068155527114,-0.0874753147363662
2021-02-05 00:00:00+00:00,84.25,84.89,82.59,82.74,-1.54,83.68,31526.0,82240.0,75.0,2010.0,,73.18783584594726,72.87847419738769,6.475425009727478,6.456603050231934,160.04737045288087,158.8937728881836,-0.0013895141892135,-0.0043395762331783,-0.0045370985753834,-0.5380085706710815,-0.2406578958034515,0.168179765343666,-0.0086713526397943,-0.0083811832591891,-0.0750110670924186,0.0303209125995636,-0.0544992759823799,-0.1121286153793335
2021-02-08 00:00:00+00:00,83.0,84.76,82.73,84.28,1.54,83.94,22699.0,69043.0,172.0,386.0,2000.0,73.18646072387695,72.86912551879882,6.476671886444092,6.453029022216797,159.71392349243163,158.38434158325197,0.0009181599016301,-0.0044161407276988,-0.002731705084443,0.2730417251586914,0.3000226020812988,0.1765756458044052,0.1723973751068115,0.1706106215715408,0.0719855055212974,-0.0188426785171031,-0.1619565188884735,-0.2169957607984542
2021-02-09 00:00:00+00:00,84.4,87.13,84.4,86.93,2.65,86.16,27566.0,57866.0,75.0,213.0,,73.1845566558838,72.86636001586913,6.498764085769653,6.436788945198059,159.67778198242186,158.3294999694824,0.0039745089598,0.0065310136415064,0.00343245617114,0.0878302603960037,0.0704454854130745,-0.1462860703468322,-0.0100676380097866,0.0178742501884698,-0.0732531175017356,-0.019673965871334,-0.1600968539714813,-0.1510270535945892
2021-02-10 00:00:00+00:00,86.5,86.75,84.41,84.67,-2.26,85.3,24458.0,46852.0,25.0,2562.0,,73.19821350097656,72.85406143188476,6.4990260887146,6.436788945198059,159.73007751464843,158.97138153076173,-0.00128917733673,-0.0006189182167872,-0.001594919594936,0.2491735368967056,0.215712308883667,0.1789760142564773,0.0370326749980449,0.0391391962766647,-0.0315700396895408,0.1193087846040725,0.3339568972587585,0.1949301958084106
2021-02-11 00:00:00+00:00,84.5,86.77,84.5,86.41,1.74,85.66,17300.0,32701.0,656.0,,,73.18486877441406,72.87087852478027,6.478820943832398,6.441212978363037,159.47334365844728,158.1884617614746,-0.0007253897492773,-0.0003823786100838,-0.0016724239103496,0.8567372560501099,0.5316613912582397,0.2429289817810058,-0.0510876327753067,-0.0570177063345909,-0.0648621618747711,0.0872287899255752,0.1313521414995193,0.1175377368927002
2021-02-12 00:00:00+00:00,86.16,87.33,85.35,87.27,0.86,86.27,11676.0,23749.0,233.0,,,73.18486877441406,72.87087852478027,6.478820943832398,6.441212978363037,159.08122161865234,158.11099334716798,-0.000560344196856,-0.0010634341742843,-0.0021726454142481,0.0761749446392059,0.1105095967650413,0.1283706128597259,-0.047153502702713,-0.0358381085097789,-0.0797825381159782,0.136048749089241,0.3155981600284576,0.1768024861812591
2021-02-15 00:00:00+00:00,87.27,87.33,85.35,87.27,0.0,,11676.0,17517.0,,,,73.18486877441406,72.87087852478027,6.478820943832398,6.441212978363037,158.57404876708983,157.25793350219726,-0.0011356511386111,-0.0010194180067628,-0.0020235779229551,0.8667098879814148,0.4918535351753235,0.1974942982196808,-0.0406696163117885,-0.0478175953030586,-0.068336620926857,-0.0202862787991762,-0.1514874249696731,-0.0800586193799972
2021-02-16 00:00:00+00:00,87.3,88.9,87.3,88.12,0.85,88.17,8235.0,17510.0,62.0,50.0,,72.99290870666503,72.73243530273437,6.458684167861938,6.433190145492554,158.0811930847168,157.1130908203125,0.0006832593935541,0.0004341356398072,-0.0023590112105011,0.1373553723096847,0.0396554470062255,0.0838500037789344,0.0874309092760086,0.0935770496726036,0.1048389226198196,0.1130448132753372,0.3412498235702514,0.2126818895339965
2021-02-17 00:00:00+00:00,88.01,88.49,87.58,88.36,0.24,88.07,5836.0,9907.0,111.0,175.0,,73.14555755615234,72.86017051696777,6.458468179702759,6.444140129089355,159.82787399291993,158.8751136779785,0.0237152948975563,0.0242340881377458,0.0087340353056788,0.3155457973480224,0.0874208733439445,0.0888342410326004,0.0009157273452728,-0.0298870149999856,-0.0361797511577606,0.1145027130842208,0.4191972315311432,0.1525259912014007
2021-02-18 00:00:00+00:00,88.36,89.23,88.0,88.73,0.37,88.55,5330.0,5854.0,74.0,,,73.03773620605469,72.75950752258301,6.465527000427247,6.441639013290406,159.08971710205077,157.85400161743163,-0.0116511695086956,-0.01237653195858,-0.0049979407340288,-0.1628781855106353,-0.1625072956085205,-0.1004855707287788,-0.0290335677564144,-0.033194150775671,-0.0770234242081642,0.1244066134095192,0.3666363060474396,0.162434309720993
2021-02-19 00:00:00+00:00,88.75,89.36,88.07,88.95,0.22,88.8,2668.0,1996.0,,,,72.96872886657715,72.71952041625977,6.490547995567322,6.465235033035278,158.9164730834961,157.55813232421875,-0.0096569340676069,-0.0121862804517149,-0.0045716641470789,-1.595405340194702,-0.8872736096382141,-0.2265156805515289,-0.0480006225407123,-0.0436951145529747,0.043819710612297,-0.0174948256462812,-0.1152360215783119,-0.0929789394140243
2021-02-22 00:00:00+00:00,89.0,90.77,89.0,90.91,1.96,90.45,173.0,190.0,,,,72.96872886657715,72.71952041625977,6.48773802280426,6.462237057685852,158.00875732421875,157.1935160827637,-0.0024903521407395,-0.003572940127924,-0.0028361515142023,0.1976095736026764,0.2142544537782669,0.1082470342516899,-0.0959400981664657,-0.1246278658509254,0.0363642573356628,0.1719286441802978,0.5362635850906372,0.246022492647171
2021-02-23 00:00:00+00:00,91.38,91.48,90.5,91.37,0.46,91.08,21.0,52.0,,,,72.96872886657715,72.71952041625977,6.476756868362426,6.448739023208618,158.97998916625977,157.47246688842773,-0.0036593081895262,-0.0024225320667028,-0.0017861250089481,0.5687522292137146,0.2555547952651977,0.1151976361870765,0.0295844748616218,0.0311988648027181,0.0836087241768837,-0.0201449766755104,-0.2405455559492111,-0.1729634702205658
2021-02-24 00:00:00+00:00,91.37,92.33,90.5,92.33,0.96,,21.0,25.0,,,,72.96872886657715,72.71952041625977,6.47333890914917,6.448388986587524,158.6619500732422,157.52756729125977,-0.002263187430799,-0.0011534132063388,-0.0015978027367964,0.3532090783119201,0.2093811929225921,0.1096253618597984,0.0119589315727353,-0.0243055466562509,0.1182596459984779,-0.0168612077832222,-0.2256304323673248,-0.111550785601139
2021-02-25 00:00:00+00:00,91.89,92.95,89.44,88.24,-4.09,92.29,98.0,17.0,,,,72.96872886657715,72.71952041625977,6.461800136566162,6.434197044372558,158.5406721496582,157.33554138183592,0.0037633730098605,0.0056445067748427,0.0053341556340456,0.395795464515686,0.2815670371055603,0.1445339620113372,0.2968993186950683,0.2503359317779541,0.1505028307437896,0.1256343424320221,0.5020808577537537,0.1944275647401809
2021-02-26 00:00:00+00:00,87.88,87.88,87.81,87.82,-0.42,87.84,11.0,43.0,,,,73.75708724975586,73.04916267395019,6.46583197593689,6.443657989501953,157.39651306152345,156.59335235595702,-0.0044404873624444,-0.0035601411946117,-0.0024453091900795,0.1857388168573379,0.2111601382493972,0.1617984622716903,0.3488917052745819,0.3761439919471741,0.3678896725177765,0.2245110720396042,0.6289529800415039,0.3993258476257324
2021-03-01 00:00:00+00:00,88.48,88.48,88.48,90.26,2.44,88.48,10.0,15.0,,,,73.8156844329834,73.27850891113282,6.483593978881836,6.456842923164368,157.84058380126953,156.8746664428711,0.0013194913044571,0.002095837611705,0.0034905732609331,0.5652063488960266,0.3054052293300628,0.1673899888992309,-0.1093753352761268,-0.1165606006979942,0.0696362033486366,0.2476075887680053,1.0833899974822998,0.4811364114284515
2021-03-02 00:00:00+00:00,89.7,89.7,89.7,89.44,-0.82,89.7,1.0,13.0,,,,73.58586624145508,73.216474609375,6.478512902259826,6.452217054367066,157.9360986328125,156.49728256225586,-0.0003357799141667,-0.0009134588763117,0.0013415630673989,0.4492166042327881,0.1577726155519485,0.172803446650505,0.0592775270342826,0.0466454252600669,0.096878096461296,-0.0202388577163219,-0.122988723218441,-0.1312606185674667
2021-03-03 00:00:00+00:00,89.44,89.7,86.9,86.9,-2.54,,1.0,10.0,,,,73.30917205810547,72.72195083618163,6.473294925689697,6.449305925369263,158.09907119750977,156.4562561035156,-0.0017581123393028,-0.0008285621297545,-0.0014511817134916,0.3768862783908844,0.2009149342775344,0.1589893996715545,-0.0950083583593368,-0.1354813277721405,-0.0780771225690841,-0.0171598326414823,-0.2142757624387741,-0.0805129557847976
2021-03-04 00:00:00+00:00,86.9,89.7,85.59,85.59,-1.31,,1.0,0.0,,,,73.02609046936035,72.69340148925781,6.471430988311767,6.453717021942139,158.1051104736328,156.6572171020508,0.0164449401199817,0.0174273438751697,0.0087385289371013,0.2389095574617386,0.145869180560112,0.1398108303546905,0.1110885515809059,0.0913437008857727,0.1015715971589088,-0.018758337944746,-0.1150272339582443,-0.1482302695512771
2021-03-05 00:00:00+00:00,85.59,89.7,85.59,86.21,0.62,,1.0,,,,,73.14133598327636,72.76218338012696,6.47271493434906,6.454260053634644,158.07916580200197,156.73044067382813,0.0181280318647623,0.0217830594629049,0.011460187844932,0.1012297347187995,0.0700709596276283,0.0804112404584884,-0.0300369076430797,-0.0386964529752731,0.0536006800830364,0.0957246571779251,0.195709154009819,0.1919580698013305
2021-03-08 00:00:00+00:00,86.21,89.7,85.59,86.77,0.56,,1.0,,,,,73.46965278625488,73.02343017578124,6.498588991165161,6.474621019363403,158.1051104736328,156.6572171020508,0.0049574598670005,-0.0042097689583897,0.0052099670283496,0.2173123955726623,0.1321713775396347,0.0905442610383033,0.0233562886714935,0.0545509681105613,0.0649399906396865,0.0193239897489547,0.0424182042479515,0.1783761978149414
2021-03-09 00:00:00+00:00,88.2,88.2,84.32,84.32,-4.0,85.71,23699.0,104564.0,186.0,,,73.46364997863769,72.7889175415039,6.53736295223236,6.519407000541687,158.1051104736328,156.6572171020508,0.0054043219424784,0.0055135013535618,0.0050465310923755,0.5583966970443726,0.1556868404150009,0.0786253735423088,-0.1311533749103546,-0.1401991546154022,-0.1006076708436012,-0.0157816149294376,-0.0754909664392471,-0.1773865520954132
2021-03-10 00:00:00+00:00,84.32,86.59,82.87,85.22,0.9,85.25,22956.0,101639.0,55.0,,337.0,73.09250747680665,72.78948616027832,6.509497985839844,6.487623014450073,158.1051104736328,156.6572171020508,0.003057106398046,0.0017458552028983,0.0026376037858426,0.2835688591003418,0.0965689793229103,0.0626799315214157,0.082680307328701,0.0644472390413284,0.1636378467082977,-0.0157243516296148,-0.1510890126228332,-0.1671784073114395
2021-03-11 00:00:00+00:00,85.22,88.56,85.01,88.35,3.13,87.66,16521.0,100217.0,565.0,,,72.84554977416992,72.6118096923828,6.499264988899231,6.476426014900207,158.10961044311523,156.72811645507812,0.0023891546297818,0.002963338047266,0.0030459275003522,-0.0891956984996795,0.0826348662376403,0.0564371868968009,0.0125734405592083,0.0324254371225833,0.0920281335711479,0.1378605365753173,0.3489954769611358,0.2490502297878265
2021-03-12 00:00:00+00:00,88.35,88.49,85.95,87.56,-0.79,87.24,12668.0,99581.0,309.0,,45.0,72.7639463043213,72.48793167114258,6.489821977615357,6.464232015609741,158.10561050415038,156.6572171020508,0.0035230696666985,0.002321105916053,0.0030445081647485,-0.1230217739939689,-0.061382807791233,-0.058787390589714,0.0643138214945793,0.0807800740003585,0.2019496411085128,-0.0190521255135536,-0.2699635326862335,-0.1087208613753318
2021-03-15 00:00:00+00:00,87.87,87.87,85.58,86.72,-0.84,86.58,11606.0,99305.0,110.0,50.0,,72.81492813110351,72.5884130859375,6.489957990646363,6.465194020271301,158.1051104736328,156.6572171020508,0.0044974987395107,0.0022639553062617,0.0025683713611215,-0.0332855507731437,-0.0704627186059951,0.0560880228877067,0.0478396378457546,0.0428368374705314,0.0967019572854042,0.2345040142536163,0.934963583946228,0.5094970464706421
2021-03-16 00:00:00+00:00,86.65,87.53,86.12,86.92,0.2,87.02,9139.0,97801.0,251.0,,50.0,72.74124717712402,72.438217086792,6.504611005783081,6.476063981056213,156.78145278930663,155.64786804199218,0.001256255665794,-0.0011707770172506,-0.0018545872299,0.0973381847143173,0.0653098300099372,0.0544102489948272,0.1080207750201225,0.0741955190896987,0.1696329414844513,-0.0194532535970211,-0.121998131275177,-0.0840374380350112
2021-03-17 00:00:00+00:00,86.92,87.54,86.22,86.51,-0.41,86.91,7506.0,96584.0,118.0,,,72.7769612121582,72.45506408691406,6.518929934501648,6.491680879592895,156.9278910827637,155.64621551513673,-0.0014672250254079,-0.0017400041688233,-0.001591651700437,0.0179499704390764,0.0530835315585136,0.0481358543038368,0.1178267523646354,0.1263641417026519,0.1915884763002395,-0.0166711714118719,-0.188112199306488,-0.0668452605605125
2021-03-18 00:00:00+00:00,86.62,87.38,85.35,85.45,-1.06,86.29,10072.0,96498.0,35.0,15.0,,72.66250549316406,72.35312629699708,6.517930932044983,6.491451878547668,156.88659149169922,155.59163986206056,3.7315181543817744e-05,-0.0008449082379229,0.0015548882074654,-0.3509095907211303,-0.1453443467617035,-0.0856964588165283,0.2435610890388488,0.2571180462837219,0.2252093851566314,0.1352729797363281,0.370113343000412,0.2190571278333664
2021-03-19 00:00:00+00:00,85.74,85.78,83.65,84.68,-0.77,84.68,14605.0,95334.0,25.0,,,72.807939453125,72.54729606628418,6.52158194065094,6.493466897010803,156.91419128417968,155.6276055908203,0.0017481519607827,0.0016612134641036,0.0023236607667058,0.1443608552217483,0.1153081879019737,0.0911617204546928,0.0735526159405708,0.0988674089312553,-0.0502762086689472,0.0679807513952255,0.0647895336151123,0.157132863998413
2021-03-22 00:00:00+00:00,84.95,85.16,84.17,84.62,-0.06,84.63,7574.0,94727.0,15.0,,,72.63426834106446,72.3257950592041,6.505147037506103,6.478149952888489,156.91419128417968,155.6276055908203,0.0030872535426169,0.001664638868533,0.0024277968332171,-0.103732019662857,-0.0678457468748092,-0.1943359822034835,0.1245631203055381,0.1523784697055816,0.2413263022899627,0.2415511608123779,0.8491926193237305,0.3809302449226379
2021-03-23 00:00:00+00:00,84.59,84.87,83.35,83.53,-1.09,83.99,10115.0,94203.0,110.0,,,72.57962615966797,72.31725997924805,6.530570020675659,6.496097898483276,156.91419128417968,155.6276055908203,0.0032518834341317,0.0012890101643279,0.0025673776399344,-0.3780890107154846,-0.2753008306026459,-0.135914921760559,0.0810024738311767,0.0838524848222732,0.1992566585540771,-0.0183841884136199,-0.1050403267145156,-0.1782835721969604
2021-03-24 00:00:00+00:00,83.53,83.71,81.91,82.44,-1.09,82.58,15144.0,94098.0,148.0,244.0,,72.82252883911133,72.53512725830078,6.5372409963607785,6.50710298538208,156.91419128417968,155.6276055908203,0.0221352204680442,0.0245121773332357,0.0104495622217655,0.1079845502972602,0.078413687646389,0.0957264900207519,0.0528259575366973,0.050001997500658,0.158570110797882,0.0461869649589061,-0.0826325491070747,-0.1942023783922195
2021-03-25 00:00:00+00:00,82.4,82.81,78.44,78.44,-4.0,79.87,30249.0,94100.0,99.0,,,72.80355613708497,72.52712707519531,6.535854949951172,6.511082057952881,156.91419128417968,155.6276055908203,-0.0047284751199185,-0.0053014168515801,-0.0031468966044485,0.230005070567131,0.1499544233083725,0.1410391926765442,0.0744785517454147,0.0603931546211242,0.1602638065814972,-0.0189572870731353,-0.1974833309650421,-0.1892281025648117
2021-03-26 00:00:00+00:00,78.24,81.13,77.12,80.38,1.94,80.01,21725.0,93686.0,306.0,,,72.7951473236084,72.52750999450683,6.549989948272705,6.531044001579285,156.91419128417968,155.6276055908203,0.0245110839605331,0.0245375391095876,0.0104737468063831,0.2077353745698928,0.0650110691785812,0.0788125693798065,0.0066145779564976,0.0306269638240337,0.0371162071824073,-0.0149528700858354,-0.1999634057283401,-0.0972097069025039
2021-03-29 00:00:00+00:00,80.74,80.85,79.93,80.49,0.11,80.31,11185.0,91684.0,287.0,,,72.66514335632324,72.38077125549316,6.560213975906372,6.528920955657959,156.91419128417968,155.6276055908203,0.0005220362218096,-0.0012164269573986,0.0028412723913788,0.3048297166824341,0.1315387189388275,0.563718318939209,0.1078140959143638,0.0913746356964111,0.2242857664823532,-0.0173971988260746,-0.214634507894516,-0.0865455120801925
2021-03-30 00:00:00+00:00,80.48,81.2,79.82,80.64,0.15,80.68,10348.0,90869.0,34.0,379.0,,73.19247589111328,72.73224037170411,6.583018975257874,6.5614200735092165,156.91419128417968,155.6276055908203,-0.0037581340875476,-0.004202208481729,-0.0042145461775362,0.1791252642869949,0.086950235068798,-0.0910830721259117,0.5753158926963806,0.6686170697212219,0.5256140232086182,-0.0180881731212139,-0.2686577439308166,-0.0969735756516456
2021-03-31 00:00:00+00:00,80.7,81.4,78.6,80.88,0.24,80.04,19969.0,88779.0,640.0,,,73.5995386505127,73.15762428283692,6.583203015327453,6.556537027359009,156.91419128417968,155.6276055908203,0.0162537172436714,0.0144795356318354,0.0065712719224393,-0.1944566071033477,0.0761817395687103,0.0723612532019615,-0.0643387138843536,-0.0907235592603683,0.1048391833901405,0.0487759076058864,0.1087321415543556,0.160103365778923
2021-04-01 00:00:00+00:00,80.75,81.52,77.75,77.95,-2.93,79.13,19952.0,86477.0,98.0,2070.0,92.0,73.41190567016602,73.10010353088379,6.558789944648742,6.537088923454284,154.23490447998046,152.06772033691405,-0.0015649996930733,-0.0012695181649178,-0.0025183644611388,0.3030030131340027,0.1411507576704025,0.0717156529426574,0.0727205127477645,0.0600208826363086,0.0845658928155899,0.0404740050435066,0.2604403495788574,0.2113393992185592
2021-04-05 00:00:00+00:00,78.75,79.6,77.65,77.88,-0.07,78.84,10966.0,82865.0,21.0,,,73.49491966247558,73.03946556091309,6.574898014068603,6.543924980163574,154.23490447998046,152.06772033691405,-0.0048003140836954,-0.0075889965519309,-0.0060202479362487,0.1661792993545532,0.1238209754228591,0.104590781033039,-0.0017400954384356,0.015021339058876,-0.0931700319051742,-0.0241344906389713,-0.4454044699668884,-0.1079096347093582
2021-04-06 00:00:00+00:00,77.7,80.88,77.7,79.22,1.34,79.93,21872.0,82255.0,24.0,,,73.61072280883789,73.14208763122559,6.573786025047302,6.544152960777283,154.23490447998046,152.06772033691405,5.585071266978048e-05,-0.0017637128476053,0.0026057856157422,-0.0398758314549922,-0.0303517580032348,0.0702802687883377,0.057018008083105,0.0620811097323894,-0.0608177296817302,0.0462526120245456,0.2869020402431488,0.2880315482616424
2021-04-07 00:00:00+00:00,79.22,80.64,78.84,79.5,0.28,79.55,17037.0,79167.0,155.0,1000.0,,74.14206832885742,73.40661972045899,6.547671041488647,6.521923980712891,154.23490447998046,152.06772033691405,0.0025927603710442,0.0016528019914403,0.002135997172445,-0.0475993677973747,-0.0305917747318744,-0.0786801427602768,0.7189956307411194,0.7144469618797302,0.3533582091331482,0.0172203257679939,-0.0448923483490943,0.2089768946170807
2021-04-08 00:00:00+00:00,79.8,81.94,79.6,81.41,1.91,81.1,19898.0,73090.0,503.0,250.0,33.0,74.63355827331543,74.10824462890625,6.547117033004761,6.523480958938599,154.23490447998046,152.06772033691405,0.0036170636303722,0.0022841291502118,0.0020047207362949,0.1713781952857971,0.0971140265464782,0.1082870587706565,0.2968828082084656,0.2674412131309509,0.1464080959558487,0.174090176820755,0.495557963848114,0.3590118885040283
2021-04-09 00:00:00+00:00,81.33,83.43,81.27,82.4,0.99,82.2,20544.0,66887.0,194.0,,,74.75981285095214,74.29254066467286,6.553097949028016,6.533669929504395,154.23490447998046,152.06772033691405,-0.000695310474839,-0.0013795031700283,-0.0023589774500578,0.1314286142587661,0.1176282912492752,0.129661813378334,0.2257470190525055,0.227319911122322,-0.1390870362520218,0.0423542782664299,0.1761454641819,0.2826628684997558
2021-04-12 00:00:00+00:00,82.4,82.59,80.02,80.14,-2.26,80.88,22016.0,58366.0,2.0,,,74.67370643615723,74.14511146545411,6.559381923675537,6.534043960571289,154.23490447998046,152.06772033691405,0.0009594133589416,0.0007073418237268,0.0017488036537542,-0.090383343398571,-0.0708072483539581,0.1045886725187301,0.0774658396840095,0.1251550763845443,-0.29930180311203,-0.0215213224291801,-0.0621553435921669,-0.1628980487585067
2021-04-13 00:00:00+00:00,80.14,81.97,79.84,81.82,1.68,80.89,21364.0,47126.0,38.0,1700.0,,74.75958419799805,74.26588119506836,6.551018948554993,6.5306149053573606,154.3078042602539,152.1548193359375,-0.0006457996787503,-0.0031651265453547,-0.0030049525666981,0.0645306408405304,0.0384510233998298,0.1301117837429046,0.1313890665769577,0.1577459424734115,-0.243351548910141,-0.019949372857809,-0.0880223587155342,-0.1589977592229843
2021-04-14 00:00:00+00:00,81.7,84.33,81.39,84.2,2.38,83.11,16655.0,35857.0,,,197.0,74.75958419799805,74.26588119506836,6.552471995353699,6.52840096950531,154.3078042602539,152.1548193359375,-0.0020019283983856,-0.0017763606738299,-0.001884147641249,0.3944608569145202,0.1631545126438141,0.1675814092159271,-0.0854255855083465,-0.103860855102539,-0.2566453516483307,-0.0188187938183546,-0.1104468256235122,-0.1441109478473663
2021-04-15 00:00:00+00:00,84.17,85.23,83.49,85.02,0.82,84.41,14021.0,27853.0,20.0,2000.0,,74.75958419799805,74.26588119506836,6.5420429277420045,6.523714022636414,154.23490447998046,152.06772033691405,-0.0028228492010384,-0.0032994784414768,-0.0018777113873511,0.1155853345990181,0.0836969912052154,0.126429796218872,-0.0822464302182197,-0.1289837658405304,-0.2316682338714599,-0.0181207023561,-0.1078511849045753,-0.1377682536840438
2021-04-16 00:00:00+00:00,84.78,85.1,83.59,83.71,-1.31,84.02,7866.0,20104.0,64.0,100.0,,74.70696792602538,74.27976791381836,6.53021897315979,6.501818060874939,152.73041152954102,151.29821075439452,-0.0017716120928525,-0.0025483001954853,-0.001507620094344,0.0167523957788944,0.0280505716800689,0.1065329760313034,-0.0678014233708381,-0.0602083802223205,-0.2147805243730545,-0.0182189680635929,-0.1586506217718124,-0.1294958591461181
2021-04-19 00:00:00+00:00,83.81,85.04,83.12,83.26,-0.45,,8403.0,14207.0,,,,74.8335514831543,74.21071388244629,6.522229967117309,6.500239048004151,152.76689025878906,151.36048034667968,-0.0098532438278198,-0.0079731261357665,-0.0040024351328611,0.6209194660186768,0.3903193175792694,0.1865129470825195,0.2520949244499206,0.222986027598381,-0.0879155471920967,0.1372544467449188,0.5487706661224365,0.279784619808197
2021-04-20 00:00:00+00:00,83.49,84.6,83.49,83.77,0.51,,5290.0,8904.0,,,,75.02909141540528,74.25993537902832,6.522311954498291,6.498377966880798,152.73041152954102,151.29821075439452,-0.0046108406968414,-0.0039157671853899,-0.0020805967506021,0.8506531715393066,0.5512591600418091,0.2105931341648101,0.4315998554229736,0.4619062542915344,0.1260744929313659,-0.017374575138092,-0.0826488360762596,-0.0831554159522056
2021-04-21 00:00:00+00:00,83.95,84.86,83.5,84.83,1.06,,2768.0,5207.0,,,,75.33083862304687,74.62241180419922,6.509783916473388,6.48146502494812,152.69661743164062,151.3375244140625,-0.0019391211681067,-0.0018958082655444,-0.0014746547676622,0.4208629727363586,0.2727091610431671,0.1502516269683838,-0.1108209788799285,-0.1405814290046692,-0.2055387049913406,-0.0203196387737989,-0.1693121194839477,-0.073293924331665
2021-04-22 00:00:00+00:00,85.0,85.79,84.28,84.64,-0.19,,3280.0,3937.0,,,,75.28328079223633,74.55849334716797,6.493647980690002,6.471711030006409,153.27049468994142,151.55241119384766,0.0055510313250124,0.0050572180189192,0.0026920842938125,0.6654418706893921,0.4018620550632477,0.1612390726804733,-0.3000907897949219,-0.2835924327373504,-0.242407277226448,-0.0361405536532402,-0.2599762082099914,-0.1371975690126419
2021-04-23 00:00:00+00:00,84.6,87.73,84.6,87.51,2.87,,1703.0,1292.0,,,,75.29342880249024,74.55849334716797,6.4968379735946655,6.4747010469436646,153.3666941833496,151.6705062866211,0.0021530794911086,0.0014577843248844,0.0013225430157035,0.4444172084331512,0.2982873916625976,0.133262813091278,-0.1031190231442451,-0.1441726386547088,-0.1169478669762611,-0.0196011960506439,-0.2498569935560226,-0.1285643875598907
2021-04-26 00:00:00+00:00,88.4,88.4,87.39,87.86,0.35,,7.0,78.0,,,,75.03622245788574,74.26378242492676,6.500141997337341,6.473708047866821,152.80263885498047,151.53676803588868,-0.0022279862314462,-0.0028280126862227,-0.0021694181486964,0.4756959080696106,0.3209992051124573,0.1454796344041824,-0.0291925445199012,-0.0928241312503814,-0.0645122304558754,0.1953548640012741,0.8191145658493042,0.4810359477996826
2021-04-27 00:00:00+00:00,87.64,88.9,87.64,90.07,2.21,,7.0,74.0,,,,74.8142977142334,74.2818504333496,6.486022973060608,6.457574009895325,154.5347998046875,152.53362258911133,-0.0023193990346044,-0.003348269034177,-0.0021687305998057,0.4660554826259613,0.3283003270626068,0.1382335275411605,0.0298691522330045,0.094152346253395,-0.0566552393138408,-0.0224663950502872,-0.2034813910722732,-0.1546483486890792
2021-04-28 00:00:00+00:00,90.07,90.07,87.64,88.74,-1.33,,0.0,71.0,,,,74.65868278503417,74.2171745300293,6.485738940238953,6.460997004508972,154.67390563964844,152.82082763671875,-0.0047590676695108,-0.0049695260822772,-0.0022263349965214,0.3911676704883575,0.2275977432727813,0.118978202342987,0.0735406428575515,-0.0675797164440155,0.0572334937751293,-0.0303483810275793,-0.094291977584362,0.0653090700507164
2021-04-29 00:00:00+00:00,88.25,88.25,87.56,85.89,-2.85,,2.0,5.0,,,,74.40431945800782,73.8598365020752,6.487384924888611,6.4638549327850345,153.82342315673827,152.02198516845704,-0.002647592453286,-0.0038439345080405,-0.0019363817991688,0.4625677466392517,0.2444397211074829,0.1229814514517784,-0.1785997897386551,-0.0944573432207107,-0.0360699519515037,-0.0508960783481597,-0.5043293237686157,-0.1995414048433303
2021-04-30 00:00:00+00:00,87.59,87.59,87.51,87.43,1.54,,2.0,3.0,,,,74.4332755279541,73.9025700378418,6.472146997451782,6.456613931655884,153.25569869995118,151.5081071472168,0.0018732125172391,0.0013328618369996,0.0013991682790219,0.5467552542686462,0.2880675196647644,0.12321038544178,-0.0893199518322944,-0.0563924200832843,-0.0485053397715091,-0.017972070723772,-0.1120382696390152,0.0968655347824096
2021-05-03 00:00:00+00:00,87.43,87.59,87.21,87.21,-0.22,,0.0,2.0,,,,74.44212409973144,73.9640567779541,6.476438965797424,6.458693022727966,153.1638038635254,152.10659942626953,0.0016712534707039,0.0013166294666007,0.0014386288821697,0.358917772769928,0.2386732995510101,0.1066830158233642,-0.1428568810224533,-0.1198774725198745,0.0423930287361145,0.1378044486045837,0.4216943681240082,0.2419822961091995
2021-05-04 00:00:00+00:00,86.4,86.4,86.4,86.17,-1.04,,1.0,1.0,,,,74.16519187927246,73.66169784545899,6.47641797542572,6.458873009681701,153.1101010131836,151.41897079467773,0.000886408961378,0.0009720716625452,0.001395494909957,0.0039220158942043,-0.0546200983226299,-0.0710597559809684,0.0956790894269943,0.0719897449016571,0.195290133357048,0.0345524996519088,-0.0477341003715992,0.1028864607214927
2021-05-05 00:00:00+00:00,85.29,86.49,85.29,86.23,0.06,,2.0,2.0,,,,74.05071792602538,73.6846312713623,6.47641797542572,6.458873009681701,153.46350418090822,151.380693359375,-0.0067065809853374,-0.006259283516556,-0.002673840150237,-0.3135686218738556,-0.1630773097276687,-0.087214671075344,0.0814005360007286,0.0865403339266777,0.2365893125534057,-0.0163851156830787,-0.081847921013832,-0.0798965841531753
2021-05-06 00:00:00+00:00,86.23,89.48,85.29,89.48,3.25,,0.0,0.0,,,,74.15462646484374,73.63891860961914,6.4764500427246094,6.454688935279846,152.09842910766602,151.1147099304199,-0.0228233356028795,-0.0273449625819921,-0.0110484007745981,0.212207943201065,0.1698724031448364,-0.0785425454378128,-0.0188548378646373,-0.0323142781853675,0.2461594045162201,-0.0183281619101762,-0.1802173852920532,-0.0954936891794204
2021-05-07 00:00:00+00:00,90.8,91.0,88.52,89.66,-0.92,,17399.0,103208.0,,,,73.89489433288574,73.23801818847656,6.487931923866272,6.4535059022903445,151.8112010192871,151.04651779174804,-0.0178516563028097,-0.0171937979757785,-0.0078685013577342,0.1138029396533966,-0.0614821501076221,-0.0803978815674781,-0.1355002224445343,-0.1476727724075317,0.131646990776062,-0.0196233782917261,-0.5056045055389404,-0.0949850603938102
2021-05-10 00:00:00+00:00,89.4,89.67,87.07,88.47,-1.19,,16197.0,103036.0,,,,73.48756690979003,73.16377769470215,6.473495116233826,6.433364953994751,151.55132369995118,151.04724182128905,0.0045813219621777,0.0063830250874161,0.0031413070391863,0.4367977380752563,0.2385942488908767,-0.1132934466004371,0.1582231372594833,0.1518499106168747,0.1953635662794113,0.3461289405822754,1.3980642557144165,0.5660477876663208
2021-05-11 00:00:00+00:00,88.18,88.85,87.35,87.75,-0.72,,12781.0,101307.0,,,,73.68067687988281,73.2304320526123,6.473898100852966,6.429514961242676,151.83177947998047,150.76654556274414,0.0083025703206658,0.0098657505586743,0.0043990742415189,-0.0251154024153947,-0.1208208799362182,-0.1077666357159614,0.076315090060234,0.0666377171874046,0.1932937651872635,-0.0168432649224996,-0.0816228538751602,-0.1113226413726806
2021-05-12 00:00:00+00:00,87.69,89.74,87.44,88.23,0.48,,15611.0,99975.0,,,,73.7175299835205,73.2204810333252,6.462636051177978,6.427934956550598,151.60865463256837,150.9431687927246,-0.003731362754479,-0.00462396023795,-0.0041065840050578,-1.1491104364395142,-0.6705876588821411,-0.2337491661310196,0.1245490536093711,0.1452673226594925,0.2259229719638824,0.1827070266008377,0.5943669080734253,0.2410192787647247
2021-05-13 00:00:00+00:00,88.27,88.27,84.75,84.98,-3.25,,24126.0,100054.0,,,,73.82053665161133,73.50847564697266,6.4628349304199215,6.437265057563781,151.77340881347655,150.815333404541,-0.0085432892665266,-0.0112926242873072,-0.0064144222997128,-0.2560976147651672,-0.1293622702360153,-0.085165835916996,0.0095560662448406,0.0409632660448551,-0.0660606920719146,0.0249193031340837,-0.0896253213286399,-0.1110267862677574
2021-05-14 00:00:00+00:00,84.98,86.25,82.1,82.43,-2.55,,23430.0,95061.0,,,,73.69859535217284,73.04228172302246,6.477217111587525,6.4406769704818725,151.61045654296876,150.91340774536133,-0.0018760492093861,-0.0020348522812128,-0.0024021014105528,-0.518237829208374,-0.198772981762886,-0.1359018385410308,0.1445959508419037,0.1030864715576171,0.1814205944538116,-0.0192871857434511,-0.1360196024179458,-0.115502618253231
2021-05-17 00:00:00+00:00,82.7,83.57,82.0,82.32,-0.11,,17322.0,92229.0,,,,73.5892195892334,73.12932746887208,6.458159112930298,6.430272908210754,152.00093658447267,150.72106155395508,-0.0033153998665511,-0.0040261563844978,-0.0044013559818267,0.1478147357702255,0.0820169672369957,0.1203413382172584,0.0886216163635253,0.0840391218662262,0.2110761106014251,-0.0177581664174795,-0.1855665147304535,-0.1415670067071914
2021-05-18 00:00:00+00:00,82.32,84.3,82.32,84.01,1.69,,15291.0,90171.0,,,,73.59774253845215,73.03622123718262,6.4568821144104005,6.4306788873672485,152.48166488647462,151.24240417480468,0.0006001772126182,0.0006899056606926,0.0014996932586655,0.9105753302574158,0.3730027973651886,-0.1897355318069458,-0.0539133511483669,-0.0553899183869361,0.1182267889380455,-0.0197125244885683,-0.0787305831909179,-0.0906111001968383
2021-05-19 00:00:00+00:00,84.19,84.26,82.16,82.92,-1.09,,16246.0,87411.0,,,,73.27252410888671,72.80084953308105,6.4453599691391,6.416423888206482,152.578212890625,151.75308197021485,-0.0018960779998451,-0.0009384170407429,-0.0016056494787335,-0.3347125053405761,0.1361713707447052,-0.146731361746788,0.036842331290245,-0.0216203965246677,0.1405194103717804,-0.0192231144756078,-0.1065564155578613,-0.1170889735221862
2021-05-20 00:00:00+00:00,83.23,83.79,81.5,81.53,-1.39,,22427.0,85269.0,,,,73.52397773742676,73.07545082092285,6.458278112411499,6.429790906906128,153.29249954223633,151.88404067993164,-0.0024769266601651,-0.0013335138792172,-0.0020840114448219,0.2607874274253845,0.1204547882080078,-0.097290426492691,0.0792877823114395,0.0678299069404602,0.0675713792443275,-0.0225653182715177,-0.1675270050764084,-0.1533004939556121
2021-05-21 00:00:00+00:00,81.53,83.97,81.53,82.82,1.29,,16721.0,82086.0,,,,73.15734642028809,72.84434600830077,6.4545730781555175,6.429531884193421,153.22370162963867,151.74948333740235,-0.0036555852275341,-0.0044739013537764,-0.0031827359925955,-0.6930174827575684,-0.2610659301280975,-0.1471766531467437,-0.0388231165707111,-0.0667983293533325,0.101885512471199,-0.0385718643665313,-0.2968432903289795,-0.2052548229694366
2021-05-24 00:00:00+00:00,82.7,82.93,82.12,82.82,0.0,,9463.0,79484.0,,,,73.1158438873291,72.82035842895507,6.45619610786438,6.428067879676819,153.1355015563965,151.80740478515625,-0.0091669503599405,-0.0106238964945077,-0.0057517294771969,-0.1790034770965576,0.06434216350317,-0.083591915667057,0.083803616464138,0.0777469649910926,0.0784526616334915,-0.0384616628289222,-0.2856325507164001,-0.191585510969162
2021-05-25 00:00:00+00:00,82.6,83.53,82.4,82.71,-0.11,,13795.0,78205.0,,,,73.05001930236817,72.73454246520996,6.438691930770874,6.410534877777099,153.84910186767578,151.9082516479492,-0.0164477694779634,-0.0151051599532365,-0.0076145236380398,-0.1454727351665496,-0.1409188508987426,-0.15309938788414,0.1057220101356506,0.0973323434591293,0.1766151636838913,-0.0219595562666654,-0.1439052075147628,-0.0956525206565857
2021-05-26 00:00:00+00:00,82.7,83.13,81.85,82.44,-0.27,,10807.0,78330.0,,,,73.11886741638183,72.74171165466309,6.438691930770874,6.410534877777099,154.64209884643554,153.36689025878906,-0.0103505039587616,-0.009024522267282,-0.0046131592243909,-0.4751032292842865,-0.2275629937648773,-0.1612566709518432,-0.0346487052738666,-0.0497654750943183,0.0962832272052764,0.0325868800282478,-0.0557366535067558,0.1264110654592514
2021-05-27 00:00:00+00:00,82.46,82.78,81.65,82.61,0.17,,11779.0,77245.0,,,,72.87233497619629,72.4401163482666,6.438691930770874,6.410534877777099,155.03549713134765,153.93894515991212,-0.0110753560438752,-0.0100172655656933,-0.0042837308719754,-0.416651040315628,-0.2115360051393509,-0.1122524440288543,-0.0587994866073131,-0.0508740618824958,0.2318079173564911,-0.0296530332416296,0.0314046405255794,0.0971433073282241
2021-05-28 00:00:00+00:00,82.61,82.91,81.93,82.12,-0.49,,12305.0,77150.0,,,,72.90918296813965,72.50074989318847,6.438691930770874,6.410534877777099,155.59050033569335,153.87133117675782,-0.00584856281057,-0.0046993852593004,-0.0023514779750257,-0.0353571884334087,0.0501016490161418,-0.0868128091096878,-0.0787252262234687,-0.109143778681755,0.1626248657703399,-0.0423513650894165,-0.2940756380558014,-0.1919696629047393
2021-05-31 00:00:00+00:00,82.12,82.91,81.93,82.12,0.0,,0.0,75136.0,,,,72.67009864807129,72.32891380310059,6.438691930770874,6.410534877777099,154.78109970092774,152.91949783325197,0.001232138252817,0.0026436233893036,0.002278824802488,0.6712781190872192,0.2493640482425689,0.1403515487909317,0.1915502101182937,0.1735047399997711,0.2465002834796905,-0.0429614409804344,-0.3864320814609527,-0.1644701659679412
2021-06-01 00:00:00+00:00,82.39,84.85,82.3,84.25,2.13,,19467.0,75115.0,,,,72.77119194030762,72.379892578125,6.39293586730957,6.369085054397583,153.54233306884765,152.0280146789551,-0.0012779051903635,0.0010999913793057,-0.0019352569943293,-0.1113982051610946,-0.0646932795643806,-0.0582401230931282,0.1634624451398849,0.2134095728397369,0.2611063122749328,0.0746465697884559,0.2616965174674988,0.3247964382171631
2021-06-02 00:00:00+00:00,84.07,84.56,83.3,83.77,-0.48,,16403.0,73857.0,,,,73.12768371582031,72.7049585723877,6.40319185256958,6.378649110794068,154.05108108520508,152.89760009765624,0.0072869886644184,0.0080755949020385,0.0034579732455313,0.162568911910057,0.0844737142324447,0.1184182837605476,0.1180156618356704,0.1253818720579147,0.1858669221401214,-0.027393702417612,-0.1783660650253296,-0.1207278221845626
2021-06-03 00:00:00+00:00,83.94,84.62,83.55,84.21,0.44,,14016.0,70821.0,,,,73.15488403320313,72.86646835327149,6.405103869438172,6.381338090896606,154.41810623168945,153.56223068237304,0.0008695800206623,-0.0010389577364549,-0.00252132024616,-0.1369500756263733,0.0673837065696716,0.1462238729000091,0.0705467611551284,0.0967842116951942,0.0652997866272926,-0.0408469587564468,-0.3057303428649902,-0.1714181005954742
2021-06-04 00:00:00+00:00,84.21,86.34,83.58,85.8,1.59,,20282.0,67270.0,,,,73.15904029846192,72.87794830322265,6.422933993339538,6.397338972091675,155.1539471435547,153.9264372253418,0.0015474947867915,0.001725910231471,-0.0018023413140326,0.433104008436203,0.1808420121669769,0.1763605922460556,0.0483875088393688,0.0395224019885063,0.0397885516285896,0.027149299159646,0.0302564445883035,0.0659472942352294
2021-06-07 00:00:00+00:00,85.83,86.5,84.1,84.36,-1.44,,19098.0,64529.0,,,,73.18291343688965,72.7586759185791,6.413364915847779,6.389171028137207,154.05422134399413,152.59139541625976,-0.0006242123199626,-0.0006787575548514,-0.0017738821916282,0.471607893705368,0.3463347852230072,0.1420646011829376,0.0313265994191169,0.0383657850325107,0.0395076498389244,-0.0224277339875698,-0.0857621952891349,-0.1000438183546066
2021-06-08 00:00:00+00:00,84.5,85.9,84.26,85.14,0.78,,18286.0,58534.0,,,,73.08486358642578,72.80049095153808,6.414444937705993,6.390515012741089,154.1625309753418,152.94231948852538,-0.0036941792350262,-0.0029321901965886,-0.0026351129636168,-0.0823084861040115,0.1506626904010772,0.079443834722042,0.0566880069673061,0.0564321167767047,0.1701622456312179,0.1190719008445739,0.3842776417732239,0.1937288343906402
2021-06-09 00:00:00+00:00,85.86,86.77,85.22,86.62,1.48,,17527.0,53950.0,,,,73.14676155090332,72.85882125854492,6.414186916351318,6.389488015174866,155.77205215454103,154.19323120117187,-0.0014637382701039,-0.0018809424946084,-0.00173759565223,-0.1578356623649597,0.1171634644269943,0.0863510072231292,0.0706841051578521,0.0712142810225486,0.0612492077052593,-0.030475428327918,-0.1860373318195343,-0.1206692606210708
2021-06-10 00:00:00+00:00,86.55,87.45,85.79,87.36,0.74,,20798.0,48565.0,,,,73.21987297058105,72.8869026184082,6.406575870513916,6.382402057647705,155.79385208129884,154.1582260131836,-0.0017741846386343,-0.0022054656874388,-0.0021991922985762,0.3470495343208313,0.2008655071258545,0.1099609732627868,0.076230987906456,0.0999168530106544,0.1544696688652038,-0.0389510728418827,-0.2536813914775848,-0.1378848850727081
2021-06-11 00:00:00+00:00,87.2,87.74,86.61,87.0,-0.36,,22028.0,39184.0,,,,73.17960792541504,72.8935179901123,6.410202889442444,6.38572904586792,155.7401121520996,154.07329559326172,-0.0025919487234205,-0.0016318482812494,-0.0027697205077856,0.0191492717713117,0.1450559198856353,0.1070782914757728,0.1020171716809272,0.1081980615854263,0.1569874584674835,-0.0319026485085487,-0.2070053368806839,-0.1235249638557434
2021-06-14 00:00:00+00:00,87.0,87.0,83.1,84.95,-2.05,,16722.0,26160.0,,,,73.50143882751465,73.0645742034912,6.418641934394836,6.392506003379822,156.1420277404785,154.8180403137207,-0.0023693987168371,-0.001878259005025,-0.0017858039354905,-0.2250418663024902,-0.1583141833543777,-0.1040782034397125,-0.005196975544095,-0.0249156393110752,0.0557002425193786,0.0208201687783002,-0.1030947193503379,-0.0855067372322082
2021-06-15 00:00:00+00:00,84.9,85.6,84.14,85.28,0.33,,8779.0,21387.0,,,,73.42147071838379,73.07382919311523,6.418149943351746,6.39361499786377,156.05196228027344,154.4377883911133,-0.0042067798785865,-0.0028729508630931,-0.002819828921929,-0.1403359323740005,-0.0571589358150959,-0.0844325348734855,0.0310603510588407,0.0187603645026683,0.0621200688183307,0.0521582439541816,0.1676612943410873,0.0992366224527359
2021-06-16 00:00:00+00:00,85.45,85.95,84.56,85.33,0.05,,6447.0,16497.0,,,,73.4764143371582,73.1193962097168,6.407768049240112,6.383403077125549,156.23664031982423,154.66748596191405,0.0221421793103218,0.0275536235421895,0.0119414515793323,-0.2514491677284241,-0.0777427405118942,0.0882897675037384,0.0943798199295997,0.0735419914126396,0.0398928113281726,-0.0485731475055217,-0.3647759556770324,-0.2151370495557785
2021-06-17 00:00:00+00:00,85.15,85.48,83.65,84.17,-1.16,,7124.0,12917.0,,,,74.15512901306153,73.59342018127441,6.416812973022461,6.391185035705567,156.37080718994142,155.59699356079102,-0.0042456979863345,-0.0053718760609626,-0.0043387576006352,-0.0603776052594184,-0.0484304651618003,0.0971358940005302,0.2700727581977844,0.2684765458106994,0.2101743668317794,0.1413341015577316,0.6621964573860168,0.3669626414775848
2021-06-18 00:00:00+00:00,84.14,85.2,84.11,84.42,0.25,,4165.0,9567.0,,,,74.63973114013672,73.94468040466309,6.461438055038452,6.439776973724365,156.7432504272461,155.41598739624024,0.0084982281550765,0.0102937249466776,0.0060223801992833,0.43286994099617,0.2113893777132034,0.1161167025566101,0.143032506108284,0.1106078624725341,0.0961733311414718,-0.0299536678940057,-0.133761316537857,-0.1392950117588043
2021-06-21 00:00:00+00:00,84.35,84.5,83.6,84.09,-0.33,,3834.0,6984.0,,,,74.55827644348145,73.93622550964355,6.463044958114624,6.44082190990448,157.0827879333496,156.20295822143555,0.0020861951634287,0.0022396815475076,0.0034941262565553,0.6426294445991516,0.2244501411914825,0.1627800166606903,-0.0116608384996652,0.073956198990345,-0.0863129273056984,0.1015276089310646,0.3231706619262695,0.2186438143253326
2021-06-22 00:00:00+00:00,83.89,84.85,83.6,84.22,0.13,,2877.0,4329.0,,,,74.56431648254394,73.93622550964355,6.47604989528656,6.455046944618225,157.74774948120117,156.50153045654298,-0.0006027695490047,-0.0023206821642816,-0.0032571656629443,0.4654347896575928,0.2384912967681884,0.1443312764167785,0.0213750563561916,0.0485364869236946,-0.1070974618196487,-0.0294557474553585,-0.1455045044422149,-0.1464062631130218
2021-06-23 00:00:00+00:00,84.5,86.66,84.2,86.46,2.24,,2443.0,2203.0,,,,74.44021186828613,73.92593269348144,6.488222975730896,6.463803114891053,157.74039123535155,156.03545913696288,-0.0018719581421464,-0.0020855537150055,-0.0035084180999547,0.6011897921562195,0.3323798179626465,0.1512769311666488,-0.0627134069800376,-0.1051164865493774,-0.2793653607368469,-0.0319661423563957,-0.1055247411131858,-0.1380358189344406
2021-06-24 00:00:00+00:00,85.28,86.27,85.28,86.03,-0.43,,99.0,143.0,,,,74.60272247314452,73.91743125915528,6.474514899253845,6.464694881439209,158.3807615661621,157.0910285949707,-0.0024611412081867,-0.0022082938812673,-0.0036572103854268,0.3169181942939758,0.2377229630947113,0.1212683767080307,-0.0611297599971294,-0.0572613850235939,-0.2131575644016266,-0.0351707488298416,-0.2323385775089264,-0.1697273701429367
2021-06-25 00:00:00+00:00,86.03,86.43,85.28,86.43,0.4,,0.0,81.0,,,,74.56783462524415,73.85261833190918,6.476148018836975,6.456041903495788,158.2385447692871,156.72232177734375,0.000529667478986,-0.0008338197949342,0.0028009447269141,-0.1136967465281486,-0.102411612868309,-0.0976660996675491,-0.011838037520647,-0.0345884934067726,-0.142467588186264,-0.0278573837131261,-0.1651568114757537,-0.1462956964969635
2021-06-28 00:00:00+00:00,85.17,85.17,85.17,86.66,0.23,,4.0,5.0,,,,74.67978614807129,74.0291650390625,6.466200976371765,6.439400944709778,157.10750991821288,156.5421633911133,0.0051729218102991,0.0025164934340864,0.0027646676171571,0.1754838526248932,0.1782068461179733,-0.1064731329679489,-0.0173253621906042,-0.0312936678528785,-0.1616241633892059,0.1376301497220993,0.5338283777236938,0.4145218431949615
2021-06-29 00:00:00+00:00,86.66,86.66,85.17,86.49,-0.17,,1.0,5.0,,,,74.63799377441406,73.90205322265625,6.464634947776794,6.439175968170166,158.4599935913086,157.1342352294922,-0.0010137055069208,-0.0018234529998153,-0.0033307163976132,0.178176999092102,0.1666330993175506,-0.1161610782146453,-0.0432355068624019,-0.0390926524996757,-0.1991346627473831,0.0298169311136007,0.0597849264740943,0.0967147573828697
